file,source,label,main_ratio,aspect,fill,area_ratio,off,over,border
dataset/flowers/daisy/100080576_f52e8ee070_n.jpg,flowers/daisy/100080576_f52e8ee070_n.jpg,daisy,1.0,1.111,0.803,0.336,0.033,0.0,0.0
dataset/flowers/daisy/10140303196_b88d3d6cec.jpg,flowers/daisy/10140303196_b88d3d6cec.jpg,daisy,1.0,1.091,1.058,0.451,0.18,0.026,0.0
dataset/flowers/daisy/10437770546_8bb6f7bdd3_m.jpg,flowers/daisy/10437770546_8bb6f7bdd3_m.jpg,daisy,1.0,1.0,0.554,0.257,0.027,0.041,0.0
dataset/flowers/daisy/10437929963_bc13eebe0c.jpg,flowers/daisy/10437929963_bc13eebe0c.jpg,daisy,1.0,1.117,0.62,0.258,0.044,0.053,0.0
dataset/flowers/daisy/10466290366_cc72e33532.jpg,flowers/daisy/10466290366_cc72e33532.jpg,daisy,0.824,0.908,0.703,0.296,0.107,0.0,0.0
dataset/flowers/daisy/10466558316_a7198b87e2.jpg,flowers/daisy/10466558316_a7198b87e2.jpg,daisy,1.0,1.094,0.801,0.34,0.173,0.0,0.0
dataset/flowers/daisy/10770585085_4742b9dac3_n.jpg,flowers/daisy/10770585085_4742b9dac3_n.jpg,daisy,1.0,1.06,0.801,0.351,0.164,0.042,0.0
dataset/flowers/daisy/11439894966_dca877f0cd.jpg,flowers/daisy/11439894966_dca877f0cd.jpg,daisy,1.0,1.136,0.801,0.328,0.115,0.078,0.004
dataset/flowers/daisy/1150395827_6f94a5c6e4_n.jpg,flowers/daisy/1150395827_6f94a5c6e4_n.jpg,daisy,1.0,1.074,0.81,0.35,0.111,0.059,0.0
dataset/flowers/daisy/11891885265_ccefec7284_n.jpg,flowers/daisy/11891885265_ccefec7284_n.jpg,daisy,1.0,0.871,0.893,0.361,0.016,0.0,0.0
dataset/flowers/daisy/12193032636_b50ae7db35_n.jpg,flowers/daisy/12193032636_b50ae7db35_n.jpg,daisy,1.0,0.937,0.853,0.371,0.037,0.0,0.0
dataset/flowers/daisy/12601254324_3cb62c254a_m.jpg,flowers/daisy/12601254324_3cb62c254a_m.jpg,daisy,1.0,1.15,0.886,0.358,0.004,0.0,0.0
dataset/flowers/daisy/1314069875_da8dc023c6_m.jpg,flowers/daisy/1314069875_da8dc023c6_m.jpg,daisy,1.0,0.932,0.95,0.412,0.058,0.034,0.0
dataset/flowers/daisy/134409839_71069a95d1_m.jpg,flowers/daisy/134409839_71069a95d1_m.jpg,daisy,1.0,1.085,0.945,0.405,0.009,0.056,0.0
dataset/flowers/daisy/1355787476_32e9f2a30b.jpg,flowers/daisy/1355787476_32e9f2a30b.jpg,daisy,1.0,0.732,0.69,0.235,0.089,0.0,0.0
dataset/flowers/daisy/13901930939_a7733c03f0_n.jpg,flowers/daisy/13901930939_a7733c03f0_n.jpg,daisy,1.0,1.1,0.837,0.354,0.029,0.031,0.0
dataset/flowers/daisy/1392131677_116ec04751.jpg,flowers/daisy/1392131677_116ec04751.jpg,daisy,1.0,1.065,0.916,0.399,0.081,0.058,0.0
dataset/flowers/daisy/13953307149_f8de6a768c_m.jpg,flowers/daisy/13953307149_f8de6a768c_m.jpg,daisy,1.0,1.059,0.838,0.368,0.039,0.0,0.0
dataset/flowers/daisy/14073784469_ffb12f3387_n.jpg,flowers/daisy/14073784469_ffb12f3387_n.jpg,daisy,1.0,1.135,0.994,0.407,0.035,0.084,0.0
dataset/flowers/daisy/14087947408_9779257411_n.jpg,flowers/daisy/14087947408_9779257411_n.jpg,daisy,1.0,1.271,0.613,0.224,0.056,0.114,0.0
dataset/flowers/daisy/14167534527_781ceb1b7a_n.jpg,flowers/daisy/14167534527_781ceb1b7a_n.jpg,daisy,1.0,1.09,0.76,0.324,0.128,0.084,0.0
dataset/flowers/daisy/14167543177_cd36b54ac6_n.jpg,flowers/daisy/14167543177_cd36b54ac6_n.jpg,daisy,1.0,0.968,1.025,0.461,0.172,0.035,0.0
dataset/flowers/daisy/14264136211_9531fbc144.jpg,flowers/daisy/14264136211_9531fbc144.jpg,daisy,1.0,1.176,0.981,0.388,0.027,0.0,0.0
dataset/flowers/daisy/14354051035_1037b30421_n.jpg,flowers/daisy/14354051035_1037b30421_n.jpg,daisy,1.0,1.012,0.925,0.425,0.036,0.0,0.0
dataset/flowers/daisy/14399435971_ea5868c792.jpg,flowers/daisy/14399435971_ea5868c792.jpg,daisy,1.0,1.154,0.948,0.382,0.135,0.0,0.0
dataset/flowers/daisy/144099102_bf63a41e4f_n.jpg,flowers/daisy/144099102_bf63a41e4f_n.jpg,daisy,1.0,1.295,0.802,0.288,0.121,0.057,0.022
dataset/flowers/daisy/1441939151_b271408c8d_n.jpg,flowers/daisy/1441939151_b271408c8d_n.jpg,daisy,1.0,1.033,0.739,0.332,0.041,0.0,0.0
dataset/flowers/daisy/144603918_b9de002f60_m.jpg,flowers/daisy/144603918_b9de002f60_m.jpg,daisy,1.0,0.879,0.999,0.408,0.03,0.018,0.0
dataset/flowers/daisy/14591326135_930703dbed_m.jpg,flowers/daisy/14591326135_930703dbed_m.jpg,daisy,1.0,0.983,0.772,0.353,0.113,0.094,0.001
dataset/flowers/daisy/14613443462_d4ed356201.jpg,flowers/daisy/14613443462_d4ed356201.jpg,daisy,1.0,1.164,0.932,0.372,0.051,0.057,0.0
dataset/flowers/daisy/15327813273_06cdf42210.jpg,flowers/daisy/15327813273_06cdf42210.jpg,daisy,1.0,0.838,0.813,0.316,0.103,0.0,0.0
dataset/flowers/daisy/158869618_f1a6704236_n.jpg,flowers/daisy/158869618_f1a6704236_n.jpg,daisy,1.0,1.303,0.824,0.294,0.083,0.078,0.0
dataset/flowers/daisy/16056178001_bebc2153fe_n.jpg,flowers/daisy/16056178001_bebc2153fe_n.jpg,daisy,1.0,1.0,1.269,0.59,0.007,0.007,0.0
dataset/flowers/daisy/162362896_99c7d851c8_n.jpg,flowers/daisy/162362896_99c7d851c8_n.jpg,daisy,1.0,1.393,0.828,0.276,0.012,0.108,0.0
dataset/flowers/daisy/162362897_1d21b70621_m.jpg,flowers/daisy/162362897_1d21b70621_m.jpg,daisy,1.0,1.315,0.682,0.241,0.064,0.035,0.0
dataset/flowers/daisy/16360180712_b72695928c_n.jpg,flowers/daisy/16360180712_b72695928c_n.jpg,daisy,1.0,1.038,0.871,0.39,0.054,0.0,0.0
dataset/flowers/daisy/17101762155_2577a28395.jpg,flowers/daisy/17101762155_2577a28395.jpg,daisy,1.0,1.213,0.881,0.338,0.017,0.0,0.0
dataset/flowers/daisy/17249393016_093e915012_n.jpg,flowers/daisy/17249393016_093e915012_n.jpg,daisy,1.0,1.039,0.948,0.424,0.099,0.0,0.0
dataset/flowers/daisy/172882635_4cc7b86731_m.jpg,flowers/daisy/172882635_4cc7b86731_m.jpg,daisy,1.0,1.133,0.952,0.391,0.006,0.078,0.0
dataset/flowers/daisy/1879567877_8ed2a5faa7_n.jpg,flowers/daisy/1879567877_8ed2a5faa7_n.jpg,daisy,1.0,1.239,0.715,0.268,0.066,0.071,0.0
dataset/flowers/daisy/18901817451_43e2b45f6c.jpg,flowers/daisy/18901817451_43e2b45f6c.jpg,daisy,1.0,1.037,0.895,0.401,0.006,0.028,0.0
dataset/flowers/daisy/19280272025_57de24e940_m.jpg,flowers/daisy/19280272025_57de24e940_m.jpg,daisy,1.0,1.096,0.974,0.413,0.018,0.026,0.0
dataset/flowers/daisy/19544831049_0d738d4872_m.jpg,flowers/daisy/19544831049_0d738d4872_m.jpg,daisy,1.0,1.0,0.792,0.368,0.044,0.02,0.0
dataset/flowers/daisy/19813618946_93818db7aa_m.jpg,flowers/daisy/19813618946_93818db7aa_m.jpg,daisy,1.0,0.938,0.992,0.432,0.028,0.061,0.0
dataset/flowers/daisy/19834392829_7d697871f6.jpg,flowers/daisy/19834392829_7d697871f6.jpg,daisy,1.0,1.171,0.75,0.297,0.067,0.086,0.0
dataset/flowers/daisy/19865728236_a62f8f445b_n.jpg,flowers/daisy/19865728236_a62f8f445b_n.jpg,daisy,1.0,1.212,0.575,0.22,0.09,0.086,0.0
dataset/flowers/daisy/19975899671_ebc42b7865_n.jpg,flowers/daisy/19975899671_ebc42b7865_n.jpg,daisy,1.0,1.179,0.908,0.358,0.07,0.106,0.0
dataset/flowers/daisy/2019064575_7656b9340f_m.jpg,flowers/daisy/2019064575_7656b9340f_m.jpg,daisy,1.0,1.124,0.805,0.333,0.11,0.066,0.0
dataset/flowers/daisy/2045022175_ad087f5f60_n.jpg,flowers/daisy/2045022175_ad087f5f60_n.jpg,daisy,1.0,1.118,0.704,0.293,0.094,0.096,0.0
dataset/flowers/daisy/2077865117_9ed85191ae_n.jpg,flowers/daisy/2077865117_9ed85191ae_n.jpg,daisy,1.0,1.024,0.853,0.387,0.05,0.026,0.0
dataset/flowers/daisy/2087343668_ef4fb95787_n.jpg,flowers/daisy/2087343668_ef4fb95787_n.jpg,daisy,1.0,0.909,0.976,0.413,0.033,0.0,0.0
dataset/flowers/daisy/20948886919_cac7844f34_n.jpg,flowers/daisy/20948886919_cac7844f34_n.jpg,daisy,1.0,0.888,0.678,0.28,0.021,0.0,0.0
dataset/flowers/daisy/21652746_cc379e0eea_m.jpg,flowers/daisy/21652746_cc379e0eea_m.jpg,daisy,1.0,0.984,0.97,0.444,0.014,0.032,0.0
dataset/flowers/daisy/22244161124_53e457bb66_n.jpg,flowers/daisy/22244161124_53e457bb66_n.jpg,daisy,1.0,1.337,0.922,0.321,0.032,0.117,0.0
dataset/flowers/daisy/23095658544_7226386954_n.jpg,flowers/daisy/23095658544_7226386954_n.jpg,daisy,1.0,1.074,0.812,0.351,0.063,0.032,0.0
dataset/flowers/daisy/2346726545_2ebce2b2a6.jpg,flowers/daisy/2346726545_2ebce2b2a6.jpg,daisy,1.0,1.263,0.961,0.354,0.031,0.0,0.0
dataset/flowers/daisy/2454280135_ac3aa75cdc_n.jpg,flowers/daisy/2454280135_ac3aa75cdc_n.jpg,daisy,1.0,1.1,0.848,0.358,0.042,0.037,0.0
dataset/flowers/daisy/2454280137_e1637536ae_n.jpg,flowers/daisy/2454280137_e1637536ae_n.jpg,daisy,1.0,0.962,0.86,0.385,0.115,0.0,0.0
dataset/flowers/daisy/2473825306_62fd5f8785_n.jpg,flowers/daisy/2473825306_62fd5f8785_n.jpg,daisy,1.0,1.221,0.795,0.302,0.03,0.074,0.0
dataset/flowers/daisy/2481823240_eab0d86921.jpg,flowers/daisy/2481823240_eab0d86921.jpg,daisy,1.0,0.865,1.007,0.405,0.171,0.0,0.0
dataset/flowers/daisy/2482982436_a2145359e0_n.jpg,flowers/daisy/2482982436_a2145359e0_n.jpg,daisy,1.0,1.297,0.729,0.261,0.004,0.073,0.0
dataset/flowers/daisy/2498632196_e47a472d5a.jpg,flowers/daisy/2498632196_e47a472d5a.jpg,daisy,1.0,1.012,0.834,0.383,0.012,0.0,0.0
dataset/flowers/daisy/2509545845_99e79cb8a2_n.jpg,flowers/daisy/2509545845_99e79cb8a2_n.jpg,daisy,1.0,1.304,0.947,0.338,0.025,0.0,0.0
dataset/flowers/daisy/2513618768_ff7c004796_m.jpg,flowers/daisy/2513618768_ff7c004796_m.jpg,daisy,1.0,0.93,0.889,0.384,0.085,0.0,0.0
dataset/flowers/daisy/2520369272_1dcdb5a892_m.jpg,flowers/daisy/2520369272_1dcdb5a892_m.jpg,daisy,1.0,1.071,0.859,0.373,0.023,0.056,0.0
dataset/flowers/daisy/2521408074_e6f86daf21_n.jpg,flowers/daisy/2521408074_e6f86daf21_n.jpg,daisy,1.0,1.0,0.842,0.391,0.008,0.021,0.0
dataset/flowers/daisy/2536529152_33ef3ee078_n.jpg,flowers/daisy/2536529152_33ef3ee078_n.jpg,daisy,1.0,1.319,0.79,0.278,0.103,0.062,0.0
dataset/flowers/daisy/2538504987_fe524b92a8_n.jpg,flowers/daisy/2538504987_fe524b92a8_n.jpg,daisy,1.0,1.029,0.927,0.419,0.026,0.0,0.0
dataset/flowers/daisy/2539552964_921cf645ba_n.jpg,flowers/daisy/2539552964_921cf645ba_n.jpg,daisy,1.0,1.25,0.889,0.331,0.066,0.0,0.0
dataset/flowers/daisy/2573240560_ff7ffdd449.jpg,flowers/daisy/2573240560_ff7ffdd449.jpg,daisy,1.0,1.143,1.02,0.415,0.003,0.077,0.0
dataset/flowers/daisy/2590291468_2635d3e4e0_n.jpg,flowers/daisy/2590291468_2635d3e4e0_n.jpg,daisy,1.0,1.205,0.694,0.268,0.129,0.108,0.0
dataset/flowers/daisy/2607132536_d95198e619_n.jpg,flowers/daisy/2607132536_d95198e619_n.jpg,daisy,85.0,0.923,0.694,0.298,0.163,0.0,0.042
dataset/flowers/daisy/2612704455_efce1c2144_m.jpg,flowers/daisy/2612704455_efce1c2144_m.jpg,daisy,1.0,0.94,0.812,0.355,0.021,0.0,0.019
dataset/flowers/daisy/2621723097_736febb4a4_n.jpg,flowers/daisy/2621723097_736febb4a4_n.jpg,daisy,1.0,1.064,0.92,0.402,0.056,0.0,0.0
dataset/flowers/daisy/2635314490_e12d3b0f36_m.jpg,flowers/daisy/2635314490_e12d3b0f36_m.jpg,daisy,1.0,0.966,0.638,0.286,0.153,0.0,0.005
dataset/flowers/daisy/2641979584_2b21c3fe29_m.jpg,flowers/daisy/2641979584_2b21c3fe29_m.jpg,daisy,1.0,1.255,0.678,0.251,0.085,0.073,0.001
dataset/flowers/daisy/2649404904_b7a91991bb_n.jpg,flowers/daisy/2649404904_b7a91991bb_n.jpg,daisy,1.0,0.96,0.953,0.425,0.143,0.038,0.0
dataset/flowers/daisy/2828733818_1c1ed0089d_n.jpg,flowers/daisy/2828733818_1c1ed0089d_n.jpg,daisy,169.0,1.417,1.055,0.346,0.169,0.0,0.0
dataset/flowers/daisy/2838487505_6c3b48efa5_m.jpg,flowers/daisy/2838487505_6c3b48efa5_m.jpg,daisy,1.0,1.109,0.679,0.285,0.084,0.0,0.0
dataset/flowers/daisy/286875003_f7c0e1882d.jpg,flowers/daisy/286875003_f7c0e1882d.jpg,daisy,1.0,1.043,0.962,0.429,0.068,0.0,0.0
dataset/flowers/daisy/2877860110_a842f8b14a_m.jpg,flowers/daisy/2877860110_a842f8b14a_m.jpg,daisy,1.0,1.196,0.991,0.385,0.061,0.0,0.0
dataset/flowers/daisy/2908212142_5437fa67ff_n.jpg,flowers/daisy/2908212142_5437fa67ff_n.jpg,daisy,1.0,1.16,0.64,0.257,0.043,0.084,0.0
dataset/flowers/daisy/29821115270_eccd3866e1_n.jpg,flowers/daisy/29821115270_eccd3866e1_n.jpg,daisy,1.0,1.174,0.979,0.388,0.168,0.067,0.0
dataset/flowers/daisy/30001711132_eb0fd7b04c_n.jpg,flowers/daisy/30001711132_eb0fd7b04c_n.jpg,daisy,1.0,1.032,0.92,0.414,0.038,0.051,0.0
dataset/flowers/daisy/302782756_d35cb3e468.jpg,flowers/daisy/302782756_d35cb3e468.jpg,daisy,1.0,0.977,0.715,0.325,0.094,0.0,0.0
dataset/flowers/daisy/3080880039_4f1bd592e5_n.jpg,flowers/daisy/3080880039_4f1bd592e5_n.jpg,daisy,1.0,1.204,1.273,0.492,0.005,0.072,0.0
dataset/flowers/daisy/3275951182_d27921af97_n.jpg,flowers/daisy/3275951182_d27921af97_n.jpg,daisy,1.0,0.788,0.717,0.262,0.031,0.0,0.0
dataset/flowers/daisy/3285641623_da0e47f49a.jpg,flowers/daisy/3285641623_da0e47f49a.jpg,daisy,1.0,1.087,0.934,0.4,0.035,0.0,0.0
dataset/flowers/daisy/3310644753_5607eb96a4_m.jpg,flowers/daisy/3310644753_5607eb96a4_m.jpg,daisy,1.0,0.927,1.001,0.431,0.022,0.0,0.0
dataset/flowers/daisy/3326037909_b5ae370722_n.jpg,flowers/daisy/3326037909_b5ae370722_n.jpg,daisy,1.0,1.073,1.001,0.433,0.05,0.0,0.0
dataset/flowers/daisy/3338077096_3a8ed0e2bc_m.jpg,flowers/daisy/3338077096_3a8ed0e2bc_m.jpg,daisy,1.0,1.0,0.851,0.396,0.073,0.0,0.036
dataset/flowers/daisy/3356112863_75da8bca2c_m.jpg,flowers/daisy/3356112863_75da8bca2c_m.jpg,daisy,1.0,0.78,0.644,0.234,0.099,0.108,0.0
dataset/flowers/daisy/33880234094_2541c9c83d_n.jpg,flowers/daisy/33880234094_2541c9c83d_n.jpg,daisy,1.0,1.041,0.923,0.412,0.022,0.041,0.0
dataset/flowers/daisy/3440366251_5b9bdf27c9_m.jpg,flowers/daisy/3440366251_5b9bdf27c9_m.jpg,daisy,1.0,1.018,0.935,0.427,0.026,0.002,0.0
dataset/flowers/daisy/34546994701_a000b283f1_n.jpg,flowers/daisy/34546994701_a000b283f1_n.jpg,daisy,1.0,1.05,0.841,0.372,0.027,0.029,0.0
dataset/flowers/daisy/3456403987_5bd5fa6ece_n.jpg,flowers/daisy/3456403987_5bd5fa6ece_n.jpg,daisy,1.0,0.853,0.826,0.327,0.024,0.0,0.0
dataset/flowers/daisy/3627678863_557552c879_m.jpg,flowers/daisy/3627678863_557552c879_m.jpg,daisy,1.0,1.175,0.879,0.348,0.067,0.033,0.0
dataset/flowers/daisy/3706420943_66f3214862_n.jpg,flowers/daisy/3706420943_66f3214862_n.jpg,daisy,1.0,1.167,0.876,0.349,0.1,0.115,0.0
dataset/flowers/daisy/3711723108_65247a3170.jpg,flowers/daisy/3711723108_65247a3170.jpg,daisy,1.0,1.09,1.043,0.445,0.086,0.067,0.0
dataset/flowers/daisy/3720632920_93cf1cc7f3_m.jpg,flowers/daisy/3720632920_93cf1cc7f3_m.jpg,daisy,1.0,1.28,0.593,0.215,0.146,0.018,0.0
dataset/flowers/daisy/3758221664_b19116d61f.jpg,flowers/daisy/3758221664_b19116d61f.jpg,daisy,1.0,1.345,0.957,0.33,0.113,0.052,0.0
dataset/flowers/daisy/3780380240_ef9ec1b737_m.jpg,flowers/daisy/3780380240_ef9ec1b737_m.jpg,daisy,1.0,1.098,0.86,0.364,0.165,0.0,0.0
dataset/flowers/daisy/413815348_764ae83088.jpg,flowers/daisy/413815348_764ae83088.jpg,daisy,1.0,0.854,0.77,0.306,0.042,0.024,0.0
dataset/flowers/daisy/4144275653_7c02d47d9b.jpg,flowers/daisy/4144275653_7c02d47d9b.jpg,daisy,1.0,1.143,0.751,0.306,0.05,0.085,0.0
dataset/flowers/daisy/422094774_28acc69a8b_n.jpg,flowers/daisy/422094774_28acc69a8b_n.jpg,daisy,1.0,1.149,0.725,0.293,0.065,0.092,0.0
dataset/flowers/daisy/4281102584_c548a69b81_m.jpg,flowers/daisy/4281102584_c548a69b81_m.jpg,daisy,1.0,1.435,0.685,0.222,0.087,0.077,0.0
dataset/flowers/daisy/4318007511_e9f4311936_n.jpg,flowers/daisy/4318007511_e9f4311936_n.jpg,daisy,1.0,1.086,0.726,0.311,0.061,0.054,0.0
dataset/flowers/daisy/4333085242_bbeb3e2841_m.jpg,flowers/daisy/4333085242_bbeb3e2841_m.jpg,daisy,1.0,1.164,0.759,0.303,0.096,0.108,0.017
dataset/flowers/daisy/43474673_7bb4465a86.jpg,flowers/daisy/43474673_7bb4465a86.jpg,daisy,1.0,1.029,0.966,0.436,0.057,0.0,0.0
dataset/flowers/daisy/437859108_173fb33c98.jpg,flowers/daisy/437859108_173fb33c98.jpg,daisy,1.0,1.108,0.911,0.382,0.063,0.0,0.0
dataset/flowers/daisy/4413849849_b8d2f3bcf1_n.jpg,flowers/daisy/4413849849_b8d2f3bcf1_n.jpg,daisy,1.0,1.077,0.661,0.285,0.029,0.0,0.0
dataset/flowers/daisy/4496202781_1d8e776ff5_n.jpg,flowers/daisy/4496202781_1d8e776ff5_n.jpg,daisy,1.0,1.125,0.941,0.389,0.008,0.08,0.0
dataset/flowers/daisy/4511693548_20f9bd2b9c_m.jpg,flowers/daisy/4511693548_20f9bd2b9c_m.jpg,daisy,1.0,0.969,0.935,0.421,0.027,0.041,0.0
dataset/flowers/daisy/4534460263_8e9611db3c_n.jpg,flowers/daisy/4534460263_8e9611db3c_n.jpg,daisy,1.0,1.208,0.793,0.305,0.118,0.0,0.0
dataset/flowers/daisy/4561871220_47f420ca59_m.jpg,flowers/daisy/4561871220_47f420ca59_m.jpg,daisy,1.0,1.113,0.748,0.312,0.04,0.058,0.0
dataset/flowers/daisy/4657354814_f368762c53_m.jpg,flowers/daisy/4657354814_f368762c53_m.jpg,daisy,1.0,1.041,0.727,0.325,0.112,0.101,0.0
dataset/flowers/daisy/4668543441_79040ca329_n.jpg,flowers/daisy/4668543441_79040ca329_n.jpg,daisy,1.0,1.345,0.757,0.262,0.087,0.117,0.0
dataset/flowers/daisy/4724713781_d169f98a35.jpg,flowers/daisy/4724713781_d169f98a35.jpg,daisy,1.0,1.188,0.697,0.273,0.03,0.075,0.0
dataset/flowers/daisy/4727955343_0bb23ac4ae.jpg,flowers/daisy/4727955343_0bb23ac4ae.jpg,daisy,1.0,1.0,1.002,0.466,0.066,0.0,0.0
dataset/flowers/daisy/4792826628_aa5e5a9804_n.jpg,flowers/daisy/4792826628_aa5e5a9804_n.jpg,daisy,1.0,1.212,0.894,0.343,0.084,0.0,0.0
dataset/flowers/daisy/4851353993_2cbbbd1040_n.jpg,flowers/daisy/4851353993_2cbbbd1040_n.jpg,daisy,1.0,1.137,0.842,0.344,0.035,0.0,0.0
dataset/flowers/daisy/4890424315_6a59696357_n.jpg,flowers/daisy/4890424315_6a59696357_n.jpg,daisy,1.0,0.859,0.721,0.288,0.1,0.0,0.0
dataset/flowers/daisy/4923279674_e7f8e70794_n.jpg,flowers/daisy/4923279674_e7f8e70794_n.jpg,daisy,1.0,1.0,0.992,0.461,0.037,0.0,0.0
dataset/flowers/daisy/495098110_3a4bb30042_n.jpg,flowers/daisy/495098110_3a4bb30042_n.jpg,daisy,1.0,1.073,0.676,0.293,0.18,0.019,0.0
dataset/flowers/daisy/506348009_9ecff8b6ef.jpg,flowers/daisy/506348009_9ecff8b6ef.jpg,daisy,1.0,1.051,0.836,0.37,0.014,0.015,0.0
dataset/flowers/daisy/5087720485_c0914fb623.jpg,flowers/daisy/5087720485_c0914fb623.jpg,daisy,1.0,1.065,0.942,0.411,0.066,0.0,0.0
dataset/flowers/daisy/5110105726_53eb7a93be_m.jpg,flowers/daisy/5110105726_53eb7a93be_m.jpg,daisy,1.0,0.972,0.8,0.362,0.095,0.046,0.0
dataset/flowers/daisy/521762040_f26f2e08dd.jpg,flowers/daisy/521762040_f26f2e08dd.jpg,daisy,1.0,1.137,0.777,0.318,0.061,0.097,0.0
dataset/flowers/daisy/525780443_bba812c26a_m.jpg,flowers/daisy/525780443_bba812c26a_m.jpg,daisy,1.0,1.02,0.87,0.396,0.014,0.0,0.0
dataset/flowers/daisy/534547364_3f6b7279d2_n.jpg,flowers/daisy/534547364_3f6b7279d2_n.jpg,daisy,1.0,1.052,0.938,0.415,0.06,0.068,0.0
dataset/flowers/daisy/5434913005_409c1e8b56_n.jpg,flowers/daisy/5434913005_409c1e8b56_n.jpg,daisy,1.0,1.404,0.892,0.295,0.168,0.0,0.0
dataset/flowers/daisy/5435521200_92029bbe2b_n.jpg,flowers/daisy/5435521200_92029bbe2b_n.jpg,daisy,1.0,1.02,0.691,0.315,0.02,0.041,0.001
dataset/flowers/daisy/54377391_15648e8d18.jpg,flowers/daisy/54377391_15648e8d18.jpg,daisy,1.0,1.099,0.87,0.368,0.047,0.0,0.0
dataset/flowers/daisy/5608389827_a42a46f760.jpg,flowers/daisy/5608389827_a42a46f760.jpg,daisy,1.0,1.339,0.854,0.296,0.143,0.086,0.0
dataset/flowers/daisy/5626784099_b36dd3fb11_n.jpg,flowers/daisy/5626784099_b36dd3fb11_n.jpg,daisy,1.0,1.08,0.99,0.426,0.055,0.054,0.0
dataset/flowers/daisy/5626895440_97a0ec04c2_n.jpg,flowers/daisy/5626895440_97a0ec04c2_n.jpg,daisy,1.0,0.971,0.954,0.43,0.028,0.0,0.0
dataset/flowers/daisy/5632774792_0fa33d17eb_n.jpg,flowers/daisy/5632774792_0fa33d17eb_n.jpg,daisy,1.0,1.122,0.937,0.388,0.174,0.0,0.0
dataset/flowers/daisy/5684911529_88a7ae32ba_n.jpg,flowers/daisy/5684911529_88a7ae32ba_n.jpg,daisy,1.0,1.328,0.771,0.27,0.157,0.047,0.0
dataset/flowers/daisy/5693459303_e61d9a9533.jpg,flowers/daisy/5693459303_e61d9a9533.jpg,daisy,128.0,1.062,0.599,0.262,0.151,0.0,0.019
dataset/flowers/daisy/5809489674_5659b3ae5d_n.jpg,flowers/daisy/5809489674_5659b3ae5d_n.jpg,daisy,0.816,0.871,0.725,0.294,0.067,0.0,0.043
dataset/flowers/daisy/5853276960_d08f90fff6.jpg,flowers/daisy/5853276960_d08f90fff6.jpg,daisy,94.0,1.2,0.997,0.386,0.072,0.0,0.0
dataset/flowers/daisy/5881907044_92a85a05c8_n.jpg,flowers/daisy/5881907044_92a85a05c8_n.jpg,daisy,1.0,1.143,0.861,0.35,0.011,0.0,0.0
dataset/flowers/daisy/5883162120_dc7274af76_n.jpg,flowers/daisy/5883162120_dc7274af76_n.jpg,daisy,1.0,1.05,0.947,0.419,0.003,0.0,0.0
dataset/flowers/daisy/5981645737_29eceac291_m.jpg,flowers/daisy/5981645737_29eceac291_m.jpg,daisy,1.0,1.0,1.073,0.499,0.013,0.031,0.0
dataset/flowers/daisy/6089825811_80f253fbe1.jpg,flowers/daisy/6089825811_80f253fbe1.jpg,daisy,1.0,1.017,0.868,0.397,0.007,0.0,0.0
dataset/flowers/daisy/6299498346_b9774b6500.jpg,flowers/daisy/6299498346_b9774b6500.jpg,daisy,1.0,1.318,0.842,0.297,0.016,0.0,0.0
dataset/flowers/daisy/6480809573_76a0074b69_n.jpg,flowers/daisy/6480809573_76a0074b69_n.jpg,daisy,1.0,0.7,0.723,0.235,0.139,0.0,0.0
dataset/flowers/daisy/676120388_28f03069c3.jpg,flowers/daisy/676120388_28f03069c3.jpg,daisy,1.0,1.275,0.933,0.34,0.133,0.0,0.0
dataset/flowers/daisy/6864242336_0d12713fe5_n.jpg,flowers/daisy/6864242336_0d12713fe5_n.jpg,daisy,1.0,1.211,0.677,0.26,0.026,0.0,0.0
dataset/flowers/daisy/6884975451_c74f445d69_m.jpg,flowers/daisy/6884975451_c74f445d69_m.jpg,daisy,1.0,1.148,0.89,0.36,0.029,0.0,0.0
dataset/flowers/daisy/6950173662_5e9473003e_n.jpg,flowers/daisy/6950173662_5e9473003e_n.jpg,daisy,1.0,1.25,0.905,0.337,0.053,0.0,0.0
dataset/flowers/daisy/7189043225_2fe781439a_n.jpg,flowers/daisy/7189043225_2fe781439a_n.jpg,daisy,1.0,1.123,0.791,0.327,0.077,0.0,0.0
dataset/flowers/daisy/7191221492_610035de7c_m.jpg,flowers/daisy/7191221492_610035de7c_m.jpg,daisy,1.0,1.133,0.75,0.308,0.078,0.092,0.0
dataset/flowers/daisy/721595842_bacd80a6ac.jpg,flowers/daisy/721595842_bacd80a6ac.jpg,daisy,1.0,0.727,0.646,0.218,0.077,0.0,0.0
dataset/flowers/daisy/7377004908_5bc0cde347_n.jpg,flowers/daisy/7377004908_5bc0cde347_n.jpg,daisy,1.0,1.33,0.843,0.295,0.014,0.113,0.0
dataset/flowers/daisy/7416083788_fcb4c4f27e_n.jpg,flowers/daisy/7416083788_fcb4c4f27e_n.jpg,daisy,1.0,1.087,0.752,0.321,0.084,0.0,0.0
dataset/flowers/daisy/7568630428_8cf0fc16ff_n.jpg,flowers/daisy/7568630428_8cf0fc16ff_n.jpg,daisy,1.0,0.979,0.9,0.409,0.118,0.0,0.0
dataset/flowers/daisy/7630520686_e3a61ac763.jpg,flowers/daisy/7630520686_e3a61ac763.jpg,daisy,1.0,1.098,0.669,0.283,0.098,0.0,0.0
dataset/flowers/daisy/7669550908_bc5a11276f_n.jpg,flowers/daisy/7669550908_bc5a11276f_n.jpg,daisy,1.0,1.222,0.609,0.232,0.145,0.0,0.014
dataset/flowers/daisy/7749368884_1fc58c67ff_n.jpg,flowers/daisy/7749368884_1fc58c67ff_n.jpg,daisy,1.0,1.231,0.892,0.337,0.038,0.118,0.0
dataset/flowers/daisy/7790614422_4557928ab9_n.jpg,flowers/daisy/7790614422_4557928ab9_n.jpg,daisy,1.0,1.115,0.958,0.399,0.023,0.073,0.0
dataset/flowers/daisy/813445367_187ecf080a_n.jpg,flowers/daisy/813445367_187ecf080a_n.jpg,daisy,1.0,0.84,0.869,0.339,0.147,0.0,0.0
dataset/flowers/daisy/8382667241_0f046cecdb_n.jpg,flowers/daisy/8382667241_0f046cecdb_n.jpg,daisy,1.0,1.133,0.869,0.357,0.036,0.074,0.0
dataset/flowers/daisy/8446495985_f72d851482.jpg,flowers/daisy/8446495985_f72d851482.jpg,daisy,1.0,1.294,0.936,0.336,0.019,0.0,0.0
dataset/flowers/daisy/8619103877_d8c82c5f34_n.jpg,flowers/daisy/8619103877_d8c82c5f34_n.jpg,daisy,1.0,1.19,0.93,0.363,0.017,0.104,0.0
dataset/flowers/daisy/8645839873_0151fb92bf_n.jpg,flowers/daisy/8645839873_0151fb92bf_n.jpg,daisy,1.0,0.944,0.83,0.364,0.099,0.0,0.0
dataset/flowers/daisy/8671824531_64b816949e_m.jpg,flowers/daisy/8671824531_64b816949e_m.jpg,daisy,1.0,0.983,0.915,0.418,0.064,0.044,0.0
dataset/flowers/daisy/8706810197_17b6c1f1e7.jpg,flowers/daisy/8706810197_17b6c1f1e7.jpg,daisy,1.0,0.828,0.697,0.268,0.146,0.0,0.0
dataset/flowers/daisy/8709110478_60d12efcd4_n.jpg,flowers/daisy/8709110478_60d12efcd4_n.jpg,daisy,1.0,1.122,0.96,0.398,0.054,0.085,0.0
dataset/flowers/daisy/8718637649_87a0d85190_n.jpg,flowers/daisy/8718637649_87a0d85190_n.jpg,daisy,1.0,0.974,0.947,0.429,0.044,0.0,0.0
dataset/flowers/daisy/8719756744_34a5a83976_n.jpg,flowers/daisy/8719756744_34a5a83976_n.jpg,daisy,1.0,0.768,0.786,0.28,0.133,0.0,0.0
dataset/flowers/daisy/909609509_a05ccb8127.jpg,flowers/daisy/909609509_a05ccb8127.jpg,daisy,1.0,1.333,0.686,0.239,0.093,0.111,0.0
dataset/flowers/daisy/9146733107_98b15d3892_m.jpg,flowers/daisy/9146733107_98b15d3892_m.jpg,daisy,1.0,1.245,0.769,0.287,0.077,0.068,0.0
dataset/flowers/daisy/9161647994_e39b65cb9c_n.jpg,flowers/daisy/9161647994_e39b65cb9c_n.jpg,daisy,1.0,1.079,0.816,0.352,0.105,0.037,0.0
dataset/flowers/daisy/9299302012_958c70564c_n.jpg,flowers/daisy/9299302012_958c70564c_n.jpg,daisy,1.0,0.828,0.783,0.301,0.046,0.044,0.0
dataset/flowers/daisy/9489270024_1b05f08492_m.jpg,flowers/daisy/9489270024_1b05f08492_m.jpg,daisy,1.0,0.78,0.678,0.246,0.11,0.118,0.002
dataset/flowers/daisy/9496209717_25a6ebdab6_m.jpg,flowers/daisy/9496209717_25a6ebdab6_m.jpg,daisy,1.0,1.041,1.001,0.447,0.084,0.0,0.0
dataset/flowers/daisy/9515186037_3be48fe68f.jpg,flowers/daisy/9515186037_3be48fe68f.jpg,daisy,1.0,1.174,0.904,0.358,0.117,0.0,0.027
dataset/flowers/daisy/9529916092_de70623523_n.jpg,flowers/daisy/9529916092_de70623523_n.jpg,daisy,1.0,1.152,0.808,0.326,0.11,0.097,0.0
dataset/flowers/daisy/9595857626_979c45e5bf_n.jpg,flowers/daisy/9595857626_979c45e5bf_n.jpg,daisy,1.0,1.119,0.906,0.376,0.01,0.069,0.0
dataset/flowers/daisy/9611923744_013b29e4da_n.jpg,flowers/daisy/9611923744_013b29e4da_n.jpg,daisy,1.0,1.277,0.826,0.301,0.005,0.0,0.0
dataset/flowers/dandelion/10043234166_e6dd915111_n.jpg,flowers/dandelion/10043234166_e6dd915111_n.jpg,dandelion,1.0,0.976,0.853,0.387,0.024,0.015,0.0
dataset/flowers/dandelion/10437652486_aa86c14985.jpg,flowers/dandelion/10437652486_aa86c14985.jpg,dandelion,1.0,1.094,0.946,0.402,0.155,0.0,0.0
dataset/flowers/dandelion/10486992895_20b344ce2d_n.jpg,flowers/dandelion/10486992895_20b344ce2d_n.jpg,dandelion,1.0,1.214,1.019,0.39,0.043,0.11,0.0
dataset/flowers/dandelion/10617162044_8740d4dd9f_n.jpg,flowers/dandelion/10617162044_8740d4dd9f_n.jpg,dandelion,1.0,1.058,0.873,0.383,0.015,0.0,0.0
dataset/flowers/dandelion/10617191174_9a01753241_n.jpg,flowers/dandelion/10617191174_9a01753241_n.jpg,dandelion,1.0,1.0,0.902,0.419,0.003,0.0,0.0
dataset/flowers/dandelion/1074999133_1e4a1e042e.jpg,flowers/dandelion/1074999133_1e4a1e042e.jpg,dandelion,1.0,1.16,0.985,0.394,0.034,0.1,0.0
dataset/flowers/dandelion/10919961_0af657c4e8.jpg,flowers/dandelion/10919961_0af657c4e8.jpg,dandelion,1.0,1.277,0.903,0.329,0.036,0.0,0.0
dataset/flowers/dandelion/10946896405_81d2d50941_m.jpg,flowers/dandelion/10946896405_81d2d50941_m.jpg,dandelion,1.0,1.337,0.918,0.319,0.032,0.0,0.0
dataset/flowers/dandelion/1128626197_3f52424215_n.jpg,flowers/dandelion/1128626197_3f52424215_n.jpg,dandelion,1.0,1.067,0.918,0.4,0.034,0.023,0.0
dataset/flowers/dandelion/11405573_24a8a838cc_n.jpg,flowers/dandelion/11405573_24a8a838cc_n.jpg,dandelion,1.0,1.013,0.67,0.307,0.137,0.061,0.015
dataset/flowers/dandelion/11465213433_847c4fa261.jpg,flowers/dandelion/11465213433_847c4fa261.jpg,dandelion,1.0,1.347,0.883,0.305,0.045,0.117,0.0
dataset/flowers/dandelion/11595255065_d9550012fc.jpg,flowers/dandelion/11595255065_d9550012fc.jpg,dandelion,1.0,1.34,0.727,0.252,0.079,0.003,0.0
dataset/flowers/dandelion/11775820493_10fedf4bff_n.jpg,flowers/dandelion/11775820493_10fedf4bff_n.jpg,dandelion,1.0,1.042,0.636,0.284,0.124,0.031,0.001
dataset/flowers/dandelion/1195255751_d58b3d3076.jpg,flowers/dandelion/1195255751_d58b3d3076.jpg,dandelion,1.0,1.135,0.809,0.331,0.038,0.107,0.0
dataset/flowers/dandelion/1273326361_b90ea56d0d_m.jpg,flowers/dandelion/1273326361_b90ea56d0d_m.jpg,dandelion,1.0,0.866,0.906,0.365,0.041,0.001,0.0
dataset/flowers/dandelion/1297972485_33266a18d9.jpg,flowers/dandelion/1297972485_33266a18d9.jpg,dandelion,1.0,1.354,0.738,0.253,0.168,0.07,0.0
dataset/flowers/dandelion/13290033_ebd7c7abba_n.jpg,flowers/dandelion/13290033_ebd7c7abba_n.jpg,dandelion,1.0,0.835,0.867,0.337,0.022,0.0,0.0
dataset/flowers/dandelion/1353279846_7e6b87606d.jpg,flowers/dandelion/1353279846_7e6b87606d.jpg,dandelion,1.0,0.957,0.993,0.441,0.091,0.0,0.0
dataset/flowers/dandelion/13560152823_9da5e48c87_m.jpg,flowers/dandelion/13560152823_9da5e48c87_m.jpg,dandelion,1.0,0.991,0.976,0.449,0.109,0.035,0.0
dataset/flowers/dandelion/13652698934_d258a6ee8c.jpg,flowers/dandelion/13652698934_d258a6ee8c.jpg,dandelion,1.0,1.097,0.979,0.415,0.138,0.049,0.0
dataset/flowers/dandelion/13675534854_03caf51644_m.jpg,flowers/dandelion/13675534854_03caf51644_m.jpg,dandelion,1.0,1.039,0.972,0.435,0.005,0.0,0.0
dataset/flowers/dandelion/13900486390_5a25785645_n.jpg,flowers/dandelion/13900486390_5a25785645_n.jpg,dandelion,1.0,1.048,0.749,0.332,0.101,0.03,0.0
dataset/flowers/dandelion/139124974_9e3ba69f6c.jpg,flowers/dandelion/139124974_9e3ba69f6c.jpg,dandelion,1.0,1.237,0.626,0.235,0.1,0.073,0.0
dataset/flowers/dandelion/13916196427_50a611008f.jpg,flowers/dandelion/13916196427_50a611008f.jpg,dandelion,0.848,1.155,1.014,0.408,0.088,0.0,0.015
dataset/flowers/dandelion/13920113_f03e867ea7_m.jpg,flowers/dandelion/13920113_f03e867ea7_m.jpg,dandelion,1.0,0.977,0.868,0.394,0.024,0.0,0.0
dataset/flowers/dandelion/13942846777_5571a6b0a1_n.jpg,flowers/dandelion/13942846777_5571a6b0a1_n.jpg,dandelion,1.0,1.106,0.882,0.37,0.049,0.0,0.0
dataset/flowers/dandelion/13946048982_4e6ec56987.jpg,flowers/dandelion/13946048982_4e6ec56987.jpg,dandelion,1.0,1.079,0.906,0.39,0.023,0.02,0.0
dataset/flowers/dandelion/13967344688_aa629dcdee_n.jpg,flowers/dandelion/13967344688_aa629dcdee_n.jpg,dandelion,1.0,1.179,0.997,0.393,0.012,0.098,0.0
dataset/flowers/dandelion/13968424321_1d89b33a9f_n.jpg,flowers/dandelion/13968424321_1d89b33a9f_n.jpg,dandelion,1.0,1.014,0.672,0.308,0.152,0.0,0.0
dataset/flowers/dandelion/14021281124_89cc388eac_n.jpg,flowers/dandelion/14021281124_89cc388eac_n.jpg,dandelion,1.0,0.917,0.796,0.339,0.055,0.0,0.0
dataset/flowers/dandelion/14048849371_ec9dbafaeb_m.jpg,flowers/dandelion/14048849371_ec9dbafaeb_m.jpg,dandelion,1.0,1.0,1.052,0.489,0.011,0.029,0.0
dataset/flowers/dandelion/14065420729_9b388bf7cb_m.jpg,flowers/dandelion/14065420729_9b388bf7cb_m.jpg,dandelion,1.0,1.023,0.961,0.436,0.012,0.0,0.0
dataset/flowers/dandelion/14126515096_1134fae695.jpg,flowers/dandelion/14126515096_1134fae695.jpg,dandelion,1.0,1.105,0.608,0.256,0.059,0.0,0.007
dataset/flowers/dandelion/14128835667_b6a916222c.jpg,flowers/dandelion/14128835667_b6a916222c.jpg,dandelion,1.0,0.926,0.896,0.386,0.055,0.0,0.011
dataset/flowers/dandelion/1413979148_b40d63db90_m.jpg,flowers/dandelion/1413979148_b40d63db90_m.jpg,dandelion,1.0,1.057,0.721,0.317,0.067,0.021,0.0
dataset/flowers/dandelion/14164392167_650946a169_n.jpg,flowers/dandelion/14164392167_650946a169_n.jpg,dandelion,1.0,1.153,1.006,0.406,0.018,0.0,0.0
dataset/flowers/dandelion/141652526_2be95f21c3_n.jpg,flowers/dandelion/141652526_2be95f21c3_n.jpg,dandelion,1.0,1.083,0.888,0.381,0.067,0.0,0.0
dataset/flowers/dandelion/14171812905_8b81d50eb9_n.jpg,flowers/dandelion/14171812905_8b81d50eb9_n.jpg,dandelion,1.0,1.086,1.011,0.433,0.092,0.037,0.0
dataset/flowers/dandelion/141935731_d26d600f4f_m.jpg,flowers/dandelion/141935731_d26d600f4f_m.jpg,dandelion,1.0,1.085,0.942,0.404,0.035,0.084,0.0
dataset/flowers/dandelion/14200639491_2a4611916d_n.jpg,flowers/dandelion/14200639491_2a4611916d_n.jpg,dandelion,1.0,1.167,0.849,0.338,0.066,0.075,0.0
dataset/flowers/dandelion/14211880544_5d1f9d5aa8_n.jpg,flowers/dandelion/14211880544_5d1f9d5aa8_n.jpg,dandelion,1.0,1.373,0.95,0.322,0.044,0.005,0.0
dataset/flowers/dandelion/142390525_5d81a3659d_m.jpg,flowers/dandelion/142390525_5d81a3659d_m.jpg,dandelion,1.0,0.969,0.902,0.406,0.05,0.065,0.0
dataset/flowers/dandelion/14283011_3e7452c5b2_n.jpg,flowers/dandelion/14283011_3e7452c5b2_n.jpg,dandelion,1.0,1.0,0.94,0.437,0.08,0.0,0.0
dataset/flowers/dandelion/14375349004_68d893254a_n.jpg,flowers/dandelion/14375349004_68d893254a_n.jpg,dandelion,1.0,1.188,1.019,0.399,0.14,0.085,0.0
dataset/flowers/dandelion/14376454225_a1de336c5b.jpg,flowers/dandelion/14376454225_a1de336c5b.jpg,dandelion,1.0,0.844,0.587,0.23,0.123,0.0,0.0
dataset/flowers/dandelion/14396023703_11c5dd35a9.jpg,flowers/dandelion/14396023703_11c5dd35a9.jpg,dandelion,1.0,1.265,0.593,0.218,0.152,0.042,0.0
dataset/flowers/dandelion/144040769_c5b805f868.jpg,flowers/dandelion/144040769_c5b805f868.jpg,dandelion,1.0,1.11,0.974,0.408,0.041,0.067,0.0
dataset/flowers/dandelion/1443259657_2704fab26e_n.jpg,flowers/dandelion/1443259657_2704fab26e_n.jpg,dandelion,1.0,1.029,1.0,0.452,0.024,0.0,0.0
dataset/flowers/dandelion/146023167_f905574d97_m.jpg,flowers/dandelion/146023167_f905574d97_m.jpg,dandelion,1.0,1.089,0.871,0.372,0.027,0.0,0.0
dataset/flowers/dandelion/14614655810_9910e6dbd6_n.jpg,flowers/dandelion/14614655810_9910e6dbd6_n.jpg,dandelion,1.0,1.356,0.855,0.293,0.077,0.075,0.0
dataset/flowers/dandelion/1469549847_eac61a6802.jpg,flowers/dandelion/1469549847_eac61a6802.jpg,dandelion,1.0,1.351,0.863,0.297,0.126,0.105,0.0
dataset/flowers/dandelion/14728922673_99086a3818_n.jpg,flowers/dandelion/14728922673_99086a3818_n.jpg,dandelion,1.0,1.011,0.773,0.355,0.172,0.059,0.0
dataset/flowers/dandelion/14740350060_a489d9fa06.jpg,flowers/dandelion/14740350060_a489d9fa06.jpg,dandelion,1.0,1.179,0.857,0.338,0.138,0.002,0.0
dataset/flowers/dandelion/148180650_19a4b410db.jpg,flowers/dandelion/148180650_19a4b410db.jpg,dandelion,1.0,0.973,0.903,0.408,0.06,0.0,0.0
dataset/flowers/dandelion/14829055_2a2e646a8f_m.jpg,flowers/dandelion/14829055_2a2e646a8f_m.jpg,dandelion,1.0,0.871,0.915,0.37,0.065,0.0,0.0
dataset/flowers/dandelion/14886860069_b84665a073.jpg,flowers/dandelion/14886860069_b84665a073.jpg,dandelion,1.0,1.167,1.016,0.405,0.138,0.0,0.0
dataset/flowers/dandelion/14886963928_d4856f1eb6_n.jpg,flowers/dandelion/14886963928_d4856f1eb6_n.jpg,dandelion,1.0,0.875,0.723,0.294,0.063,0.0,0.0
dataset/flowers/dandelion/15123503538_8ee984abc6.jpg,flowers/dandelion/15123503538_8ee984abc6.jpg,dandelion,1.0,0.831,0.765,0.295,0.054,0.0,0.008
dataset/flowers/dandelion/151979452_9832f08b69.jpg,flowers/dandelion/151979452_9832f08b69.jpg,dandelion,1.0,1.019,0.836,0.382,0.114,0.0,0.0
dataset/flowers/dandelion/15987457_49dc11bf4b.jpg,flowers/dandelion/15987457_49dc11bf4b.jpg,dandelion,1.0,1.146,0.992,0.402,0.054,0.086,0.0
dataset/flowers/dandelion/16041975_2f6c1596e5.jpg,flowers/dandelion/16041975_2f6c1596e5.jpg,dandelion,1.0,0.907,0.861,0.363,0.175,0.0,0.0
dataset/flowers/dandelion/16462263826_2555edeb74_n.jpg,flowers/dandelion/16462263826_2555edeb74_n.jpg,dandelion,1.0,1.386,0.931,0.312,0.154,0.08,0.0
dataset/flowers/dandelion/16650892835_9228a3ef67_m.jpg,flowers/dandelion/16650892835_9228a3ef67_m.jpg,dandelion,1.0,1.216,0.979,0.374,0.041,0.015,0.0
dataset/flowers/dandelion/16656127943_2f70926b6c.jpg,flowers/dandelion/16656127943_2f70926b6c.jpg,dandelion,1.0,1.081,0.921,0.396,0.119,0.0,0.0
dataset/flowers/dandelion/16691236594_4287cea9d6_n.jpg,flowers/dandelion/16691236594_4287cea9d6_n.jpg,dandelion,1.0,1.299,0.919,0.329,0.023,0.107,0.0
dataset/flowers/dandelion/16699732794_5bfd639cf8_n.jpg,flowers/dandelion/16699732794_5bfd639cf8_n.jpg,dandelion,1.0,0.945,0.919,0.404,0.152,0.0,0.0
dataset/flowers/dandelion/16817037661_2980d823e1_n.jpg,flowers/dandelion/16817037661_2980d823e1_n.jpg,dandelion,1.0,1.301,0.981,0.35,0.008,0.115,0.0
dataset/flowers/dandelion/16837594326_1056d875a4_m.jpg,flowers/dandelion/16837594326_1056d875a4_m.jpg,dandelion,1.0,1.0,0.779,0.362,0.083,0.034,0.0
dataset/flowers/dandelion/16863587471_cc3a6ffb29_m.jpg,flowers/dandelion/16863587471_cc3a6ffb29_m.jpg,dandelion,1.0,0.946,0.845,0.372,0.074,0.0,0.0
dataset/flowers/dandelion/16953818045_fea21c8bf8.jpg,flowers/dandelion/16953818045_fea21c8bf8.jpg,dandelion,1.0,1.157,0.93,0.373,0.123,0.026,0.0
dataset/flowers/dandelion/17029965300_8e755c2214_n.jpg,flowers/dandelion/17029965300_8e755c2214_n.jpg,dandelion,1.0,1.105,0.776,0.326,0.077,0.077,0.0
dataset/flowers/dandelion/17047231499_bd66c23641.jpg,flowers/dandelion/17047231499_bd66c23641.jpg,dandelion,134.0,1.417,0.836,0.274,0.059,0.0,0.0
dataset/flowers/dandelion/17047385027_8fd510e164_n.jpg,flowers/dandelion/17047385027_8fd510e164_n.jpg,dandelion,1.0,0.767,0.784,0.279,0.123,0.0,0.0
dataset/flowers/dandelion/17147436650_c94ae24004_n.jpg,flowers/dandelion/17147436650_c94ae24004_n.jpg,dandelion,1.0,1.0,0.975,0.453,0.116,0.032,0.0
dataset/flowers/dandelion/17175932454_c052e205c1_n.jpg,flowers/dandelion/17175932454_c052e205c1_n.jpg,dandelion,1.0,1.274,0.96,0.35,0.107,0.109,0.0
dataset/flowers/dandelion/17220096449_0e535989f0_n.jpg,flowers/dandelion/17220096449_0e535989f0_n.jpg,dandelion,1.0,1.257,0.747,0.276,0.022,0.0,0.0
dataset/flowers/dandelion/17243540220_65b98eb926_n.jpg,flowers/dandelion/17243540220_65b98eb926_n.jpg,dandelion,1.0,1.167,0.565,0.225,0.057,0.048,0.0
dataset/flowers/dandelion/17244252705_328e0bcda6.jpg,flowers/dandelion/17244252705_328e0bcda6.jpg,dandelion,1.0,0.929,0.705,0.304,0.033,0.0,0.0
dataset/flowers/dandelion/17276354745_2e312a72b5_n.jpg,flowers/dandelion/17276354745_2e312a72b5_n.jpg,dandelion,1.0,1.065,0.937,0.409,0.105,0.075,0.0
dataset/flowers/dandelion/17322195031_c2680809dc_m.jpg,flowers/dandelion/17322195031_c2680809dc_m.jpg,dandelion,1.0,1.118,0.841,0.349,0.102,0.0,0.0
dataset/flowers/dandelion/17367866236_61abd4d243_n.jpg,flowers/dandelion/17367866236_61abd4d243_n.jpg,dandelion,1.0,1.295,0.891,0.32,0.108,0.0,0.0
dataset/flowers/dandelion/17388697431_0d84c427d1_n.jpg,flowers/dandelion/17388697431_0d84c427d1_n.jpg,dandelion,1.0,1.045,0.98,0.436,0.027,0.0,0.0
dataset/flowers/dandelion/17482158576_86c5ebc2f8.jpg,flowers/dandelion/17482158576_86c5ebc2f8.jpg,dandelion,1.0,0.87,0.754,0.305,0.1,0.0,0.0
dataset/flowers/dandelion/177851662_b2622b4238_n.jpg,flowers/dandelion/177851662_b2622b4238_n.jpg,dandelion,1.0,1.032,0.966,0.435,0.026,0.036,0.0
dataset/flowers/dandelion/17862580326_293070978d_m.jpg,flowers/dandelion/17862580326_293070978d_m.jpg,dandelion,1.0,0.971,0.857,0.387,0.025,0.0,0.0
dataset/flowers/dandelion/17903104293_9138439e76.jpg,flowers/dandelion/17903104293_9138439e76.jpg,dandelion,1.0,1.22,0.858,0.327,0.178,0.074,0.0
dataset/flowers/dandelion/1798082733_b8080b1173_m.jpg,flowers/dandelion/1798082733_b8080b1173_m.jpg,dandelion,1.0,0.861,0.811,0.324,0.057,0.022,0.0
dataset/flowers/dandelion/18010259565_d6aae33ca7_n.jpg,flowers/dandelion/18010259565_d6aae33ca7_n.jpg,dandelion,1.0,0.873,0.891,0.361,0.122,0.0,0.0
dataset/flowers/dandelion/18183515403_13a9ca6d86_n.jpg,flowers/dandelion/18183515403_13a9ca6d86_n.jpg,dandelion,1.0,1.013,0.846,0.388,0.107,0.012,0.0
dataset/flowers/dandelion/18232119726_cef27eaaac_n.jpg,flowers/dandelion/18232119726_cef27eaaac_n.jpg,dandelion,1.0,1.053,0.66,0.291,0.173,0.0,0.016
dataset/flowers/dandelion/18271576032_d7e2296de4_n.jpg,flowers/dandelion/18271576032_d7e2296de4_n.jpg,dandelion,1.0,0.859,0.916,0.365,0.028,0.0,0.0
dataset/flowers/dandelion/18587334446_ef1021909b_n.jpg,flowers/dandelion/18587334446_ef1021909b_n.jpg,dandelion,1.0,1.038,0.876,0.392,0.042,0.065,0.0
dataset/flowers/dandelion/18687587599_3dd4fdf255.jpg,flowers/dandelion/18687587599_3dd4fdf255.jpg,dandelion,1.0,1.0,0.979,0.455,0.06,0.0,0.0
dataset/flowers/dandelion/18803577858_fd0036e1f5_m.jpg,flowers/dandelion/18803577858_fd0036e1f5_m.jpg,dandelion,1.0,1.164,0.819,0.327,0.075,0.084,0.0
dataset/flowers/dandelion/18876985840_7531dc8e6a.jpg,flowers/dandelion/18876985840_7531dc8e6a.jpg,dandelion,1.0,0.973,0.945,0.427,0.061,0.0,0.0
dataset/flowers/dandelion/18889216716_cd67aec890_n.jpg,flowers/dandelion/18889216716_cd67aec890_n.jpg,dandelion,1.0,1.389,0.812,0.272,0.038,0.062,0.0
dataset/flowers/dandelion/18995294384_77543e96b6_n.jpg,flowers/dandelion/18995294384_77543e96b6_n.jpg,dandelion,1.0,1.2,1.032,0.399,0.019,0.088,0.0
dataset/flowers/dandelion/18996760154_58d3c48604.jpg,flowers/dandelion/18996760154_58d3c48604.jpg,dandelion,1.0,1.138,1.004,0.41,0.137,0.069,0.0
dataset/flowers/dandelion/19064700925_b93d474e37.jpg,flowers/dandelion/19064700925_b93d474e37.jpg,dandelion,1.0,1.125,0.997,0.412,0.02,0.0,0.0
dataset/flowers/dandelion/19435491090_7af558e17e.jpg,flowers/dandelion/19435491090_7af558e17e.jpg,dandelion,1.0,1.111,0.864,0.361,0.171,0.047,0.0
dataset/flowers/dandelion/19437710780_c5f2156438.jpg,flowers/dandelion/19437710780_c5f2156438.jpg,dandelion,1.0,1.238,1.047,0.393,0.062,0.102,0.0
dataset/flowers/dandelion/19526570282_1d1e71b0f3_m.jpg,flowers/dandelion/19526570282_1d1e71b0f3_m.jpg,dandelion,1.0,1.0,0.964,0.448,0.013,0.028,0.0
dataset/flowers/dandelion/19551343814_48f764535f_m.jpg,flowers/dandelion/19551343814_48f764535f_m.jpg,dandelion,1.0,1.048,0.83,0.368,0.157,0.0,0.0
dataset/flowers/dandelion/19599413676_fc9ee2640e.jpg,flowers/dandelion/19599413676_fc9ee2640e.jpg,dandelion,1.0,1.272,0.973,0.356,0.072,0.116,0.0
dataset/flowers/dandelion/19617501581_606be5f716_n.jpg,flowers/dandelion/19617501581_606be5f716_n.jpg,dandelion,1.0,1.197,0.99,0.384,0.174,0.082,0.0
dataset/flowers/dandelion/19626311985_58f1a79da3.jpg,flowers/dandelion/19626311985_58f1a79da3.jpg,dandelion,1.0,1.179,0.789,0.311,0.061,0.0,0.0
dataset/flowers/dandelion/19691175559_ef12b8b354_n.jpg,flowers/dandelion/19691175559_ef12b8b354_n.jpg,dandelion,1.0,0.714,0.836,0.278,0.168,0.0,0.0
dataset/flowers/dandelion/19961979110_fcd8092388_m.jpg,flowers/dandelion/19961979110_fcd8092388_m.jpg,dandelion,1.0,0.992,1.034,0.477,0.008,0.027,0.0
dataset/flowers/dandelion/20179380768_7a2990d4e3_n.jpg,flowers/dandelion/20179380768_7a2990d4e3_n.jpg,dandelion,1.0,1.241,0.581,0.217,0.163,0.0,0.008
dataset/flowers/dandelion/22274701614_901606ee34_n.jpg,flowers/dandelion/22274701614_901606ee34_n.jpg,dandelion,1.0,0.985,0.959,0.439,0.173,0.0,0.0
dataset/flowers/dandelion/2229906591_e953785d13.jpg,flowers/dandelion/2229906591_e953785d13.jpg,dandelion,1.0,0.938,0.793,0.346,0.039,0.0,0.0
dataset/flowers/dandelion/22785985545_95464115b0_m.jpg,flowers/dandelion/22785985545_95464115b0_m.jpg,dandelion,1.0,1.143,0.964,0.392,0.016,0.031,0.0
dataset/flowers/dandelion/2303491518_f25fee9440.jpg,flowers/dandelion/2303491518_f25fee9440.jpg,dandelion,1.0,1.013,0.972,0.446,0.033,0.0,0.0
dataset/flowers/dandelion/23192507093_2e6ec77bef_n.jpg,flowers/dandelion/23192507093_2e6ec77bef_n.jpg,dandelion,1.0,0.826,0.75,0.288,0.101,0.0,0.0
dataset/flowers/dandelion/2330339852_fbbdeb7306_n.jpg,flowers/dandelion/2330339852_fbbdeb7306_n.jpg,dandelion,1.0,1.394,0.849,0.283,0.071,0.0,0.0
dataset/flowers/dandelion/2335702923_decb9a860b_m.jpg,flowers/dandelion/2335702923_decb9a860b_m.jpg,dandelion,1.0,0.786,0.839,0.306,0.034,0.0,0.0
dataset/flowers/dandelion/23414449869_ee849a80d4.jpg,flowers/dandelion/23414449869_ee849a80d4.jpg,dandelion,1.0,0.881,0.74,0.303,0.176,0.0,0.0
dataset/flowers/dandelion/23659122395_3467d88c02_n.jpg,flowers/dandelion/23659122395_3467d88c02_n.jpg,dandelion,1.0,0.988,1.022,0.469,0.157,0.024,0.0
dataset/flowers/dandelion/2387025546_6aecb1b984_n.jpg,flowers/dandelion/2387025546_6aecb1b984_n.jpg,dandelion,1.0,1.074,0.795,0.344,0.129,0.024,0.0
dataset/flowers/dandelion/2401343175_d2a892cf25_n.jpg,flowers/dandelion/2401343175_d2a892cf25_n.jpg,dandelion,1.0,0.864,0.78,0.313,0.076,0.0,0.0
dataset/flowers/dandelion/2444241718_3ca53ce921.jpg,flowers/dandelion/2444241718_3ca53ce921.jpg,dandelion,1.0,1.107,0.939,0.394,0.023,0.071,0.0
dataset/flowers/dandelion/2470874500_43d8011e75.jpg,flowers/dandelion/2470874500_43d8011e75.jpg,dandelion,1.0,1.38,0.796,0.268,0.126,0.115,0.0
dataset/flowers/dandelion/2473862606_291ae74885.jpg,flowers/dandelion/2473862606_291ae74885.jpg,dandelion,1.0,1.031,0.817,0.368,0.009,0.0,0.0
dataset/flowers/dandelion/2490828907_5094017933_m.jpg,flowers/dandelion/2490828907_5094017933_m.jpg,dandelion,1.0,0.992,0.973,0.449,0.018,0.033,0.0
dataset/flowers/dandelion/2495749544_679dc7ccef.jpg,flowers/dandelion/2495749544_679dc7ccef.jpg,dandelion,1.0,1.083,0.868,0.372,0.013,0.06,0.0
dataset/flowers/dandelion/2497301920_91490c42c0.jpg,flowers/dandelion/2497301920_91490c42c0.jpg,dandelion,1.0,1.021,0.909,0.414,0.12,0.0,0.0
dataset/flowers/dandelion/2503875867_2075a9225d_m.jpg,flowers/dandelion/2503875867_2075a9225d_m.jpg,dandelion,1.0,1.309,0.762,0.27,0.083,0.012,0.0
dataset/flowers/dandelion/2522454811_f87af57d8b.jpg,flowers/dandelion/2522454811_f87af57d8b.jpg,dandelion,1.0,1.095,0.969,0.411,0.028,0.0,0.0
dataset/flowers/dandelion/2535727910_769c020c0d_n.jpg,flowers/dandelion/2535727910_769c020c0d_n.jpg,dandelion,1.0,1.221,1.017,0.387,0.074,0.1,0.0
dataset/flowers/dandelion/2535769822_513be6bbe9.jpg,flowers/dandelion/2535769822_513be6bbe9.jpg,dandelion,1.0,1.143,1.018,0.414,0.026,0.098,0.0
dataset/flowers/dandelion/253622055_d72964a7fd_n.jpg,flowers/dandelion/253622055_d72964a7fd_n.jpg,dandelion,1.0,1.06,0.665,0.292,0.054,0.0,0.009
dataset/flowers/dandelion/2538797744_deb53ac253.jpg,flowers/dandelion/2538797744_deb53ac253.jpg,dandelion,0.927,1.25,1.007,0.374,0.016,0.0,0.006
dataset/flowers/dandelion/2540640433_dedd577263.jpg,flowers/dandelion/2540640433_dedd577263.jpg,dandelion,1.0,1.258,0.934,0.345,0.113,0.082,0.0
dataset/flowers/dandelion/2553703483_558d12668c_n.jpg,flowers/dandelion/2553703483_558d12668c_n.jpg,dandelion,1.0,1.243,1.077,0.403,0.005,0.111,0.0
dataset/flowers/dandelion/2622697182_ea4aff29dd_n.jpg,flowers/dandelion/2622697182_ea4aff29dd_n.jpg,dandelion,1.0,1.446,0.632,0.203,0.129,0.075,0.0
dataset/flowers/dandelion/2625836599_03e192266f.jpg,flowers/dandelion/2625836599_03e192266f.jpg,dandelion,1.0,1.172,0.953,0.378,0.022,0.0,0.0
dataset/flowers/dandelion/2635422362_a1bf641547_m.jpg,flowers/dandelion/2635422362_a1bf641547_m.jpg,dandelion,1.0,0.902,0.789,0.331,0.072,0.008,0.007
dataset/flowers/dandelion/2637883118_cf6ce37be4_n.jpg,flowers/dandelion/2637883118_cf6ce37be4_n.jpg,dandelion,1.0,1.051,0.694,0.307,0.015,0.0,0.0
dataset/flowers/dandelion/2683330456_0f7bbce110_m.jpg,flowers/dandelion/2683330456_0f7bbce110_m.jpg,dandelion,1.0,1.08,0.993,0.427,0.052,0.078,0.0
dataset/flowers/dandelion/2693136371_dde2570813.jpg,flowers/dandelion/2693136371_dde2570813.jpg,dandelion,1.0,1.214,0.922,0.353,0.065,0.015,0.0
dataset/flowers/dandelion/2697283969_c1f9cbb936.jpg,flowers/dandelion/2697283969_c1f9cbb936.jpg,dandelion,1.0,0.877,0.922,0.376,0.02,0.0,0.0
dataset/flowers/dandelion/2780702427_312333ef33.jpg,flowers/dandelion/2780702427_312333ef33.jpg,dandelion,1.0,1.156,1.013,0.408,0.124,0.083,0.0
dataset/flowers/dandelion/3198028825_fdfaa1d020.jpg,flowers/dandelion/3198028825_fdfaa1d020.jpg,dandelion,1.0,1.043,0.595,0.265,0.159,0.0,0.0
dataset/flowers/dandelion/3297108443_0393d04dfc_m.jpg,flowers/dandelion/3297108443_0393d04dfc_m.jpg,dandelion,1.0,1.11,0.898,0.376,0.12,0.0,0.0
dataset/flowers/dandelion/3357432116_b3dce6fed3_n.jpg,flowers/dandelion/3357432116_b3dce6fed3_n.jpg,dandelion,1.0,1.024,0.891,0.404,0.111,0.04,0.0
dataset/flowers/dandelion/3365850019_8158a161a8_n.jpg,flowers/dandelion/3365850019_8158a161a8_n.jpg,dandelion,1.0,1.206,0.861,0.332,0.127,0.078,0.0
dataset/flowers/dandelion/3393060921_2328b752f4.jpg,flowers/dandelion/3393060921_2328b752f4.jpg,dandelion,1.0,0.988,0.941,0.432,0.028,0.04,0.0
dataset/flowers/dandelion/3393564906_f2df184b76_n.jpg,flowers/dandelion/3393564906_f2df184b76_n.jpg,dandelion,1.0,1.084,0.977,0.419,0.015,0.061,0.0
dataset/flowers/dandelion/3398195641_456872b48b_n.jpg,flowers/dandelion/3398195641_456872b48b_n.jpg,dandelion,1.0,1.143,0.877,0.357,0.025,0.0,0.0
dataset/flowers/dandelion/3419176626_512811d3ff.jpg,flowers/dandelion/3419176626_512811d3ff.jpg,dandelion,1.0,1.078,0.803,0.346,0.109,0.0,0.0
dataset/flowers/dandelion/34311470786_5b2b5bea1d_n.jpg,flowers/dandelion/34311470786_5b2b5bea1d_n.jpg,dandelion,1.0,1.371,0.752,0.255,0.071,0.108,0.0
dataset/flowers/dandelion/344318990_7be3fb0a7d.jpg,flowers/dandelion/344318990_7be3fb0a7d.jpg,dandelion,1.0,1.274,0.712,0.26,0.045,0.047,0.0
dataset/flowers/dandelion/3451079245_2139200d66_n.jpg,flowers/dandelion/3451079245_2139200d66_n.jpg,dandelion,1.0,0.71,0.764,0.252,0.051,0.0,0.0
dataset/flowers/dandelion/3451637528_b245144675_n.jpg,flowers/dandelion/3451637528_b245144675_n.jpg,dandelion,1.0,1.122,0.939,0.389,0.048,0.0,0.0
dataset/flowers/dandelion/3451646670_3eff7094b7_n.jpg,flowers/dandelion/3451646670_3eff7094b7_n.jpg,dandelion,1.0,1.28,0.855,0.311,0.036,0.0,0.0
dataset/flowers/dandelion/34568232012_2e771f16f8_n.jpg,flowers/dandelion/34568232012_2e771f16f8_n.jpg,dandelion,1.0,1.053,0.976,0.431,0.085,0.0,0.0
dataset/flowers/dandelion/3458770076_17ed3a1225.jpg,flowers/dandelion/3458770076_17ed3a1225.jpg,dandelion,1.0,1.115,1.055,0.44,0.15,0.0,0.0
dataset/flowers/dandelion/34588967411_84b348245b_n.jpg,flowers/dandelion/34588967411_84b348245b_n.jpg,dandelion,1.0,1.176,0.981,0.388,0.053,0.0,0.0
dataset/flowers/dandelion/3459346147_faffff51c7_n.jpg,flowers/dandelion/3459346147_faffff51c7_n.jpg,dandelion,1.0,0.948,0.865,0.381,0.039,0.041,0.0
dataset/flowers/dandelion/34662979916_0479576f5e_n.jpg,flowers/dandelion/34662979916_0479576f5e_n.jpg,dandelion,1.0,0.991,0.829,0.382,0.055,0.026,0.0
dataset/flowers/dandelion/34686041416_e50c8028f9_n.jpg,flowers/dandelion/34686041416_e50c8028f9_n.jpg,dandelion,1.0,1.082,0.808,0.347,0.017,0.045,0.0
dataset/flowers/dandelion/34728513735_ebb4b179eb_n.jpg,flowers/dandelion/34728513735_ebb4b179eb_n.jpg,dandelion,1.0,1.0,1.027,0.477,0.007,0.026,0.0
dataset/flowers/dandelion/3496258301_ca5f168306.jpg,flowers/dandelion/3496258301_ca5f168306.jpg,dandelion,1.0,0.82,0.692,0.264,0.173,0.054,0.0
dataset/flowers/dandelion/3499837275_5f24d2f8bf_n.jpg,flowers/dandelion/3499837275_5f24d2f8bf_n.jpg,dandelion,1.0,1.026,0.856,0.388,0.043,0.01,0.0
dataset/flowers/dandelion/3501368412_358e144d1f.jpg,flowers/dandelion/3501368412_358e144d1f.jpg,dandelion,1.0,0.87,0.914,0.37,0.122,0.026,0.0
dataset/flowers/dandelion/3509307596_6cfe97867d_n.jpg,flowers/dandelion/3509307596_6cfe97867d_n.jpg,dandelion,1.0,0.917,0.735,0.313,0.116,0.0,0.0
dataset/flowers/dandelion/3512879565_88dd8fc269_n.jpg,flowers/dandelion/3512879565_88dd8fc269_n.jpg,dandelion,1.0,1.133,0.918,0.377,0.019,0.019,0.0
dataset/flowers/dandelion/3517492544_0fd3ed6a66_m.jpg,flowers/dandelion/3517492544_0fd3ed6a66_m.jpg,dandelion,1.0,1.219,0.869,0.332,0.02,0.0,0.0
dataset/flowers/dandelion/3518608454_c3fd3c311c_m.jpg,flowers/dandelion/3518608454_c3fd3c311c_m.jpg,dandelion,1.0,0.806,0.921,0.345,0.159,0.041,0.012
dataset/flowers/dandelion/3530500952_9f94fb8b9c_m.jpg,flowers/dandelion/3530500952_9f94fb8b9c_m.jpg,dandelion,1.0,1.447,0.708,0.227,0.073,0.018,0.0
dataset/flowers/dandelion/3554435478_1a7ab743e9_n.jpg,flowers/dandelion/3554435478_1a7ab743e9_n.jpg,dandelion,1.0,1.316,0.734,0.259,0.177,0.0,0.0
dataset/flowers/dandelion/3554992110_81d8c9b0bd_m.jpg,flowers/dandelion/3554992110_81d8c9b0bd_m.jpg,dandelion,1.0,1.409,0.785,0.259,0.027,0.028,0.0
dataset/flowers/dandelion/3580443099_9a6902ebd8_n.jpg,flowers/dandelion/3580443099_9a6902ebd8_n.jpg,dandelion,1.0,1.257,0.752,0.278,0.08,0.08,0.0
dataset/flowers/dandelion/3662701865_3ff283a33a_n.jpg,flowers/dandelion/3662701865_3ff283a33a_n.jpg,dandelion,1.0,1.0,0.639,0.297,0.063,0.0,0.047
dataset/flowers/dandelion/3664916269_29f07c7c7b.jpg,flowers/dandelion/3664916269_29f07c7c7b.jpg,dandelion,1.0,1.286,0.846,0.306,0.034,0.0,0.0
dataset/flowers/dandelion/3696596109_4c4419128a_m.jpg,flowers/dandelion/3696596109_4c4419128a_m.jpg,dandelion,1.0,1.032,1.032,0.465,0.009,0.027,0.0
dataset/flowers/dandelion/3730618647_5725c692c3_m.jpg,flowers/dandelion/3730618647_5725c692c3_m.jpg,dandelion,1.0,1.143,0.934,0.38,0.049,0.066,0.0
dataset/flowers/dandelion/3844111216_742ea491a0.jpg,flowers/dandelion/3844111216_742ea491a0.jpg,dandelion,1.0,0.857,0.769,0.306,0.103,0.0,0.0
dataset/flowers/dandelion/3856725141_0db85f466d_n.jpg,flowers/dandelion/3856725141_0db85f466d_n.jpg,dandelion,1.0,0.84,0.843,0.329,0.081,0.0,0.0
dataset/flowers/dandelion/3991962484_085ba2da94.jpg,flowers/dandelion/3991962484_085ba2da94.jpg,dandelion,1.0,1.269,0.844,0.309,0.101,0.0,0.0
dataset/flowers/dandelion/3998927705_af499a4f29.jpg,flowers/dandelion/3998927705_af499a4f29.jpg,dandelion,1.0,1.154,0.948,0.382,0.024,0.0,0.0
dataset/flowers/dandelion/4082856478_741a411ebb.jpg,flowers/dandelion/4082856478_741a411ebb.jpg,dandelion,1.0,1.0,0.935,0.434,0.067,0.0,0.0
dataset/flowers/dandelion/4134441089_c8c1e6132a.jpg,flowers/dandelion/4134441089_c8c1e6132a.jpg,dandelion,1.0,1.0,0.823,0.382,0.058,0.0,0.0
dataset/flowers/dandelion/4151883194_e45505934d_n.jpg,flowers/dandelion/4151883194_e45505934d_n.jpg,dandelion,1.0,1.338,0.969,0.337,0.066,0.109,0.0
dataset/flowers/dandelion/4254850910_0610224342_n.jpg,flowers/dandelion/4254850910_0610224342_n.jpg,dandelion,1.0,1.071,0.93,0.403,0.018,0.005,0.0
dataset/flowers/dandelion/4258272381_65bd4b8191_m.jpg,flowers/dandelion/4258272381_65bd4b8191_m.jpg,dandelion,1.0,1.0,0.722,0.336,0.028,0.04,0.0
dataset/flowers/dandelion/4275776457_d04b597cfa_n.jpg,flowers/dandelion/4275776457_d04b597cfa_n.jpg,dandelion,1.0,1.072,0.912,0.395,0.093,0.055,0.0
dataset/flowers/dandelion/4489359360_09db62f825.jpg,flowers/dandelion/4489359360_09db62f825.jpg,dandelion,1.0,1.185,0.606,0.238,0.146,0.105,0.0
dataset/flowers/dandelion/4510350093_3700064215.jpg,flowers/dandelion/4510350093_3700064215.jpg,dandelion,1.0,1.224,0.902,0.343,0.178,0.0,0.0
dataset/flowers/dandelion/451965300_619b781dc9_m.jpg,flowers/dandelion/451965300_619b781dc9_m.jpg,dandelion,1.0,1.05,0.881,0.39,0.019,0.048,0.0
dataset/flowers/dandelion/4550784336_584d7a65de_m.jpg,flowers/dandelion/4550784336_584d7a65de_m.jpg,dandelion,1.0,1.319,0.797,0.281,0.095,0.0,0.0
dataset/flowers/dandelion/4557781241_0060cbe723_n.jpg,flowers/dandelion/4557781241_0060cbe723_n.jpg,dandelion,1.0,0.796,0.771,0.285,0.052,0.043,0.0
dataset/flowers/dandelion/4558536575_d43a611bd4_n.jpg,flowers/dandelion/4558536575_d43a611bd4_n.jpg,dandelion,1.0,1.212,0.932,0.357,0.011,0.069,0.0
dataset/flowers/dandelion/4571681134_b605a61547_n.jpg,flowers/dandelion/4571681134_b605a61547_n.jpg,dandelion,1.0,1.258,0.916,0.338,0.06,0.082,0.0
dataset/flowers/dandelion/4572738670_4787a11058_n.jpg,flowers/dandelion/4572738670_4787a11058_n.jpg,dandelion,1.0,1.031,0.924,0.417,0.025,0.038,0.0
dataset/flowers/dandelion/4574451859_432c856b6e_n.jpg,flowers/dandelion/4574451859_432c856b6e_n.jpg,dandelion,1.0,1.135,0.957,0.392,0.095,0.078,0.0
dataset/flowers/dandelion/4607183665_3472643bc8.jpg,flowers/dandelion/4607183665_3472643bc8.jpg,dandelion,1.0,1.017,0.876,0.4,0.089,0.0,0.0
dataset/flowers/dandelion/4622115595_a0de9f2013_n.jpg,flowers/dandelion/4622115595_a0de9f2013_n.jpg,dandelion,1.0,1.071,0.939,0.407,0.029,0.0,0.0
dataset/flowers/dandelion/4632757134_40156d7d5b.jpg,flowers/dandelion/4632757134_40156d7d5b.jpg,dandelion,1.0,1.071,1.024,0.444,0.006,0.05,0.0
dataset/flowers/dandelion/4632761610_768360d425.jpg,flowers/dandelion/4632761610_768360d425.jpg,dandelion,1.0,1.244,0.966,0.361,0.02,0.11,0.0
dataset/flowers/dandelion/4632863567_5f9af7de97_n.jpg,flowers/dandelion/4632863567_5f9af7de97_n.jpg,dandelion,1.0,1.098,0.939,0.397,0.012,0.0,0.0
dataset/flowers/dandelion/4633323785_20676ff914_m.jpg,flowers/dandelion/4633323785_20676ff914_m.jpg,dandelion,1.0,1.159,0.945,0.379,0.065,0.0,0.0
dataset/flowers/dandelion/4638438929_2ec76083c8_m.jpg,flowers/dandelion/4638438929_2ec76083c8_m.jpg,dandelion,1.0,1.225,0.846,0.321,0.153,0.03,0.0
dataset/flowers/dandelion/4645101643_9c9d9df13e.jpg,flowers/dandelion/4645101643_9c9d9df13e.jpg,dandelion,1.0,1.061,0.913,0.4,0.042,0.056,0.0
dataset/flowers/dandelion/4645161319_c308fc31ef_n.jpg,flowers/dandelion/4645161319_c308fc31ef_n.jpg,dandelion,1.0,1.266,0.933,0.343,0.101,0.044,0.0
dataset/flowers/dandelion/4669006062_6b3d260037_n.jpg,flowers/dandelion/4669006062_6b3d260037_n.jpg,dandelion,1.0,0.969,0.95,0.428,0.029,0.025,0.0
dataset/flowers/dandelion/468749497_951c571eff_n.jpg,flowers/dandelion/468749497_951c571eff_n.jpg,dandelion,1.0,0.927,0.969,0.418,0.179,0.037,0.0
dataset/flowers/dandelion/4708723476_a1b476a373.jpg,flowers/dandelion/4708723476_a1b476a373.jpg,dandelion,1.0,0.875,0.776,0.316,0.112,0.0,0.0
dataset/flowers/dandelion/4721773235_429acdf496_n.jpg,flowers/dandelion/4721773235_429acdf496_n.jpg,dandelion,54.0,0.7,0.982,0.32,0.156,0.0,0.045
dataset/flowers/dandelion/477207005_6327db8393_m.jpg,flowers/dandelion/477207005_6327db8393_m.jpg,dandelion,1.0,1.077,0.796,0.343,0.031,0.044,0.0
dataset/flowers/dandelion/478851599_25bfd70605_n.jpg,flowers/dandelion/478851599_25bfd70605_n.jpg,dandelion,1.0,1.305,0.97,0.345,0.057,0.043,0.0
dataset/flowers/dandelion/4844697927_c70d644f40_n.jpg,flowers/dandelion/4844697927_c70d644f40_n.jpg,dandelion,1.0,1.111,0.772,0.323,0.053,0.036,0.0
dataset/flowers/dandelion/4862011506_4faf6d127e_n.jpg,flowers/dandelion/4862011506_4faf6d127e_n.jpg,dandelion,1.0,1.175,1.026,0.406,0.021,0.0,0.0
dataset/flowers/dandelion/494108764_e00178af6e.jpg,flowers/dandelion/494108764_e00178af6e.jpg,dandelion,1.0,0.806,0.77,0.288,0.13,0.0,0.0
dataset/flowers/dandelion/5003160931_cf8cbb846f.jpg,flowers/dandelion/5003160931_cf8cbb846f.jpg,dandelion,1.0,1.047,0.882,0.392,0.092,0.0,0.0
dataset/flowers/dandelion/501987276_744448580c_m.jpg,flowers/dandelion/501987276_744448580c_m.jpg,dandelion,1.0,1.096,0.786,0.333,0.009,0.066,0.0
dataset/flowers/dandelion/501987288_c69c4e0c90_m.jpg,flowers/dandelion/501987288_c69c4e0c90_m.jpg,dandelion,1.0,1.168,0.841,0.335,0.066,0.092,0.0
dataset/flowers/dandelion/5045509402_6e052ce443.jpg,flowers/dandelion/5045509402_6e052ce443.jpg,dandelion,1.0,1.083,0.888,0.381,0.156,0.083,0.0
dataset/flowers/dandelion/506659320_6fac46551e.jpg,flowers/dandelion/506659320_6fac46551e.jpg,dandelion,1.0,1.095,0.999,0.424,0.056,0.051,0.0
dataset/flowers/dandelion/510677438_73e4b91c95_m.jpg,flowers/dandelion/510677438_73e4b91c95_m.jpg,dandelion,1.0,1.0,0.971,0.451,0.016,0.035,0.0
dataset/flowers/dandelion/5109501167_2d9bbb0f27_m.jpg,flowers/dandelion/5109501167_2d9bbb0f27_m.jpg,dandelion,1.0,1.042,0.696,0.31,0.01,0.018,0.0
dataset/flowers/dandelion/5110102140_787d325757_n.jpg,flowers/dandelion/5110102140_787d325757_n.jpg,dandelion,1.0,1.259,0.629,0.232,0.09,0.098,0.001
dataset/flowers/dandelion/5110103388_78dc02558e_n.jpg,flowers/dandelion/5110103388_78dc02558e_n.jpg,dandelion,1.0,1.149,0.664,0.269,0.102,0.114,0.0
dataset/flowers/dandelion/5129135346_3fa8e804d8_n.jpg,flowers/dandelion/5129135346_3fa8e804d8_n.jpg,dandelion,1.0,0.947,0.857,0.377,0.132,0.01,0.0
dataset/flowers/dandelion/515143813_b3afb08bf9.jpg,flowers/dandelion/515143813_b3afb08bf9.jpg,dandelion,1.0,0.776,0.792,0.286,0.129,0.0,0.0
dataset/flowers/dandelion/5446666484_365f3be83a_n.jpg,flowers/dandelion/5446666484_365f3be83a_n.jpg,dandelion,1.0,0.73,0.754,0.256,0.116,0.0,0.0
dataset/flowers/dandelion/5596093561_09b0301136_n.jpg,flowers/dandelion/5596093561_09b0301136_n.jpg,dandelion,1.0,1.12,0.929,0.386,0.081,0.078,0.0
dataset/flowers/dandelion/5600240736_4a90c10579_n.jpg,flowers/dandelion/5600240736_4a90c10579_n.jpg,dandelion,1.0,1.087,0.855,0.365,0.05,0.076,0.0
dataset/flowers/dandelion/5605093210_5fecb71c61.jpg,flowers/dandelion/5605093210_5fecb71c61.jpg,dandelion,1.0,1.069,0.585,0.254,0.113,0.0,0.02
dataset/flowers/dandelion/5605502523_05acb00ae7_n.jpg,flowers/dandelion/5605502523_05acb00ae7_n.jpg,dandelion,1.0,1.125,0.926,0.383,0.054,0.0,0.0
dataset/flowers/dandelion/5607256228_2294c201b3.jpg,flowers/dandelion/5607256228_2294c201b3.jpg,dandelion,1.0,1.229,0.969,0.366,0.067,0.0,0.0
dataset/flowers/dandelion/5607669502_ccd2a76668_n.jpg,flowers/dandelion/5607669502_ccd2a76668_n.jpg,dandelion,1.0,0.786,0.708,0.259,0.036,0.0,0.0
dataset/flowers/dandelion/5628515159_6b437ff1e5_n.jpg,flowers/dandelion/5628515159_6b437ff1e5_n.jpg,dandelion,1.0,1.012,0.911,0.418,0.046,0.0,0.0
dataset/flowers/dandelion/5655177340_78fc36ce59_m.jpg,flowers/dandelion/5655177340_78fc36ce59_m.jpg,dandelion,1.0,0.989,0.934,0.429,0.009,0.0,0.0
dataset/flowers/dandelion/5675705011_82729927ca_n.jpg,flowers/dandelion/5675705011_82729927ca_n.jpg,dandelion,1.0,1.107,0.994,0.417,0.017,0.074,0.0
dataset/flowers/dandelion/5725836812_a7d1c5540d_m.jpg,flowers/dandelion/5725836812_a7d1c5540d_m.jpg,dandelion,1.0,1.208,1.222,0.47,0.017,0.034,0.0
dataset/flowers/dandelion/5744236092_de84b4e38d_n.jpg,flowers/dandelion/5744236092_de84b4e38d_n.jpg,dandelion,1.0,1.102,0.934,0.394,0.077,0.0,0.0
dataset/flowers/dandelion/5749815755_12f9214649_n.jpg,flowers/dandelion/5749815755_12f9214649_n.jpg,dandelion,1.0,1.146,1.015,0.412,0.018,0.091,0.0
dataset/flowers/dandelion/5760890854_c3e009bc8a_n.jpg,flowers/dandelion/5760890854_c3e009bc8a_n.jpg,dandelion,1.0,0.969,0.953,0.429,0.083,0.0,0.0
dataset/flowers/dandelion/5767676943_4f9c7323f3_n.jpg,flowers/dandelion/5767676943_4f9c7323f3_n.jpg,dandelion,1.0,1.35,0.625,0.215,0.099,0.0,0.0
dataset/flowers/dandelion/5776879272_95008399c3.jpg,flowers/dandelion/5776879272_95008399c3.jpg,dandelion,1.0,1.37,0.943,0.32,0.014,0.0,0.0
dataset/flowers/dandelion/5862288632_1df5eb6dd0.jpg,flowers/dandelion/5862288632_1df5eb6dd0.jpg,dandelion,1.0,1.064,0.825,0.36,0.085,0.014,0.0
dataset/flowers/dandelion/5875763050_82f32f2eed_m.jpg,flowers/dandelion/5875763050_82f32f2eed_m.jpg,dandelion,1.0,1.043,0.932,0.415,0.034,0.015,0.0
dataset/flowers/dandelion/5886830036_2b99899c95.jpg,flowers/dandelion/5886830036_2b99899c95.jpg,dandelion,1.0,1.037,0.896,0.402,0.111,0.0,0.0
dataset/flowers/dandelion/6012046444_fd80afb63a_n.jpg,flowers/dandelion/6012046444_fd80afb63a_n.jpg,dandelion,1.0,1.2,0.885,0.343,0.14,0.0,0.0
dataset/flowers/dandelion/6019234426_d25ea1230a_m.jpg,flowers/dandelion/6019234426_d25ea1230a_m.jpg,dandelion,1.0,1.008,1.063,0.49,0.065,0.078,0.0
dataset/flowers/dandelion/6044710875_0459796d1b_m.jpg,flowers/dandelion/6044710875_0459796d1b_m.jpg,dandelion,1.0,1.024,0.904,0.411,0.115,0.0,0.0
dataset/flowers/dandelion/6103898045_e066cdeedf_n.jpg,flowers/dandelion/6103898045_e066cdeedf_n.jpg,dandelion,1.0,1.054,0.887,0.391,0.136,0.0,0.0
dataset/flowers/dandelion/6104442744_ee2bcd32e7_n.jpg,flowers/dandelion/6104442744_ee2bcd32e7_n.jpg,dandelion,1.0,1.092,0.947,0.403,0.15,0.032,0.0
dataset/flowers/dandelion/61242541_a04395e6bc.jpg,flowers/dandelion/61242541_a04395e6bc.jpg,dandelion,1.0,1.04,0.939,0.419,0.126,0.0,0.0
dataset/flowers/dandelion/6132275522_ce46b33c33_m.jpg,flowers/dandelion/6132275522_ce46b33c33_m.jpg,dandelion,1.0,1.125,0.928,0.383,0.024,0.084,0.0
dataset/flowers/dandelion/6146107825_45f708ecd7_n.jpg,flowers/dandelion/6146107825_45f708ecd7_n.jpg,dandelion,1.0,1.393,0.844,0.281,0.122,0.026,0.0
dataset/flowers/dandelion/6208857436_14a65fe4af_n.jpg,flowers/dandelion/6208857436_14a65fe4af_n.jpg,dandelion,1.0,0.977,0.955,0.434,0.03,0.0,0.0
dataset/flowers/dandelion/6229634119_af5fec0a22.jpg,flowers/dandelion/6229634119_af5fec0a22.jpg,dandelion,1.0,0.851,0.837,0.331,0.082,0.0,0.002
dataset/flowers/dandelion/6400843175_ef07053f8f_m.jpg,flowers/dandelion/6400843175_ef07053f8f_m.jpg,dandelion,1.0,1.056,0.968,0.426,0.054,0.014,0.0
dataset/flowers/dandelion/6888894675_524a6accab_n.jpg,flowers/dandelion/6888894675_524a6accab_n.jpg,dandelion,1.0,0.732,0.695,0.237,0.146,0.035,0.0
dataset/flowers/dandelion/6953830582_8525e0423c_n.jpg,flowers/dandelion/6953830582_8525e0423c_n.jpg,dandelion,1.0,1.0,0.957,0.445,0.024,0.002,0.0
dataset/flowers/dandelion/6983113346_21551e1b52_n.jpg,flowers/dandelion/6983113346_21551e1b52_n.jpg,dandelion,1.0,1.207,0.801,0.308,0.074,0.048,0.0
dataset/flowers/dandelion/6983120596_8b9f084ac2_n.jpg,flowers/dandelion/6983120596_8b9f084ac2_n.jpg,dandelion,1.0,1.312,0.988,0.35,0.143,0.0,0.0
dataset/flowers/dandelion/6994925894_030e157fe0.jpg,flowers/dandelion/6994925894_030e157fe0.jpg,dandelion,1.0,0.901,0.883,0.37,0.161,0.006,0.0
dataset/flowers/dandelion/7015947703_11b30c20c9_n.jpg,flowers/dandelion/7015947703_11b30c20c9_n.jpg,dandelion,1.0,0.909,0.774,0.327,0.137,0.014,0.0
dataset/flowers/dandelion/7083589767_2859993846_n.jpg,flowers/dandelion/7083589767_2859993846_n.jpg,dandelion,1.0,1.0,1.268,0.589,0.006,0.024,0.0
dataset/flowers/dandelion/7116950607_49b19102ba_n.jpg,flowers/dandelion/7116950607_49b19102ba_n.jpg,dandelion,1.0,0.939,0.977,0.426,0.161,0.0,0.0
dataset/flowers/dandelion/7132482331_01769e36e9_n.jpg,flowers/dandelion/7132482331_01769e36e9_n.jpg,dandelion,1.0,1.02,0.91,0.415,0.023,0.037,0.0
dataset/flowers/dandelion/7132677385_bcbdcc6001.jpg,flowers/dandelion/7132677385_bcbdcc6001.jpg,dandelion,1.0,0.714,0.758,0.252,0.075,0.0,0.0
dataset/flowers/dandelion/7153497513_076486e26b_n.jpg,flowers/dandelion/7153497513_076486e26b_n.jpg,dandelion,1.0,1.258,0.747,0.276,0.18,0.0,0.0
dataset/flowers/dandelion/7179487220_56e4725195_m.jpg,flowers/dandelion/7179487220_56e4725195_m.jpg,dandelion,1.0,1.083,0.749,0.321,0.011,0.0,0.0
dataset/flowers/dandelion/7184780734_3baab127c2_m.jpg,flowers/dandelion/7184780734_3baab127c2_m.jpg,dandelion,1.0,1.412,0.638,0.21,0.02,0.004,0.0
dataset/flowers/dandelion/7188112181_571434b058_n.jpg,flowers/dandelion/7188112181_571434b058_n.jpg,dandelion,1.0,1.077,0.965,0.416,0.065,0.03,0.0
dataset/flowers/dandelion/7193058132_36fd883048_m.jpg,flowers/dandelion/7193058132_36fd883048_m.jpg,dandelion,1.0,0.894,0.748,0.311,0.094,0.048,0.0
dataset/flowers/dandelion/7196683612_6c4cf05b24.jpg,flowers/dandelion/7196683612_6c4cf05b24.jpg,dandelion,1.0,1.259,0.963,0.356,0.079,0.021,0.0
dataset/flowers/dandelion/7243174412_d3628e4cc4_m.jpg,flowers/dandelion/7243174412_d3628e4cc4_m.jpg,dandelion,1.0,0.861,0.871,0.349,0.09,0.051,0.0
dataset/flowers/dandelion/7243478942_30bf542a2d_m.jpg,flowers/dandelion/7243478942_30bf542a2d_m.jpg,dandelion,1.0,1.081,0.944,0.406,0.046,0.021,0.0
dataset/flowers/dandelion/7249354462_21925f7d95_n.jpg,flowers/dandelion/7249354462_21925f7d95_n.jpg,dandelion,1.0,1.027,0.98,0.443,0.031,0.0,0.0
dataset/flowers/dandelion/7291185504_b740bbeba4_m.jpg,flowers/dandelion/7291185504_b740bbeba4_m.jpg,dandelion,1.0,1.048,0.956,0.424,0.097,0.0,0.0
dataset/flowers/dandelion/7295618968_c08a326cc1_m.jpg,flowers/dandelion/7295618968_c08a326cc1_m.jpg,dandelion,1.0,1.086,0.829,0.355,0.018,0.0,0.0
dataset/flowers/dandelion/7308600792_27cff2f73f.jpg,flowers/dandelion/7308600792_27cff2f73f.jpg,dandelion,1.0,1.15,0.964,0.39,0.084,0.0,0.0
dataset/flowers/dandelion/7315832212_b0ceeb8de8_n.jpg,flowers/dandelion/7315832212_b0ceeb8de8_n.jpg,dandelion,1.0,1.0,0.951,0.442,0.056,0.029,0.0
dataset/flowers/dandelion/7355522_b66e5d3078_m.jpg,flowers/dandelion/7355522_b66e5d3078_m.jpg,dandelion,1.0,1.024,0.887,0.402,0.033,0.05,0.0
dataset/flowers/dandelion/7367491658_9eb4dc2384_m.jpg,flowers/dandelion/7367491658_9eb4dc2384_m.jpg,dandelion,1.0,1.0,0.788,0.366,0.066,0.0,0.003
dataset/flowers/dandelion/7368435774_0045b9dc4e.jpg,flowers/dandelion/7368435774_0045b9dc4e.jpg,dandelion,1.0,0.781,0.858,0.311,0.075,0.0,0.0
dataset/flowers/dandelion/7465850028_cdfaae235a_n.jpg,flowers/dandelion/7465850028_cdfaae235a_n.jpg,dandelion,1.0,1.043,0.901,0.401,0.027,0.0,0.0
dataset/flowers/dandelion/751941983_58e1ae3957_m.jpg,flowers/dandelion/751941983_58e1ae3957_m.jpg,dandelion,1.0,1.113,0.892,0.372,0.024,0.068,0.0
dataset/flowers/dandelion/7808430998_31ba639031_n.jpg,flowers/dandelion/7808430998_31ba639031_n.jpg,dandelion,1.0,1.048,0.972,0.431,0.02,0.04,0.0
dataset/flowers/dandelion/7998106328_c3953f70e9_n.jpg,flowers/dandelion/7998106328_c3953f70e9_n.jpg,dandelion,1.0,1.265,0.606,0.223,0.101,0.0,0.0
dataset/flowers/dandelion/8011324555_375b7b5b0a.jpg,flowers/dandelion/8011324555_375b7b5b0a.jpg,dandelion,1.0,1.318,0.998,0.352,0.025,0.0,0.0
dataset/flowers/dandelion/80846315_d997645bea_n.jpg,flowers/dandelion/80846315_d997645bea_n.jpg,dandelion,1.0,0.757,0.88,0.31,0.051,0.0,0.0
dataset/flowers/dandelion/854593001_c57939125f_n.jpg,flowers/dandelion/854593001_c57939125f_n.jpg,dandelion,1.0,1.0,0.94,0.437,0.063,0.008,0.0
dataset/flowers/dandelion/8681388520_c697dee897_n.jpg,flowers/dandelion/8681388520_c697dee897_n.jpg,dandelion,1.0,1.167,0.966,0.385,0.12,0.044,0.0
dataset/flowers/dandelion/8684925862_d736e153bf_n.jpg,flowers/dandelion/8684925862_d736e153bf_n.jpg,dandelion,1.0,1.212,0.898,0.344,0.076,0.0,0.0
dataset/flowers/dandelion/8689302100_be76a16ccc_n.jpg,flowers/dandelion/8689302100_be76a16ccc_n.jpg,dandelion,1.0,1.152,0.93,0.375,0.105,0.07,0.0
dataset/flowers/dandelion/8689302980_9bd2f7b9fe_n.jpg,flowers/dandelion/8689302980_9bd2f7b9fe_n.jpg,dandelion,1.0,1.211,0.936,0.359,0.112,0.083,0.0
dataset/flowers/dandelion/8717787983_c83bdf39fe_n.jpg,flowers/dandelion/8717787983_c83bdf39fe_n.jpg,dandelion,1.0,0.925,0.889,0.382,0.017,0.0,0.0
dataset/flowers/dandelion/8719388716_1a392c4c0e_n.jpg,flowers/dandelion/8719388716_1a392c4c0e_n.jpg,dandelion,1.0,1.111,0.863,0.361,0.15,0.026,0.0
dataset/flowers/dandelion/8720503800_cab5c62a34.jpg,flowers/dandelion/8720503800_cab5c62a34.jpg,dandelion,1.0,0.848,0.783,0.308,0.124,0.0,0.0
dataset/flowers/dandelion/8723679596_391a724d4f_m.jpg,flowers/dandelion/8723679596_391a724d4f_m.jpg,dandelion,1.0,1.016,0.82,0.375,0.027,0.04,0.0
dataset/flowers/dandelion/8733226215_161309f8ec.jpg,flowers/dandelion/8733226215_161309f8ec.jpg,dandelion,1.0,1.042,0.907,0.405,0.112,0.04,0.0
dataset/flowers/dandelion/8740218495_23858355d8_n.jpg,flowers/dandelion/8740218495_23858355d8_n.jpg,dandelion,1.0,1.25,0.998,0.371,0.128,0.107,0.0
dataset/flowers/dandelion/8740787470_67230d0609.jpg,flowers/dandelion/8740787470_67230d0609.jpg,dandelion,1.0,1.204,0.835,0.322,0.173,0.0,0.0
dataset/flowers/dandelion/8756906129_b05a1b26f2.jpg,flowers/dandelion/8756906129_b05a1b26f2.jpg,dandelion,1.0,1.181,1.008,0.397,0.141,0.034,0.0
dataset/flowers/dandelion/8759118120_9eac064e38_n.jpg,flowers/dandelion/8759118120_9eac064e38_n.jpg,dandelion,1.0,0.99,0.889,0.409,0.028,0.041,0.0
dataset/flowers/dandelion/8780964418_7a01a7f48a_n.jpg,flowers/dandelion/8780964418_7a01a7f48a_n.jpg,dandelion,1.0,1.311,0.962,0.341,0.06,0.112,0.0
dataset/flowers/dandelion/8797114213_103535743c_m.jpg,flowers/dandelion/8797114213_103535743c_m.jpg,dandelion,1.0,1.063,0.849,0.371,0.097,0.0,0.0
dataset/flowers/dandelion/8805314187_1aed702082_n.jpg,flowers/dandelion/8805314187_1aed702082_n.jpg,dandelion,1.0,1.41,0.83,0.274,0.078,0.102,0.0
dataset/flowers/dandelion/8831808134_315aedb37b.jpg,flowers/dandelion/8831808134_315aedb37b.jpg,dandelion,1.0,1.021,0.952,0.433,0.166,0.0,0.0
dataset/flowers/dandelion/8842317179_d59cf218cb_n.jpg,flowers/dandelion/8842317179_d59cf218cb_n.jpg,dandelion,1.0,0.731,0.875,0.297,0.066,0.0,0.0
dataset/flowers/dandelion/8842482175_92a14b4934_m.jpg,flowers/dandelion/8842482175_92a14b4934_m.jpg,dandelion,1.0,1.018,0.94,0.429,0.063,0.011,0.0
dataset/flowers/dandelion/8880158802_6e10a452c7_m.jpg,flowers/dandelion/8880158802_6e10a452c7_m.jpg,dandelion,1.0,1.043,0.948,0.423,0.017,0.012,0.0
dataset/flowers/dandelion/8935456132_8dc4d3b679_n.jpg,flowers/dandelion/8935456132_8dc4d3b679_n.jpg,dandelion,1.0,1.18,0.973,0.383,0.138,0.032,0.0
dataset/flowers/dandelion/8935477500_89f22cca03_n.jpg,flowers/dandelion/8935477500_89f22cca03_n.jpg,dandelion,1.0,1.189,0.809,0.316,0.064,0.081,0.0
dataset/flowers/dandelion/8979062599_86cac547b8.jpg,flowers/dandelion/8979062599_86cac547b8.jpg,dandelion,1.0,1.202,1.023,0.395,0.141,0.103,0.0
dataset/flowers/dandelion/8979087213_28f572174c.jpg,flowers/dandelion/8979087213_28f572174c.jpg,dandelion,1.0,1.244,0.998,0.373,0.062,0.118,0.0
dataset/flowers/dandelion/8980460785_b5e6842e59_n.jpg,flowers/dandelion/8980460785_b5e6842e59_n.jpg,dandelion,1.0,1.049,0.953,0.422,0.092,0.045,0.0
dataset/flowers/dandelion/8981828144_4b66b4edb6_n.jpg,flowers/dandelion/8981828144_4b66b4edb6_n.jpg,dandelion,1.0,1.204,1.021,0.394,0.068,0.0,0.0
dataset/flowers/dandelion/9010116368_2f51f1e086_n.jpg,flowers/dandelion/9010116368_2f51f1e086_n.jpg,dandelion,1.0,1.176,0.993,0.392,0.053,0.0,0.0
dataset/flowers/dandelion/9029297232_de50698e2f_n.jpg,flowers/dandelion/9029297232_de50698e2f_n.jpg,dandelion,1.0,1.082,0.989,0.424,0.005,0.003,0.0
dataset/flowers/dandelion/9029756865_db8891807a_n.jpg,flowers/dandelion/9029756865_db8891807a_n.jpg,dandelion,1.0,1.125,1.005,0.415,0.022,0.073,0.0
dataset/flowers/dandelion/9188647508_3b56e62f69.jpg,flowers/dandelion/9188647508_3b56e62f69.jpg,dandelion,1.0,1.309,0.902,0.32,0.006,0.114,0.0
dataset/flowers/dandelion/9200211647_be34ce978b.jpg,flowers/dandelion/9200211647_be34ce978b.jpg,dandelion,1.0,1.139,0.959,0.391,0.071,0.054,0.0
dataset/flowers/dandelion/921252114_91e334b950.jpg,flowers/dandelion/921252114_91e334b950.jpg,dandelion,1.0,0.977,0.633,0.288,0.154,0.026,0.004
dataset/flowers/dandelion/9293460423_7fbb1e3c32_n.jpg,flowers/dandelion/9293460423_7fbb1e3c32_n.jpg,dandelion,1.0,1.091,0.95,0.405,0.118,0.051,0.0
dataset/flowers/dandelion/9301891790_971dcfb35d_m.jpg,flowers/dandelion/9301891790_971dcfb35d_m.jpg,dandelion,1.0,0.981,0.868,0.396,0.033,0.003,0.0
dataset/flowers/dandelion/9517326597_5d116a0166.jpg,flowers/dandelion/9517326597_5d116a0166.jpg,dandelion,1.0,1.111,0.87,0.364,0.113,0.054,0.0
dataset/flowers/dandelion/9595369280_dd88b61814.jpg,flowers/dandelion/9595369280_dd88b61814.jpg,dandelion,1.0,1.048,0.975,0.433,0.099,0.059,0.0
dataset/flowers/dandelion/9613826015_f345354874.jpg,flowers/dandelion/9613826015_f345354874.jpg,dandelion,1.0,0.815,0.735,0.278,0.05,0.047,0.0
dataset/flowers/dandelion/9617087594_ec2a9b16f6.jpg,flowers/dandelion/9617087594_ec2a9b16f6.jpg,dandelion,1.0,0.912,0.765,0.324,0.077,0.0,0.0
dataset/flowers/dandelion/9719816995_8f211abf02_n.jpg,flowers/dandelion/9719816995_8f211abf02_n.jpg,dandelion,1.0,1.114,0.99,0.413,0.157,0.0,0.0
dataset/flowers/dandelion/9759608055_9ab623d193.jpg,flowers/dandelion/9759608055_9ab623d193.jpg,dandelion,1.0,1.362,0.868,0.296,0.02,0.077,0.0
dataset/flowers/dandelion/9853885425_4a82356f1d_m.jpg,flowers/dandelion/9853885425_4a82356f1d_m.jpg,dandelion,1.0,1.016,0.944,0.432,0.007,0.026,0.0
dataset/flowers/dandelion/9939430464_5f5861ebab.jpg,flowers/dandelion/9939430464_5f5861ebab.jpg,dandelion,1.0,1.286,0.752,0.272,0.1,0.046,0.0
dataset/flowers/dandelion/9965757055_ff01b5ee6f_n.jpg,flowers/dandelion/9965757055_ff01b5ee6f_n.jpg,dandelion,1.0,1.029,0.892,0.403,0.044,0.0,0.0
dataset/flowers/rose/11944957684_2cc806276e.jpg,flowers/rose/11944957684_2cc806276e.jpg,rose,1.0,1.242,0.815,0.305,0.179,0.074,0.0
dataset/flowers/rose/12165480946_c4a3fe182d_n.jpg,flowers/rose/12165480946_c4a3fe182d_n.jpg,rose,1.0,0.868,1.006,0.406,0.103,0.0,0.0
dataset/flowers/rose/12202373204_34fb07205b.jpg,flowers/rose/12202373204_34fb07205b.jpg,rose,1.0,1.072,0.9,0.39,0.14,0.042,0.0
dataset/flowers/rose/12406229175_82e2ac649c_n.jpg,flowers/rose/12406229175_82e2ac649c_n.jpg,rose,1.0,1.288,0.692,0.25,0.134,0.069,0.0
dataset/flowers/rose/12407768513_3440238148_n.jpg,flowers/rose/12407768513_3440238148_n.jpg,rose,1.0,1.301,0.755,0.269,0.13,0.068,0.0
dataset/flowers/rose/14001990976_bd2da42dbc.jpg,flowers/rose/14001990976_bd2da42dbc.jpg,rose,1.0,1.036,0.917,0.411,0.061,0.047,0.0
dataset/flowers/rose/1402130395_0b89d76029.jpg,flowers/rose/1402130395_0b89d76029.jpg,rose,1.0,1.382,0.893,0.3,0.162,0.111,0.0
dataset/flowers/rose/14145188939_b4de638bd3_n.jpg,flowers/rose/14145188939_b4de638bd3_n.jpg,rose,1.0,0.898,0.747,0.312,0.044,0.03,0.0
dataset/flowers/rose/14154164774_3b39d36778.jpg,flowers/rose/14154164774_3b39d36778.jpg,rose,1.0,1.043,0.666,0.297,0.046,0.0,0.0
dataset/flowers/rose/14267691818_301aceda07.jpg,flowers/rose/14267691818_301aceda07.jpg,rose,1.0,0.935,0.867,0.377,0.154,0.0,0.0
dataset/flowers/rose/14414117598_cf70df30de.jpg,flowers/rose/14414117598_cf70df30de.jpg,rose,1.0,1.318,0.81,0.286,0.122,0.0,0.0
dataset/flowers/rose/14510185271_b5d75dd98e_n.jpg,flowers/rose/14510185271_b5d75dd98e_n.jpg,rose,1.0,1.181,0.837,0.329,0.09,0.06,0.0
dataset/flowers/rose/14687731322_5613f76353.jpg,flowers/rose/14687731322_5613f76353.jpg,rose,1.0,1.222,0.782,0.297,0.084,0.05,0.0
dataset/flowers/rose/14747962886_2bff6bb323_m.jpg,flowers/rose/14747962886_2bff6bb323_m.jpg,rose,1.0,1.13,0.663,0.272,0.162,0.0,0.0
dataset/flowers/rose/1485142251_ca89254442.jpg,flowers/rose/1485142251_ca89254442.jpg,rose,1.0,1.012,0.879,0.404,0.014,0.0,0.0
dataset/flowers/rose/14943194730_f48b4d4547_n.jpg,flowers/rose/14943194730_f48b4d4547_n.jpg,rose,1.0,0.794,0.842,0.311,0.069,0.0,0.0
dataset/flowers/rose/15011625580_7974c44bce.jpg,flowers/rose/15011625580_7974c44bce.jpg,rose,1.0,1.176,0.855,0.338,0.051,0.0,0.021
dataset/flowers/rose/15094168139_8f636ffa1d_n.jpg,flowers/rose/15094168139_8f636ffa1d_n.jpg,rose,1.0,0.929,0.825,0.356,0.112,0.032,0.0
dataset/flowers/rose/15184419268_7230e9728e.jpg,flowers/rose/15184419268_7230e9728e.jpg,rose,1.0,1.227,0.936,0.355,0.064,0.067,0.0
dataset/flowers/rose/15190665092_5c1c37a066_m.jpg,flowers/rose/15190665092_5c1c37a066_m.jpg,rose,1.0,0.898,0.727,0.303,0.076,0.066,0.0
dataset/flowers/rose/15274443248_76b9f3eb24.jpg,flowers/rose/15274443248_76b9f3eb24.jpg,rose,1.0,1.318,1.032,0.364,0.05,0.0,0.0
dataset/flowers/rose/15277801151_5ed88f40f0_n.jpg,flowers/rose/15277801151_5ed88f40f0_n.jpg,rose,1.0,0.988,0.945,0.434,0.07,0.0,0.0
dataset/flowers/rose/1540738662_7b4152e344_m.jpg,flowers/rose/1540738662_7b4152e344_m.jpg,rose,1.0,0.828,0.918,0.353,0.123,0.0,0.0
dataset/flowers/rose/15424480096_45bb574b33.jpg,flowers/rose/15424480096_45bb574b33.jpg,rose,1.0,1.18,0.782,0.308,0.142,0.0,0.0
dataset/flowers/rose/15498482197_8878cdfb07_n.jpg,flowers/rose/15498482197_8878cdfb07_n.jpg,rose,1.0,1.256,0.964,0.357,0.047,0.104,0.0
dataset/flowers/rose/15509799653_0562d4a4fa.jpg,flowers/rose/15509799653_0562d4a4fa.jpg,rose,1.0,1.093,1.017,0.433,0.033,0.0,0.0
dataset/flowers/rose/1562198683_8cd8cb5876_n.jpg,flowers/rose/1562198683_8cd8cb5876_n.jpg,rose,1.0,1.189,0.932,0.364,0.066,0.061,0.0
dataset/flowers/rose/15681454551_b6f73ce443_n.jpg,flowers/rose/15681454551_b6f73ce443_n.jpg,rose,1.0,1.225,0.835,0.317,0.089,0.066,0.0
dataset/flowers/rose/15697872479_ed48e9dd73_n.jpg,flowers/rose/15697872479_ed48e9dd73_n.jpg,rose,1.0,1.099,0.711,0.301,0.147,0.085,0.0
dataset/flowers/rose/15901230359_1819e96b89_n.jpg,flowers/rose/15901230359_1819e96b89_n.jpg,rose,1.0,1.197,0.951,0.369,0.101,0.061,0.0
dataset/flowers/rose/15965652160_de91389965_m.jpg,flowers/rose/15965652160_de91389965_m.jpg,rose,1.0,1.266,0.933,0.343,0.01,0.0,0.0
dataset/flowers/rose/15977362155_461030c196_m.jpg,flowers/rose/15977362155_461030c196_m.jpg,rose,1.0,0.989,0.81,0.372,0.109,0.0,0.002
dataset/flowers/rose/15999816377_4b95e0b538_n.jpg,flowers/rose/15999816377_4b95e0b538_n.jpg,rose,1.0,1.011,0.82,0.377,0.023,0.0,0.0
dataset/flowers/rose/16051111039_0f0626a241_n.jpg,flowers/rose/16051111039_0f0626a241_n.jpg,rose,1.0,1.11,0.739,0.309,0.077,0.051,0.0
dataset/flowers/rose/160954292_6c2b4fda65_n.jpg,flowers/rose/160954292_6c2b4fda65_n.jpg,rose,1.0,1.0,0.926,0.43,0.157,0.0,0.0
dataset/flowers/rose/16152205512_9d6cb80fb6.jpg,flowers/rose/16152205512_9d6cb80fb6.jpg,rose,1.0,1.219,0.971,0.37,0.125,0.062,0.0
dataset/flowers/rose/16643944275_3cd4cd966c.jpg,flowers/rose/16643944275_3cd4cd966c.jpg,rose,1.0,1.181,0.876,0.345,0.034,0.092,0.0
dataset/flowers/rose/17040847367_b54d05bf52.jpg,flowers/rose/17040847367_b54d05bf52.jpg,rose,1.0,1.111,0.874,0.366,0.109,0.015,0.0
dataset/flowers/rose/17090993740_fcc8b60b81.jpg,flowers/rose/17090993740_fcc8b60b81.jpg,rose,1.0,0.744,0.865,0.299,0.033,0.0,0.0
dataset/flowers/rose/17158274118_00ec99a23c.jpg,flowers/rose/17158274118_00ec99a23c.jpg,rose,1.0,0.774,0.966,0.347,0.075,0.077,0.0
dataset/flowers/rose/1756973583_4aac7df00d_m.jpg,flowers/rose/1756973583_4aac7df00d_m.jpg,rose,1.0,1.09,0.875,0.373,0.119,0.047,0.0
dataset/flowers/rose/1788484468_f73afa6c32_n.jpg,flowers/rose/1788484468_f73afa6c32_n.jpg,rose,1.0,0.952,0.779,0.345,0.152,0.0,0.015
dataset/flowers/rose/17990320484_93bba345d2_m.jpg,flowers/rose/17990320484_93bba345d2_m.jpg,rose,1.0,0.919,0.908,0.388,0.04,0.055,0.0
dataset/flowers/rose/1831404161_d2df86fd70.jpg,flowers/rose/1831404161_d2df86fd70.jpg,rose,1.0,1.312,0.903,0.32,0.089,0.114,0.0
dataset/flowers/rose/18464080946_a624ce6376_n.jpg,flowers/rose/18464080946_a624ce6376_n.jpg,rose,1.0,1.008,0.8,0.369,0.063,0.051,0.0
dataset/flowers/rose/18584002386_cec0df537d_n.jpg,flowers/rose/18584002386_cec0df537d_n.jpg,rose,1.0,0.983,0.882,0.403,0.07,0.0,0.0
dataset/flowers/rose/19988406792_68201f76e3_n.jpg,flowers/rose/19988406792_68201f76e3_n.jpg,rose,0.839,1.085,0.931,0.399,0.104,0.0,0.0
dataset/flowers/rose/20409866779_ac473f55e0_m.jpg,flowers/rose/20409866779_ac473f55e0_m.jpg,rose,1.0,1.0,1.108,0.515,0.027,0.045,0.0
dataset/flowers/rose/20622485918_90fc000c86_n.jpg,flowers/rose/20622485918_90fc000c86_n.jpg,rose,1.0,1.117,0.847,0.353,0.149,0.0,0.0
dataset/flowers/rose/2065522422_cfdd80044a_n.jpg,flowers/rose/2065522422_cfdd80044a_n.jpg,rose,1.0,0.88,0.76,0.311,0.021,0.002,0.0
dataset/flowers/rose/20825078671_90b0389c70_m.jpg,flowers/rose/20825078671_90b0389c70_m.jpg,rose,1.0,0.992,0.82,0.378,0.007,0.025,0.0
dataset/flowers/rose/2141413229_3f0425f972_n.jpg,flowers/rose/2141413229_3f0425f972_n.jpg,rose,1.0,1.163,0.763,0.305,0.077,0.103,0.0
dataset/flowers/rose/22093190909_77223e6f53_n.jpg,flowers/rose/22093190909_77223e6f53_n.jpg,rose,1.0,1.202,0.8,0.309,0.024,0.112,0.0
dataset/flowers/rose/2215318403_06eb99176a.jpg,flowers/rose/2215318403_06eb99176a.jpg,rose,1.0,1.181,0.928,0.365,0.163,0.099,0.0
dataset/flowers/rose/22325299158_6e32e599f8_m.jpg,flowers/rose/22325299158_6e32e599f8_m.jpg,rose,1.0,0.931,0.834,0.361,0.057,0.0,0.0
dataset/flowers/rose/2258973326_03c0145f15_n.jpg,flowers/rose/2258973326_03c0145f15_n.jpg,rose,1.0,1.126,0.727,0.3,0.065,0.069,0.0
dataset/flowers/rose/2273917656_6d6c038283.jpg,flowers/rose/2273917656_6d6c038283.jpg,rose,1.0,1.343,0.807,0.279,0.137,0.076,0.0
dataset/flowers/rose/2414954629_3708a1a04d.jpg,flowers/rose/2414954629_3708a1a04d.jpg,rose,1.0,1.247,0.841,0.313,0.16,0.1,0.0
dataset/flowers/rose/2423565102_2f1a00bb1b_n.jpg,flowers/rose/2423565102_2f1a00bb1b_n.jpg,rose,1.0,1.0,0.922,0.428,0.075,0.004,0.0
dataset/flowers/rose/2491600761_7e9d6776e8_m.jpg,flowers/rose/2491600761_7e9d6776e8_m.jpg,rose,1.0,1.112,0.81,0.338,0.022,0.031,0.0
dataset/flowers/rose/2501297526_cbd66a3f7e_m.jpg,flowers/rose/2501297526_cbd66a3f7e_m.jpg,rose,1.0,0.86,0.903,0.361,0.025,0.0,0.0
dataset/flowers/rose/2535466143_5823e48b63.jpg,flowers/rose/2535466143_5823e48b63.jpg,rose,1.0,0.963,0.846,0.379,0.119,0.021,0.0
dataset/flowers/rose/2713683760_d98cd2a05b_m.jpg,flowers/rose/2713683760_d98cd2a05b_m.jpg,rose,1.0,0.972,0.742,0.335,0.11,0.045,0.0
dataset/flowers/rose/2735666555_01d53e74fe.jpg,flowers/rose/2735666555_01d53e74fe.jpg,rose,1.0,1.254,0.853,0.316,0.045,0.032,0.0
dataset/flowers/rose/2777518561_105abc8cfc_n.jpg,flowers/rose/2777518561_105abc8cfc_n.jpg,rose,1.0,1.273,0.868,0.317,0.111,0.107,0.0
dataset/flowers/rose/2949945463_366bc63079_n.jpg,flowers/rose/2949945463_366bc63079_n.jpg,rose,1.0,1.219,1.147,0.437,0.024,0.102,0.0
dataset/flowers/rose/2960709681_e95940c0f0_n.jpg,flowers/rose/2960709681_e95940c0f0_n.jpg,rose,1.0,1.157,0.993,0.399,0.106,0.0,0.0
dataset/flowers/rose/3026375835_a20ecdd140_m.jpg,flowers/rose/3026375835_a20ecdd140_m.jpg,rose,1.0,1.25,0.905,0.336,0.117,0.068,0.0
dataset/flowers/rose/3407482427_49d5c75291_m.jpg,flowers/rose/3407482427_49d5c75291_m.jpg,rose,1.0,0.969,0.921,0.415,0.027,0.042,0.0
dataset/flowers/rose/3451177763_729a4d54af_n.jpg,flowers/rose/3451177763_729a4d54af_n.jpg,rose,1.0,0.966,0.883,0.397,0.026,0.0,0.0
dataset/flowers/rose/3475572132_01ae28e834_n.jpg,flowers/rose/3475572132_01ae28e834_n.jpg,rose,1.0,1.239,0.868,0.325,0.032,0.009,0.0
dataset/flowers/rose/3500121696_5b6a69effb_n.jpg,flowers/rose/3500121696_5b6a69effb_n.jpg,rose,1.0,1.092,0.773,0.329,0.084,0.055,0.0
dataset/flowers/rose/3526860692_4c551191b1_m.jpg,flowers/rose/3526860692_4c551191b1_m.jpg,rose,1.0,0.978,0.75,0.341,0.071,0.0,0.0
dataset/flowers/rose/3554620445_082dd0bec4_n.jpg,flowers/rose/3554620445_082dd0bec4_n.jpg,rose,1.0,0.912,0.931,0.395,0.121,0.0,0.0
dataset/flowers/rose/3556123230_936bf084a5_n.jpg,flowers/rose/3556123230_936bf084a5_n.jpg,rose,1.0,1.186,0.851,0.333,0.161,0.05,0.0
dataset/flowers/rose/3624546109_8eb98f0cdb.jpg,flowers/rose/3624546109_8eb98f0cdb.jpg,rose,1.0,1.1,0.708,0.299,0.066,0.0,0.0
dataset/flowers/rose/3661675690_ed2d05fa5f_n.jpg,flowers/rose/3661675690_ed2d05fa5f_n.jpg,rose,1.0,1.184,0.717,0.281,0.061,0.096,0.0
dataset/flowers/rose/3663244576_97f595cf4a.jpg,flowers/rose/3663244576_97f595cf4a.jpg,rose,1.0,1.298,0.868,0.311,0.054,0.107,0.0
dataset/flowers/rose/3751835302_d5a03f55e8_n.jpg,flowers/rose/3751835302_d5a03f55e8_n.jpg,rose,1.0,1.222,0.735,0.28,0.162,0.009,0.0
dataset/flowers/rose/3753920123_c7ebc18ee3.jpg,flowers/rose/3753920123_c7ebc18ee3.jpg,rose,1.0,1.12,0.949,0.394,0.08,0.07,0.0
dataset/flowers/rose/3903276582_fe05bf84c7_n.jpg,flowers/rose/3903276582_fe05bf84c7_n.jpg,rose,1.0,1.16,0.725,0.29,0.09,0.065,0.004
dataset/flowers/rose/3909587261_f8cd3e7fe7.jpg,flowers/rose/3909587261_f8cd3e7fe7.jpg,rose,1.0,1.107,0.824,0.346,0.099,0.1,0.0
dataset/flowers/rose/4396642388_3081a38875_n.jpg,flowers/rose/4396642388_3081a38875_n.jpg,rose,1.0,1.167,1.033,0.411,0.089,0.104,0.0
dataset/flowers/rose/4495885281_fe2a3b671d.jpg,flowers/rose/4495885281_fe2a3b671d.jpg,rose,1.0,1.024,0.837,0.38,0.037,0.026,0.0
dataset/flowers/rose/4504220673_af754fcb40_n.jpg,flowers/rose/4504220673_af754fcb40_n.jpg,rose,1.0,1.059,0.953,0.418,0.103,0.0,0.0
dataset/flowers/rose/4504731519_9a260b6607_n.jpg,flowers/rose/4504731519_9a260b6607_n.jpg,rose,1.0,1.042,0.826,0.368,0.029,0.053,0.0
dataset/flowers/rose/4588034197_e300b0872a_n.jpg,flowers/rose/4588034197_e300b0872a_n.jpg,rose,1.0,1.159,0.849,0.341,0.044,0.094,0.0
dataset/flowers/rose/4608559939_3487bf3b62_n.jpg,flowers/rose/4608559939_3487bf3b62_n.jpg,rose,1.0,1.184,0.843,0.331,0.022,0.082,0.0
dataset/flowers/rose/4609166128_b7ed49b40b_m.jpg,flowers/rose/4609166128_b7ed49b40b_m.jpg,rose,1.0,1.183,0.843,0.331,0.024,0.03,0.0
dataset/flowers/rose/4609168052_3d4e1d3804_n.jpg,flowers/rose/4609168052_3d4e1d3804_n.jpg,rose,1.0,1.179,0.849,0.335,0.017,0.07,0.0
dataset/flowers/rose/4654893119_45d232016b.jpg,flowers/rose/4654893119_45d232016b.jpg,rose,1.0,0.735,0.777,0.265,0.124,0.0,0.0
dataset/flowers/rose/4702438868_278b9cf41c_n.jpg,flowers/rose/4702438868_278b9cf41c_n.jpg,rose,1.0,1.062,0.923,0.404,0.151,0.0,0.0
dataset/flowers/rose/4764674741_82b8f93359_n.jpg,flowers/rose/4764674741_82b8f93359_n.jpg,rose,1.0,0.93,0.805,0.348,0.043,0.0,0.0
dataset/flowers/rose/4797595918_79887b1229_n.jpg,flowers/rose/4797595918_79887b1229_n.jpg,rose,1.0,1.277,0.747,0.272,0.09,0.12,0.0
dataset/flowers/rose/4809566219_88f9a1aea3.jpg,flowers/rose/4809566219_88f9a1aea3.jpg,rose,1.0,1.229,0.762,0.288,0.063,0.101,0.0
dataset/flowers/rose/4900231976_f8ced2b42a_n.jpg,flowers/rose/4900231976_f8ced2b42a_n.jpg,rose,1.0,1.184,0.98,0.385,0.079,0.058,0.0
dataset/flowers/rose/4910094611_8c7170fc95_n.jpg,flowers/rose/4910094611_8c7170fc95_n.jpg,rose,1.0,1.0,0.857,0.398,0.158,0.0,0.0
dataset/flowers/rose/4918137796_21f0922b0c_n.jpg,flowers/rose/4918137796_21f0922b0c_n.jpg,rose,1.0,1.177,0.886,0.35,0.09,0.112,0.0
dataset/flowers/rose/4951581805_b049304f1b_n.jpg,flowers/rose/4951581805_b049304f1b_n.jpg,rose,1.0,1.032,0.768,0.346,0.058,0.078,0.0
dataset/flowers/rose/5060536705_b370a5c543_n.jpg,flowers/rose/5060536705_b370a5c543_n.jpg,rose,1.0,1.027,0.903,0.409,0.012,0.0,0.0
dataset/flowers/rose/5083072098_81587295d5.jpg,flowers/rose/5083072098_81587295d5.jpg,rose,1.0,1.343,1.046,0.362,0.086,0.099,0.0
dataset/flowers/rose/5086249859_d066b37b8a_m.jpg,flowers/rose/5086249859_d066b37b8a_m.jpg,rose,1.0,1.024,0.684,0.311,0.156,0.013,0.0
dataset/flowers/rose/5089363428_2c5a1272ea.jpg,flowers/rose/5089363428_2c5a1272ea.jpg,rose,1.0,1.305,0.971,0.346,0.119,0.082,0.0
dataset/flowers/rose/5172171681_5934378f08.jpg,flowers/rose/5172171681_5934378f08.jpg,rose,1.0,1.348,0.844,0.291,0.047,0.081,0.0
dataset/flowers/rose/5212877807_a3ddf06a7c_n.jpg,flowers/rose/5212877807_a3ddf06a7c_n.jpg,rose,1.0,0.787,0.857,0.313,0.034,0.0,0.0
dataset/flowers/rose/5212885371_fe27c406a2_n.jpg,flowers/rose/5212885371_fe27c406a2_n.jpg,rose,1.0,1.3,0.896,0.32,0.165,0.0,0.0
dataset/flowers/rose/5223191368_01aedb6547_n.jpg,flowers/rose/5223191368_01aedb6547_n.jpg,rose,1.0,1.151,0.73,0.295,0.115,0.04,0.0
dataset/flowers/rose/527513005_41497ca4dc.jpg,flowers/rose/527513005_41497ca4dc.jpg,rose,1.0,1.098,0.814,0.345,0.11,0.079,0.0
dataset/flowers/rose/5292988046_a10f4b0365_n.jpg,flowers/rose/5292988046_a10f4b0365_n.jpg,rose,1.0,1.068,0.826,0.359,0.086,0.044,0.0
dataset/flowers/rose/537207677_f96a0507bb.jpg,flowers/rose/537207677_f96a0507bb.jpg,rose,1.0,0.835,0.838,0.325,0.092,0.019,0.0
dataset/flowers/rose/5398569540_7d134c42cb_n.jpg,flowers/rose/5398569540_7d134c42cb_n.jpg,rose,1.0,1.356,0.948,0.325,0.145,0.119,0.0
dataset/flowers/rose/5492988531_574cdc2bf0_n.jpg,flowers/rose/5492988531_574cdc2bf0_n.jpg,rose,1.0,1.22,0.986,0.376,0.083,0.101,0.0
dataset/flowers/rose/5537794501_a0767743fd_n.jpg,flowers/rose/5537794501_a0767743fd_n.jpg,rose,1.0,0.818,0.886,0.337,0.11,0.0,0.005
dataset/flowers/rose/5717319579_190e85c7d1_m.jpg,flowers/rose/5717319579_190e85c7d1_m.jpg,rose,1.0,1.19,0.795,0.31,0.035,0.041,0.0
dataset/flowers/rose/5731750490_ba3325b7ee_n.jpg,flowers/rose/5731750490_ba3325b7ee_n.jpg,rose,1.0,1.043,0.907,0.404,0.04,0.03,0.0
dataset/flowers/rose/5736328472_8f25e6f6e7.jpg,flowers/rose/5736328472_8f25e6f6e7.jpg,rose,1.0,1.329,0.903,0.316,0.114,0.088,0.0
dataset/flowers/rose/5863698305_04a4277401_n.jpg,flowers/rose/5863698305_04a4277401_n.jpg,rose,0.835,1.179,0.767,0.302,0.129,0.0,0.036
dataset/flowers/rose/5960270643_1b8a94822e_m.jpg,flowers/rose/5960270643_1b8a94822e_m.jpg,rose,1.0,1.361,0.947,0.323,0.062,0.016,0.0
dataset/flowers/rose/6053143173_991c011b23.jpg,flowers/rose/6053143173_991c011b23.jpg,rose,1.0,1.314,0.854,0.302,0.052,0.078,0.0
dataset/flowers/rose/6111589202_8b9555364c_m.jpg,flowers/rose/6111589202_8b9555364c_m.jpg,rose,1.0,0.945,0.861,0.378,0.001,0.021,0.0
dataset/flowers/rose/6163179241_f093f45d95_n.jpg,flowers/rose/6163179241_f093f45d95_n.jpg,rose,1.0,0.906,0.974,0.41,0.119,0.0,0.0
dataset/flowers/rose/6241886381_cc722785af.jpg,flowers/rose/6241886381_cc722785af.jpg,rose,129.0,1.0,0.972,0.452,0.171,0.0,0.025
dataset/flowers/rose/6347846687_3f0a7c3176.jpg,flowers/rose/6347846687_3f0a7c3176.jpg,rose,1.0,1.25,0.971,0.361,0.073,0.109,0.0
dataset/flowers/rose/6473543547_4fefdbd5dc.jpg,flowers/rose/6473543547_4fefdbd5dc.jpg,rose,1.0,0.94,0.832,0.364,0.107,0.0,0.0
dataset/flowers/rose/6732261031_861a1026fa_n.jpg,flowers/rose/6732261031_861a1026fa_n.jpg,rose,1.0,1.203,0.799,0.309,0.097,0.105,0.015
dataset/flowers/rose/685724528_6cd5cbe203.jpg,flowers/rose/685724528_6cd5cbe203.jpg,rose,1.0,1.207,0.976,0.376,0.047,0.109,0.0
dataset/flowers/rose/6936225976_a91b60d8c2_m.jpg,flowers/rose/6936225976_a91b60d8c2_m.jpg,rose,1.0,0.945,0.86,0.378,0.041,0.054,0.0
dataset/flowers/rose/6950609394_c53b8c6ac0_m.jpg,flowers/rose/6950609394_c53b8c6ac0_m.jpg,rose,1.0,1.081,0.937,0.403,0.047,0.0,0.0
dataset/flowers/rose/7251352826_69b62cba2c_m.jpg,flowers/rose/7251352826_69b62cba2c_m.jpg,rose,1.0,1.425,0.781,0.255,0.025,0.028,0.0
dataset/flowers/rose/7285188160_49d84b95a3_m.jpg,flowers/rose/7285188160_49d84b95a3_m.jpg,rose,1.0,1.143,0.884,0.359,0.043,0.0,0.0
dataset/flowers/rose/7376471712_e1be793f94.jpg,flowers/rose/7376471712_e1be793f94.jpg,rose,1.0,1.214,0.857,0.328,0.037,0.1,0.0
dataset/flowers/rose/7376473742_532364cee5_n.jpg,flowers/rose/7376473742_532364cee5_n.jpg,rose,1.0,1.012,0.938,0.431,0.029,0.019,0.0
dataset/flowers/rose/7409458444_0bfc9a0682_n.jpg,flowers/rose/7409458444_0bfc9a0682_n.jpg,rose,1.0,0.99,0.887,0.408,0.159,0.022,0.0
dataset/flowers/rose/7502389724_85b4a6c855_n.jpg,flowers/rose/7502389724_85b4a6c855_n.jpg,rose,1.0,1.306,0.929,0.33,0.053,0.119,0.0
dataset/flowers/rose/7820626638_3e2d712303.jpg,flowers/rose/7820626638_3e2d712303.jpg,rose,1.0,1.286,0.809,0.293,0.143,0.118,0.0
dataset/flowers/rose/7865295712_bcc94d120c.jpg,flowers/rose/7865295712_bcc94d120c.jpg,rose,1.0,0.87,0.853,0.345,0.062,0.0,0.0
dataset/flowers/rose/8032328803_30afac8b07_m.jpg,flowers/rose/8032328803_30afac8b07_m.jpg,rose,1.0,1.025,0.9,0.408,0.011,0.006,0.0
dataset/flowers/rose/8036594516_69a7da5f73_m.jpg,flowers/rose/8036594516_69a7da5f73_m.jpg,rose,1.0,0.893,0.937,0.389,0.072,0.0,0.0
dataset/flowers/rose/8050213579_48e1e7109f.jpg,flowers/rose/8050213579_48e1e7109f.jpg,rose,1.0,1.195,0.951,0.37,0.038,0.099,0.0
dataset/flowers/rose/8060338380_eb6c806624_n.jpg,flowers/rose/8060338380_eb6c806624_n.jpg,rose,1.0,1.084,0.869,0.373,0.123,0.081,0.0
dataset/flowers/rose/8209458141_38f38be65c_m.jpg,flowers/rose/8209458141_38f38be65c_m.jpg,rose,1.0,0.81,0.968,0.364,0.135,0.0,0.0
dataset/flowers/rose/8388497874_1fe750cc95_m.jpg,flowers/rose/8388497874_1fe750cc95_m.jpg,rose,1.0,1.08,0.919,0.395,0.05,0.0,0.0
dataset/flowers/rose/8437935944_aab997560a_n.jpg,flowers/rose/8437935944_aab997560a_n.jpg,rose,1.0,0.895,1.027,0.427,0.04,0.053,0.0
dataset/flowers/rose/8642943283_47e44d049d_m.jpg,flowers/rose/8642943283_47e44d049d_m.jpg,rose,1.0,1.124,1.009,0.417,0.05,0.0,0.0
dataset/flowers/rose/8692051081_dffa8709e7_m.jpg,flowers/rose/8692051081_dffa8709e7_m.jpg,rose,1.0,1.033,1.13,0.508,0.008,0.034,0.0
dataset/flowers/rose/909277823_e6fb8cb5c8_n.jpg,flowers/rose/909277823_e6fb8cb5c8_n.jpg,rose,1.0,1.089,0.932,0.398,0.093,0.04,0.0
dataset/flowers/rose/9159362388_c6f4cf3812_n.jpg,flowers/rose/9159362388_c6f4cf3812_n.jpg,rose,1.0,0.989,0.78,0.358,0.052,0.025,0.0
dataset/flowers/rose/9164900485_605aa12da8.jpg,flowers/rose/9164900485_605aa12da8.jpg,rose,1.0,1.151,0.993,0.401,0.142,0.068,0.0
dataset/flowers/rose/9164924345_6b63637acf.jpg,flowers/rose/9164924345_6b63637acf.jpg,rose,1.0,0.984,0.746,0.341,0.04,0.0,0.0
dataset/flowers/rose/9167147034_0a66ee3616_n.jpg,flowers/rose/9167147034_0a66ee3616_n.jpg,rose,1.0,1.255,0.782,0.29,0.148,0.013,0.0
dataset/flowers/rose/9216323421_f737c1d50e.jpg,flowers/rose/9216323421_f737c1d50e.jpg,rose,1.0,0.986,0.823,0.377,0.068,0.0,0.0
dataset/flowers/rose/921984328_a60076f070_m.jpg,flowers/rose/921984328_a60076f070_m.jpg,rose,1.0,0.909,1.01,0.427,0.098,0.024,0.0
dataset/flowers/rose/9300754115_dd79670066_n.jpg,flowers/rose/9300754115_dd79670066_n.jpg,rose,1.0,1.369,0.801,0.272,0.128,0.091,0.0
dataset/flowers/rose/9337528427_3d09b7012b.jpg,flowers/rose/9337528427_3d09b7012b.jpg,rose,1.0,0.988,0.681,0.312,0.167,0.031,0.0
dataset/flowers/rose/9353111163_7a89b2df35_n.jpg,flowers/rose/9353111163_7a89b2df35_n.jpg,rose,1.0,1.272,1.034,0.378,0.107,0.116,0.0
dataset/flowers/rose/9355706808_a9a723a8e8_n.jpg,flowers/rose/9355706808_a9a723a8e8_n.jpg,rose,1.0,1.095,0.795,0.337,0.087,0.055,0.0
dataset/flowers/rose/9404876600_04f6d37685.jpg,flowers/rose/9404876600_04f6d37685.jpg,rose,1.0,0.87,0.663,0.268,0.161,0.015,0.005
dataset/flowers/rose/9423755543_edb35141a3_n.jpg,flowers/rose/9423755543_edb35141a3_n.jpg,rose,0.953,1.11,0.734,0.307,0.062,0.069,0.0
dataset/flowers/rose/9433167170_fa056d3175.jpg,flowers/rose/9433167170_fa056d3175.jpg,rose,1.0,1.4,0.957,0.318,0.049,0.079,0.0
dataset/flowers/rose/9702378513_229a96b754_m.jpg,flowers/rose/9702378513_229a96b754_m.jpg,rose,1.0,0.803,0.831,0.31,0.043,0.047,0.0
dataset/flowers/sunflower/1022552002_2b93faf9e7_n.jpg,flowers/sunflower/1022552002_2b93faf9e7_n.jpg,sunflower,1.0,1.286,0.839,0.303,0.026,0.118,0.0
dataset/flowers/sunflower/10386503264_e05387e1f7_m.jpg,flowers/sunflower/10386503264_e05387e1f7_m.jpg,sunflower,1.0,1.041,0.937,0.418,0.021,0.055,0.0
dataset/flowers/sunflower/1044296388_912143e1d4.jpg,flowers/sunflower/1044296388_912143e1d4.jpg,sunflower,1.0,1.306,0.792,0.282,0.021,0.013,0.0
dataset/flowers/sunflower/1217254584_4b3028b93d.jpg,flowers/sunflower/1217254584_4b3028b93d.jpg,sunflower,1.0,1.036,0.979,0.44,0.088,0.051,0.0
dataset/flowers/sunflower/1240624822_4111dde542.jpg,flowers/sunflower/1240624822_4111dde542.jpg,sunflower,1.0,0.925,0.618,0.266,0.075,0.015,0.0
dataset/flowers/sunflower/1240625276_fb3bd0c7b1.jpg,flowers/sunflower/1240625276_fb3bd0c7b1.jpg,sunflower,1.0,0.949,0.779,0.343,0.03,0.0,0.0
dataset/flowers/sunflower/12471441503_d188b5f31a_m.jpg,flowers/sunflower/12471441503_d188b5f31a_m.jpg,sunflower,1.0,1.041,0.992,0.443,0.027,0.055,0.0
dataset/flowers/sunflower/12471443383_b71e7a7480_m.jpg,flowers/sunflower/12471443383_b71e7a7480_m.jpg,sunflower,1.0,1.085,0.882,0.378,0.009,0.056,0.0
dataset/flowers/sunflower/1297092593_e573c0a3d6.jpg,flowers/sunflower/1297092593_e573c0a3d6.jpg,sunflower,1.0,1.141,0.837,0.341,0.106,0.078,0.0
dataset/flowers/sunflower/1314584013_fe935fdeb1_n.jpg,flowers/sunflower/1314584013_fe935fdeb1_n.jpg,sunflower,1.0,1.09,0.836,0.356,0.096,0.05,0.0
dataset/flowers/sunflower/13648603305_1268eda8b7_n.jpg,flowers/sunflower/13648603305_1268eda8b7_n.jpg,sunflower,1.0,1.106,0.671,0.282,0.171,0.028,0.0
dataset/flowers/sunflower/14144522269_bc20029375_m.jpg,flowers/sunflower/14144522269_bc20029375_m.jpg,sunflower,1.0,1.046,0.794,0.353,0.082,0.044,0.0
dataset/flowers/sunflower/14460075029_5cd715bb72_m.jpg,flowers/sunflower/14460075029_5cd715bb72_m.jpg,sunflower,1.0,1.165,0.959,0.382,0.041,0.099,0.0
dataset/flowers/sunflower/14472246629_72373111e6_m.jpg,flowers/sunflower/14472246629_72373111e6_m.jpg,sunflower,1.0,0.937,0.808,0.352,0.085,0.091,0.0
dataset/flowers/sunflower/145303599_2627e23815_n.jpg,flowers/sunflower/145303599_2627e23815_n.jpg,sunflower,1.0,1.011,0.965,0.444,0.051,0.036,0.0
dataset/flowers/sunflower/14646279002_9cdf97be97_n.jpg,flowers/sunflower/14646279002_9cdf97be97_n.jpg,sunflower,1.0,1.128,0.968,0.399,0.033,0.078,0.0
dataset/flowers/sunflower/14741813010_5d44e33088_n.jpg,flowers/sunflower/14741813010_5d44e33088_n.jpg,sunflower,1.0,0.852,0.841,0.333,0.081,0.0,0.0
dataset/flowers/sunflower/14741813110_94964c39e2_n.jpg,flowers/sunflower/14741813110_94964c39e2_n.jpg,sunflower,1.0,1.011,0.873,0.401,0.163,0.007,0.0
dataset/flowers/sunflower/14741866338_bdc8bfc8d5_n.jpg,flowers/sunflower/14741866338_bdc8bfc8d5_n.jpg,sunflower,1.0,1.306,0.903,0.321,0.165,0.113,0.0
dataset/flowers/sunflower/14741907467_fab96f3b2b_n.jpg,flowers/sunflower/14741907467_fab96f3b2b_n.jpg,sunflower,1.0,0.911,0.864,0.366,0.109,0.001,0.0
dataset/flowers/sunflower/1484598527_579a272f53.jpg,flowers/sunflower/1484598527_579a272f53.jpg,sunflower,1.0,1.042,0.859,0.383,0.075,0.0,0.0
dataset/flowers/sunflower/14925397351_c7f209d804_n.jpg,flowers/sunflower/14925397351_c7f209d804_n.jpg,sunflower,1.0,1.011,0.866,0.398,0.127,0.047,0.032
dataset/flowers/sunflower/14925397651_97dcddc383_n.jpg,flowers/sunflower/14925397651_97dcddc383_n.jpg,sunflower,1.0,1.011,0.865,0.397,0.128,0.048,0.0
dataset/flowers/sunflower/14925398301_55a180f919_n.jpg,flowers/sunflower/14925398301_55a180f919_n.jpg,sunflower,1.0,1.119,0.956,0.397,0.165,0.065,0.0
dataset/flowers/sunflower/14925398441_107f3e0304_n.jpg,flowers/sunflower/14925398441_107f3e0304_n.jpg,sunflower,1.0,1.194,0.98,0.382,0.178,0.092,0.0
dataset/flowers/sunflower/14928117202_139d2142cc_n.jpg,flowers/sunflower/14928117202_139d2142cc_n.jpg,sunflower,1.0,1.08,0.929,0.4,0.09,0.071,0.0
dataset/flowers/sunflower/14955545254_324cd4ee75.jpg,flowers/sunflower/14955545254_324cd4ee75.jpg,sunflower,1.0,1.138,0.793,0.324,0.041,0.091,0.0
dataset/flowers/sunflower/15054865217_e398d0dc9f_n.jpg,flowers/sunflower/15054865217_e398d0dc9f_n.jpg,sunflower,1.0,1.088,0.84,0.359,0.064,0.072,0.0
dataset/flowers/sunflower/15054865768_2cc87ac9d4_m.jpg,flowers/sunflower/15054865768_2cc87ac9d4_m.jpg,sunflower,1.0,1.109,0.867,0.363,0.013,0.063,0.0
dataset/flowers/sunflower/15054866658_c1a6223403_m.jpg,flowers/sunflower/15054866658_c1a6223403_m.jpg,sunflower,1.0,1.024,0.973,0.441,0.029,0.039,0.0
dataset/flowers/sunflower/15108515192_f686dce398_n.jpg,flowers/sunflower/15108515192_f686dce398_n.jpg,sunflower,1.0,0.87,0.977,0.395,0.154,0.0,0.0
dataset/flowers/sunflower/15118243470_7e0a7f159c_n.jpg,flowers/sunflower/15118243470_7e0a7f159c_n.jpg,sunflower,1.0,1.179,0.768,0.303,0.067,0.119,0.0
dataset/flowers/sunflower/151898652_b5f1c70b98_n.jpg,flowers/sunflower/151898652_b5f1c70b98_n.jpg,sunflower,1.0,1.115,0.826,0.344,0.082,0.078,0.0
dataset/flowers/sunflower/15207507116_8b7f894508_m.jpg,flowers/sunflower/15207507116_8b7f894508_m.jpg,sunflower,1.0,1.113,0.757,0.316,0.038,0.059,0.0
dataset/flowers/sunflower/15218421476_9d5f38e732_m.jpg,flowers/sunflower/15218421476_9d5f38e732_m.jpg,sunflower,1.0,0.932,0.699,0.303,0.082,0.055,0.0
dataset/flowers/sunflower/15238348741_c2fb12ecf2_m.jpg,flowers/sunflower/15238348741_c2fb12ecf2_m.jpg,sunflower,1.0,0.984,1.088,0.498,0.002,0.027,0.0
dataset/flowers/sunflower/15380755137_a2e67839ab_m.jpg,flowers/sunflower/15380755137_a2e67839ab_m.jpg,sunflower,1.0,0.964,0.837,0.375,0.042,0.0,0.0
dataset/flowers/sunflower/15745084272_36402f5ee6_n.jpg,flowers/sunflower/15745084272_36402f5ee6_n.jpg,sunflower,1.0,1.299,0.859,0.308,0.116,0.116,0.0
dataset/flowers/sunflower/16143151468_4f3c033e33.jpg,flowers/sunflower/16143151468_4f3c033e33.jpg,sunflower,1.0,1.177,0.856,0.338,0.114,0.079,0.0
dataset/flowers/sunflower/164668737_aeab0cb55e_n.jpg,flowers/sunflower/164668737_aeab0cb55e_n.jpg,sunflower,1.0,0.744,0.824,0.285,0.079,0.01,0.0
dataset/flowers/sunflower/164670176_9f5b9c7965.jpg,flowers/sunflower/164670176_9f5b9c7965.jpg,sunflower,1.0,1.073,0.959,0.415,0.082,0.0,0.0
dataset/flowers/sunflower/164670455_29d8e02bbd_n.jpg,flowers/sunflower/164670455_29d8e02bbd_n.jpg,sunflower,1.0,1.083,0.806,0.346,0.035,0.052,0.0
dataset/flowers/sunflower/164671753_ab36d9cbb7_n.jpg,flowers/sunflower/164671753_ab36d9cbb7_n.jpg,sunflower,1.0,0.966,0.929,0.417,0.09,0.013,0.0
dataset/flowers/sunflower/16988605969_570329ff20_n.jpg,flowers/sunflower/16988605969_570329ff20_n.jpg,sunflower,1.0,1.188,0.926,0.362,0.065,0.109,0.0
dataset/flowers/sunflower/17148843706_df148301ac_n.jpg,flowers/sunflower/17148843706_df148301ac_n.jpg,sunflower,1.0,1.188,0.976,0.382,0.036,0.104,0.0
dataset/flowers/sunflower/1715303025_e7065327e2.jpg,flowers/sunflower/1715303025_e7065327e2.jpg,sunflower,1.0,1.19,0.979,0.382,0.126,0.071,0.0
dataset/flowers/sunflower/18766965343_9f42d4bedc_m.jpg,flowers/sunflower/18766965343_9f42d4bedc_m.jpg,sunflower,1.0,1.031,0.902,0.407,0.127,0.027,0.0
dataset/flowers/sunflower/18972803569_1a0634f398_m.jpg,flowers/sunflower/18972803569_1a0634f398_m.jpg,sunflower,1.0,1.328,0.96,0.336,0.127,0.0,0.0
dataset/flowers/sunflower/19442589512_e733cfea0f.jpg,flowers/sunflower/19442589512_e733cfea0f.jpg,sunflower,1.0,0.985,0.952,0.436,0.149,0.018,0.0
dataset/flowers/sunflower/19508264965_d1dfb565ea_n.jpg,flowers/sunflower/19508264965_d1dfb565ea_n.jpg,sunflower,1.0,1.15,0.931,0.376,0.06,0.087,0.0
dataset/flowers/sunflower/19710925313_31682fa22b_m.jpg,flowers/sunflower/19710925313_31682fa22b_m.jpg,sunflower,1.0,1.011,0.878,0.404,0.026,0.0,0.0
dataset/flowers/sunflower/200288046_0032f322ff_n.jpg,flowers/sunflower/200288046_0032f322ff_n.jpg,sunflower,1.0,1.0,0.98,0.455,0.174,0.0,0.0
dataset/flowers/sunflower/200557979_a16112aac1_n.jpg,flowers/sunflower/200557979_a16112aac1_n.jpg,sunflower,1.0,1.184,0.85,0.334,0.052,0.092,0.0
dataset/flowers/sunflower/20078409301_aa8061bd0b_n.jpg,flowers/sunflower/20078409301_aa8061bd0b_n.jpg,sunflower,1.0,1.028,0.868,0.392,0.125,0.035,0.0
dataset/flowers/sunflower/20156280765_a6baea3176.jpg,flowers/sunflower/20156280765_a6baea3176.jpg,sunflower,1.0,1.212,0.724,0.278,0.089,0.11,0.0
dataset/flowers/sunflower/20183028616_beb937e75c_m.jpg,flowers/sunflower/20183028616_beb937e75c_m.jpg,sunflower,1.0,0.984,0.918,0.42,0.011,0.028,0.0
dataset/flowers/sunflower/20183071136_c297e74fcc_m.jpg,flowers/sunflower/20183071136_c297e74fcc_m.jpg,sunflower,1.0,1.0,0.951,0.442,0.049,0.041,0.0
dataset/flowers/sunflower/20344366953_44fb51051b.jpg,flowers/sunflower/20344366953_44fb51051b.jpg,sunflower,1.0,1.262,0.681,0.251,0.038,0.12,0.0
dataset/flowers/sunflower/20406385204_469f6749e2_n.jpg,flowers/sunflower/20406385204_469f6749e2_n.jpg,sunflower,1.0,0.878,0.892,0.364,0.054,0.0,0.0
dataset/flowers/sunflower/20407896403_a50fef58ac_n.jpg,flowers/sunflower/20407896403_a50fef58ac_n.jpg,sunflower,1.0,1.135,1.005,0.412,0.061,0.08,0.0
dataset/flowers/sunflower/20410697750_c43973d1eb.jpg,flowers/sunflower/20410697750_c43973d1eb.jpg,sunflower,1.0,0.936,0.895,0.389,0.022,0.023,0.0
dataset/flowers/sunflower/20481273479_d459834a3e_n.jpg,flowers/sunflower/20481273479_d459834a3e_n.jpg,sunflower,0.929,1.177,0.762,0.301,0.127,0.061,0.033
dataset/flowers/sunflower/20658775992_1619cd0a9b_n.jpg,flowers/sunflower/20658775992_1619cd0a9b_n.jpg,sunflower,1.0,0.917,0.981,0.418,0.17,0.0,0.0
dataset/flowers/sunflower/2067882323_8de6623ffd.jpg,flowers/sunflower/2067882323_8de6623ffd.jpg,sunflower,1.0,0.959,0.845,0.377,0.165,0.0,0.0
dataset/flowers/sunflower/21134000558_d7d6c9b1fe_n.jpg,flowers/sunflower/21134000558_d7d6c9b1fe_n.jpg,sunflower,1.0,1.011,0.971,0.446,0.019,0.03,0.0
dataset/flowers/sunflower/215798357_3f4bfa27b7.jpg,flowers/sunflower/215798357_3f4bfa27b7.jpg,sunflower,1.0,1.278,0.811,0.295,0.041,0.081,0.0
dataset/flowers/sunflower/21995435890_e5672244a4_m.jpg,flowers/sunflower/21995435890_e5672244a4_m.jpg,sunflower,1.0,0.836,0.858,0.333,0.023,0.051,0.0
dataset/flowers/sunflower/22183521655_56221bf2a4_n.jpg,flowers/sunflower/22183521655_56221bf2a4_n.jpg,sunflower,1.0,0.917,0.908,0.387,0.054,0.006,0.0
dataset/flowers/sunflower/22183529245_ce13557515_m.jpg,flowers/sunflower/22183529245_ce13557515_m.jpg,sunflower,1.0,0.945,0.944,0.415,0.013,0.051,0.0
dataset/flowers/sunflower/22416421196_caf131c9fa_m.jpg,flowers/sunflower/22416421196_caf131c9fa_m.jpg,sunflower,1.0,0.887,0.827,0.341,0.081,0.042,0.0
dataset/flowers/sunflower/22429146402_332fa2fc72_m.jpg,flowers/sunflower/22429146402_332fa2fc72_m.jpg,sunflower,1.0,0.955,0.87,0.386,0.095,0.085,0.0
dataset/flowers/sunflower/22686342422_c0b9e2f38e.jpg,flowers/sunflower/22686342422_c0b9e2f38e.jpg,sunflower,1.0,1.268,0.794,0.291,0.115,0.089,0.0
dataset/flowers/sunflower/22992257000_76dbc599e7_m.jpg,flowers/sunflower/22992257000_76dbc599e7_m.jpg,sunflower,1.0,0.991,0.926,0.426,0.041,0.0,0.0
dataset/flowers/sunflower/2307673262_e1e1aefd29.jpg,flowers/sunflower/2307673262_e1e1aefd29.jpg,sunflower,0.911,0.962,0.662,0.296,0.144,0.0,0.0
dataset/flowers/sunflower/23894449029_bf0f34d35d_n.jpg,flowers/sunflower/23894449029_bf0f34d35d_n.jpg,sunflower,1.0,1.017,0.631,0.288,0.039,0.0,0.0
dataset/flowers/sunflower/2442985637_8748180f69.jpg,flowers/sunflower/2442985637_8748180f69.jpg,sunflower,1.0,1.384,0.766,0.257,0.094,0.085,0.0
dataset/flowers/sunflower/24459548_27a783feda.jpg,flowers/sunflower/24459548_27a783feda.jpg,sunflower,1.0,1.06,0.91,0.399,0.046,0.004,0.0
dataset/flowers/sunflower/253586685_ee5b5f5232.jpg,flowers/sunflower/253586685_ee5b5f5232.jpg,sunflower,1.0,0.984,0.75,0.343,0.16,0.0,0.011
dataset/flowers/sunflower/2575272111_f04d79b9af_n.jpg,flowers/sunflower/2575272111_f04d79b9af_n.jpg,sunflower,1.0,0.875,0.84,0.342,0.121,0.0,0.0
dataset/flowers/sunflower/2588234269_c4bfd0d8b9_n.jpg,flowers/sunflower/2588234269_c4bfd0d8b9_n.jpg,sunflower,1.0,1.141,1.033,0.421,0.147,0.048,0.0
dataset/flowers/sunflower/2678588376_6ca64a4a54_n.jpg,flowers/sunflower/2678588376_6ca64a4a54_n.jpg,sunflower,1.0,0.877,0.789,0.322,0.105,0.0,0.0
dataset/flowers/sunflower/2759796022_55bd47bfa2_n.jpg,flowers/sunflower/2759796022_55bd47bfa2_n.jpg,sunflower,1.0,1.073,0.681,0.295,0.09,0.049,0.025
dataset/flowers/sunflower/2803725948_5fd1f2fc99_n.jpg,flowers/sunflower/2803725948_5fd1f2fc99_n.jpg,sunflower,1.0,1.225,0.814,0.309,0.058,0.1,0.0
dataset/flowers/sunflower/2883115621_4837267ea1_m.jpg,flowers/sunflower/2883115621_4837267ea1_m.jpg,sunflower,1.0,0.909,0.791,0.334,0.18,0.0,0.0
dataset/flowers/sunflower/2927020075_54c9186797_n.jpg,flowers/sunflower/2927020075_54c9186797_n.jpg,sunflower,1.0,0.989,0.982,0.452,0.017,0.014,0.0
dataset/flowers/sunflower/2940221732_3507f3e927_n.jpg,flowers/sunflower/2940221732_3507f3e927_n.jpg,sunflower,1.0,1.091,0.963,0.41,0.095,0.029,0.0
dataset/flowers/sunflower/2950505226_529e013bf7_m.jpg,flowers/sunflower/2950505226_529e013bf7_m.jpg,sunflower,1.0,1.13,0.821,0.338,0.102,0.0,0.0
dataset/flowers/sunflower/2960610406_b61930727f_n.jpg,flowers/sunflower/2960610406_b61930727f_n.jpg,sunflower,1.0,0.974,0.939,0.425,0.096,0.0,0.0
dataset/flowers/sunflower/3001533700_1c62fb8b4a_n.jpg,flowers/sunflower/3001533700_1c62fb8b4a_n.jpg,sunflower,1.0,1.073,0.967,0.419,0.012,0.057,0.0
dataset/flowers/sunflower/310380634_60e6c79989.jpg,flowers/sunflower/310380634_60e6c79989.jpg,sunflower,1.0,1.382,0.721,0.242,0.023,0.073,0.0
dataset/flowers/sunflower/3154932076_eff5c38231_n.jpg,flowers/sunflower/3154932076_eff5c38231_n.jpg,sunflower,1.0,0.966,0.968,0.434,0.032,0.0,0.0
dataset/flowers/sunflower/3334350831_f8755a2095_n.jpg,flowers/sunflower/3334350831_f8755a2095_n.jpg,sunflower,1.0,1.104,0.77,0.324,0.006,0.069,0.0
dataset/flowers/sunflower/34695605616_3b05bb1ef5_n.jpg,flowers/sunflower/34695605616_3b05bb1ef5_n.jpg,sunflower,1.0,1.1,0.817,0.345,0.132,0.11,0.0
dataset/flowers/sunflower/3734999477_7f454081aa_n.jpg,flowers/sunflower/3734999477_7f454081aa_n.jpg,sunflower,1.0,1.011,0.912,0.419,0.097,0.012,0.0
dataset/flowers/sunflower/3749090865_b90f28a585_n.jpg,flowers/sunflower/3749090865_b90f28a585_n.jpg,sunflower,1.0,1.154,0.903,0.364,0.172,0.041,0.0
dataset/flowers/sunflower/3832945398_96509d192b.jpg,flowers/sunflower/3832945398_96509d192b.jpg,sunflower,1.0,1.082,0.897,0.385,0.051,0.031,0.0
dataset/flowers/sunflower/3893436870_034b79d118_n.jpg,flowers/sunflower/3893436870_034b79d118_n.jpg,sunflower,0.924,1.121,0.929,0.385,0.138,0.0,0.0
dataset/flowers/sunflower/3946535195_9382dcb951_n.jpg,flowers/sunflower/3946535195_9382dcb951_n.jpg,sunflower,1.0,0.961,0.942,0.421,0.1,0.0,0.0
dataset/flowers/sunflower/40410963_3ac280f23a_n.jpg,flowers/sunflower/40410963_3ac280f23a_n.jpg,sunflower,1.0,1.143,0.958,0.39,0.135,0.017,0.0
dataset/flowers/sunflower/4191299785_a4faca9b74_n.jpg,flowers/sunflower/4191299785_a4faca9b74_n.jpg,sunflower,1.0,1.23,0.733,0.277,0.04,0.073,0.0
dataset/flowers/sunflower/44079668_34dfee3da1_n.jpg,flowers/sunflower/44079668_34dfee3da1_n.jpg,sunflower,1.0,0.967,0.978,0.44,0.085,0.0,0.0
dataset/flowers/sunflower/4414081772_8a0e8a1327.jpg,flowers/sunflower/4414081772_8a0e8a1327.jpg,sunflower,1.0,1.034,0.905,0.407,0.042,0.009,0.0
dataset/flowers/sunflower/4414084638_03d2db38ae.jpg,flowers/sunflower/4414084638_03d2db38ae.jpg,sunflower,1.0,1.385,0.817,0.274,0.074,0.0,0.0
dataset/flowers/sunflower/45045005_57354ee844.jpg,flowers/sunflower/45045005_57354ee844.jpg,sunflower,1.0,1.267,0.697,0.256,0.157,0.044,0.0
dataset/flowers/sunflower/4664737020_b4c61aacd3_n.jpg,flowers/sunflower/4664737020_b4c61aacd3_n.jpg,sunflower,1.0,1.0,0.917,0.426,0.072,0.0,0.0
dataset/flowers/sunflower/4745991955_6804568ae0_n.jpg,flowers/sunflower/4745991955_6804568ae0_n.jpg,sunflower,1.0,1.021,0.711,0.323,0.043,0.06,0.0
dataset/flowers/sunflower/4755075329_1fccc69d4e.jpg,flowers/sunflower/4755075329_1fccc69d4e.jpg,sunflower,1.0,0.988,0.912,0.419,0.058,0.004,0.0
dataset/flowers/sunflower/4795924955_202448d8ea_n.jpg,flowers/sunflower/4795924955_202448d8ea_n.jpg,sunflower,1.0,1.333,1.161,0.405,0.091,0.0,0.0
dataset/flowers/sunflower/4847062576_bae870479c_n.jpg,flowers/sunflower/4847062576_bae870479c_n.jpg,sunflower,1.0,1.021,1.055,0.48,0.049,0.044,0.0
dataset/flowers/sunflower/4848279231_c4960e28b2_n.jpg,flowers/sunflower/4848279231_c4960e28b2_n.jpg,sunflower,1.0,1.268,0.726,0.266,0.134,0.0,0.002
dataset/flowers/sunflower/4878447831_e904c60cf8_n.jpg,flowers/sunflower/4878447831_e904c60cf8_n.jpg,sunflower,1.0,1.12,0.952,0.395,0.05,0.096,0.0
dataset/flowers/sunflower/4890268276_563f40a193.jpg,flowers/sunflower/4890268276_563f40a193.jpg,sunflower,1.0,1.155,0.919,0.37,0.145,0.096,0.0
dataset/flowers/sunflower/4895718876_0246882882_n.jpg,flowers/sunflower/4895718876_0246882882_n.jpg,sunflower,1.0,0.921,0.75,0.321,0.061,0.002,0.0
dataset/flowers/sunflower/4895721242_89014e723c_n.jpg,flowers/sunflower/4895721242_89014e723c_n.jpg,sunflower,1.0,1.0,0.97,0.451,0.134,0.0,0.0
dataset/flowers/sunflower/4933823194_33f6e32c5a.jpg,flowers/sunflower/4933823194_33f6e32c5a.jpg,sunflower,1.0,0.841,0.874,0.341,0.055,0.0,0.0
dataset/flowers/sunflower/4977385375_e271e282f9.jpg,flowers/sunflower/4977385375_e271e282f9.jpg,sunflower,1.0,0.948,0.866,0.382,0.109,0.0,0.0
dataset/flowers/sunflower/5037790727_57c527494f.jpg,flowers/sunflower/5037790727_57c527494f.jpg,sunflower,1.0,0.939,0.734,0.321,0.137,0.0,0.0
dataset/flowers/sunflower/5139969631_743880e01d_n.jpg,flowers/sunflower/5139969631_743880e01d_n.jpg,sunflower,1.0,1.208,0.994,0.382,0.021,0.107,0.0
dataset/flowers/sunflower/5139969871_c9046bdaa7_n.jpg,flowers/sunflower/5139969871_c9046bdaa7_n.jpg,sunflower,1.0,1.089,0.972,0.415,0.114,0.047,0.0
dataset/flowers/sunflower/5139977283_530c508603_n.jpg,flowers/sunflower/5139977283_530c508603_n.jpg,sunflower,1.0,0.973,0.941,0.426,0.028,0.0,0.0
dataset/flowers/sunflower/5437996076_cf7e2ac32e_n.jpg,flowers/sunflower/5437996076_cf7e2ac32e_n.jpg,sunflower,1.0,0.875,0.952,0.387,0.169,0.0,0.0
dataset/flowers/sunflower/5556633113_0a04f5ed8a_n.jpg,flowers/sunflower/5556633113_0a04f5ed8a_n.jpg,sunflower,1.0,1.2,0.705,0.273,0.173,0.078,0.0
dataset/flowers/sunflower/5970868068_fe1c8b282e_n.jpg,flowers/sunflower/5970868068_fe1c8b282e_n.jpg,sunflower,1.0,1.107,0.874,0.367,0.066,0.0,0.0
dataset/flowers/sunflower/5979111025_3bcae48ae6_n.jpg,flowers/sunflower/5979111025_3bcae48ae6_n.jpg,sunflower,1.0,1.094,0.821,0.349,0.058,0.07,0.0
dataset/flowers/sunflower/5979111199_495884b578_n.jpg,flowers/sunflower/5979111199_495884b578_n.jpg,sunflower,1.0,1.188,1.074,0.42,0.066,0.097,0.0
dataset/flowers/sunflower/5979111555_61b400c070_n.jpg,flowers/sunflower/5979111555_61b400c070_n.jpg,sunflower,1.0,1.087,0.992,0.424,0.041,0.068,0.0
dataset/flowers/sunflower/5994569021_749d5e2da3_n.jpg,flowers/sunflower/5994569021_749d5e2da3_n.jpg,sunflower,1.0,1.116,0.818,0.341,0.021,0.077,0.0
dataset/flowers/sunflower/5994572653_ea98afa3af_n.jpg,flowers/sunflower/5994572653_ea98afa3af_n.jpg,sunflower,1.0,0.959,1.004,0.447,0.038,0.0,0.0
dataset/flowers/sunflower/5995136822_8e1eed76f5_n.jpg,flowers/sunflower/5995136822_8e1eed76f5_n.jpg,sunflower,1.0,1.213,0.755,0.289,0.038,0.007,0.0
dataset/flowers/sunflower/6104713425_8a3277e34a.jpg,flowers/sunflower/6104713425_8a3277e34a.jpg,sunflower,1.0,1.061,0.918,0.402,0.045,0.052,0.0
dataset/flowers/sunflower/6482016425_d8fab362f6.jpg,flowers/sunflower/6482016425_d8fab362f6.jpg,sunflower,1.0,1.0,0.779,0.362,0.016,0.0,0.0
dataset/flowers/sunflower/6482016439_b0d06dac04.jpg,flowers/sunflower/6482016439_b0d06dac04.jpg,sunflower,1.0,1.038,0.777,0.348,0.037,0.0,0.0
dataset/flowers/sunflower/6606815161_3c4372760f.jpg,flowers/sunflower/6606815161_3c4372760f.jpg,sunflower,1.0,1.179,0.941,0.371,0.043,0.11,0.0
dataset/flowers/sunflower/6606817351_10f6e43a09.jpg,flowers/sunflower/6606817351_10f6e43a09.jpg,sunflower,1.0,1.131,0.951,0.391,0.065,0.078,0.0
dataset/flowers/sunflower/6606820461_952c450f90_n.jpg,flowers/sunflower/6606820461_952c450f90_n.jpg,sunflower,1.0,1.14,0.948,0.387,0.15,0.0,0.0
dataset/flowers/sunflower/678714585_addc9aaaef.jpg,flowers/sunflower/678714585_addc9aaaef.jpg,sunflower,1.0,1.245,0.88,0.328,0.014,0.118,0.0
dataset/flowers/sunflower/7176723954_e41618edc1_n.jpg,flowers/sunflower/7176723954_e41618edc1_n.jpg,sunflower,1.0,1.393,0.853,0.285,0.107,0.083,0.0
dataset/flowers/sunflower/7270375648_79f0caef42_n.jpg,flowers/sunflower/7270375648_79f0caef42_n.jpg,sunflower,1.0,1.118,0.777,0.323,0.046,0.057,0.0
dataset/flowers/sunflower/7369484298_332f69bd88_n.jpg,flowers/sunflower/7369484298_332f69bd88_n.jpg,sunflower,1.0,0.917,0.662,0.282,0.038,0.0,0.0
dataset/flowers/sunflower/7510240282_87554c7418_n.jpg,flowers/sunflower/7510240282_87554c7418_n.jpg,sunflower,1.0,1.125,0.89,0.368,0.045,0.08,0.0
dataset/flowers/sunflower/7652532108_01ef94c476.jpg,flowers/sunflower/7652532108_01ef94c476.jpg,sunflower,1.0,1.184,0.824,0.323,0.049,0.067,0.0
dataset/flowers/sunflower/7791014076_07a897cb85_n.jpg,flowers/sunflower/7791014076_07a897cb85_n.jpg,sunflower,1.0,1.118,0.982,0.409,0.012,0.073,0.0
dataset/flowers/sunflower/7804213238_1d92ae5edb_m.jpg,flowers/sunflower/7804213238_1d92ae5edb_m.jpg,sunflower,1.0,0.927,0.79,0.34,0.039,0.077,0.0
dataset/flowers/sunflower/7820398908_4316bbba45.jpg,flowers/sunflower/7820398908_4316bbba45.jpg,sunflower,1.0,1.058,0.9,0.395,0.101,0.0,0.0
dataset/flowers/sunflower/8038712786_5bdeed3c7f_m.jpg,flowers/sunflower/8038712786_5bdeed3c7f_m.jpg,sunflower,1.0,1.033,0.582,0.262,0.062,0.0,0.0
dataset/flowers/sunflower/8041242566_752def876e_n.jpg,flowers/sunflower/8041242566_752def876e_n.jpg,sunflower,84.0,0.846,0.748,0.294,0.161,0.0,0.033
dataset/flowers/sunflower/8174935717_d19367d502.jpg,flowers/sunflower/8174935717_d19367d502.jpg,sunflower,1.0,1.15,0.909,0.367,0.123,0.048,0.0
dataset/flowers/sunflower/8480886751_71d88bfdc0_n.jpg,flowers/sunflower/8480886751_71d88bfdc0_n.jpg,sunflower,1.0,1.024,0.838,0.38,0.08,0.035,0.0
dataset/flowers/sunflower/8481979626_98c9f88848_n.jpg,flowers/sunflower/8481979626_98c9f88848_n.jpg,sunflower,1.0,1.174,0.887,0.351,0.072,0.104,0.0
dataset/flowers/sunflower/857698097_8068a2c135_n.jpg,flowers/sunflower/857698097_8068a2c135_n.jpg,sunflower,1.0,1.296,0.594,0.213,0.168,0.102,0.0
dataset/flowers/sunflower/8929274876_17efc1774a_n.jpg,flowers/sunflower/8929274876_17efc1774a_n.jpg,sunflower,1.0,0.8,0.932,0.347,0.096,0.027,0.0
dataset/flowers/sunflower/9206376642_8348ba5c7a.jpg,flowers/sunflower/9206376642_8348ba5c7a.jpg,sunflower,1.0,1.143,0.987,0.401,0.015,0.074,0.0
dataset/flowers/sunflower/9240129413_f240ce7866_n.jpg,flowers/sunflower/9240129413_f240ce7866_n.jpg,sunflower,1.0,1.338,0.818,0.284,0.128,0.015,0.0
dataset/flowers/sunflower/9375675309_987d32f99e_n.jpg,flowers/sunflower/9375675309_987d32f99e_n.jpg,sunflower,1.0,1.137,0.856,0.35,0.085,0.08,0.0
dataset/flowers/sunflower/9384867134_83af458a19_n.jpg,flowers/sunflower/9384867134_83af458a19_n.jpg,sunflower,1.0,1.011,0.908,0.417,0.126,0.029,0.0
dataset/flowers/sunflower/9445830851_e9a126fd1d_n.jpg,flowers/sunflower/9445830851_e9a126fd1d_n.jpg,sunflower,1.0,1.319,0.797,0.281,0.119,0.001,0.008
dataset/flowers/sunflower/9460336948_6ae968be93.jpg,flowers/sunflower/9460336948_6ae968be93.jpg,sunflower,1.0,0.784,0.648,0.236,0.18,0.0,0.026
dataset/flowers/sunflower/9479261399_cebfbff670_n.jpg,flowers/sunflower/9479261399_cebfbff670_n.jpg,sunflower,1.0,0.958,0.823,0.366,0.019,0.0,0.0
dataset/flowers/sunflower/9482209981_bf7bf6022b_m.jpg,flowers/sunflower/9482209981_bf7bf6022b_m.jpg,sunflower,1.0,0.842,0.828,0.324,0.024,0.024,0.0
dataset/flowers/sunflower/9497774249_7f5ae70927_m.jpg,flowers/sunflower/9497774249_7f5ae70927_m.jpg,sunflower,1.0,1.057,0.922,0.405,0.095,0.0,0.0
dataset/flowers/sunflower/9555824387_32b151e9b0_m.jpg,flowers/sunflower/9555824387_32b151e9b0_m.jpg,sunflower,1.0,0.885,0.888,0.365,0.098,0.062,0.0
dataset/flowers/sunflower/9564240106_0577e919da_n.jpg,flowers/sunflower/9564240106_0577e919da_n.jpg,sunflower,1.0,1.322,0.816,0.287,0.042,0.114,0.0
dataset/flowers/sunflower/9599534035_ae4df582b6.jpg,flowers/sunflower/9599534035_ae4df582b6.jpg,sunflower,1.0,0.96,0.652,0.291,0.055,0.0,0.0
dataset/flowers/sunflower/9610371852_179e7781ce.jpg,flowers/sunflower/9610371852_179e7781ce.jpg,sunflower,1.0,1.118,1.006,0.418,0.092,0.056,0.0
dataset/flowers/sunflower/9610374042_bb16cded3d.jpg,flowers/sunflower/9610374042_bb16cded3d.jpg,sunflower,1.0,1.019,0.955,0.436,0.061,0.0,0.0
dataset/flowers/tulip/110147301_ad921e2828.jpg,flowers/tulip/110147301_ad921e2828.jpg,tulip,1.0,1.042,0.929,0.414,0.135,0.0,0.0
dataset/flowers/tulip/12517756805_56b74be742.jpg,flowers/tulip/12517756805_56b74be742.jpg,tulip,1.0,1.194,0.84,0.327,0.061,0.0,0.0
dataset/flowers/tulip/12873145295_438b8197a7_n.jpg,flowers/tulip/12873145295_438b8197a7_n.jpg,tulip,1.0,0.894,0.601,0.25,0.09,0.101,0.014
dataset/flowers/tulip/13176576813_50e77cc1d9.jpg,flowers/tulip/13176576813_50e77cc1d9.jpg,tulip,1.0,1.071,1.033,0.448,0.076,0.056,0.0
dataset/flowers/tulip/134143359_71fa8dd9a4.jpg,flowers/tulip/134143359_71fa8dd9a4.jpg,tulip,1.0,0.854,0.766,0.304,0.036,0.0,0.0
dataset/flowers/tulip/13529687904_3d60abb479_n.jpg,flowers/tulip/13529687904_3d60abb479_n.jpg,tulip,1.0,1.353,0.942,0.324,0.107,0.0,0.0
dataset/flowers/tulip/137126311_debe64c6a8_n.jpg,flowers/tulip/137126311_debe64c6a8_n.jpg,tulip,1.0,0.75,0.767,0.267,0.07,0.0,0.0
dataset/flowers/tulip/13910479407_936fd3122d.jpg,flowers/tulip/13910479407_936fd3122d.jpg,tulip,1.0,1.013,0.761,0.349,0.067,0.001,0.0
dataset/flowers/tulip/13923036338_1ce32c6d4f.jpg,flowers/tulip/13923036338_1ce32c6d4f.jpg,tulip,1.0,0.75,1.088,0.379,0.177,0.0,0.0
dataset/flowers/tulip/13976522214_ccec508fe7.jpg,flowers/tulip/13976522214_ccec508fe7.jpg,tulip,1.0,0.877,0.883,0.36,0.037,0.01,0.0
dataset/flowers/tulip/14064731501_ea14b58161.jpg,flowers/tulip/14064731501_ea14b58161.jpg,tulip,1.0,1.167,1.049,0.418,0.105,0.104,0.0
dataset/flowers/tulip/14068378204_7b26baa30d_n.jpg,flowers/tulip/14068378204_7b26baa30d_n.jpg,tulip,1.0,1.076,0.924,0.399,0.057,0.073,0.0
dataset/flowers/tulip/14078067903_92f5eb27ff.jpg,flowers/tulip/14078067903_92f5eb27ff.jpg,tulip,1.0,1.228,0.695,0.263,0.1,0.084,0.0
dataset/flowers/tulip/14087792403_f34f37ba3b_m.jpg,flowers/tulip/14087792403_f34f37ba3b_m.jpg,tulip,1.0,0.811,0.923,0.348,0.095,0.032,0.0
dataset/flowers/tulip/14093907931_dd8f642574.jpg,flowers/tulip/14093907931_dd8f642574.jpg,tulip,1.0,1.054,0.88,0.388,0.128,0.0,0.0
dataset/flowers/tulip/14266093711_66d18a1e44_n.jpg,flowers/tulip/14266093711_66d18a1e44_n.jpg,tulip,1.0,1.036,1.065,0.478,0.121,0.045,0.0
dataset/flowers/tulip/15029962436_3e50c1f30f_n.jpg,flowers/tulip/15029962436_3e50c1f30f_n.jpg,tulip,1.0,1.3,0.761,0.272,0.048,0.115,0.0
dataset/flowers/tulip/15149373026_93aacc65c5.jpg,flowers/tulip/15149373026_93aacc65c5.jpg,tulip,167.0,1.214,0.893,0.342,0.018,0.0,0.025
dataset/flowers/tulip/15275144259_f9a18ec9cb.jpg,flowers/tulip/15275144259_f9a18ec9cb.jpg,tulip,1.0,1.359,0.552,0.189,0.056,0.115,0.0
dataset/flowers/tulip/15275504998_ca9eb82998.jpg,flowers/tulip/15275504998_ca9eb82998.jpg,tulip,1.0,1.071,1.219,0.529,0.084,0.046,0.0
dataset/flowers/tulip/15516736553_b169b67195_n.jpg,flowers/tulip/15516736553_b169b67195_n.jpg,tulip,1.0,1.167,0.864,0.344,0.059,0.11,0.0
dataset/flowers/tulip/15647243236_2778501cf5_n.jpg,flowers/tulip/15647243236_2778501cf5_n.jpg,tulip,1.0,0.812,0.936,0.353,0.08,0.0,0.0
dataset/flowers/tulip/16055807744_000bc07afc_m.jpg,flowers/tulip/16055807744_000bc07afc_m.jpg,tulip,1.0,1.044,0.712,0.317,0.121,0.104,0.0
dataset/flowers/tulip/16110795216_b3e44697b4_m.jpg,flowers/tulip/16110795216_b3e44697b4_m.jpg,tulip,1.0,1.0,0.909,0.423,0.017,0.013,0.0
dataset/flowers/tulip/16139439153_fbdee29a10_n.jpg,flowers/tulip/16139439153_fbdee29a10_n.jpg,tulip,1.0,0.98,0.869,0.396,0.074,0.0,0.037
dataset/flowers/tulip/16265883604_92be82b973.jpg,flowers/tulip/16265883604_92be82b973.jpg,tulip,1.0,1.133,0.752,0.308,0.014,0.0,0.0
dataset/flowers/tulip/16717320956_d4b00807f2.jpg,flowers/tulip/16717320956_d4b00807f2.jpg,tulip,1.0,0.883,0.686,0.282,0.166,0.0,0.0
dataset/flowers/tulip/16751015081_af2ef77c9a_n.jpg,flowers/tulip/16751015081_af2ef77c9a_n.jpg,tulip,1.0,1.275,0.769,0.28,0.016,0.114,0.0
dataset/flowers/tulip/16907559551_05ded87fb2_n.jpg,flowers/tulip/16907559551_05ded87fb2_n.jpg,tulip,1.0,1.237,0.843,0.317,0.121,0.045,0.0
dataset/flowers/tulip/16930121391_a4092ecf00_n.jpg,flowers/tulip/16930121391_a4092ecf00_n.jpg,tulip,1.0,1.423,0.741,0.242,0.112,0.015,0.0
dataset/flowers/tulip/16938892686_3613ea68e8_n.jpg,flowers/tulip/16938892686_3613ea68e8_n.jpg,tulip,1.0,1.152,0.702,0.283,0.092,0.0,0.0
dataset/flowers/tulip/16951623209_00fb7ec1b1_n.jpg,flowers/tulip/16951623209_00fb7ec1b1_n.jpg,tulip,1.0,0.884,0.926,0.381,0.124,0.0,0.0
dataset/flowers/tulip/2271507463_15c48d41c4_n.jpg,flowers/tulip/2271507463_15c48d41c4_n.jpg,tulip,1.0,1.111,0.72,0.301,0.135,0.119,0.0
dataset/flowers/tulip/2425067141_b27043a800_m.jpg,flowers/tulip/2425067141_b27043a800_m.jpg,tulip,1.0,0.953,1.038,0.46,0.015,0.043,0.0
dataset/flowers/tulip/2432389721_4d14971060_n.jpg,flowers/tulip/2432389721_4d14971060_n.jpg,tulip,1.0,1.219,0.783,0.299,0.083,0.057,0.0
dataset/flowers/tulip/251811158_75fa3034ff.jpg,flowers/tulip/251811158_75fa3034ff.jpg,tulip,1.0,1.244,0.772,0.288,0.068,0.097,0.0
dataset/flowers/tulip/2785458179_9130812eef_m.jpg,flowers/tulip/2785458179_9130812eef_m.jpg,tulip,1.0,1.091,0.81,0.345,0.095,0.027,0.0
dataset/flowers/tulip/2936181186_38ff43492e.jpg,flowers/tulip/2936181186_38ff43492e.jpg,tulip,1.0,0.823,0.885,0.339,0.164,0.033,0.0
dataset/flowers/tulip/3150964108_24dbec4b23_m.jpg,flowers/tulip/3150964108_24dbec4b23_m.jpg,tulip,1.0,1.034,0.67,0.301,0.036,0.027,0.0
dataset/flowers/tulip/3186520634_30e1c67aa5_n.jpg,flowers/tulip/3186520634_30e1c67aa5_n.jpg,tulip,1.0,0.862,0.717,0.287,0.073,0.012,0.0
dataset/flowers/tulip/3421027755_cdb8fef8e8_n.jpg,flowers/tulip/3421027755_cdb8fef8e8_n.jpg,tulip,1.0,0.912,0.793,0.336,0.107,0.0,0.0
dataset/flowers/tulip/3430229687_32645b5738.jpg,flowers/tulip/3430229687_32645b5738.jpg,tulip,1.0,1.207,0.909,0.35,0.175,0.0,0.0
dataset/flowers/tulip/3446285408_4be9c0fded_m.jpg,flowers/tulip/3446285408_4be9c0fded_m.jpg,tulip,1.0,0.835,0.915,0.355,0.038,0.095,0.0
dataset/flowers/tulip/3454461550_64d6e726bf_m.jpg,flowers/tulip/3454461550_64d6e726bf_m.jpg,tulip,1.0,0.852,0.842,0.334,0.029,0.069,0.0
dataset/flowers/tulip/3540595981_73f14d1227_n.jpg,flowers/tulip/3540595981_73f14d1227_n.jpg,tulip,1.0,0.833,0.811,0.314,0.168,0.0,0.0
dataset/flowers/tulip/3637371174_a8dfcc1b35.jpg,flowers/tulip/3637371174_a8dfcc1b35.jpg,tulip,1.0,1.224,0.864,0.328,0.013,0.0,0.0
dataset/flowers/tulip/4117620896_070e5887ae_m.jpg,flowers/tulip/4117620896_070e5887ae_m.jpg,tulip,1.0,1.113,0.867,0.362,0.017,0.0,0.0
dataset/flowers/tulip/4395433872_e073d8c721_n.jpg,flowers/tulip/4395433872_e073d8c721_n.jpg,tulip,1.0,1.208,0.864,0.332,0.027,0.104,0.0
dataset/flowers/tulip/4418204816_018375acd0_m.jpg,flowers/tulip/4418204816_018375acd0_m.jpg,tulip,1.0,1.114,0.962,0.401,0.109,0.0,0.0
dataset/flowers/tulip/4520582070_d14a14f038.jpg,flowers/tulip/4520582070_d14a14f038.jpg,tulip,1.0,1.391,0.786,0.263,0.068,0.092,0.0
dataset/flowers/tulip/4550091966_7f3e0f8802_n.jpg,flowers/tulip/4550091966_7f3e0f8802_n.jpg,tulip,1.0,0.961,0.85,0.379,0.043,0.0,0.0
dataset/flowers/tulip/4571993204_5b3efe0e78.jpg,flowers/tulip/4571993204_5b3efe0e78.jpg,tulip,1.0,1.085,0.777,0.333,0.144,0.0,0.0
dataset/flowers/tulip/4587872443_a86c692cb8.jpg,flowers/tulip/4587872443_a86c692cb8.jpg,tulip,1.0,1.308,0.835,0.297,0.12,0.0,0.0
dataset/flowers/tulip/4590702749_e1df8e0c1b.jpg,flowers/tulip/4590702749_e1df8e0c1b.jpg,tulip,1.0,1.015,0.716,0.328,0.095,0.0,0.0
dataset/flowers/tulip/4604238410_bcec9da4a0_n.jpg,flowers/tulip/4604238410_bcec9da4a0_n.jpg,tulip,1.0,1.154,0.793,0.319,0.067,0.0,0.0
dataset/flowers/tulip/4604272150_0c92385530_n.jpg,flowers/tulip/4604272150_0c92385530_n.jpg,tulip,1.0,1.2,0.904,0.35,0.1,0.041,0.0
dataset/flowers/tulip/4644110077_ff252cd7c4.jpg,flowers/tulip/4644110077_ff252cd7c4.jpg,tulip,0.891,1.146,0.957,0.388,0.059,0.0,0.0
dataset/flowers/tulip/466409031_4c10294db5_m.jpg,flowers/tulip/466409031_4c10294db5_m.jpg,tulip,1.0,1.369,0.683,0.232,0.025,0.025,0.0
dataset/flowers/tulip/510698601_9f61d6f8d8.jpg,flowers/tulip/510698601_9f61d6f8d8.jpg,tulip,1.0,1.145,0.868,0.352,0.07,0.069,0.0
dataset/flowers/tulip/5524946579_307dc74476.jpg,flowers/tulip/5524946579_307dc74476.jpg,tulip,1.0,0.717,0.624,0.208,0.108,0.0,0.0
dataset/flowers/tulip/5603625247_e4ff1828af_m.jpg,flowers/tulip/5603625247_e4ff1828af_m.jpg,tulip,1.0,0.936,0.602,0.262,0.019,0.026,0.0
dataset/flowers/tulip/5718781677_d5e9267115_n.jpg,flowers/tulip/5718781677_d5e9267115_n.jpg,tulip,1.0,1.128,0.781,0.322,0.036,0.0,0.0
dataset/flowers/tulip/6038098425_b3b4fb62cc_m.jpg,flowers/tulip/6038098425_b3b4fb62cc_m.jpg,tulip,1.0,1.114,0.708,0.295,0.123,0.118,0.0
dataset/flowers/tulip/6903831250_a2757fff82_m.jpg,flowers/tulip/6903831250_a2757fff82_m.jpg,tulip,1.0,1.0,1.023,0.476,0.165,0.0,0.0
dataset/flowers/tulip/6958342976_a4a9483488_n.jpg,flowers/tulip/6958342976_a4a9483488_n.jpg,tulip,1.0,0.788,0.882,0.323,0.15,0.027,0.0
dataset/flowers/tulip/6970683464_f70838ca3a_n.jpg,flowers/tulip/6970683464_f70838ca3a_n.jpg,tulip,1.0,0.896,0.859,0.358,0.176,0.047,0.0
dataset/flowers/tulip/7003964080_4566470798_n.jpg,flowers/tulip/7003964080_4566470798_n.jpg,tulip,1.0,1.203,0.958,0.37,0.045,0.035,0.0
dataset/flowers/tulip/7064778965_ddcc6ee9f2.jpg,flowers/tulip/7064778965_ddcc6ee9f2.jpg,tulip,1.0,1.159,0.848,0.34,0.043,0.01,0.0
dataset/flowers/tulip/7145978709_2d1596f462.jpg,flowers/tulip/7145978709_2d1596f462.jpg,tulip,1.0,1.179,0.88,0.347,0.106,0.116,0.0
dataset/flowers/tulip/7481215720_73e40f178f_n.jpg,flowers/tulip/7481215720_73e40f178f_n.jpg,tulip,1.0,0.955,0.919,0.408,0.037,0.0,0.0
dataset/flowers/tulip/7806320016_fcddfc1f8f_n.jpg,flowers/tulip/7806320016_fcddfc1f8f_n.jpg,tulip,1.0,1.15,0.822,0.332,0.063,0.078,0.0
dataset/flowers/tulip/8484905084_6a18c62b13_m.jpg,flowers/tulip/8484905084_6a18c62b13_m.jpg,tulip,1.0,1.164,0.817,0.326,0.086,0.083,0.0
dataset/flowers/tulip/8572847041_d0cc07861f_n.jpg,flowers/tulip/8572847041_d0cc07861f_n.jpg,tulip,1.0,1.049,0.985,0.437,0.168,0.0,0.0
dataset/flowers/tulip/8623173256_3f0eb4c506.jpg,flowers/tulip/8623173256_3f0eb4c506.jpg,tulip,1.0,1.25,0.658,0.245,0.144,0.083,0.0
dataset/flowers/tulip/8673416556_639f5c88f1_n.jpg,flowers/tulip/8673416556_639f5c88f1_n.jpg,tulip,1.0,0.875,0.797,0.324,0.04,0.0,0.0
dataset/flowers/tulip/8697784345_e75913d220.jpg,flowers/tulip/8697784345_e75913d220.jpg,tulip,1.0,1.298,1.089,0.39,0.165,0.0,0.0
dataset/flowers/tulip/8702982836_75222725d7.jpg,flowers/tulip/8702982836_75222725d7.jpg,tulip,1.0,1.154,0.965,0.389,0.081,0.0,0.0
dataset/flowers/tulip/8708856019_f3be2353a4_n.jpg,flowers/tulip/8708856019_f3be2353a4_n.jpg,tulip,1.0,1.404,1.025,0.339,0.134,0.0,0.0
dataset/flowers/tulip/8712260079_c0ff42e0e2_n.jpg,flowers/tulip/8712260079_c0ff42e0e2_n.jpg,tulip,1.0,1.123,0.997,0.412,0.103,0.052,0.0
dataset/flowers/tulip/8713357842_9964a93473_n.jpg,flowers/tulip/8713357842_9964a93473_n.jpg,tulip,1.0,0.754,0.891,0.312,0.028,0.0,0.0
dataset/flowers/tulip/8713397358_0505cc0176_n.jpg,flowers/tulip/8713397358_0505cc0176_n.jpg,tulip,1.0,1.04,0.652,0.291,0.164,0.0,0.0
dataset/flowers/tulip/8713397694_bcbcbba2c2_n.jpg,flowers/tulip/8713397694_bcbcbba2c2_n.jpg,tulip,1.0,0.806,0.921,0.345,0.091,0.0,0.0
dataset/flowers/tulip/8762189906_8223cef62f.jpg,flowers/tulip/8762189906_8223cef62f.jpg,tulip,98.0,0.8,0.693,0.258,0.162,0.0,0.0
dataset/flowers/tulip/8768645961_8f1e097170_n.jpg,flowers/tulip/8768645961_8f1e097170_n.jpg,tulip,1.0,1.147,0.772,0.313,0.137,0.025,0.0
dataset/flowers/tulip/8904780994_8867d64155_n.jpg,flowers/tulip/8904780994_8867d64155_n.jpg,tulip,1.0,1.188,0.881,0.345,0.013,0.104,0.0
dataset/flowers/tulip/9444202147_405290415b_n.jpg,flowers/tulip/9444202147_405290415b_n.jpg,tulip,1.0,1.049,0.996,0.442,0.04,0.0,0.0
dataset/flowers/tulip/9446982168_06c4d71da3_n.jpg,flowers/tulip/9446982168_06c4d71da3_n.jpg,tulip,1.0,1.114,0.977,0.407,0.028,0.0,0.0
dataset/flowers/tulip/9870557734_88eb3b9e3b_n.jpg,flowers/tulip/9870557734_88eb3b9e3b_n.jpg,tulip,1.0,1.397,0.609,0.203,0.169,0.105,0.008
dataset/jpg/unlabeled/image_00001.jpg,jpg/image_00001.jpg,unlabeled,1.0,1.049,0.86,0.381,0.037,0.032,0.0
dataset/jpg/unlabeled/image_00002.jpg,jpg/image_00002.jpg,unlabeled,1.0,1.158,0.794,0.319,0.038,0.089,0.0
dataset/jpg/unlabeled/image_00004.jpg,jpg/image_00004.jpg,unlabeled,1.0,0.926,0.88,0.378,0.031,0.041,0.0
dataset/jpg/unlabeled/image_00005.jpg,jpg/image_00005.jpg,unlabeled,1.0,0.836,0.74,0.287,0.099,0.049,0.0
dataset/jpg/unlabeled/image_00006.jpg,jpg/image_00006.jpg,unlabeled,1.0,1.047,0.804,0.357,0.138,0.0,0.0
dataset/jpg/unlabeled/image_00007.jpg,jpg/image_00007.jpg,unlabeled,1.0,1.124,0.679,0.281,0.019,0.058,0.011
dataset/jpg/unlabeled/image_00008.jpg,jpg/image_00008.jpg,unlabeled,1.0,1.167,0.774,0.308,0.044,0.083,0.0
dataset/jpg/unlabeled/image_00009.jpg,jpg/image_00009.jpg,unlabeled,1.0,1.034,0.999,0.449,0.037,0.026,0.0
dataset/jpg/unlabeled/image_00012.jpg,jpg/image_00012.jpg,unlabeled,1.0,0.967,0.771,0.346,0.058,0.043,0.0
dataset/jpg/unlabeled/image_00013.jpg,jpg/image_00013.jpg,unlabeled,1.0,0.917,0.812,0.346,0.016,0.034,0.0
dataset/jpg/unlabeled/image_00014.jpg,jpg/image_00014.jpg,unlabeled,1.0,0.979,0.858,0.39,0.063,0.013,0.0
dataset/jpg/unlabeled/image_00015.jpg,jpg/image_00015.jpg,unlabeled,1.0,1.391,0.694,0.232,0.16,0.112,0.0
dataset/jpg/unlabeled/image_00016.jpg,jpg/image_00016.jpg,unlabeled,1.0,1.263,0.753,0.277,0.023,0.094,0.0
dataset/jpg/unlabeled/image_00017.jpg,jpg/image_00017.jpg,unlabeled,1.0,1.033,0.742,0.334,0.05,0.067,0.0
dataset/jpg/unlabeled/image_00021.jpg,jpg/image_00021.jpg,unlabeled,1.0,1.181,0.881,0.347,0.097,0.095,0.0
dataset/jpg/unlabeled/image_00022.jpg,jpg/image_00022.jpg,unlabeled,1.0,0.756,0.854,0.3,0.03,0.058,0.0
dataset/jpg/unlabeled/image_00024.jpg,jpg/image_00024.jpg,unlabeled,1.0,1.229,0.818,0.309,0.011,0.115,0.0
dataset/jpg/unlabeled/image_00025.jpg,jpg/image_00025.jpg,unlabeled,1.0,1.229,0.909,0.344,0.034,0.103,0.0
dataset/jpg/unlabeled/image_00028.jpg,jpg/image_00028.jpg,unlabeled,1.0,1.086,0.702,0.3,0.071,0.044,0.0
dataset/jpg/unlabeled/image_00029.jpg,jpg/image_00029.jpg,unlabeled,1.0,1.222,0.918,0.349,0.057,0.082,0.0
dataset/jpg/unlabeled/image_00030.jpg,jpg/image_00030.jpg,unlabeled,1.0,1.221,0.87,0.331,0.073,0.107,0.0
dataset/jpg/unlabeled/image_00031.jpg,jpg/image_00031.jpg,unlabeled,1.0,0.989,0.81,0.372,0.12,0.056,0.0
dataset/jpg/unlabeled/image_00032.jpg,jpg/image_00032.jpg,unlabeled,1.0,1.093,0.968,0.412,0.009,0.051,0.0
dataset/jpg/unlabeled/image_00033.jpg,jpg/image_00033.jpg,unlabeled,1.0,1.101,0.764,0.322,0.023,0.049,0.0
dataset/jpg/unlabeled/image_00034.jpg,jpg/image_00034.jpg,unlabeled,1.0,1.205,0.752,0.29,0.068,0.102,0.0
dataset/jpg/unlabeled/image_00035.jpg,jpg/image_00035.jpg,unlabeled,1.0,0.989,0.922,0.424,0.021,0.024,0.0
dataset/jpg/unlabeled/image_00037.jpg,jpg/image_00037.jpg,unlabeled,1.0,1.2,0.712,0.276,0.017,0.103,0.0
dataset/jpg/unlabeled/image_00039.jpg,jpg/image_00039.jpg,unlabeled,1.0,1.101,0.799,0.337,0.066,0.003,0.0
dataset/jpg/unlabeled/image_00041.jpg,jpg/image_00041.jpg,unlabeled,1.0,1.312,0.894,0.316,0.004,0.068,0.0
dataset/jpg/unlabeled/image_00042.jpg,jpg/image_00042.jpg,unlabeled,1.0,1.026,0.858,0.389,0.01,0.03,0.0
dataset/jpg/unlabeled/image_00043.jpg,jpg/image_00043.jpg,unlabeled,1.0,1.045,0.818,0.364,0.108,0.01,0.0
dataset/jpg/unlabeled/image_00044.jpg,jpg/image_00044.jpg,unlabeled,1.0,1.024,0.765,0.347,0.106,0.001,0.0
dataset/jpg/unlabeled/image_00046.jpg,jpg/image_00046.jpg,unlabeled,1.0,1.125,0.798,0.33,0.063,0.051,0.0
dataset/jpg/unlabeled/image_00047.jpg,jpg/image_00047.jpg,unlabeled,1.0,1.243,0.598,0.224,0.028,0.118,0.0
dataset/jpg/unlabeled/image_00049.jpg,jpg/image_00049.jpg,unlabeled,1.0,1.124,0.761,0.315,0.046,0.079,0.0
dataset/jpg/unlabeled/image_00053.jpg,jpg/image_00053.jpg,unlabeled,1.0,0.981,0.652,0.297,0.106,0.015,0.0
dataset/jpg/unlabeled/image_00054.jpg,jpg/image_00054.jpg,unlabeled,1.0,1.053,0.938,0.414,0.007,0.0,0.0
dataset/jpg/unlabeled/image_00056.jpg,jpg/image_00056.jpg,unlabeled,1.0,1.38,0.697,0.235,0.074,0.116,0.0
dataset/jpg/unlabeled/image_00058.jpg,jpg/image_00058.jpg,unlabeled,1.0,1.132,0.823,0.338,0.008,0.032,0.0
dataset/jpg/unlabeled/image_00060.jpg,jpg/image_00060.jpg,unlabeled,1.0,0.987,0.872,0.4,0.134,0.0,0.0
dataset/jpg/unlabeled/image_00061.jpg,jpg/image_00061.jpg,unlabeled,1.0,1.011,0.781,0.359,0.017,0.0,0.0
dataset/jpg/unlabeled/image_00062.jpg,jpg/image_00062.jpg,unlabeled,1.0,1.16,0.759,0.304,0.019,0.094,0.0
dataset/jpg/unlabeled/image_00063.jpg,jpg/image_00063.jpg,unlabeled,1.0,1.089,0.787,0.336,0.059,0.053,0.0
dataset/jpg/unlabeled/image_00065.jpg,jpg/image_00065.jpg,unlabeled,1.0,1.022,0.802,0.365,0.078,0.0,0.0
dataset/jpg/unlabeled/image_00066.jpg,jpg/image_00066.jpg,unlabeled,1.0,1.221,0.684,0.26,0.025,0.075,0.0
dataset/jpg/unlabeled/image_00067.jpg,jpg/image_00067.jpg,unlabeled,1.0,1.123,0.853,0.353,0.084,0.0,0.0
dataset/jpg/unlabeled/image_00068.jpg,jpg/image_00068.jpg,unlabeled,1.0,1.09,0.8,0.341,0.041,0.038,0.0
dataset/jpg/unlabeled/image_00070.jpg,jpg/image_00070.jpg,unlabeled,1.0,1.414,0.817,0.268,0.104,0.118,0.0
dataset/jpg/unlabeled/image_00072.jpg,jpg/image_00072.jpg,unlabeled,1.0,1.158,0.751,0.302,0.038,0.084,0.0
dataset/jpg/unlabeled/image_00073.jpg,jpg/image_00073.jpg,unlabeled,1.0,0.931,0.631,0.273,0.078,0.0,0.0
dataset/jpg/unlabeled/image_00075.jpg,jpg/image_00075.jpg,unlabeled,1.0,1.093,0.733,0.312,0.013,0.016,0.0
dataset/jpg/unlabeled/image_00076.jpg,jpg/image_00076.jpg,unlabeled,1.0,1.25,0.833,0.31,0.023,0.076,0.0
dataset/jpg/unlabeled/image_00078.jpg,jpg/image_00078.jpg,unlabeled,1.0,1.033,0.752,0.338,0.162,0.0,0.0
dataset/jpg/unlabeled/image_00080.jpg,jpg/image_00080.jpg,unlabeled,1.0,1.095,0.802,0.34,0.042,0.015,0.0
dataset/jpg/unlabeled/image_00081.jpg,jpg/image_00081.jpg,unlabeled,1.0,1.024,0.757,0.344,0.057,0.0,0.0
dataset/jpg/unlabeled/image_00085.jpg,jpg/image_00085.jpg,unlabeled,1.0,1.198,0.694,0.269,0.069,0.11,0.0
dataset/jpg/unlabeled/image_00086.jpg,jpg/image_00086.jpg,unlabeled,1.0,1.125,0.734,0.303,0.082,0.074,0.0
dataset/jpg/unlabeled/image_00087.jpg,jpg/image_00087.jpg,unlabeled,1.0,0.968,0.823,0.37,0.02,0.0,0.0
dataset/jpg/unlabeled/image_00089.jpg,jpg/image_00089.jpg,unlabeled,1.0,1.111,0.881,0.368,0.084,0.097,0.0
dataset/jpg/unlabeled/image_00090.jpg,jpg/image_00090.jpg,unlabeled,1.0,1.272,0.812,0.297,0.024,0.09,0.0
dataset/jpg/unlabeled/image_00092.jpg,jpg/image_00092.jpg,unlabeled,1.0,1.108,0.754,0.316,0.098,0.055,0.0
dataset/jpg/unlabeled/image_00093.jpg,jpg/image_00093.jpg,unlabeled,1.0,0.934,0.654,0.284,0.061,0.0,0.0
dataset/jpg/unlabeled/image_00094.jpg,jpg/image_00094.jpg,unlabeled,1.0,1.115,0.809,0.337,0.012,0.079,0.0
dataset/jpg/unlabeled/image_00095.jpg,jpg/image_00095.jpg,unlabeled,1.0,0.887,0.908,0.374,0.052,0.0,0.0
dataset/jpg/unlabeled/image_00097.jpg,jpg/image_00097.jpg,unlabeled,1.0,1.357,0.669,0.229,0.042,0.111,0.0
dataset/jpg/unlabeled/image_00099.jpg,jpg/image_00099.jpg,unlabeled,1.0,1.349,0.886,0.305,0.042,0.112,0.0
dataset/jpg/unlabeled/image_00100.jpg,jpg/image_00100.jpg,unlabeled,1.0,1.183,0.675,0.265,0.112,0.105,0.0
dataset/jpg/unlabeled/image_00101.jpg,jpg/image_00101.jpg,unlabeled,1.0,1.0,0.772,0.359,0.095,0.0,0.0
dataset/jpg/unlabeled/image_00102.jpg,jpg/image_00102.jpg,unlabeled,1.0,0.945,0.71,0.312,0.043,0.07,0.0
dataset/jpg/unlabeled/image_00103.jpg,jpg/image_00103.jpg,unlabeled,1.0,1.069,0.789,0.343,0.067,0.0,0.0
dataset/jpg/unlabeled/image_00104.jpg,jpg/image_00104.jpg,unlabeled,1.0,1.0,0.735,0.341,0.119,0.003,0.0
dataset/jpg/unlabeled/image_00105.jpg,jpg/image_00105.jpg,unlabeled,1.0,1.24,0.942,0.353,0.048,0.078,0.0
dataset/jpg/unlabeled/image_00107.jpg,jpg/image_00107.jpg,unlabeled,1.0,0.87,0.56,0.227,0.109,0.047,0.001
dataset/jpg/unlabeled/image_00108.jpg,jpg/image_00108.jpg,unlabeled,1.0,1.0,0.698,0.324,0.053,0.041,0.0
dataset/jpg/unlabeled/image_00110.jpg,jpg/image_00110.jpg,unlabeled,1.0,1.211,0.913,0.351,0.066,0.101,0.0
dataset/jpg/unlabeled/image_00111.jpg,jpg/image_00111.jpg,unlabeled,1.0,1.169,0.763,0.303,0.054,0.064,0.0
dataset/jpg/unlabeled/image_00112.jpg,jpg/image_00112.jpg,unlabeled,1.0,1.165,0.864,0.345,0.042,0.101,0.0
dataset/jpg/unlabeled/image_00114.jpg,jpg/image_00114.jpg,unlabeled,1.0,1.023,0.708,0.322,0.047,0.0,0.0
dataset/jpg/unlabeled/image_00115.jpg,jpg/image_00115.jpg,unlabeled,1.0,1.136,0.843,0.345,0.014,0.002,0.0
dataset/jpg/unlabeled/image_00116.jpg,jpg/image_00116.jpg,unlabeled,1.0,1.033,0.686,0.309,0.037,0.023,0.0
dataset/jpg/unlabeled/image_00117.jpg,jpg/image_00117.jpg,unlabeled,1.0,1.088,0.743,0.317,0.049,0.054,0.0
dataset/jpg/unlabeled/image_00119.jpg,jpg/image_00119.jpg,unlabeled,1.0,1.024,0.856,0.389,0.043,0.0,0.0
dataset/jpg/unlabeled/image_00120.jpg,jpg/image_00120.jpg,unlabeled,1.0,1.116,0.846,0.352,0.134,0.069,0.0
dataset/jpg/unlabeled/image_00121.jpg,jpg/image_00121.jpg,unlabeled,1.0,1.241,0.879,0.329,0.05,0.069,0.0
dataset/jpg/unlabeled/image_00122.jpg,jpg/image_00122.jpg,unlabeled,1.0,1.026,0.747,0.338,0.03,0.0,0.0
dataset/jpg/unlabeled/image_00123.jpg,jpg/image_00123.jpg,unlabeled,1.0,1.191,0.726,0.283,0.101,0.006,0.0
dataset/jpg/unlabeled/image_00125.jpg,jpg/image_00125.jpg,unlabeled,1.0,1.279,0.753,0.274,0.077,0.091,0.0
dataset/jpg/unlabeled/image_00126.jpg,jpg/image_00126.jpg,unlabeled,1.0,1.01,0.646,0.297,0.028,0.0,0.0
dataset/jpg/unlabeled/image_00127.jpg,jpg/image_00127.jpg,unlabeled,1.0,1.086,0.742,0.317,0.032,0.059,0.0
dataset/jpg/unlabeled/image_00130.jpg,jpg/image_00130.jpg,unlabeled,1.0,1.152,0.821,0.331,0.076,0.073,0.0
dataset/jpg/unlabeled/image_00132.jpg,jpg/image_00132.jpg,unlabeled,1.0,1.365,0.833,0.283,0.075,0.058,0.0
dataset/jpg/unlabeled/image_00133.jpg,jpg/image_00133.jpg,unlabeled,1.0,1.405,0.739,0.244,0.067,0.086,0.0
dataset/jpg/unlabeled/image_00134.jpg,jpg/image_00134.jpg,unlabeled,1.0,1.241,0.683,0.256,0.015,0.045,0.0
dataset/jpg/unlabeled/image_00136.jpg,jpg/image_00136.jpg,unlabeled,1.0,1.262,0.798,0.294,0.03,0.057,0.0
dataset/jpg/unlabeled/image_00137.jpg,jpg/image_00137.jpg,unlabeled,1.0,0.839,0.758,0.296,0.024,0.017,0.0
dataset/jpg/unlabeled/image_00138.jpg,jpg/image_00138.jpg,unlabeled,1.0,1.025,0.92,0.417,0.079,0.0,0.0
dataset/jpg/unlabeled/image_00139.jpg,jpg/image_00139.jpg,unlabeled,1.0,1.053,0.806,0.356,0.121,0.0,0.0
dataset/jpg/unlabeled/image_00143.jpg,jpg/image_00143.jpg,unlabeled,1.0,1.321,0.724,0.255,0.018,0.099,0.0
dataset/jpg/unlabeled/image_00145.jpg,jpg/image_00145.jpg,unlabeled,1.0,1.114,0.737,0.307,0.013,0.066,0.0
dataset/jpg/unlabeled/image_00146.jpg,jpg/image_00146.jpg,unlabeled,1.0,1.0,0.784,0.364,0.04,0.0,0.0
dataset/jpg/unlabeled/image_00147.jpg,jpg/image_00147.jpg,unlabeled,1.0,1.053,0.842,0.372,0.037,0.056,0.0
dataset/jpg/unlabeled/image_00152.jpg,jpg/image_00152.jpg,unlabeled,1.0,1.16,0.911,0.365,0.024,0.081,0.0
dataset/jpg/unlabeled/image_00153.jpg,jpg/image_00153.jpg,unlabeled,1.0,1.021,0.796,0.362,0.153,0.059,0.0
dataset/jpg/unlabeled/image_00154.jpg,jpg/image_00154.jpg,unlabeled,1.0,1.116,0.726,0.302,0.023,0.041,0.0
dataset/jpg/unlabeled/image_00155.jpg,jpg/image_00155.jpg,unlabeled,1.0,1.146,0.692,0.281,0.101,0.116,0.0
dataset/jpg/unlabeled/image_00156.jpg,jpg/image_00156.jpg,unlabeled,1.0,0.944,0.779,0.342,0.06,0.041,0.0
dataset/jpg/unlabeled/image_00157.jpg,jpg/image_00157.jpg,unlabeled,1.0,1.042,0.674,0.301,0.024,0.058,0.0
dataset/jpg/unlabeled/image_00158.jpg,jpg/image_00158.jpg,unlabeled,1.0,1.151,0.814,0.329,0.007,0.057,0.0
dataset/jpg/unlabeled/image_00159.jpg,jpg/image_00159.jpg,unlabeled,1.0,1.0,0.719,0.334,0.1,0.0,0.0
dataset/jpg/unlabeled/image_00160.jpg,jpg/image_00160.jpg,unlabeled,1.0,0.967,0.779,0.35,0.043,0.025,0.0
dataset/jpg/unlabeled/image_00162.jpg,jpg/image_00162.jpg,unlabeled,1.0,0.903,0.851,0.357,0.075,0.0,0.0
dataset/jpg/unlabeled/image_00164.jpg,jpg/image_00164.jpg,unlabeled,1.0,1.137,0.824,0.337,0.064,0.012,0.0
dataset/jpg/unlabeled/image_00165.jpg,jpg/image_00165.jpg,unlabeled,1.0,1.076,0.822,0.355,0.04,0.04,0.0
dataset/jpg/unlabeled/image_00166.jpg,jpg/image_00166.jpg,unlabeled,1.0,1.151,0.778,0.314,0.065,0.081,0.0
dataset/jpg/unlabeled/image_00168.jpg,jpg/image_00168.jpg,unlabeled,1.0,0.883,0.645,0.265,0.024,0.085,0.0
dataset/jpg/unlabeled/image_00169.jpg,jpg/image_00169.jpg,unlabeled,1.0,1.023,0.764,0.347,0.026,0.018,0.0
dataset/jpg/unlabeled/image_00171.jpg,jpg/image_00171.jpg,unlabeled,1.0,0.904,0.724,0.304,0.096,0.032,0.0
dataset/jpg/unlabeled/image_00172.jpg,jpg/image_00172.jpg,unlabeled,1.0,1.021,0.81,0.369,0.029,0.052,0.0
dataset/jpg/unlabeled/image_00174.jpg,jpg/image_00174.jpg,unlabeled,1.0,1.116,0.783,0.326,0.039,0.081,0.0
dataset/jpg/unlabeled/image_00175.jpg,jpg/image_00175.jpg,unlabeled,1.0,1.115,0.761,0.317,0.083,0.088,0.0
dataset/jpg/unlabeled/image_00176.jpg,jpg/image_00176.jpg,unlabeled,1.0,0.965,0.934,0.419,0.093,0.0,0.0
dataset/jpg/unlabeled/image_00178.jpg,jpg/image_00178.jpg,unlabeled,1.0,1.211,0.96,0.368,0.089,0.088,0.0
dataset/jpg/unlabeled/image_00179.jpg,jpg/image_00179.jpg,unlabeled,1.0,1.073,0.984,0.426,0.048,0.041,0.0
dataset/jpg/unlabeled/image_00181.jpg,jpg/image_00181.jpg,unlabeled,1.0,1.12,0.85,0.353,0.09,0.062,0.0
dataset/jpg/unlabeled/image_00183.jpg,jpg/image_00183.jpg,unlabeled,1.0,1.439,0.731,0.236,0.144,0.037,0.0
dataset/jpg/unlabeled/image_00186.jpg,jpg/image_00186.jpg,unlabeled,1.0,1.181,0.848,0.334,0.065,0.06,0.0
dataset/jpg/unlabeled/image_00187.jpg,jpg/image_00187.jpg,unlabeled,1.0,1.096,0.828,0.351,0.021,0.0,0.0
dataset/jpg/unlabeled/image_00188.jpg,jpg/image_00188.jpg,unlabeled,1.0,1.025,0.788,0.357,0.118,0.073,0.0
dataset/jpg/unlabeled/image_00192.jpg,jpg/image_00192.jpg,unlabeled,1.0,0.81,0.726,0.273,0.018,0.102,0.0
dataset/jpg/unlabeled/image_00193.jpg,jpg/image_00193.jpg,unlabeled,1.0,1.043,0.886,0.395,0.036,0.034,0.0
dataset/jpg/unlabeled/image_00194.jpg,jpg/image_00194.jpg,unlabeled,1.0,0.967,0.91,0.409,0.162,0.032,0.0
dataset/jpg/unlabeled/image_00196.jpg,jpg/image_00196.jpg,unlabeled,1.0,1.053,0.68,0.3,0.049,0.057,0.0
dataset/jpg/unlabeled/image_00197.jpg,jpg/image_00197.jpg,unlabeled,1.0,1.234,0.782,0.294,0.021,0.118,0.0
dataset/jpg/unlabeled/image_00198.jpg,jpg/image_00198.jpg,unlabeled,1.0,1.145,0.853,0.346,0.122,0.087,0.0
dataset/jpg/unlabeled/image_00199.jpg,jpg/image_00199.jpg,unlabeled,1.0,0.984,0.781,0.357,0.085,0.0,0.0
dataset/jpg/unlabeled/image_00201.jpg,jpg/image_00201.jpg,unlabeled,1.0,1.177,0.838,0.331,0.075,0.093,0.0
dataset/jpg/unlabeled/image_00202.jpg,jpg/image_00202.jpg,unlabeled,1.0,1.197,0.851,0.33,0.155,0.023,0.0
dataset/jpg/unlabeled/image_00203.jpg,jpg/image_00203.jpg,unlabeled,1.0,1.032,0.618,0.278,0.041,0.056,0.0
dataset/jpg/unlabeled/image_00204.jpg,jpg/image_00204.jpg,unlabeled,1.0,0.992,0.86,0.396,0.072,0.053,0.0
dataset/jpg/unlabeled/image_00206.jpg,jpg/image_00206.jpg,unlabeled,1.0,0.856,0.735,0.292,0.081,0.059,0.0
dataset/jpg/unlabeled/image_00209.jpg,jpg/image_00209.jpg,unlabeled,1.0,0.935,0.804,0.349,0.096,0.0,0.0
dataset/jpg/unlabeled/image_00211.jpg,jpg/image_00211.jpg,unlabeled,1.0,1.123,0.765,0.317,0.08,0.052,0.0
dataset/jpg/unlabeled/image_00213.jpg,jpg/image_00213.jpg,unlabeled,1.0,1.022,0.818,0.372,0.089,0.029,0.0
dataset/jpg/unlabeled/image_00214.jpg,jpg/image_00214.jpg,unlabeled,1.0,1.06,0.785,0.344,0.021,0.039,0.0
dataset/jpg/unlabeled/image_00215.jpg,jpg/image_00215.jpg,unlabeled,1.0,1.152,0.965,0.389,0.038,0.095,0.0
dataset/jpg/unlabeled/image_00217.jpg,jpg/image_00217.jpg,unlabeled,1.0,1.111,0.791,0.331,0.067,0.026,0.004
dataset/jpg/unlabeled/image_00219.jpg,jpg/image_00219.jpg,unlabeled,1.0,1.096,0.739,0.314,0.059,0.038,0.0
dataset/jpg/unlabeled/image_00221.jpg,jpg/image_00221.jpg,unlabeled,1.0,1.013,0.792,0.364,0.096,0.025,0.0
dataset/jpg/unlabeled/image_00223.jpg,jpg/image_00223.jpg,unlabeled,1.0,0.946,0.933,0.41,0.117,0.029,0.0
dataset/jpg/unlabeled/image_00224.jpg,jpg/image_00224.jpg,unlabeled,1.0,0.842,0.663,0.26,0.1,0.0,0.0
dataset/jpg/unlabeled/image_00225.jpg,jpg/image_00225.jpg,unlabeled,1.0,1.076,0.708,0.306,0.175,0.056,0.0
dataset/jpg/unlabeled/image_00228.jpg,jpg/image_00228.jpg,unlabeled,1.0,1.054,0.808,0.356,0.147,0.03,0.0
dataset/jpg/unlabeled/image_00229.jpg,jpg/image_00229.jpg,unlabeled,1.0,1.16,0.964,0.386,0.006,0.085,0.0
dataset/jpg/unlabeled/image_00230.jpg,jpg/image_00230.jpg,unlabeled,1.0,1.024,0.591,0.268,0.052,0.0,0.0
dataset/jpg/unlabeled/image_00231.jpg,jpg/image_00231.jpg,unlabeled,1.0,1.403,0.732,0.242,0.114,0.094,0.0
dataset/jpg/unlabeled/image_00232.jpg,jpg/image_00232.jpg,unlabeled,1.0,1.076,0.726,0.313,0.053,0.038,0.0
dataset/jpg/unlabeled/image_00233.jpg,jpg/image_00233.jpg,unlabeled,1.0,1.219,0.779,0.297,0.12,0.041,0.001
dataset/jpg/unlabeled/image_00234.jpg,jpg/image_00234.jpg,unlabeled,1.0,1.19,0.821,0.321,0.04,0.095,0.0
dataset/jpg/unlabeled/image_00235.jpg,jpg/image_00235.jpg,unlabeled,1.0,0.779,0.669,0.242,0.166,0.061,0.0
dataset/jpg/unlabeled/image_00236.jpg,jpg/image_00236.jpg,unlabeled,1.0,0.89,0.795,0.329,0.113,0.082,0.0
dataset/jpg/unlabeled/image_00237.jpg,jpg/image_00237.jpg,unlabeled,1.0,1.37,0.752,0.255,0.02,0.096,0.0
dataset/jpg/unlabeled/image_00240.jpg,jpg/image_00240.jpg,unlabeled,1.0,1.139,0.917,0.374,0.081,0.028,0.0
dataset/jpg/unlabeled/image_00241.jpg,jpg/image_00241.jpg,unlabeled,1.0,0.896,0.771,0.321,0.098,0.009,0.0
dataset/jpg/unlabeled/image_00242.jpg,jpg/image_00242.jpg,unlabeled,1.0,1.114,0.733,0.306,0.054,0.033,0.0
dataset/jpg/unlabeled/image_00245.jpg,jpg/image_00245.jpg,unlabeled,1.0,1.049,0.889,0.394,0.084,0.028,0.0
dataset/jpg/unlabeled/image_00247.jpg,jpg/image_00247.jpg,unlabeled,1.0,0.829,0.813,0.313,0.089,0.033,0.0
dataset/jpg/unlabeled/image_00251.jpg,jpg/image_00251.jpg,unlabeled,1.0,1.0,0.813,0.378,0.035,0.0,0.0
dataset/jpg/unlabeled/image_00253.jpg,jpg/image_00253.jpg,unlabeled,1.0,1.423,0.707,0.231,0.055,0.041,0.0
dataset/jpg/unlabeled/image_00264.jpg,jpg/image_00264.jpg,unlabeled,1.0,1.27,0.817,0.299,0.063,0.075,0.0
dataset/jpg/unlabeled/image_00265.jpg,jpg/image_00265.jpg,unlabeled,1.0,0.976,0.751,0.341,0.059,0.008,0.0
dataset/jpg/unlabeled/image_00269.jpg,jpg/image_00269.jpg,unlabeled,1.0,1.132,0.87,0.357,0.121,0.046,0.0
dataset/jpg/unlabeled/image_00270.jpg,jpg/image_00270.jpg,unlabeled,1.0,1.247,0.671,0.25,0.036,0.052,0.0
dataset/jpg/unlabeled/image_00273.jpg,jpg/image_00273.jpg,unlabeled,1.0,0.961,0.728,0.325,0.044,0.0,0.0
dataset/jpg/unlabeled/image_00274.jpg,jpg/image_00274.jpg,unlabeled,1.0,1.414,0.794,0.261,0.031,0.068,0.0
dataset/jpg/unlabeled/image_00275.jpg,jpg/image_00275.jpg,unlabeled,1.0,1.074,0.685,0.296,0.024,0.048,0.0
dataset/jpg/unlabeled/image_00276.jpg,jpg/image_00276.jpg,unlabeled,1.0,1.027,0.899,0.406,0.071,0.0,0.0
dataset/jpg/unlabeled/image_00279.jpg,jpg/image_00279.jpg,unlabeled,1.0,1.266,0.824,0.302,0.153,0.097,0.0
dataset/jpg/unlabeled/image_00285.jpg,jpg/image_00285.jpg,unlabeled,1.0,1.207,0.72,0.277,0.138,0.04,0.0
dataset/jpg/unlabeled/image_00286.jpg,jpg/image_00286.jpg,unlabeled,1.0,1.212,0.718,0.275,0.042,0.0,0.0
dataset/jpg/unlabeled/image_00289.jpg,jpg/image_00289.jpg,unlabeled,1.0,1.253,0.676,0.251,0.04,0.114,0.0
dataset/jpg/unlabeled/image_00294.jpg,jpg/image_00294.jpg,unlabeled,1.0,1.118,0.696,0.289,0.074,0.084,0.0
dataset/jpg/unlabeled/image_00297.jpg,jpg/image_00297.jpg,unlabeled,1.0,1.082,0.793,0.341,0.134,0.075,0.0
dataset/jpg/unlabeled/image_00299.jpg,jpg/image_00299.jpg,unlabeled,1.0,1.182,0.925,0.364,0.046,0.092,0.0
dataset/jpg/unlabeled/image_00301.jpg,jpg/image_00301.jpg,unlabeled,1.0,0.981,0.727,0.331,0.086,0.051,0.0
dataset/jpg/unlabeled/image_00305.jpg,jpg/image_00305.jpg,unlabeled,1.0,1.212,0.784,0.3,0.151,0.063,0.0
dataset/jpg/unlabeled/image_00306.jpg,jpg/image_00306.jpg,unlabeled,1.0,1.054,0.678,0.299,0.117,0.034,0.0
dataset/jpg/unlabeled/image_00307.jpg,jpg/image_00307.jpg,unlabeled,1.0,1.06,0.718,0.315,0.056,0.054,0.0
dataset/jpg/unlabeled/image_00308.jpg,jpg/image_00308.jpg,unlabeled,1.0,1.206,0.849,0.327,0.164,0.023,0.0
dataset/jpg/unlabeled/image_00309.jpg,jpg/image_00309.jpg,unlabeled,1.0,1.391,0.73,0.244,0.154,0.073,0.0
dataset/jpg/unlabeled/image_00310.jpg,jpg/image_00310.jpg,unlabeled,1.0,1.211,0.976,0.375,0.161,0.088,0.0
dataset/jpg/unlabeled/image_00312.jpg,jpg/image_00312.jpg,unlabeled,1.0,1.312,0.727,0.258,0.024,0.115,0.0
dataset/jpg/unlabeled/image_00313.jpg,jpg/image_00313.jpg,unlabeled,1.0,1.027,0.649,0.294,0.064,0.034,0.0
dataset/jpg/unlabeled/image_00314.jpg,jpg/image_00314.jpg,unlabeled,1.0,1.208,0.833,0.321,0.092,0.079,0.0
dataset/jpg/unlabeled/image_00316.jpg,jpg/image_00316.jpg,unlabeled,1.0,1.02,0.842,0.383,0.138,0.02,0.0
dataset/jpg/unlabeled/image_00317.jpg,jpg/image_00317.jpg,unlabeled,1.0,1.419,0.74,0.242,0.035,0.119,0.0
dataset/jpg/unlabeled/image_00319.jpg,jpg/image_00319.jpg,unlabeled,1.0,1.313,0.774,0.274,0.06,0.01,0.0
dataset/jpg/unlabeled/image_00320.jpg,jpg/image_00320.jpg,unlabeled,1.0,0.941,0.781,0.342,0.119,0.0,0.0
dataset/jpg/unlabeled/image_00321.jpg,jpg/image_00321.jpg,unlabeled,1.0,1.343,0.664,0.23,0.017,0.003,0.0
dataset/jpg/unlabeled/image_00322.jpg,jpg/image_00322.jpg,unlabeled,1.0,1.386,0.76,0.255,0.143,0.015,0.0
dataset/jpg/unlabeled/image_00323.jpg,jpg/image_00323.jpg,unlabeled,1.0,0.876,0.882,0.359,0.088,0.004,0.0
dataset/jpg/unlabeled/image_00332.jpg,jpg/image_00332.jpg,unlabeled,1.0,1.02,0.788,0.359,0.086,0.034,0.0
dataset/jpg/unlabeled/image_00334.jpg,jpg/image_00334.jpg,unlabeled,1.0,1.04,0.616,0.275,0.075,0.0,0.0
dataset/jpg/unlabeled/image_00335.jpg,jpg/image_00335.jpg,unlabeled,1.0,1.029,0.777,0.351,0.053,0.0,0.0
dataset/jpg/unlabeled/image_00336.jpg,jpg/image_00336.jpg,unlabeled,1.0,1.079,0.74,0.319,0.061,0.026,0.0
dataset/jpg/unlabeled/image_00337.jpg,jpg/image_00337.jpg,unlabeled,1.0,1.076,0.741,0.32,0.098,0.091,0.0
dataset/jpg/unlabeled/image_00339.jpg,jpg/image_00339.jpg,unlabeled,1.0,1.214,0.685,0.262,0.134,0.054,0.0
dataset/jpg/unlabeled/image_00340.jpg,jpg/image_00340.jpg,unlabeled,1.0,0.852,0.833,0.33,0.096,0.053,0.0
dataset/jpg/unlabeled/image_00341.jpg,jpg/image_00341.jpg,unlabeled,1.0,1.321,0.703,0.247,0.059,0.118,0.0
dataset/jpg/unlabeled/image_00342.jpg,jpg/image_00342.jpg,unlabeled,1.0,1.053,0.892,0.394,0.076,0.017,0.0
dataset/jpg/unlabeled/image_00344.jpg,jpg/image_00344.jpg,unlabeled,1.0,1.019,0.638,0.291,0.118,0.047,0.0
dataset/jpg/unlabeled/image_00345.jpg,jpg/image_00345.jpg,unlabeled,1.0,1.295,0.757,0.271,0.106,0.108,0.0
dataset/jpg/unlabeled/image_00348.jpg,jpg/image_00348.jpg,unlabeled,0.941,1.024,0.592,0.269,0.047,0.0,0.013
dataset/jpg/unlabeled/image_00352.jpg,jpg/image_00352.jpg,unlabeled,1.0,1.144,0.614,0.25,0.128,0.063,0.0
dataset/jpg/unlabeled/image_00353.jpg,jpg/image_00353.jpg,unlabeled,1.0,1.051,0.61,0.27,0.047,0.007,0.0
dataset/jpg/unlabeled/image_00355.jpg,jpg/image_00355.jpg,unlabeled,1.0,1.147,0.774,0.313,0.017,0.0,0.0
dataset/jpg/unlabeled/image_00356.jpg,jpg/image_00356.jpg,unlabeled,1.0,1.167,0.913,0.364,0.031,0.067,0.0
dataset/jpg/unlabeled/image_00358.jpg,jpg/image_00358.jpg,unlabeled,1.0,1.279,0.694,0.252,0.013,0.096,0.0
dataset/jpg/unlabeled/image_00360.jpg,jpg/image_00360.jpg,unlabeled,1.0,0.966,0.713,0.32,0.091,0.0,0.004
dataset/jpg/unlabeled/image_00361.jpg,jpg/image_00361.jpg,unlabeled,1.0,1.107,0.893,0.375,0.025,0.072,0.0
dataset/jpg/unlabeled/image_00365.jpg,jpg/image_00365.jpg,unlabeled,1.0,1.186,0.692,0.271,0.078,0.092,0.0
dataset/jpg/unlabeled/image_00366.jpg,jpg/image_00366.jpg,unlabeled,1.0,1.288,0.822,0.297,0.08,0.091,0.0
dataset/jpg/unlabeled/image_00368.jpg,jpg/image_00368.jpg,unlabeled,1.0,1.365,0.795,0.271,0.113,0.062,0.0
dataset/jpg/unlabeled/image_00374.jpg,jpg/image_00374.jpg,unlabeled,1.0,1.196,0.671,0.261,0.073,0.111,0.0
dataset/jpg/unlabeled/image_00376.jpg,jpg/image_00376.jpg,unlabeled,1.0,1.143,0.66,0.269,0.04,0.076,0.0
dataset/jpg/unlabeled/image_00377.jpg,jpg/image_00377.jpg,unlabeled,1.0,1.419,0.765,0.251,0.061,0.082,0.0
dataset/jpg/unlabeled/image_00379.jpg,jpg/image_00379.jpg,unlabeled,1.0,1.359,0.837,0.286,0.073,0.118,0.0
dataset/jpg/unlabeled/image_00381.jpg,jpg/image_00381.jpg,unlabeled,1.0,1.182,0.752,0.296,0.079,0.008,0.0
dataset/jpg/unlabeled/image_00384.jpg,jpg/image_00384.jpg,unlabeled,1.0,1.099,0.672,0.284,0.116,0.075,0.0
dataset/jpg/unlabeled/image_00386.jpg,jpg/image_00386.jpg,unlabeled,1.0,1.12,0.805,0.334,0.07,0.099,0.0
dataset/jpg/unlabeled/image_00387.jpg,jpg/image_00387.jpg,unlabeled,1.0,1.151,0.848,0.343,0.024,0.049,0.0
dataset/jpg/unlabeled/image_00388.jpg,jpg/image_00388.jpg,unlabeled,1.0,1.057,0.823,0.362,0.103,0.058,0.0
dataset/jpg/unlabeled/image_00390.jpg,jpg/image_00390.jpg,unlabeled,1.0,1.32,0.715,0.252,0.08,0.041,0.0
dataset/jpg/unlabeled/image_00391.jpg,jpg/image_00391.jpg,unlabeled,1.0,1.098,0.755,0.319,0.026,0.057,0.0
dataset/jpg/unlabeled/image_00392.jpg,jpg/image_00392.jpg,unlabeled,1.0,1.194,0.886,0.345,0.127,0.012,0.0
dataset/jpg/unlabeled/image_00395.jpg,jpg/image_00395.jpg,unlabeled,1.0,1.444,0.645,0.208,0.056,0.071,0.0
dataset/jpg/unlabeled/image_00396.jpg,jpg/image_00396.jpg,unlabeled,1.0,0.956,0.905,0.402,0.117,0.0,0.0
dataset/jpg/unlabeled/image_00399.jpg,jpg/image_00399.jpg,unlabeled,1.0,1.024,0.72,0.327,0.097,0.028,0.0
dataset/jpg/unlabeled/image_00401.jpg,jpg/image_00401.jpg,unlabeled,1.0,1.037,0.795,0.356,0.081,0.033,0.0
dataset/jpg/unlabeled/image_00402.jpg,jpg/image_00402.jpg,unlabeled,1.0,1.014,0.818,0.375,0.045,0.0,0.0
dataset/jpg/unlabeled/image_00405.jpg,jpg/image_00405.jpg,unlabeled,1.0,1.417,0.851,0.279,0.023,0.061,0.0
dataset/jpg/unlabeled/image_00407.jpg,jpg/image_00407.jpg,unlabeled,1.0,1.189,0.711,0.278,0.032,0.086,0.0
dataset/jpg/unlabeled/image_00409.jpg,jpg/image_00409.jpg,unlabeled,1.0,1.284,0.792,0.287,0.013,0.03,0.0
dataset/jpg/unlabeled/image_00413.jpg,jpg/image_00413.jpg,unlabeled,1.0,0.885,0.578,0.238,0.088,0.071,0.002
dataset/jpg/unlabeled/image_00420.jpg,jpg/image_00420.jpg,unlabeled,1.0,1.106,0.708,0.297,0.037,0.0,0.0
dataset/jpg/unlabeled/image_00423.jpg,jpg/image_00423.jpg,unlabeled,1.0,0.832,0.881,0.341,0.02,0.112,0.0
dataset/jpg/unlabeled/image_00426.jpg,jpg/image_00426.jpg,unlabeled,1.0,1.038,0.599,0.268,0.053,0.0,0.0
dataset/jpg/unlabeled/image_00428.jpg,jpg/image_00428.jpg,unlabeled,1.0,1.163,0.735,0.294,0.074,0.087,0.0
dataset/jpg/unlabeled/image_00431.jpg,jpg/image_00431.jpg,unlabeled,1.0,1.29,0.651,0.234,0.047,0.03,0.0
dataset/jpg/unlabeled/image_00432.jpg,jpg/image_00432.jpg,unlabeled,1.0,1.254,0.854,0.316,0.078,0.0,0.0
dataset/jpg/unlabeled/image_00434.jpg,jpg/image_00434.jpg,unlabeled,1.0,1.261,0.89,0.328,0.084,0.029,0.0
dataset/jpg/unlabeled/image_00436.jpg,jpg/image_00436.jpg,unlabeled,1.0,1.114,0.934,0.389,0.086,0.071,0.0
dataset/jpg/unlabeled/image_00440.jpg,jpg/image_00440.jpg,unlabeled,1.0,0.989,0.931,0.428,0.116,0.051,0.0
dataset/jpg/unlabeled/image_00441.jpg,jpg/image_00441.jpg,unlabeled,1.0,1.375,0.76,0.257,0.107,0.044,0.0
dataset/jpg/unlabeled/image_00442.jpg,jpg/image_00442.jpg,unlabeled,1.0,1.035,0.732,0.328,0.022,0.003,0.0
dataset/jpg/unlabeled/image_00443.jpg,jpg/image_00443.jpg,unlabeled,1.0,1.096,0.867,0.368,0.052,0.04,0.0
dataset/jpg/unlabeled/image_00444.jpg,jpg/image_00444.jpg,unlabeled,1.0,1.038,0.755,0.338,0.016,0.0,0.0
dataset/jpg/unlabeled/image_00446.jpg,jpg/image_00446.jpg,unlabeled,1.0,1.167,0.939,0.374,0.029,0.102,0.0
dataset/jpg/unlabeled/image_00451.jpg,jpg/image_00451.jpg,unlabeled,1.0,0.72,0.792,0.265,0.06,0.088,0.0
dataset/jpg/unlabeled/image_00458.jpg,jpg/image_00458.jpg,unlabeled,1.0,0.989,0.865,0.398,0.171,0.034,0.0
dataset/jpg/unlabeled/image_00461.jpg,jpg/image_00461.jpg,unlabeled,1.0,1.192,0.844,0.329,0.103,0.111,0.0
dataset/jpg/unlabeled/image_00462.jpg,jpg/image_00462.jpg,unlabeled,1.0,1.126,0.713,0.294,0.158,0.09,0.0
dataset/jpg/unlabeled/image_00463.jpg,jpg/image_00463.jpg,unlabeled,1.0,1.037,0.886,0.397,0.071,0.0,0.0
dataset/jpg/unlabeled/image_00464.jpg,jpg/image_00464.jpg,unlabeled,1.0,1.125,0.801,0.331,0.146,0.042,0.0
dataset/jpg/unlabeled/image_00468.jpg,jpg/image_00468.jpg,unlabeled,1.0,0.768,0.855,0.305,0.135,0.106,0.007
dataset/jpg/unlabeled/image_00472.jpg,jpg/image_00472.jpg,unlabeled,1.0,0.864,0.673,0.27,0.069,0.095,0.0
dataset/jpg/unlabeled/image_00485.jpg,jpg/image_00485.jpg,unlabeled,1.0,1.125,0.671,0.277,0.112,0.11,0.0
dataset/jpg/unlabeled/image_00489.jpg,jpg/image_00489.jpg,unlabeled,1.0,1.126,0.858,0.354,0.043,0.075,0.0
dataset/jpg/unlabeled/image_00490.jpg,jpg/image_00490.jpg,unlabeled,1.0,0.752,0.827,0.289,0.061,0.049,0.0
dataset/jpg/unlabeled/image_00491.jpg,jpg/image_00491.jpg,unlabeled,1.0,1.081,0.717,0.308,0.094,0.022,0.0
dataset/jpg/unlabeled/image_00493.jpg,jpg/image_00493.jpg,unlabeled,1.0,1.41,0.936,0.308,0.078,0.119,0.0
dataset/jpg/unlabeled/image_00494.jpg,jpg/image_00494.jpg,unlabeled,1.0,0.791,0.834,0.307,0.046,0.0,0.0
dataset/jpg/unlabeled/image_00495.jpg,jpg/image_00495.jpg,unlabeled,1.0,1.423,0.642,0.21,0.051,0.097,0.007
dataset/jpg/unlabeled/image_00497.jpg,jpg/image_00497.jpg,unlabeled,1.0,0.979,1.009,0.459,0.081,0.017,0.0
dataset/jpg/unlabeled/image_00501.jpg,jpg/image_00501.jpg,unlabeled,1.0,1.168,0.866,0.344,0.051,0.108,0.0
dataset/jpg/unlabeled/image_00502.jpg,jpg/image_00502.jpg,unlabeled,1.0,0.707,0.84,0.276,0.072,0.0,0.0
dataset/jpg/unlabeled/image_00504.jpg,jpg/image_00504.jpg,unlabeled,1.0,1.01,0.802,0.369,0.093,0.078,0.0
dataset/jpg/unlabeled/image_00508.jpg,jpg/image_00508.jpg,unlabeled,1.0,0.83,0.719,0.278,0.119,0.011,0.0
dataset/jpg/unlabeled/image_00512.jpg,jpg/image_00512.jpg,unlabeled,1.0,0.792,0.736,0.271,0.1,0.09,0.0
dataset/jpg/unlabeled/image_00513.jpg,jpg/image_00513.jpg,unlabeled,1.0,0.931,0.58,0.251,0.078,0.0,0.0
dataset/jpg/unlabeled/image_00514.jpg,jpg/image_00514.jpg,unlabeled,1.0,0.778,0.601,0.217,0.045,0.09,0.0
dataset/jpg/unlabeled/image_00517.jpg,jpg/image_00517.jpg,unlabeled,1.0,0.772,0.735,0.264,0.047,0.049,0.0
dataset/jpg/unlabeled/image_00519.jpg,jpg/image_00519.jpg,unlabeled,1.0,0.937,0.812,0.354,0.106,0.019,0.0
dataset/jpg/unlabeled/image_00521.jpg,jpg/image_00521.jpg,unlabeled,1.0,0.952,0.671,0.297,0.095,0.0,0.0
dataset/jpg/unlabeled/image_00523.jpg,jpg/image_00523.jpg,unlabeled,1.0,1.2,0.668,0.259,0.169,0.107,0.0
dataset/jpg/unlabeled/image_00526.jpg,jpg/image_00526.jpg,unlabeled,1.0,1.0,0.627,0.291,0.051,0.038,0.0
dataset/jpg/unlabeled/image_00529.jpg,jpg/image_00529.jpg,unlabeled,1.0,1.356,0.711,0.244,0.042,0.08,0.0
dataset/jpg/unlabeled/image_00532.jpg,jpg/image_00532.jpg,unlabeled,1.0,1.232,0.76,0.287,0.035,0.089,0.0
dataset/jpg/unlabeled/image_00535.jpg,jpg/image_00535.jpg,unlabeled,1.0,1.043,0.83,0.37,0.079,0.074,0.0
dataset/jpg/unlabeled/image_00538.jpg,jpg/image_00538.jpg,unlabeled,1.0,1.075,0.832,0.36,0.144,0.052,0.0
dataset/jpg/unlabeled/image_00542.jpg,jpg/image_00542.jpg,unlabeled,1.0,1.029,0.857,0.387,0.071,0.04,0.0
dataset/jpg/unlabeled/image_00543.jpg,jpg/image_00543.jpg,unlabeled,1.0,0.893,0.867,0.36,0.125,0.021,0.0
dataset/jpg/unlabeled/image_00547.jpg,jpg/image_00547.jpg,unlabeled,1.0,0.886,0.95,0.391,0.113,0.027,0.0
dataset/jpg/unlabeled/image_00548.jpg,jpg/image_00548.jpg,unlabeled,1.0,1.218,0.738,0.282,0.151,0.097,0.0
dataset/jpg/unlabeled/image_00550.jpg,jpg/image_00550.jpg,unlabeled,1.0,0.989,0.758,0.348,0.16,0.006,0.0
dataset/jpg/unlabeled/image_00552.jpg,jpg/image_00552.jpg,unlabeled,1.0,1.132,0.718,0.295,0.03,0.098,0.0
dataset/jpg/unlabeled/image_00554.jpg,jpg/image_00554.jpg,unlabeled,1.0,1.089,0.875,0.373,0.09,0.021,0.0
dataset/jpg/unlabeled/image_00559.jpg,jpg/image_00559.jpg,unlabeled,1.0,0.937,0.767,0.334,0.076,0.078,0.001
dataset/jpg/unlabeled/image_00563.jpg,jpg/image_00563.jpg,unlabeled,1.0,0.935,0.882,0.383,0.114,0.054,0.0
dataset/jpg/unlabeled/image_00566.jpg,jpg/image_00566.jpg,unlabeled,1.0,1.113,1.013,0.423,0.132,0.055,0.0
dataset/jpg/unlabeled/image_00568.jpg,jpg/image_00568.jpg,unlabeled,1.0,1.221,0.72,0.274,0.058,0.104,0.0
dataset/jpg/unlabeled/image_00571.jpg,jpg/image_00571.jpg,unlabeled,1.0,0.89,0.835,0.345,0.063,0.075,0.0
dataset/jpg/unlabeled/image_00572.jpg,jpg/image_00572.jpg,unlabeled,1.0,1.07,0.573,0.249,0.069,0.078,0.0
dataset/jpg/unlabeled/image_00575.jpg,jpg/image_00575.jpg,unlabeled,1.0,0.932,0.6,0.26,0.162,0.0,0.0
dataset/jpg/unlabeled/image_00576.jpg,jpg/image_00576.jpg,unlabeled,1.0,1.292,0.937,0.337,0.094,0.105,0.0
dataset/jpg/unlabeled/image_00577.jpg,jpg/image_00577.jpg,unlabeled,1.0,1.05,0.766,0.339,0.043,0.058,0.0
dataset/jpg/unlabeled/image_00578.jpg,jpg/image_00578.jpg,unlabeled,1.0,0.784,0.737,0.269,0.041,0.0,0.0
dataset/jpg/unlabeled/image_00579.jpg,jpg/image_00579.jpg,unlabeled,1.0,0.951,0.616,0.272,0.117,0.038,0.0
dataset/jpg/unlabeled/image_00582.jpg,jpg/image_00582.jpg,unlabeled,1.0,0.914,0.856,0.363,0.066,0.084,0.0
dataset/jpg/unlabeled/image_00583.jpg,jpg/image_00583.jpg,unlabeled,1.0,0.947,0.808,0.356,0.027,0.024,0.0
dataset/jpg/unlabeled/image_00585.jpg,jpg/image_00585.jpg,unlabeled,1.0,0.813,0.902,0.341,0.135,0.041,0.0
dataset/jpg/unlabeled/image_00587.jpg,jpg/image_00587.jpg,unlabeled,1.0,0.849,0.786,0.31,0.021,0.021,0.0
dataset/jpg/unlabeled/image_00589.jpg,jpg/image_00589.jpg,unlabeled,1.0,0.959,0.81,0.361,0.029,0.064,0.0
dataset/jpg/unlabeled/image_00590.jpg,jpg/image_00590.jpg,unlabeled,1.0,0.967,0.806,0.362,0.047,0.035,0.0
dataset/jpg/unlabeled/image_00591.jpg,jpg/image_00591.jpg,unlabeled,1.0,0.911,0.699,0.296,0.038,0.035,0.0
dataset/jpg/unlabeled/image_00592.jpg,jpg/image_00592.jpg,unlabeled,1.0,0.787,0.821,0.3,0.095,0.0,0.0
dataset/jpg/unlabeled/image_00594.jpg,jpg/image_00594.jpg,unlabeled,1.0,1.159,0.915,0.367,0.048,0.102,0.0
dataset/jpg/unlabeled/image_00596.jpg,jpg/image_00596.jpg,unlabeled,1.0,1.118,0.631,0.262,0.026,0.051,0.0
dataset/jpg/unlabeled/image_00598.jpg,jpg/image_00598.jpg,unlabeled,1.0,1.2,0.951,0.368,0.089,0.097,0.0
dataset/jpg/unlabeled/image_00599.jpg,jpg/image_00599.jpg,unlabeled,1.0,1.043,0.926,0.412,0.031,0.046,0.0
dataset/jpg/unlabeled/image_00600.jpg,jpg/image_00600.jpg,unlabeled,1.0,1.093,0.968,0.412,0.011,0.0,0.0
dataset/jpg/unlabeled/image_00601.jpg,jpg/image_00601.jpg,unlabeled,1.0,1.056,0.974,0.429,0.019,0.054,0.0
dataset/jpg/unlabeled/image_00602.jpg,jpg/image_00602.jpg,unlabeled,1.0,1.042,0.886,0.395,0.142,0.039,0.0
dataset/jpg/unlabeled/image_00606.jpg,jpg/image_00606.jpg,unlabeled,1.0,1.231,1.039,0.393,0.012,0.113,0.0
dataset/jpg/unlabeled/image_00607.jpg,jpg/image_00607.jpg,unlabeled,1.0,0.963,0.911,0.408,0.018,0.014,0.0
dataset/jpg/unlabeled/image_00609.jpg,jpg/image_00609.jpg,unlabeled,1.0,1.009,0.865,0.398,0.037,0.0,0.0
dataset/jpg/unlabeled/image_00611.jpg,jpg/image_00611.jpg,unlabeled,1.0,1.147,0.757,0.307,0.091,0.083,0.0
dataset/jpg/unlabeled/image_00612.jpg,jpg/image_00612.jpg,unlabeled,1.0,0.891,0.856,0.354,0.055,0.031,0.0
dataset/jpg/unlabeled/image_00613.jpg,jpg/image_00613.jpg,unlabeled,1.0,1.019,0.921,0.42,0.094,0.026,0.0
dataset/jpg/unlabeled/image_00614.jpg,jpg/image_00614.jpg,unlabeled,1.0,1.107,0.981,0.412,0.042,0.037,0.0
dataset/jpg/unlabeled/image_00615.jpg,jpg/image_00615.jpg,unlabeled,1.0,0.989,0.921,0.424,0.077,0.005,0.0
dataset/jpg/unlabeled/image_00616.jpg,jpg/image_00616.jpg,unlabeled,1.0,1.122,0.994,0.412,0.064,0.028,0.0
dataset/jpg/unlabeled/image_00618.jpg,jpg/image_00618.jpg,unlabeled,1.0,1.26,0.78,0.288,0.054,0.054,0.0
dataset/jpg/unlabeled/image_00619.jpg,jpg/image_00619.jpg,unlabeled,1.0,1.207,0.923,0.355,0.139,0.101,0.0
dataset/jpg/unlabeled/image_00620.jpg,jpg/image_00620.jpg,unlabeled,1.0,1.021,1.028,0.468,0.087,0.057,0.0
dataset/jpg/unlabeled/image_00624.jpg,jpg/image_00624.jpg,unlabeled,1.0,1.109,0.923,0.387,0.032,0.062,0.0
dataset/jpg/unlabeled/image_00625.jpg,jpg/image_00625.jpg,unlabeled,1.0,1.232,1.068,0.403,0.039,0.107,0.0
dataset/jpg/unlabeled/image_00627.jpg,jpg/image_00627.jpg,unlabeled,1.0,1.084,0.879,0.377,0.099,0.053,0.0
dataset/jpg/unlabeled/image_00629.jpg,jpg/image_00629.jpg,unlabeled,1.0,0.979,0.824,0.375,0.051,0.003,0.0
dataset/jpg/unlabeled/image_00631.jpg,jpg/image_00631.jpg,unlabeled,1.0,1.061,0.826,0.362,0.024,0.049,0.0
dataset/jpg/unlabeled/image_00632.jpg,jpg/image_00632.jpg,unlabeled,1.0,1.179,0.955,0.376,0.021,0.102,0.0
dataset/jpg/unlabeled/image_00633.jpg,jpg/image_00633.jpg,unlabeled,1.0,1.067,0.903,0.393,0.022,0.0,0.0
dataset/jpg/unlabeled/image_00634.jpg,jpg/image_00634.jpg,unlabeled,1.0,1.0,0.973,0.452,0.167,0.022,0.0
dataset/jpg/unlabeled/image_00636.jpg,jpg/image_00636.jpg,unlabeled,1.0,1.129,0.929,0.382,0.027,0.08,0.0
dataset/jpg/unlabeled/image_00638.jpg,jpg/image_00638.jpg,unlabeled,1.0,0.916,0.982,0.418,0.118,0.033,0.0
dataset/jpg/unlabeled/image_00639.jpg,jpg/image_00639.jpg,unlabeled,1.0,1.074,0.926,0.401,0.031,0.078,0.0
dataset/jpg/unlabeled/image_00640.jpg,jpg/image_00640.jpg,unlabeled,1.0,1.104,0.982,0.413,0.09,0.073,0.0
dataset/jpg/unlabeled/image_00641.jpg,jpg/image_00641.jpg,unlabeled,1.0,1.011,0.889,0.409,0.125,0.0,0.0
dataset/jpg/unlabeled/image_00642.jpg,jpg/image_00642.jpg,unlabeled,1.0,0.892,0.795,0.33,0.112,0.052,0.0
dataset/jpg/unlabeled/image_00644.jpg,jpg/image_00644.jpg,unlabeled,1.0,0.96,0.869,0.388,0.096,0.0,0.0
dataset/jpg/unlabeled/image_00645.jpg,jpg/image_00645.jpg,unlabeled,1.0,0.977,0.917,0.416,0.034,0.0,0.0
dataset/jpg/unlabeled/image_00647.jpg,jpg/image_00647.jpg,unlabeled,1.0,0.988,0.758,0.348,0.047,0.002,0.0
dataset/jpg/unlabeled/image_00648.jpg,jpg/image_00648.jpg,unlabeled,1.0,1.268,1.052,0.385,0.068,0.113,0.0
dataset/jpg/unlabeled/image_00651.jpg,jpg/image_00651.jpg,unlabeled,1.0,1.099,0.938,0.397,0.078,0.089,0.0
dataset/jpg/unlabeled/image_00652.jpg,jpg/image_00652.jpg,unlabeled,1.0,1.211,1.055,0.405,0.027,0.104,0.0
dataset/jpg/unlabeled/image_00653.jpg,jpg/image_00653.jpg,unlabeled,1.0,0.989,0.912,0.419,0.084,0.022,0.0
dataset/jpg/unlabeled/image_00654.jpg,jpg/image_00654.jpg,unlabeled,1.0,1.053,1.01,0.446,0.038,0.061,0.0
dataset/jpg/unlabeled/image_00656.jpg,jpg/image_00656.jpg,unlabeled,1.0,1.011,1.024,0.471,0.143,0.024,0.0
dataset/jpg/unlabeled/image_00659.jpg,jpg/image_00659.jpg,unlabeled,1.0,0.906,0.852,0.359,0.016,0.009,0.0
dataset/jpg/unlabeled/image_00660.jpg,jpg/image_00660.jpg,unlabeled,1.0,1.241,0.793,0.297,0.117,0.087,0.0
dataset/jpg/unlabeled/image_00664.jpg,jpg/image_00664.jpg,unlabeled,1.0,0.989,0.818,0.376,0.082,0.021,0.0
dataset/jpg/unlabeled/image_00665.jpg,jpg/image_00665.jpg,unlabeled,1.0,1.135,0.867,0.355,0.039,0.0,0.0
dataset/jpg/unlabeled/image_00666.jpg,jpg/image_00666.jpg,unlabeled,1.0,1.196,0.933,0.363,0.016,0.077,0.0
dataset/jpg/unlabeled/image_00668.jpg,jpg/image_00668.jpg,unlabeled,1.0,1.106,0.942,0.396,0.063,0.069,0.0
dataset/jpg/unlabeled/image_00669.jpg,jpg/image_00669.jpg,unlabeled,1.0,0.96,0.79,0.352,0.046,0.05,0.0
dataset/jpg/unlabeled/image_00670.jpg,jpg/image_00670.jpg,unlabeled,1.0,1.0,0.908,0.422,0.07,0.065,0.0
dataset/jpg/unlabeled/image_00672.jpg,jpg/image_00672.jpg,unlabeled,1.0,1.0,0.941,0.437,0.069,0.0,0.0
dataset/jpg/unlabeled/image_00673.jpg,jpg/image_00673.jpg,unlabeled,1.0,1.179,1.114,0.439,0.064,0.098,0.0
dataset/jpg/unlabeled/image_00674.jpg,jpg/image_00674.jpg,unlabeled,1.0,1.284,0.946,0.342,0.009,0.066,0.0
dataset/jpg/unlabeled/image_00675.jpg,jpg/image_00675.jpg,unlabeled,1.0,1.073,0.983,0.426,0.034,0.056,0.0
dataset/jpg/unlabeled/image_00677.jpg,jpg/image_00677.jpg,unlabeled,1.0,1.029,0.965,0.436,0.071,0.043,0.0
dataset/jpg/unlabeled/image_00679.jpg,jpg/image_00679.jpg,unlabeled,1.0,0.898,0.884,0.369,0.014,0.05,0.0
dataset/jpg/unlabeled/image_00681.jpg,jpg/image_00681.jpg,unlabeled,1.0,1.077,0.74,0.319,0.013,0.034,0.0
dataset/jpg/unlabeled/image_00682.jpg,jpg/image_00682.jpg,unlabeled,1.0,0.883,0.943,0.387,0.068,0.083,0.0
dataset/jpg/unlabeled/image_00683.jpg,jpg/image_00683.jpg,unlabeled,1.0,1.042,0.974,0.434,0.108,0.049,0.0
dataset/jpg/unlabeled/image_00684.jpg,jpg/image_00684.jpg,unlabeled,1.0,1.116,0.844,0.351,0.055,0.067,0.0
dataset/jpg/unlabeled/image_00686.jpg,jpg/image_00686.jpg,unlabeled,1.0,1.167,0.976,0.389,0.135,0.112,0.0
dataset/jpg/unlabeled/image_00687.jpg,jpg/image_00687.jpg,unlabeled,1.0,1.273,0.738,0.269,0.036,0.114,0.0
dataset/jpg/unlabeled/image_00688.jpg,jpg/image_00688.jpg,unlabeled,1.0,1.137,0.994,0.406,0.015,0.088,0.0
dataset/jpg/unlabeled/image_00690.jpg,jpg/image_00690.jpg,unlabeled,0.964,1.084,1.041,0.446,0.107,0.06,0.032
dataset/jpg/unlabeled/image_00691.jpg,jpg/image_00691.jpg,unlabeled,1.0,0.781,0.82,0.298,0.071,0.101,0.0
dataset/jpg/unlabeled/image_00692.jpg,jpg/image_00692.jpg,unlabeled,1.0,1.135,0.821,0.336,0.079,0.019,0.0
dataset/jpg/unlabeled/image_00693.jpg,jpg/image_00693.jpg,unlabeled,1.0,1.2,0.928,0.359,0.043,0.117,0.0
dataset/jpg/unlabeled/image_00694.jpg,jpg/image_00694.jpg,unlabeled,1.0,1.154,0.994,0.4,0.044,0.079,0.0
dataset/jpg/unlabeled/image_00697.jpg,jpg/image_00697.jpg,unlabeled,1.0,1.211,0.944,0.362,0.036,0.107,0.0
dataset/jpg/unlabeled/image_00698.jpg,jpg/image_00698.jpg,unlabeled,1.0,1.06,1.008,0.442,0.046,0.079,0.0
dataset/jpg/unlabeled/image_00699.jpg,jpg/image_00699.jpg,unlabeled,1.0,1.158,1.021,0.41,0.082,0.09,0.0
dataset/jpg/unlabeled/image_00701.jpg,jpg/image_00701.jpg,unlabeled,1.0,0.936,0.768,0.334,0.08,0.054,0.0
dataset/jpg/unlabeled/image_00703.jpg,jpg/image_00703.jpg,unlabeled,1.0,0.781,0.796,0.289,0.122,0.035,0.0
dataset/jpg/unlabeled/image_00704.jpg,jpg/image_00704.jpg,unlabeled,1.0,1.043,0.888,0.396,0.033,0.034,0.0
dataset/jpg/unlabeled/image_00705.jpg,jpg/image_00705.jpg,unlabeled,1.0,0.937,0.877,0.382,0.046,0.059,0.0
dataset/jpg/unlabeled/image_00707.jpg,jpg/image_00707.jpg,unlabeled,1.0,1.119,0.926,0.385,0.084,0.021,0.0
dataset/jpg/unlabeled/image_00708.jpg,jpg/image_00708.jpg,unlabeled,1.0,0.756,0.886,0.312,0.052,0.0,0.0
dataset/jpg/unlabeled/image_00710.jpg,jpg/image_00710.jpg,unlabeled,1.0,1.041,0.972,0.434,0.013,0.045,0.0
dataset/jpg/unlabeled/image_00716.jpg,jpg/image_00716.jpg,unlabeled,1.0,1.188,0.97,0.379,0.127,0.087,0.0
dataset/jpg/unlabeled/image_00717.jpg,jpg/image_00717.jpg,unlabeled,1.0,0.795,0.835,0.309,0.133,0.0,0.0
dataset/jpg/unlabeled/image_00718.jpg,jpg/image_00718.jpg,unlabeled,1.0,1.294,0.938,0.337,0.058,0.038,0.0
dataset/jpg/unlabeled/image_00719.jpg,jpg/image_00719.jpg,unlabeled,1.0,1.053,0.88,0.389,0.031,0.068,0.0
dataset/jpg/unlabeled/image_00720.jpg,jpg/image_00720.jpg,unlabeled,1.0,1.088,0.946,0.404,0.061,0.039,0.0
dataset/jpg/unlabeled/image_00722.jpg,jpg/image_00722.jpg,unlabeled,1.0,1.008,0.776,0.358,0.038,0.031,0.0
dataset/jpg/unlabeled/image_00723.jpg,jpg/image_00723.jpg,unlabeled,1.0,1.115,0.856,0.357,0.035,0.0,0.0
dataset/jpg/unlabeled/image_00724.jpg,jpg/image_00724.jpg,unlabeled,1.0,1.167,1.025,0.408,0.082,0.09,0.0
dataset/jpg/unlabeled/image_00725.jpg,jpg/image_00725.jpg,unlabeled,1.0,1.031,1.067,0.481,0.133,0.048,0.0
dataset/jpg/unlabeled/image_00726.jpg,jpg/image_00726.jpg,unlabeled,1.0,0.957,0.985,0.438,0.054,0.048,0.0
dataset/jpg/unlabeled/image_00727.jpg,jpg/image_00727.jpg,unlabeled,1.0,0.813,0.847,0.32,0.028,0.1,0.0
dataset/jpg/unlabeled/image_00728.jpg,jpg/image_00728.jpg,unlabeled,1.0,1.088,0.942,0.402,0.023,0.0,0.0
dataset/jpg/unlabeled/image_00729.jpg,jpg/image_00729.jpg,unlabeled,1.0,1.221,0.974,0.371,0.087,0.105,0.0
dataset/jpg/unlabeled/image_00730.jpg,jpg/image_00730.jpg,unlabeled,1.0,1.226,0.86,0.326,0.07,0.106,0.0
dataset/jpg/unlabeled/image_00731.jpg,jpg/image_00731.jpg,unlabeled,1.0,1.08,0.912,0.392,0.17,0.065,0.0
dataset/jpg/unlabeled/image_00732.jpg,jpg/image_00732.jpg,unlabeled,1.0,1.045,0.912,0.405,0.091,0.053,0.0
dataset/jpg/unlabeled/image_00733.jpg,jpg/image_00733.jpg,unlabeled,1.0,0.926,0.968,0.417,0.09,0.053,0.0
dataset/jpg/unlabeled/image_00736.jpg,jpg/image_00736.jpg,unlabeled,1.0,0.884,0.785,0.323,0.069,0.04,0.0
dataset/jpg/unlabeled/image_00738.jpg,jpg/image_00738.jpg,unlabeled,1.0,0.939,0.819,0.357,0.086,0.048,0.0
dataset/jpg/unlabeled/image_00740.jpg,jpg/image_00740.jpg,unlabeled,1.0,1.039,0.891,0.398,0.062,0.0,0.0
dataset/jpg/unlabeled/image_00742.jpg,jpg/image_00742.jpg,unlabeled,1.0,0.906,0.949,0.4,0.066,0.033,0.0
dataset/jpg/unlabeled/image_00744.jpg,jpg/image_00744.jpg,unlabeled,1.0,1.208,0.743,0.286,0.05,0.113,0.0
dataset/jpg/unlabeled/image_00747.jpg,jpg/image_00747.jpg,unlabeled,1.0,1.044,0.909,0.405,0.022,0.025,0.0
dataset/jpg/unlabeled/image_00749.jpg,jpg/image_00749.jpg,unlabeled,1.0,0.883,0.95,0.39,0.042,0.1,0.0
dataset/jpg/unlabeled/image_00750.jpg,jpg/image_00750.jpg,unlabeled,1.0,1.167,1.006,0.401,0.023,0.099,0.0
dataset/jpg/unlabeled/image_00754.jpg,jpg/image_00754.jpg,unlabeled,1.0,1.073,0.971,0.421,0.044,0.058,0.0
dataset/jpg/unlabeled/image_00755.jpg,jpg/image_00755.jpg,unlabeled,1.0,1.096,0.956,0.405,0.032,0.073,0.0
dataset/jpg/unlabeled/image_00757.jpg,jpg/image_00757.jpg,unlabeled,1.0,1.253,1.024,0.38,0.082,0.118,0.0
dataset/jpg/unlabeled/image_00758.jpg,jpg/image_00758.jpg,unlabeled,1.0,1.145,0.849,0.345,0.169,0.037,0.0
dataset/jpg/unlabeled/image_00759.jpg,jpg/image_00759.jpg,unlabeled,1.0,1.114,1.006,0.42,0.176,0.0,0.0
dataset/jpg/unlabeled/image_00761.jpg,jpg/image_00761.jpg,unlabeled,1.0,1.185,0.914,0.359,0.05,0.105,0.0
dataset/jpg/unlabeled/image_00762.jpg,jpg/image_00762.jpg,unlabeled,1.0,1.068,0.964,0.42,0.072,0.04,0.0
dataset/jpg/unlabeled/image_00763.jpg,jpg/image_00763.jpg,unlabeled,1.0,1.071,0.917,0.398,0.111,0.049,0.0
dataset/jpg/unlabeled/image_00764.jpg,jpg/image_00764.jpg,unlabeled,1.0,1.239,0.821,0.308,0.094,0.029,0.0
dataset/jpg/unlabeled/image_00765.jpg,jpg/image_00765.jpg,unlabeled,1.0,1.147,1.065,0.431,0.103,0.113,0.0
dataset/jpg/unlabeled/image_00766.jpg,jpg/image_00766.jpg,unlabeled,1.0,0.864,0.742,0.298,0.088,0.057,0.0
dataset/jpg/unlabeled/image_00767.jpg,jpg/image_00767.jpg,unlabeled,1.0,1.19,0.941,0.367,0.036,0.06,0.0
dataset/jpg/unlabeled/image_00768.jpg,jpg/image_00768.jpg,unlabeled,1.0,0.772,0.828,0.297,0.067,0.113,0.0
dataset/jpg/unlabeled/image_00769.jpg,jpg/image_00769.jpg,unlabeled,1.0,1.022,0.971,0.442,0.159,0.0,0.0
dataset/jpg/unlabeled/image_00770.jpg,jpg/image_00770.jpg,unlabeled,1.0,0.864,0.898,0.361,0.018,0.041,0.0
dataset/jpg/unlabeled/image_00771.jpg,jpg/image_00771.jpg,unlabeled,1.0,1.195,0.839,0.326,0.071,0.075,0.0
dataset/jpg/unlabeled/image_00774.jpg,jpg/image_00774.jpg,unlabeled,1.0,1.023,0.869,0.395,0.119,0.018,0.0
dataset/jpg/unlabeled/image_00775.jpg,jpg/image_00775.jpg,unlabeled,1.0,1.063,0.855,0.374,0.055,0.05,0.0
dataset/jpg/unlabeled/image_00779.jpg,jpg/image_00779.jpg,unlabeled,1.0,1.0,0.981,0.456,0.051,0.042,0.002
dataset/jpg/unlabeled/image_00784.jpg,jpg/image_00784.jpg,unlabeled,1.0,1.076,0.771,0.333,0.029,0.055,0.0
dataset/jpg/unlabeled/image_00786.jpg,jpg/image_00786.jpg,unlabeled,1.0,1.2,0.897,0.348,0.038,0.103,0.0
dataset/jpg/unlabeled/image_00789.jpg,jpg/image_00789.jpg,unlabeled,1.0,1.268,0.604,0.221,0.089,0.034,0.0
dataset/jpg/unlabeled/image_00791.jpg,jpg/image_00791.jpg,unlabeled,1.0,1.153,0.786,0.317,0.13,0.109,0.0
dataset/jpg/unlabeled/image_00792.jpg,jpg/image_00792.jpg,unlabeled,1.0,0.898,0.65,0.271,0.05,0.058,0.0
dataset/jpg/unlabeled/image_00799.jpg,jpg/image_00799.jpg,unlabeled,1.0,1.028,0.719,0.325,0.049,0.025,0.0
dataset/jpg/unlabeled/image_00800.jpg,jpg/image_00800.jpg,unlabeled,1.0,0.933,0.761,0.33,0.104,0.028,0.0
dataset/jpg/unlabeled/image_00802.jpg,jpg/image_00802.jpg,unlabeled,1.0,0.855,0.819,0.326,0.047,0.046,0.0
dataset/jpg/unlabeled/image_00804.jpg,jpg/image_00804.jpg,unlabeled,1.0,1.032,0.88,0.397,0.027,0.032,0.0
dataset/jpg/unlabeled/image_00809.jpg,jpg/image_00809.jpg,unlabeled,1.0,1.31,0.846,0.3,0.007,0.096,0.0
dataset/jpg/unlabeled/image_00811.jpg,jpg/image_00811.jpg,unlabeled,1.0,0.963,0.936,0.419,0.117,0.0,0.0
dataset/jpg/unlabeled/image_00813.jpg,jpg/image_00813.jpg,unlabeled,1.0,1.067,0.701,0.305,0.084,0.071,0.0
dataset/jpg/unlabeled/image_00814.jpg,jpg/image_00814.jpg,unlabeled,1.0,1.102,0.868,0.366,0.116,0.107,0.0
dataset/jpg/unlabeled/image_00815.jpg,jpg/image_00815.jpg,unlabeled,1.0,1.17,0.664,0.264,0.023,0.068,0.0
dataset/jpg/unlabeled/image_00816.jpg,jpg/image_00816.jpg,unlabeled,1.0,0.945,0.89,0.391,0.014,0.05,0.0
dataset/jpg/unlabeled/image_00817.jpg,jpg/image_00817.jpg,unlabeled,1.0,1.309,0.914,0.324,0.015,0.075,0.0
dataset/jpg/unlabeled/image_00821.jpg,jpg/image_00821.jpg,unlabeled,1.0,1.263,0.972,0.357,0.065,0.117,0.0
dataset/jpg/unlabeled/image_00825.jpg,jpg/image_00825.jpg,unlabeled,1.0,1.209,0.978,0.376,0.026,0.099,0.0
dataset/jpg/unlabeled/image_00829.jpg,jpg/image_00829.jpg,unlabeled,1.0,1.115,0.816,0.34,0.033,0.078,0.0
dataset/jpg/unlabeled/image_00831.jpg,jpg/image_00831.jpg,unlabeled,1.0,0.836,0.796,0.309,0.032,0.104,0.0
dataset/jpg/unlabeled/image_00832.jpg,jpg/image_00832.jpg,unlabeled,1.0,1.05,0.616,0.272,0.049,0.009,0.015
dataset/jpg/unlabeled/image_00834.jpg,jpg/image_00834.jpg,unlabeled,1.0,1.19,0.842,0.329,0.151,0.106,0.0
dataset/jpg/unlabeled/image_00836.jpg,jpg/image_00836.jpg,unlabeled,1.0,1.095,0.764,0.325,0.02,0.071,0.0
dataset/jpg/unlabeled/image_00837.jpg,jpg/image_00837.jpg,unlabeled,1.0,1.261,0.742,0.274,0.062,0.008,0.0
dataset/jpg/unlabeled/image_00838.jpg,jpg/image_00838.jpg,unlabeled,1.0,1.074,0.681,0.295,0.034,0.069,0.0
dataset/jpg/unlabeled/image_00839.jpg,jpg/image_00839.jpg,unlabeled,1.0,1.169,0.772,0.307,0.101,0.108,0.0
dataset/jpg/unlabeled/image_00845.jpg,jpg/image_00845.jpg,unlabeled,1.0,1.02,0.572,0.26,0.079,0.0,0.0
dataset/jpg/unlabeled/image_00846.jpg,jpg/image_00846.jpg,unlabeled,1.0,0.933,0.811,0.352,0.132,0.049,0.0
dataset/jpg/unlabeled/image_00848.jpg,jpg/image_00848.jpg,unlabeled,1.0,0.876,0.672,0.274,0.104,0.0,0.012
dataset/jpg/unlabeled/image_00857.jpg,jpg/image_00857.jpg,unlabeled,1.0,0.942,0.752,0.329,0.039,0.039,0.0
dataset/jpg/unlabeled/image_00858.jpg,jpg/image_00858.jpg,unlabeled,1.0,0.906,0.89,0.375,0.171,0.0,0.0
dataset/jpg/unlabeled/image_00859.jpg,jpg/image_00859.jpg,unlabeled,1.0,0.895,0.663,0.276,0.123,0.055,0.0
dataset/jpg/unlabeled/image_00864.jpg,jpg/image_00864.jpg,unlabeled,1.0,1.299,0.83,0.297,0.089,0.112,0.0
dataset/jpg/unlabeled/image_00866.jpg,jpg/image_00866.jpg,unlabeled,1.0,0.885,0.806,0.332,0.08,0.032,0.0
dataset/jpg/unlabeled/image_00872.jpg,jpg/image_00872.jpg,unlabeled,1.0,1.026,0.637,0.288,0.116,0.023,0.0
dataset/jpg/unlabeled/image_00873.jpg,jpg/image_00873.jpg,unlabeled,1.0,0.864,0.814,0.327,0.06,0.05,0.0
dataset/jpg/unlabeled/image_00874.jpg,jpg/image_00874.jpg,unlabeled,1.0,1.038,0.798,0.357,0.088,0.0,0.0
dataset/jpg/unlabeled/image_00875.jpg,jpg/image_00875.jpg,unlabeled,1.0,1.076,0.89,0.385,0.035,0.064,0.0
dataset/jpg/unlabeled/image_00876.jpg,jpg/image_00876.jpg,unlabeled,1.0,0.826,0.773,0.297,0.079,0.034,0.0
dataset/jpg/unlabeled/image_00879.jpg,jpg/image_00879.jpg,unlabeled,1.0,1.059,0.698,0.306,0.088,0.085,0.01
dataset/jpg/unlabeled/image_00880.jpg,jpg/image_00880.jpg,unlabeled,1.0,1.124,0.758,0.314,0.122,0.086,0.004
dataset/jpg/unlabeled/image_00882.jpg,jpg/image_00882.jpg,unlabeled,1.0,1.267,0.567,0.208,0.037,0.108,0.0
dataset/jpg/unlabeled/image_00883.jpg,jpg/image_00883.jpg,unlabeled,1.0,1.067,0.819,0.357,0.05,0.081,0.0
dataset/jpg/unlabeled/image_00885.jpg,jpg/image_00885.jpg,unlabeled,1.0,1.179,0.856,0.337,0.121,0.092,0.0
dataset/jpg/unlabeled/image_00886.jpg,jpg/image_00886.jpg,unlabeled,1.0,0.758,0.61,0.215,0.044,0.095,0.0
dataset/jpg/unlabeled/image_00887.jpg,jpg/image_00887.jpg,unlabeled,1.0,1.158,0.749,0.301,0.016,0.085,0.0
dataset/jpg/unlabeled/image_00890.jpg,jpg/image_00890.jpg,unlabeled,1.0,0.886,0.757,0.312,0.105,0.055,0.0
dataset/jpg/unlabeled/image_00892.jpg,jpg/image_00892.jpg,unlabeled,1.0,1.233,0.715,0.269,0.06,0.114,0.0
dataset/jpg/unlabeled/image_00897.jpg,jpg/image_00897.jpg,unlabeled,1.0,0.896,0.961,0.4,0.032,0.077,0.0
dataset/jpg/unlabeled/image_00909.jpg,jpg/image_00909.jpg,unlabeled,1.0,1.105,0.879,0.37,0.019,0.065,0.001
dataset/jpg/unlabeled/image_00910.jpg,jpg/image_00910.jpg,unlabeled,1.0,1.08,0.702,0.302,0.102,0.066,0.0
dataset/jpg/unlabeled/image_00913.jpg,jpg/image_00913.jpg,unlabeled,1.0,0.833,0.705,0.273,0.124,0.0,0.01
dataset/jpg/unlabeled/image_00915.jpg,jpg/image_00915.jpg,unlabeled,1.0,1.022,0.776,0.353,0.074,0.049,0.0
dataset/jpg/unlabeled/image_00916.jpg,jpg/image_00916.jpg,unlabeled,1.0,0.914,0.773,0.328,0.018,0.075,0.0
dataset/jpg/unlabeled/image_00917.jpg,jpg/image_00917.jpg,unlabeled,1.0,1.212,0.857,0.329,0.097,0.059,0.0
dataset/jpg/unlabeled/image_00920.jpg,jpg/image_00920.jpg,unlabeled,1.0,1.174,0.838,0.332,0.048,0.1,0.0
dataset/jpg/unlabeled/image_00923.jpg,jpg/image_00923.jpg,unlabeled,1.0,1.213,0.781,0.299,0.068,0.102,0.0
dataset/jpg/unlabeled/image_00924.jpg,jpg/image_00924.jpg,unlabeled,1.0,1.04,0.734,0.328,0.037,0.021,0.0
dataset/jpg/unlabeled/image_00927.jpg,jpg/image_00927.jpg,unlabeled,1.0,0.877,0.602,0.245,0.099,0.0,0.003
dataset/jpg/unlabeled/image_00928.jpg,jpg/image_00928.jpg,unlabeled,1.0,0.852,0.809,0.32,0.002,0.073,0.0
dataset/jpg/unlabeled/image_00936.jpg,jpg/image_00936.jpg,unlabeled,1.0,1.242,0.924,0.346,0.024,0.111,0.0
dataset/jpg/unlabeled/image_00937.jpg,jpg/image_00937.jpg,unlabeled,1.0,1.011,0.763,0.35,0.093,0.05,0.0
dataset/jpg/unlabeled/image_00938.jpg,jpg/image_00938.jpg,unlabeled,1.0,0.978,0.747,0.34,0.036,0.006,0.0
dataset/jpg/unlabeled/image_00939.jpg,jpg/image_00939.jpg,unlabeled,1.0,1.091,0.662,0.282,0.087,0.046,0.0
dataset/jpg/unlabeled/image_00949.jpg,jpg/image_00949.jpg,unlabeled,1.0,1.021,0.947,0.431,0.063,0.049,0.0
dataset/jpg/unlabeled/image_00952.jpg,jpg/image_00952.jpg,unlabeled,1.0,0.762,0.945,0.335,0.091,0.041,0.0
dataset/jpg/unlabeled/image_00953.jpg,jpg/image_00953.jpg,unlabeled,1.0,1.119,0.887,0.368,0.07,0.068,0.0
dataset/jpg/unlabeled/image_00954.jpg,jpg/image_00954.jpg,unlabeled,1.0,1.07,0.801,0.348,0.165,0.014,0.0
dataset/jpg/unlabeled/image_00957.jpg,jpg/image_00957.jpg,unlabeled,1.0,0.974,0.724,0.328,0.032,0.003,0.0
dataset/jpg/unlabeled/image_00958.jpg,jpg/image_00958.jpg,unlabeled,1.0,0.789,0.717,0.263,0.087,0.0,0.0
dataset/jpg/unlabeled/image_00961.jpg,jpg/image_00961.jpg,unlabeled,1.0,1.263,1.0,0.368,0.179,0.115,0.0
dataset/jpg/unlabeled/image_00962.jpg,jpg/image_00962.jpg,unlabeled,1.0,0.891,0.809,0.335,0.013,0.0,0.0
dataset/jpg/unlabeled/image_00963.jpg,jpg/image_00963.jpg,unlabeled,1.0,0.833,0.819,0.317,0.017,0.031,0.0
dataset/jpg/unlabeled/image_00964.jpg,jpg/image_00964.jpg,unlabeled,1.0,1.056,0.961,0.423,0.033,0.0,0.0
dataset/jpg/unlabeled/image_00965.jpg,jpg/image_00965.jpg,unlabeled,1.0,1.216,0.715,0.273,0.094,0.074,0.0
dataset/jpg/unlabeled/image_00966.jpg,jpg/image_00966.jpg,unlabeled,1.0,1.041,0.874,0.39,0.052,0.016,0.0
dataset/jpg/unlabeled/image_00967.jpg,jpg/image_00967.jpg,unlabeled,1.0,0.953,0.91,0.403,0.029,0.0,0.0
dataset/jpg/unlabeled/image_00968.jpg,jpg/image_00968.jpg,unlabeled,1.0,1.0,0.784,0.364,0.028,0.0,0.0
dataset/jpg/unlabeled/image_00971.jpg,jpg/image_00971.jpg,unlabeled,1.0,0.827,0.852,0.327,0.09,0.019,0.0
dataset/jpg/unlabeled/image_00973.jpg,jpg/image_00973.jpg,unlabeled,1.0,0.904,0.807,0.339,0.088,0.064,0.0
dataset/jpg/unlabeled/image_00974.jpg,jpg/image_00974.jpg,unlabeled,1.0,0.975,0.851,0.386,0.071,0.022,0.0
dataset/jpg/unlabeled/image_00975.jpg,jpg/image_00975.jpg,unlabeled,1.0,1.159,0.905,0.363,0.103,0.082,0.0
dataset/jpg/unlabeled/image_00976.jpg,jpg/image_00976.jpg,unlabeled,1.0,1.055,0.91,0.401,0.125,0.0,0.0
dataset/jpg/unlabeled/image_00977.jpg,jpg/image_00977.jpg,unlabeled,1.0,0.988,0.85,0.39,0.082,0.055,0.0
dataset/jpg/unlabeled/image_00978.jpg,jpg/image_00978.jpg,unlabeled,1.0,1.131,0.879,0.361,0.072,0.073,0.0
dataset/jpg/unlabeled/image_00979.jpg,jpg/image_00979.jpg,unlabeled,1.0,1.114,0.882,0.368,0.085,0.0,0.0
dataset/jpg/unlabeled/image_00980.jpg,jpg/image_00980.jpg,unlabeled,1.0,1.297,0.843,0.302,0.041,0.11,0.0
dataset/jpg/unlabeled/image_00983.jpg,jpg/image_00983.jpg,unlabeled,1.0,1.179,0.943,0.372,0.152,0.093,0.0
dataset/jpg/unlabeled/image_00984.jpg,jpg/image_00984.jpg,unlabeled,1.0,1.0,0.925,0.43,0.109,0.0,0.0
dataset/jpg/unlabeled/image_00985.jpg,jpg/image_00985.jpg,unlabeled,1.0,1.048,0.923,0.409,0.046,0.036,0.0
dataset/jpg/unlabeled/image_00986.jpg,jpg/image_00986.jpg,unlabeled,1.0,1.108,0.884,0.371,0.025,0.022,0.0
dataset/jpg/unlabeled/image_00987.jpg,jpg/image_00987.jpg,unlabeled,1.0,1.167,0.842,0.335,0.129,0.084,0.0
dataset/jpg/unlabeled/image_00989.jpg,jpg/image_00989.jpg,unlabeled,1.0,1.232,0.885,0.334,0.049,0.119,0.0
dataset/jpg/unlabeled/image_00990.jpg,jpg/image_00990.jpg,unlabeled,1.0,1.19,0.697,0.272,0.058,0.107,0.0
dataset/jpg/unlabeled/image_00992.jpg,jpg/image_00992.jpg,unlabeled,1.0,0.951,0.846,0.374,0.047,0.016,0.0
dataset/jpg/unlabeled/image_00993.jpg,jpg/image_00993.jpg,unlabeled,1.0,1.091,0.855,0.364,0.146,0.019,0.0
dataset/jpg/unlabeled/image_00994.jpg,jpg/image_00994.jpg,unlabeled,1.0,0.949,0.817,0.36,0.035,0.0,0.0
dataset/jpg/unlabeled/image_00995.jpg,jpg/image_00995.jpg,unlabeled,1.0,1.119,0.893,0.371,0.046,0.083,0.0
dataset/jpg/unlabeled/image_00996.jpg,jpg/image_00996.jpg,unlabeled,1.0,0.905,1.005,0.423,0.04,0.018,0.0
dataset/jpg/unlabeled/image_00997.jpg,jpg/image_00997.jpg,unlabeled,1.0,1.167,0.867,0.346,0.109,0.071,0.0
dataset/jpg/unlabeled/image_00999.jpg,jpg/image_00999.jpg,unlabeled,1.0,1.303,0.862,0.307,0.06,0.089,0.0
dataset/jpg/unlabeled/image_01000.jpg,jpg/image_01000.jpg,unlabeled,1.0,1.128,0.962,0.396,0.108,0.076,0.0
dataset/jpg/unlabeled/image_01001.jpg,jpg/image_01001.jpg,unlabeled,1.0,1.076,0.964,0.416,0.026,0.074,0.0
dataset/jpg/unlabeled/image_01002.jpg,jpg/image_01002.jpg,unlabeled,1.0,0.892,0.873,0.362,0.059,0.0,0.0
dataset/jpg/unlabeled/image_01003.jpg,jpg/image_01003.jpg,unlabeled,1.0,0.964,0.863,0.387,0.043,0.04,0.0
dataset/jpg/unlabeled/image_01004.jpg,jpg/image_01004.jpg,unlabeled,1.0,0.905,0.774,0.325,0.023,0.021,0.0
dataset/jpg/unlabeled/image_01005.jpg,jpg/image_01005.jpg,unlabeled,1.0,1.157,0.777,0.312,0.042,0.025,0.0
dataset/jpg/unlabeled/image_01006.jpg,jpg/image_01006.jpg,unlabeled,1.0,1.391,0.963,0.322,0.072,0.082,0.0
dataset/jpg/unlabeled/image_01007.jpg,jpg/image_01007.jpg,unlabeled,1.0,0.889,0.803,0.332,0.067,0.016,0.0
dataset/jpg/unlabeled/image_01009.jpg,jpg/image_01009.jpg,unlabeled,1.0,0.97,0.757,0.341,0.038,0.0,0.0
dataset/jpg/unlabeled/image_01010.jpg,jpg/image_01010.jpg,unlabeled,1.0,1.269,0.847,0.31,0.151,0.089,0.0
dataset/jpg/unlabeled/image_01011.jpg,jpg/image_01011.jpg,unlabeled,1.0,0.962,0.824,0.368,0.06,0.0,0.0
dataset/jpg/unlabeled/image_01013.jpg,jpg/image_01013.jpg,unlabeled,1.0,1.193,0.847,0.33,0.084,0.09,0.0
dataset/jpg/unlabeled/image_01015.jpg,jpg/image_01015.jpg,unlabeled,1.0,1.043,0.683,0.305,0.131,0.014,0.0
dataset/jpg/unlabeled/image_01016.jpg,jpg/image_01016.jpg,unlabeled,1.0,0.877,0.826,0.337,0.035,0.017,0.0
dataset/jpg/unlabeled/image_01017.jpg,jpg/image_01017.jpg,unlabeled,1.0,1.041,0.857,0.383,0.107,0.045,0.0
dataset/jpg/unlabeled/image_01019.jpg,jpg/image_01019.jpg,unlabeled,1.0,1.039,0.907,0.406,0.047,0.028,0.0
dataset/jpg/unlabeled/image_01020.jpg,jpg/image_01020.jpg,unlabeled,1.0,1.06,0.911,0.4,0.078,0.085,0.0
dataset/jpg/unlabeled/image_01021.jpg,jpg/image_01021.jpg,unlabeled,1.0,1.202,1.013,0.392,0.147,0.108,0.0
dataset/jpg/unlabeled/image_01022.jpg,jpg/image_01022.jpg,unlabeled,1.0,1.167,0.891,0.355,0.028,0.059,0.0
dataset/jpg/unlabeled/image_01023.jpg,jpg/image_01023.jpg,unlabeled,1.0,1.304,0.819,0.292,0.053,0.085,0.0
dataset/jpg/unlabeled/image_01024.jpg,jpg/image_01024.jpg,unlabeled,1.0,1.25,0.915,0.34,0.078,0.075,0.0
dataset/jpg/unlabeled/image_01025.jpg,jpg/image_01025.jpg,unlabeled,1.0,0.89,0.795,0.329,0.021,0.0,0.0
dataset/jpg/unlabeled/image_01026.jpg,jpg/image_01026.jpg,unlabeled,1.0,0.919,0.846,0.361,0.039,0.0,0.0
dataset/jpg/unlabeled/image_01028.jpg,jpg/image_01028.jpg,unlabeled,1.0,1.014,0.841,0.385,0.042,0.0,0.0
dataset/jpg/unlabeled/image_01029.jpg,jpg/image_01029.jpg,unlabeled,1.0,1.081,0.821,0.353,0.065,0.0,0.0
dataset/jpg/unlabeled/image_01030.jpg,jpg/image_01030.jpg,unlabeled,1.0,1.083,0.855,0.367,0.067,0.067,0.0
dataset/jpg/unlabeled/image_01031.jpg,jpg/image_01031.jpg,unlabeled,1.0,1.279,0.83,0.301,0.174,0.081,0.0
dataset/jpg/unlabeled/image_01032.jpg,jpg/image_01032.jpg,unlabeled,1.0,1.114,0.874,0.365,0.039,0.0,0.0
dataset/jpg/unlabeled/image_01034.jpg,jpg/image_01034.jpg,unlabeled,1.0,1.095,0.835,0.354,0.141,0.019,0.0
dataset/jpg/unlabeled/image_01035.jpg,jpg/image_01035.jpg,unlabeled,1.0,1.19,0.79,0.308,0.034,0.091,0.0
dataset/jpg/unlabeled/image_01036.jpg,jpg/image_01036.jpg,unlabeled,1.0,1.079,0.893,0.385,0.035,0.03,0.0
dataset/jpg/unlabeled/image_01038.jpg,jpg/image_01038.jpg,unlabeled,1.0,1.095,0.972,0.412,0.138,0.064,0.0
dataset/jpg/unlabeled/image_01039.jpg,jpg/image_01039.jpg,unlabeled,1.0,1.208,0.863,0.332,0.041,0.103,0.0
dataset/jpg/unlabeled/image_01041.jpg,jpg/image_01041.jpg,unlabeled,1.0,1.048,0.851,0.377,0.098,0.079,0.0
dataset/jpg/unlabeled/image_01042.jpg,jpg/image_01042.jpg,unlabeled,1.0,0.976,0.89,0.404,0.071,0.023,0.0
dataset/jpg/unlabeled/image_01043.jpg,jpg/image_01043.jpg,unlabeled,1.0,1.155,0.68,0.274,0.044,0.116,0.0
dataset/jpg/unlabeled/image_01044.jpg,jpg/image_01044.jpg,unlabeled,1.0,1.188,0.86,0.337,0.098,0.083,0.0
dataset/jpg/unlabeled/image_01045.jpg,jpg/image_01045.jpg,unlabeled,1.0,1.234,0.804,0.303,0.037,0.084,0.0
dataset/jpg/unlabeled/image_01053.jpg,jpg/image_01053.jpg,unlabeled,1.0,0.733,0.837,0.285,0.058,0.098,0.0
dataset/jpg/unlabeled/image_01054.jpg,jpg/image_01054.jpg,unlabeled,1.0,1.089,0.706,0.301,0.049,0.055,0.0
dataset/jpg/unlabeled/image_01055.jpg,jpg/image_01055.jpg,unlabeled,1.0,0.938,0.68,0.296,0.062,0.053,0.0
dataset/jpg/unlabeled/image_01056.jpg,jpg/image_01056.jpg,unlabeled,1.0,0.93,0.733,0.317,0.132,0.0,0.0
dataset/jpg/unlabeled/image_01058.jpg,jpg/image_01058.jpg,unlabeled,1.0,0.988,0.823,0.378,0.028,0.036,0.0
dataset/jpg/unlabeled/image_01060.jpg,jpg/image_01060.jpg,unlabeled,1.0,0.988,0.842,0.387,0.08,0.017,0.0
dataset/jpg/unlabeled/image_01061.jpg,jpg/image_01061.jpg,unlabeled,1.0,1.134,0.837,0.343,0.063,0.102,0.0
dataset/jpg/unlabeled/image_01062.jpg,jpg/image_01062.jpg,unlabeled,1.0,1.234,0.698,0.263,0.107,0.085,0.0
dataset/jpg/unlabeled/image_01064.jpg,jpg/image_01064.jpg,unlabeled,1.0,1.226,0.948,0.359,0.016,0.113,0.0
dataset/jpg/unlabeled/image_01065.jpg,jpg/image_01065.jpg,unlabeled,1.0,1.258,0.796,0.294,0.106,0.083,0.0
dataset/jpg/unlabeled/image_01066.jpg,jpg/image_01066.jpg,unlabeled,1.0,0.959,0.677,0.302,0.026,0.04,0.0
dataset/jpg/unlabeled/image_01070.jpg,jpg/image_01070.jpg,unlabeled,1.0,0.74,0.87,0.299,0.011,0.074,0.0
dataset/jpg/unlabeled/image_01071.jpg,jpg/image_01071.jpg,unlabeled,1.0,1.123,0.81,0.335,0.028,0.077,0.0
dataset/jpg/unlabeled/image_01072.jpg,jpg/image_01072.jpg,unlabeled,1.0,0.939,0.734,0.32,0.122,0.03,0.0
dataset/jpg/unlabeled/image_01076.jpg,jpg/image_01076.jpg,unlabeled,1.0,0.952,0.907,0.402,0.028,0.035,0.0
dataset/jpg/unlabeled/image_01077.jpg,jpg/image_01077.jpg,unlabeled,1.0,0.8,0.923,0.343,0.033,0.0,0.0
dataset/jpg/unlabeled/image_01078.jpg,jpg/image_01078.jpg,unlabeled,1.0,1.127,0.748,0.309,0.019,0.052,0.0
dataset/jpg/unlabeled/image_01079.jpg,jpg/image_01079.jpg,unlabeled,1.0,1.141,0.861,0.351,0.062,0.069,0.0
dataset/jpg/unlabeled/image_01080.jpg,jpg/image_01080.jpg,unlabeled,1.0,1.288,0.814,0.294,0.007,0.068,0.0
dataset/jpg/unlabeled/image_01081.jpg,jpg/image_01081.jpg,unlabeled,1.0,1.188,0.714,0.279,0.029,0.03,0.0
dataset/jpg/unlabeled/image_01090.jpg,jpg/image_01090.jpg,unlabeled,1.0,1.337,0.857,0.298,0.083,0.107,0.0
dataset/jpg/unlabeled/image_01091.jpg,jpg/image_01091.jpg,unlabeled,1.0,1.107,0.817,0.343,0.048,0.072,0.0
dataset/jpg/unlabeled/image_01092.jpg,jpg/image_01092.jpg,unlabeled,1.0,0.889,0.745,0.308,0.043,0.0,0.0
dataset/jpg/unlabeled/image_01094.jpg,jpg/image_01094.jpg,unlabeled,1.0,1.279,0.873,0.317,0.092,0.051,0.0
dataset/jpg/unlabeled/image_01095.jpg,jpg/image_01095.jpg,unlabeled,1.0,1.11,0.813,0.341,0.008,0.0,0.0
dataset/jpg/unlabeled/image_01097.jpg,jpg/image_01097.jpg,unlabeled,1.0,1.25,0.84,0.312,0.035,0.101,0.0
dataset/jpg/unlabeled/image_01098.jpg,jpg/image_01098.jpg,unlabeled,1.0,0.83,0.907,0.35,0.111,0.101,0.0
dataset/jpg/unlabeled/image_01099.jpg,jpg/image_01099.jpg,unlabeled,1.0,1.177,0.72,0.284,0.12,0.0,0.0
dataset/jpg/unlabeled/image_01100.jpg,jpg/image_01100.jpg,unlabeled,1.0,0.808,0.734,0.276,0.069,0.118,0.0
dataset/jpg/unlabeled/image_01103.jpg,jpg/image_01103.jpg,unlabeled,1.0,1.119,0.898,0.373,0.034,0.079,0.0
dataset/jpg/unlabeled/image_01104.jpg,jpg/image_01104.jpg,unlabeled,1.0,1.086,0.874,0.374,0.052,0.013,0.0
dataset/jpg/unlabeled/image_01107.jpg,jpg/image_01107.jpg,unlabeled,1.0,1.24,0.811,0.304,0.081,0.088,0.0
dataset/jpg/unlabeled/image_01108.jpg,jpg/image_01108.jpg,unlabeled,1.0,1.041,0.647,0.289,0.137,0.059,0.0
dataset/jpg/unlabeled/image_01109.jpg,jpg/image_01109.jpg,unlabeled,1.0,1.096,0.739,0.313,0.027,0.0,0.0
dataset/jpg/unlabeled/image_01110.jpg,jpg/image_01110.jpg,unlabeled,1.0,1.121,0.824,0.341,0.099,0.0,0.0
dataset/jpg/unlabeled/image_01111.jpg,jpg/image_01111.jpg,unlabeled,1.0,1.062,0.987,0.432,0.054,0.0,0.0
dataset/jpg/unlabeled/image_01112.jpg,jpg/image_01112.jpg,unlabeled,1.0,0.937,0.882,0.384,0.16,0.0,0.015
dataset/jpg/unlabeled/image_01114.jpg,jpg/image_01114.jpg,unlabeled,1.0,0.87,0.882,0.357,0.119,0.0,0.0
dataset/jpg/unlabeled/image_01116.jpg,jpg/image_01116.jpg,unlabeled,1.0,1.016,0.919,0.42,0.049,0.0,0.0
dataset/jpg/unlabeled/image_01118.jpg,jpg/image_01118.jpg,unlabeled,1.0,1.084,0.964,0.413,0.009,0.055,0.0
dataset/jpg/unlabeled/image_01119.jpg,jpg/image_01119.jpg,unlabeled,1.0,1.036,0.836,0.375,0.04,0.058,0.0
dataset/jpg/unlabeled/image_01120.jpg,jpg/image_01120.jpg,unlabeled,1.0,1.143,0.809,0.329,0.088,0.074,0.0
dataset/jpg/unlabeled/image_01122.jpg,jpg/image_01122.jpg,unlabeled,1.0,1.187,0.668,0.262,0.012,0.053,0.0
dataset/jpg/unlabeled/image_01123.jpg,jpg/image_01123.jpg,unlabeled,1.0,0.868,0.753,0.304,0.018,0.0,0.0
dataset/jpg/unlabeled/image_01124.jpg,jpg/image_01124.jpg,unlabeled,1.0,0.882,0.759,0.311,0.048,0.012,0.0
dataset/jpg/unlabeled/image_01125.jpg,jpg/image_01125.jpg,unlabeled,1.0,1.24,0.732,0.274,0.046,0.092,0.0
dataset/jpg/unlabeled/image_01126.jpg,jpg/image_01126.jpg,unlabeled,1.0,1.139,0.84,0.343,0.069,0.105,0.0
dataset/jpg/unlabeled/image_01127.jpg,jpg/image_01127.jpg,unlabeled,1.0,1.071,0.764,0.332,0.139,0.0,0.0
dataset/jpg/unlabeled/image_01129.jpg,jpg/image_01129.jpg,unlabeled,1.0,1.145,0.736,0.299,0.064,0.079,0.0
dataset/jpg/unlabeled/image_01131.jpg,jpg/image_01131.jpg,unlabeled,1.0,1.067,0.703,0.306,0.177,0.002,0.0
dataset/jpg/unlabeled/image_01132.jpg,jpg/image_01132.jpg,unlabeled,1.0,0.932,0.824,0.357,0.042,0.045,0.0
dataset/jpg/unlabeled/image_01133.jpg,jpg/image_01133.jpg,unlabeled,1.0,0.816,0.843,0.319,0.118,0.115,0.0
dataset/jpg/unlabeled/image_01134.jpg,jpg/image_01134.jpg,unlabeled,1.0,1.11,0.669,0.28,0.125,0.082,0.0
dataset/jpg/unlabeled/image_01135.jpg,jpg/image_01135.jpg,unlabeled,1.0,0.878,0.65,0.265,0.088,0.086,0.0
dataset/jpg/unlabeled/image_01137.jpg,jpg/image_01137.jpg,unlabeled,1.0,1.012,0.732,0.336,0.071,0.069,0.0
dataset/jpg/unlabeled/image_01139.jpg,jpg/image_01139.jpg,unlabeled,1.0,0.964,0.972,0.436,0.101,0.04,0.0
dataset/jpg/unlabeled/image_01140.jpg,jpg/image_01140.jpg,unlabeled,1.0,1.108,0.838,0.351,0.061,0.01,0.0
dataset/jpg/unlabeled/image_01141.jpg,jpg/image_01141.jpg,unlabeled,1.0,0.892,0.769,0.319,0.076,0.0,0.0
dataset/jpg/unlabeled/image_01142.jpg,jpg/image_01142.jpg,unlabeled,1.0,0.817,0.976,0.371,0.044,0.0,0.0
dataset/jpg/unlabeled/image_01144.jpg,jpg/image_01144.jpg,unlabeled,1.0,1.067,0.915,0.398,0.075,0.011,0.0
dataset/jpg/unlabeled/image_01145.jpg,jpg/image_01145.jpg,unlabeled,1.0,1.143,0.809,0.329,0.025,0.0,0.0
dataset/jpg/unlabeled/image_01146.jpg,jpg/image_01146.jpg,unlabeled,1.0,1.217,0.832,0.318,0.042,0.1,0.0
dataset/jpg/unlabeled/image_01147.jpg,jpg/image_01147.jpg,unlabeled,1.0,0.915,0.871,0.371,0.069,0.0,0.0
dataset/jpg/unlabeled/image_01151.jpg,jpg/image_01151.jpg,unlabeled,1.0,1.071,0.792,0.343,0.04,0.083,0.0
dataset/jpg/unlabeled/image_01152.jpg,jpg/image_01152.jpg,unlabeled,1.0,1.025,0.829,0.376,0.078,0.0,0.0
dataset/jpg/unlabeled/image_01153.jpg,jpg/image_01153.jpg,unlabeled,1.0,1.089,1.026,0.438,0.035,0.061,0.0
dataset/jpg/unlabeled/image_01154.jpg,jpg/image_01154.jpg,unlabeled,1.0,1.2,0.985,0.381,0.117,0.107,0.0
dataset/jpg/unlabeled/image_01155.jpg,jpg/image_01155.jpg,unlabeled,1.0,1.232,0.98,0.37,0.036,0.11,0.0
dataset/jpg/unlabeled/image_01157.jpg,jpg/image_01157.jpg,unlabeled,1.0,1.235,0.961,0.362,0.136,0.116,0.0
dataset/jpg/unlabeled/image_01158.jpg,jpg/image_01158.jpg,unlabeled,1.0,1.016,0.873,0.399,0.039,0.057,0.0
dataset/jpg/unlabeled/image_01159.jpg,jpg/image_01159.jpg,unlabeled,1.0,1.04,0.837,0.374,0.157,0.053,0.0
dataset/jpg/unlabeled/image_01161.jpg,jpg/image_01161.jpg,unlabeled,1.0,1.043,0.889,0.396,0.042,0.07,0.0
dataset/jpg/unlabeled/image_01162.jpg,jpg/image_01162.jpg,unlabeled,1.0,0.827,0.874,0.336,0.117,0.069,0.0
dataset/jpg/unlabeled/image_01163.jpg,jpg/image_01163.jpg,unlabeled,1.0,1.034,0.756,0.34,0.078,0.0,0.0
dataset/jpg/unlabeled/image_01165.jpg,jpg/image_01165.jpg,unlabeled,1.0,1.339,0.896,0.311,0.049,0.029,0.0
dataset/jpg/unlabeled/image_01169.jpg,jpg/image_01169.jpg,unlabeled,1.0,1.011,0.811,0.373,0.13,0.003,0.0
dataset/jpg/unlabeled/image_01170.jpg,jpg/image_01170.jpg,unlabeled,1.0,0.843,0.99,0.388,0.119,0.094,0.0
dataset/jpg/unlabeled/image_01174.jpg,jpg/image_01174.jpg,unlabeled,1.0,1.168,0.924,0.367,0.038,0.088,0.0
dataset/jpg/unlabeled/image_01175.jpg,jpg/image_01175.jpg,unlabeled,1.0,1.179,0.911,0.359,0.086,0.105,0.0
dataset/jpg/unlabeled/image_01181.jpg,jpg/image_01181.jpg,unlabeled,1.0,0.974,0.81,0.367,0.067,0.036,0.0
dataset/jpg/unlabeled/image_01184.jpg,jpg/image_01184.jpg,unlabeled,1.0,0.763,0.63,0.223,0.125,0.075,0.005
dataset/jpg/unlabeled/image_01185.jpg,jpg/image_01185.jpg,unlabeled,1.0,1.406,0.859,0.284,0.008,0.035,0.0
dataset/jpg/unlabeled/image_01186.jpg,jpg/image_01186.jpg,unlabeled,1.0,1.043,0.845,0.377,0.105,0.051,0.0
dataset/jpg/unlabeled/image_01188.jpg,jpg/image_01188.jpg,unlabeled,1.0,0.912,0.831,0.352,0.064,0.0,0.0
dataset/jpg/unlabeled/image_01189.jpg,jpg/image_01189.jpg,unlabeled,1.0,1.342,0.857,0.297,0.109,0.092,0.0
dataset/jpg/unlabeled/image_01190.jpg,jpg/image_01190.jpg,unlabeled,1.0,1.036,0.928,0.417,0.017,0.038,0.0
dataset/jpg/unlabeled/image_01191.jpg,jpg/image_01191.jpg,unlabeled,1.0,1.013,0.783,0.359,0.141,0.0,0.0
dataset/jpg/unlabeled/image_01192.jpg,jpg/image_01192.jpg,unlabeled,1.0,1.12,0.906,0.376,0.046,0.092,0.0
dataset/jpg/unlabeled/image_01194.jpg,jpg/image_01194.jpg,unlabeled,1.0,1.014,0.895,0.41,0.034,0.0,0.0
dataset/jpg/unlabeled/image_01200.jpg,jpg/image_01200.jpg,unlabeled,1.0,1.42,0.861,0.282,0.063,0.119,0.0
dataset/jpg/unlabeled/image_01201.jpg,jpg/image_01201.jpg,unlabeled,1.0,1.224,0.909,0.345,0.129,0.094,0.0
dataset/jpg/unlabeled/image_01202.jpg,jpg/image_01202.jpg,unlabeled,1.0,1.213,0.786,0.301,0.07,0.025,0.0
dataset/jpg/unlabeled/image_01208.jpg,jpg/image_01208.jpg,unlabeled,1.0,1.026,0.964,0.437,0.149,0.0,0.0
dataset/jpg/unlabeled/image_01211.jpg,jpg/image_01211.jpg,unlabeled,1.0,1.163,0.984,0.393,0.038,0.096,0.0
dataset/jpg/unlabeled/image_01212.jpg,jpg/image_01212.jpg,unlabeled,1.0,1.179,0.928,0.366,0.064,0.0,0.0
dataset/jpg/unlabeled/image_01214.jpg,jpg/image_01214.jpg,unlabeled,1.0,0.938,0.894,0.39,0.043,0.004,0.0
dataset/jpg/unlabeled/image_01216.jpg,jpg/image_01216.jpg,unlabeled,1.0,0.923,0.752,0.323,0.032,0.011,0.0
dataset/jpg/unlabeled/image_01218.jpg,jpg/image_01218.jpg,unlabeled,1.0,1.183,0.9,0.354,0.077,0.069,0.0
dataset/jpg/unlabeled/image_01219.jpg,jpg/image_01219.jpg,unlabeled,1.0,0.758,0.903,0.318,0.003,0.118,0.0
dataset/jpg/unlabeled/image_01220.jpg,jpg/image_01220.jpg,unlabeled,1.0,1.215,0.807,0.309,0.028,0.026,0.0
dataset/jpg/unlabeled/image_01221.jpg,jpg/image_01221.jpg,unlabeled,1.0,1.261,0.804,0.296,0.047,0.12,0.0
dataset/jpg/unlabeled/image_01222.jpg,jpg/image_01222.jpg,unlabeled,1.0,0.973,0.832,0.376,0.059,0.0,0.0
dataset/jpg/unlabeled/image_01224.jpg,jpg/image_01224.jpg,unlabeled,1.0,1.116,0.979,0.408,0.09,0.077,0.0
dataset/jpg/unlabeled/image_01226.jpg,jpg/image_01226.jpg,unlabeled,1.0,1.221,0.833,0.317,0.073,0.0,0.0
dataset/jpg/unlabeled/image_01227.jpg,jpg/image_01227.jpg,unlabeled,1.0,0.855,0.635,0.252,0.103,0.074,0.004
dataset/jpg/unlabeled/image_01228.jpg,jpg/image_01228.jpg,unlabeled,1.0,1.082,0.674,0.289,0.05,0.045,0.0
dataset/jpg/unlabeled/image_01230.jpg,jpg/image_01230.jpg,unlabeled,1.0,1.406,0.734,0.243,0.04,0.048,0.0
dataset/jpg/unlabeled/image_01231.jpg,jpg/image_01231.jpg,unlabeled,1.0,1.269,0.88,0.322,0.004,0.109,0.0
dataset/jpg/unlabeled/image_01232.jpg,jpg/image_01232.jpg,unlabeled,1.0,1.202,0.796,0.308,0.066,0.072,0.0
dataset/jpg/unlabeled/image_01237.jpg,jpg/image_01237.jpg,unlabeled,1.0,1.042,0.624,0.278,0.151,0.0,0.0
dataset/jpg/unlabeled/image_01238.jpg,jpg/image_01238.jpg,unlabeled,1.0,1.074,1.004,0.435,0.036,0.057,0.0
dataset/jpg/unlabeled/image_01239.jpg,jpg/image_01239.jpg,unlabeled,1.0,1.315,0.837,0.296,0.099,0.101,0.0
dataset/jpg/unlabeled/image_01243.jpg,jpg/image_01243.jpg,unlabeled,1.0,0.824,0.787,0.301,0.143,0.113,0.0
dataset/jpg/unlabeled/image_01244.jpg,jpg/image_01244.jpg,unlabeled,1.0,1.202,0.979,0.378,0.097,0.095,0.0
dataset/jpg/unlabeled/image_01246.jpg,jpg/image_01246.jpg,unlabeled,1.0,1.223,0.93,0.353,0.035,0.1,0.0
dataset/jpg/unlabeled/image_01248.jpg,jpg/image_01248.jpg,unlabeled,1.0,0.946,1.061,0.466,0.081,0.003,0.0
dataset/jpg/unlabeled/image_01250.jpg,jpg/image_01250.jpg,unlabeled,1.0,1.179,1.014,0.4,0.084,0.1,0.0
dataset/jpg/unlabeled/image_01251.jpg,jpg/image_01251.jpg,unlabeled,1.0,1.143,0.924,0.376,0.064,0.084,0.0
dataset/jpg/unlabeled/image_01254.jpg,jpg/image_01254.jpg,unlabeled,1.0,1.064,0.956,0.417,0.063,0.0,0.0
dataset/jpg/unlabeled/image_01257.jpg,jpg/image_01257.jpg,unlabeled,1.0,1.123,0.779,0.322,0.038,0.0,0.0
dataset/jpg/unlabeled/image_01259.jpg,jpg/image_01259.jpg,unlabeled,1.0,1.181,0.934,0.368,0.071,0.087,0.0
dataset/jpg/unlabeled/image_01260.jpg,jpg/image_01260.jpg,unlabeled,1.0,0.988,0.925,0.425,0.109,0.031,0.0
dataset/jpg/unlabeled/image_01261.jpg,jpg/image_01261.jpg,unlabeled,1.0,1.156,0.82,0.33,0.034,0.062,0.0
dataset/jpg/unlabeled/image_01263.jpg,jpg/image_01263.jpg,unlabeled,1.0,1.049,0.924,0.409,0.047,0.027,0.0
dataset/jpg/unlabeled/image_01265.jpg,jpg/image_01265.jpg,unlabeled,1.0,1.235,0.91,0.342,0.093,0.081,0.0
dataset/jpg/unlabeled/image_01267.jpg,jpg/image_01267.jpg,unlabeled,1.0,1.313,0.841,0.298,0.054,0.083,0.0
dataset/jpg/unlabeled/image_01268.jpg,jpg/image_01268.jpg,unlabeled,1.0,1.158,0.905,0.363,0.085,0.1,0.0
dataset/jpg/unlabeled/image_01269.jpg,jpg/image_01269.jpg,unlabeled,1.0,1.179,1.011,0.399,0.028,0.099,0.0
dataset/jpg/unlabeled/image_01270.jpg,jpg/image_01270.jpg,unlabeled,1.0,0.88,0.738,0.302,0.065,0.069,0.005
dataset/jpg/unlabeled/image_01271.jpg,jpg/image_01271.jpg,unlabeled,1.0,0.905,0.834,0.351,0.115,0.042,0.0
dataset/jpg/unlabeled/image_01272.jpg,jpg/image_01272.jpg,unlabeled,1.0,1.095,0.953,0.404,0.085,0.057,0.0
dataset/jpg/unlabeled/image_01274.jpg,jpg/image_01274.jpg,unlabeled,1.0,0.769,0.899,0.321,0.115,0.101,0.0
dataset/jpg/unlabeled/image_01275.jpg,jpg/image_01275.jpg,unlabeled,1.0,1.176,0.959,0.379,0.16,0.116,0.0
dataset/jpg/unlabeled/image_01277.jpg,jpg/image_01277.jpg,unlabeled,1.0,1.062,0.968,0.423,0.022,0.047,0.0
dataset/jpg/unlabeled/image_01278.jpg,jpg/image_01278.jpg,unlabeled,1.0,0.954,0.94,0.417,0.116,0.0,0.0
dataset/jpg/unlabeled/image_01280.jpg,jpg/image_01280.jpg,unlabeled,1.0,1.0,0.781,0.363,0.081,0.0,0.0
dataset/jpg/unlabeled/image_01281.jpg,jpg/image_01281.jpg,unlabeled,1.0,1.12,0.915,0.38,0.114,0.083,0.0
dataset/jpg/unlabeled/image_01282.jpg,jpg/image_01282.jpg,unlabeled,1.0,0.99,0.85,0.391,0.03,0.047,0.0
dataset/jpg/unlabeled/image_01283.jpg,jpg/image_01283.jpg,unlabeled,1.0,1.092,0.876,0.373,0.116,0.075,0.0
dataset/jpg/unlabeled/image_01285.jpg,jpg/image_01285.jpg,unlabeled,1.0,1.145,0.87,0.353,0.116,0.063,0.0
dataset/jpg/unlabeled/image_01287.jpg,jpg/image_01287.jpg,unlabeled,1.0,1.221,0.905,0.344,0.057,0.119,0.0
dataset/jpg/unlabeled/image_01288.jpg,jpg/image_01288.jpg,unlabeled,1.0,1.06,0.715,0.313,0.149,0.083,0.0
dataset/jpg/unlabeled/image_01289.jpg,jpg/image_01289.jpg,unlabeled,1.0,1.224,0.959,0.364,0.071,0.119,0.0
dataset/jpg/unlabeled/image_01290.jpg,jpg/image_01290.jpg,unlabeled,1.0,1.326,0.808,0.283,0.132,0.115,0.0
dataset/jpg/unlabeled/image_01291.jpg,jpg/image_01291.jpg,unlabeled,1.0,0.922,0.885,0.379,0.009,0.059,0.0
dataset/jpg/unlabeled/image_01293.jpg,jpg/image_01293.jpg,unlabeled,1.0,0.911,0.746,0.316,0.095,0.049,0.0
dataset/jpg/unlabeled/image_01294.jpg,jpg/image_01294.jpg,unlabeled,1.0,1.119,0.914,0.379,0.102,0.059,0.0
dataset/jpg/unlabeled/image_01295.jpg,jpg/image_01295.jpg,unlabeled,1.0,0.921,0.823,0.352,0.049,0.088,0.0
dataset/jpg/unlabeled/image_01297.jpg,jpg/image_01297.jpg,unlabeled,1.0,1.053,0.607,0.268,0.034,0.036,0.0
dataset/jpg/unlabeled/image_01298.jpg,jpg/image_01298.jpg,unlabeled,1.0,1.137,0.99,0.405,0.074,0.076,0.0
dataset/jpg/unlabeled/image_01299.jpg,jpg/image_01299.jpg,unlabeled,1.0,1.16,0.938,0.375,0.065,0.04,0.0
dataset/jpg/unlabeled/image_01300.jpg,jpg/image_01300.jpg,unlabeled,1.0,1.084,0.841,0.36,0.033,0.073,0.0
dataset/jpg/unlabeled/image_01302.jpg,jpg/image_01302.jpg,unlabeled,1.0,0.978,0.814,0.37,0.042,0.0,0.0
dataset/jpg/unlabeled/image_01303.jpg,jpg/image_01303.jpg,unlabeled,1.0,0.855,1.001,0.398,0.041,0.052,0.0
dataset/jpg/unlabeled/image_01304.jpg,jpg/image_01304.jpg,unlabeled,1.0,1.095,0.862,0.366,0.064,0.013,0.0
dataset/jpg/unlabeled/image_01306.jpg,jpg/image_01306.jpg,unlabeled,1.0,0.982,0.701,0.32,0.103,0.109,0.003
dataset/jpg/unlabeled/image_01307.jpg,jpg/image_01307.jpg,unlabeled,1.0,1.238,0.904,0.339,0.119,0.111,0.0
dataset/jpg/unlabeled/image_01308.jpg,jpg/image_01308.jpg,unlabeled,1.0,1.309,0.874,0.31,0.039,0.099,0.0
dataset/jpg/unlabeled/image_01309.jpg,jpg/image_01309.jpg,unlabeled,1.0,1.176,0.842,0.333,0.118,0.111,0.0
dataset/jpg/unlabeled/image_01311.jpg,jpg/image_01311.jpg,unlabeled,1.0,1.244,0.885,0.331,0.17,0.095,0.0
dataset/jpg/unlabeled/image_01312.jpg,jpg/image_01312.jpg,unlabeled,1.0,1.039,0.876,0.392,0.087,0.0,0.0
dataset/jpg/unlabeled/image_01313.jpg,jpg/image_01313.jpg,unlabeled,1.0,1.221,0.822,0.313,0.021,0.107,0.0
dataset/jpg/unlabeled/image_01316.jpg,jpg/image_01316.jpg,unlabeled,1.0,1.071,1.005,0.436,0.06,0.059,0.0
dataset/jpg/unlabeled/image_01326.jpg,jpg/image_01326.jpg,unlabeled,1.0,0.988,0.931,0.427,0.006,0.0,0.0
dataset/jpg/unlabeled/image_01328.jpg,jpg/image_01328.jpg,unlabeled,1.0,1.0,0.906,0.421,0.008,0.0,0.0
dataset/jpg/unlabeled/image_01329.jpg,jpg/image_01329.jpg,unlabeled,1.0,0.866,1.018,0.41,0.028,0.103,0.0
dataset/jpg/unlabeled/image_01330.jpg,jpg/image_01330.jpg,unlabeled,1.0,0.8,0.92,0.342,0.029,0.07,0.0
dataset/jpg/unlabeled/image_01331.jpg,jpg/image_01331.jpg,unlabeled,1.0,0.885,0.944,0.388,0.046,0.032,0.0
dataset/jpg/unlabeled/image_01332.jpg,jpg/image_01332.jpg,unlabeled,1.0,0.701,0.928,0.302,0.096,0.104,0.0
dataset/jpg/unlabeled/image_01337.jpg,jpg/image_01337.jpg,unlabeled,1.0,1.0,0.983,0.457,0.034,0.0,0.0
dataset/jpg/unlabeled/image_01340.jpg,jpg/image_01340.jpg,unlabeled,1.0,0.875,0.989,0.402,0.045,0.082,0.0
dataset/jpg/unlabeled/image_01341.jpg,jpg/image_01341.jpg,unlabeled,1.0,1.0,0.958,0.445,0.039,0.012,0.0
dataset/jpg/unlabeled/image_01342.jpg,jpg/image_01342.jpg,unlabeled,1.0,0.961,1.123,0.501,0.017,0.052,0.0
dataset/jpg/unlabeled/image_01343.jpg,jpg/image_01343.jpg,unlabeled,1.0,1.048,1.023,0.454,0.038,0.036,0.0
dataset/jpg/unlabeled/image_01344.jpg,jpg/image_01344.jpg,unlabeled,1.0,1.038,1.025,0.459,0.061,0.023,0.0
dataset/jpg/unlabeled/image_01345.jpg,jpg/image_01345.jpg,unlabeled,1.0,1.141,0.995,0.405,0.064,0.077,0.0
dataset/jpg/unlabeled/image_01348.jpg,jpg/image_01348.jpg,unlabeled,1.0,1.237,0.928,0.349,0.137,0.107,0.0
dataset/jpg/unlabeled/image_01350.jpg,jpg/image_01350.jpg,unlabeled,1.0,0.932,0.968,0.419,0.02,0.0,0.0
dataset/jpg/unlabeled/image_01352.jpg,jpg/image_01352.jpg,unlabeled,1.0,1.138,0.94,0.384,0.007,0.0,0.0
dataset/jpg/unlabeled/image_01353.jpg,jpg/image_01353.jpg,unlabeled,1.0,0.819,0.95,0.362,0.151,0.0,0.0
dataset/jpg/unlabeled/image_01356.jpg,jpg/image_01356.jpg,unlabeled,1.0,0.8,0.736,0.274,0.082,0.031,0.0
dataset/jpg/unlabeled/image_01358.jpg,jpg/image_01358.jpg,unlabeled,1.0,1.037,0.766,0.343,0.025,0.015,0.0
dataset/jpg/unlabeled/image_01361.jpg,jpg/image_01361.jpg,unlabeled,1.0,1.145,0.98,0.397,0.063,0.0,0.0
dataset/jpg/unlabeled/image_01362.jpg,jpg/image_01362.jpg,unlabeled,1.0,1.176,0.859,0.339,0.044,0.104,0.0
dataset/jpg/unlabeled/image_01364.jpg,jpg/image_01364.jpg,unlabeled,1.0,0.712,0.917,0.303,0.057,0.0,0.0
dataset/jpg/unlabeled/image_01366.jpg,jpg/image_01366.jpg,unlabeled,1.0,0.871,0.962,0.389,0.052,0.086,0.0
dataset/jpg/unlabeled/image_01367.jpg,jpg/image_01367.jpg,unlabeled,1.0,1.033,0.866,0.39,0.11,0.0,0.0
dataset/jpg/unlabeled/image_01368.jpg,jpg/image_01368.jpg,unlabeled,1.0,1.089,0.819,0.35,0.143,0.0,0.0
dataset/jpg/unlabeled/image_01369.jpg,jpg/image_01369.jpg,unlabeled,1.0,1.115,0.92,0.384,0.156,0.023,0.0
dataset/jpg/unlabeled/image_01371.jpg,jpg/image_01371.jpg,unlabeled,1.0,0.929,0.825,0.356,0.085,0.0,0.0
dataset/jpg/unlabeled/image_01378.jpg,jpg/image_01378.jpg,unlabeled,1.0,0.932,0.909,0.394,0.059,0.0,0.0
dataset/jpg/unlabeled/image_01380.jpg,jpg/image_01380.jpg,unlabeled,1.0,0.953,0.694,0.307,0.045,0.0,0.0
dataset/jpg/unlabeled/image_01382.jpg,jpg/image_01382.jpg,unlabeled,1.0,1.092,0.708,0.301,0.146,0.0,0.0
dataset/jpg/unlabeled/image_01383.jpg,jpg/image_01383.jpg,unlabeled,1.0,0.946,0.676,0.297,0.165,0.0,0.0
dataset/jpg/unlabeled/image_01384.jpg,jpg/image_01384.jpg,unlabeled,1.0,0.953,0.646,0.286,0.006,0.0,0.0
dataset/jpg/unlabeled/image_01385.jpg,jpg/image_01385.jpg,unlabeled,1.0,1.303,0.741,0.264,0.058,0.045,0.0
dataset/jpg/unlabeled/image_01388.jpg,jpg/image_01388.jpg,unlabeled,1.0,1.021,0.658,0.3,0.115,0.066,0.0
dataset/jpg/unlabeled/image_01390.jpg,jpg/image_01390.jpg,unlabeled,1.0,1.28,0.699,0.254,0.054,0.086,0.0
dataset/jpg/unlabeled/image_01391.jpg,jpg/image_01391.jpg,unlabeled,1.0,1.165,0.841,0.335,0.045,0.051,0.0
dataset/jpg/unlabeled/image_01392.jpg,jpg/image_01392.jpg,unlabeled,1.0,0.811,0.601,0.227,0.04,0.0,0.0
dataset/jpg/unlabeled/image_01394.jpg,jpg/image_01394.jpg,unlabeled,1.0,1.133,0.856,0.351,0.097,0.072,0.0
dataset/jpg/unlabeled/image_01396.jpg,jpg/image_01396.jpg,unlabeled,1.0,0.947,0.785,0.346,0.134,0.001,0.0
dataset/jpg/unlabeled/image_01398.jpg,jpg/image_01398.jpg,unlabeled,1.0,0.953,0.566,0.25,0.075,0.0,0.0
dataset/jpg/unlabeled/image_01400.jpg,jpg/image_01400.jpg,unlabeled,1.0,1.115,0.736,0.307,0.008,0.0,0.0
dataset/jpg/unlabeled/image_01401.jpg,jpg/image_01401.jpg,unlabeled,1.0,0.891,0.77,0.319,0.16,0.0,0.0
dataset/jpg/unlabeled/image_01403.jpg,jpg/image_01403.jpg,unlabeled,1.0,1.395,0.774,0.258,0.085,0.048,0.0
dataset/jpg/unlabeled/image_01405.jpg,jpg/image_01405.jpg,unlabeled,1.0,1.308,0.784,0.279,0.139,0.0,0.0
dataset/jpg/unlabeled/image_01406.jpg,jpg/image_01406.jpg,unlabeled,1.0,0.938,0.712,0.311,0.134,0.04,0.0
dataset/jpg/unlabeled/image_01408.jpg,jpg/image_01408.jpg,unlabeled,1.0,1.119,0.775,0.322,0.067,0.107,0.0
dataset/jpg/unlabeled/image_01411.jpg,jpg/image_01411.jpg,unlabeled,1.0,1.127,0.747,0.308,0.143,0.039,0.0
dataset/jpg/unlabeled/image_01412.jpg,jpg/image_01412.jpg,unlabeled,1.0,0.953,0.825,0.365,0.161,0.0,0.0
dataset/jpg/unlabeled/image_01415.jpg,jpg/image_01415.jpg,unlabeled,1.0,1.0,0.762,0.354,0.058,0.0,0.0
dataset/jpg/unlabeled/image_01418.jpg,jpg/image_01418.jpg,unlabeled,1.0,1.133,0.701,0.288,0.074,0.0,0.0
dataset/jpg/unlabeled/image_01419.jpg,jpg/image_01419.jpg,unlabeled,1.0,1.159,0.659,0.264,0.015,0.0,0.0
dataset/jpg/unlabeled/image_01420.jpg,jpg/image_01420.jpg,unlabeled,1.0,0.938,0.788,0.343,0.042,0.0,0.0
dataset/jpg/unlabeled/image_01422.jpg,jpg/image_01422.jpg,unlabeled,1.0,0.869,0.701,0.283,0.056,0.0,0.0
dataset/jpg/unlabeled/image_01423.jpg,jpg/image_01423.jpg,unlabeled,1.0,0.793,0.639,0.236,0.11,0.095,0.0
dataset/jpg/unlabeled/image_01424.jpg,jpg/image_01424.jpg,unlabeled,1.0,0.936,0.773,0.336,0.036,0.013,0.0
dataset/jpg/unlabeled/image_01425.jpg,jpg/image_01425.jpg,unlabeled,1.0,1.247,0.716,0.267,0.053,0.087,0.0
dataset/jpg/unlabeled/image_01426.jpg,jpg/image_01426.jpg,unlabeled,1.0,1.183,0.692,0.272,0.035,0.097,0.0
dataset/jpg/unlabeled/image_01428.jpg,jpg/image_01428.jpg,unlabeled,1.0,1.208,0.832,0.32,0.127,0.087,0.0
dataset/jpg/unlabeled/image_01429.jpg,jpg/image_01429.jpg,unlabeled,1.0,0.831,0.822,0.317,0.065,0.0,0.0
dataset/jpg/unlabeled/image_01430.jpg,jpg/image_01430.jpg,unlabeled,1.0,0.767,0.738,0.263,0.075,0.034,0.0
dataset/jpg/unlabeled/image_01431.jpg,jpg/image_01431.jpg,unlabeled,1.0,0.919,0.699,0.298,0.037,0.0,0.0
dataset/jpg/unlabeled/image_01432.jpg,jpg/image_01432.jpg,unlabeled,1.0,0.971,0.732,0.331,0.077,0.0,0.0
dataset/jpg/unlabeled/image_01434.jpg,jpg/image_01434.jpg,unlabeled,1.0,0.764,0.653,0.232,0.08,0.0,0.0
dataset/jpg/unlabeled/image_01435.jpg,jpg/image_01435.jpg,unlabeled,1.0,0.989,0.645,0.297,0.125,0.0,0.0
dataset/jpg/unlabeled/image_01439.jpg,jpg/image_01439.jpg,unlabeled,1.0,0.84,0.732,0.286,0.026,0.111,0.0
dataset/jpg/unlabeled/image_01442.jpg,jpg/image_01442.jpg,unlabeled,1.0,0.941,0.868,0.38,0.09,0.004,0.0
dataset/jpg/unlabeled/image_01451.jpg,jpg/image_01451.jpg,unlabeled,1.0,1.096,0.943,0.4,0.025,0.063,0.0
dataset/jpg/unlabeled/image_01456.jpg,jpg/image_01456.jpg,unlabeled,1.0,1.0,0.889,0.413,0.033,0.051,0.0
dataset/jpg/unlabeled/image_01457.jpg,jpg/image_01457.jpg,unlabeled,1.0,0.81,0.787,0.296,0.017,0.0,0.0
dataset/jpg/unlabeled/image_01458.jpg,jpg/image_01458.jpg,unlabeled,1.0,0.961,0.758,0.338,0.074,0.0,0.0
dataset/jpg/unlabeled/image_01464.jpg,jpg/image_01464.jpg,unlabeled,1.0,0.945,0.817,0.359,0.051,0.036,0.0
dataset/jpg/unlabeled/image_01465.jpg,jpg/image_01465.jpg,unlabeled,1.0,1.019,0.827,0.377,0.075,0.0,0.0
dataset/jpg/unlabeled/image_01466.jpg,jpg/image_01466.jpg,unlabeled,1.0,1.147,0.797,0.323,0.094,0.011,0.0
dataset/jpg/unlabeled/image_01468.jpg,jpg/image_01468.jpg,unlabeled,1.0,1.074,0.724,0.313,0.083,0.0,0.0
dataset/jpg/unlabeled/image_01469.jpg,jpg/image_01469.jpg,unlabeled,1.0,1.109,0.658,0.276,0.09,0.0,0.0
dataset/jpg/unlabeled/image_01471.jpg,jpg/image_01471.jpg,unlabeled,1.0,1.118,0.853,0.355,0.104,0.0,0.0
dataset/jpg/unlabeled/image_01473.jpg,jpg/image_01473.jpg,unlabeled,1.0,0.919,0.761,0.325,0.049,0.0,0.0
dataset/jpg/unlabeled/image_01475.jpg,jpg/image_01475.jpg,unlabeled,1.0,1.028,0.776,0.351,0.063,0.0,0.0
dataset/jpg/unlabeled/image_01477.jpg,jpg/image_01477.jpg,unlabeled,1.0,0.911,0.663,0.281,0.008,0.0,0.0
dataset/jpg/unlabeled/image_01478.jpg,jpg/image_01478.jpg,unlabeled,1.0,0.879,0.619,0.253,0.099,0.0,0.0
dataset/jpg/unlabeled/image_01482.jpg,jpg/image_01482.jpg,unlabeled,1.0,1.118,1.05,0.436,0.085,0.078,0.0
dataset/jpg/unlabeled/image_01483.jpg,jpg/image_01483.jpg,unlabeled,1.0,1.078,0.98,0.423,0.026,0.044,0.0
dataset/jpg/unlabeled/image_01494.jpg,jpg/image_01494.jpg,unlabeled,1.0,1.164,0.815,0.326,0.07,0.099,0.0
dataset/jpg/unlabeled/image_01497.jpg,jpg/image_01497.jpg,unlabeled,137.0,1.133,0.684,0.281,0.037,0.0,0.019
dataset/jpg/unlabeled/image_01499.jpg,jpg/image_01499.jpg,unlabeled,1.0,0.991,0.865,0.399,0.07,0.051,0.0
dataset/jpg/unlabeled/image_01504.jpg,jpg/image_01504.jpg,unlabeled,1.0,0.956,0.761,0.338,0.096,0.0,0.0
dataset/jpg/unlabeled/image_01507.jpg,jpg/image_01507.jpg,unlabeled,1.0,1.165,0.635,0.253,0.086,0.11,0.001
dataset/jpg/unlabeled/image_01508.jpg,jpg/image_01508.jpg,unlabeled,169.0,1.417,1.055,0.346,0.125,0.0,0.0
dataset/jpg/unlabeled/image_01510.jpg,jpg/image_01510.jpg,unlabeled,1.0,1.179,0.929,0.366,0.038,0.119,0.0
dataset/jpg/unlabeled/image_01511.jpg,jpg/image_01511.jpg,unlabeled,1.0,0.938,0.909,0.396,0.004,0.035,0.0
dataset/jpg/unlabeled/image_01512.jpg,jpg/image_01512.jpg,unlabeled,1.0,0.852,0.575,0.228,0.087,0.02,0.0
dataset/jpg/unlabeled/image_01513.jpg,jpg/image_01513.jpg,unlabeled,1.0,1.011,0.925,0.425,0.088,0.026,0.0
dataset/jpg/unlabeled/image_01519.jpg,jpg/image_01519.jpg,unlabeled,1.0,1.168,0.728,0.29,0.033,0.113,0.0
dataset/jpg/unlabeled/image_01520.jpg,jpg/image_01520.jpg,unlabeled,1.0,1.25,0.927,0.345,0.09,0.0,0.0
dataset/jpg/unlabeled/image_01531.jpg,jpg/image_01531.jpg,unlabeled,1.0,0.884,0.671,0.276,0.167,0.111,0.008
dataset/jpg/unlabeled/image_01534.jpg,jpg/image_01534.jpg,unlabeled,1.0,1.163,0.866,0.346,0.036,0.078,0.0
dataset/jpg/unlabeled/image_01537.jpg,jpg/image_01537.jpg,unlabeled,1.0,0.924,0.766,0.329,0.073,0.0,0.0
dataset/jpg/unlabeled/image_01539.jpg,jpg/image_01539.jpg,unlabeled,1.0,0.95,0.927,0.409,0.105,0.043,0.0
dataset/jpg/unlabeled/image_01541.jpg,jpg/image_01541.jpg,unlabeled,1.0,1.047,0.857,0.38,0.144,0.029,0.0
dataset/jpg/unlabeled/image_01542.jpg,jpg/image_01542.jpg,unlabeled,1.0,1.0,0.834,0.388,0.046,0.0,0.0
dataset/jpg/unlabeled/image_01544.jpg,jpg/image_01544.jpg,unlabeled,1.0,1.145,0.835,0.339,0.154,0.036,0.0
dataset/jpg/unlabeled/image_01556.jpg,jpg/image_01556.jpg,unlabeled,1.0,1.154,0.911,0.367,0.114,0.0,0.0
dataset/jpg/unlabeled/image_01557.jpg,jpg/image_01557.jpg,unlabeled,1.0,1.306,0.777,0.277,0.044,0.093,0.0
dataset/jpg/unlabeled/image_01562.jpg,jpg/image_01562.jpg,unlabeled,1.0,1.157,0.804,0.323,0.022,0.084,0.0
dataset/jpg/unlabeled/image_01563.jpg,jpg/image_01563.jpg,unlabeled,1.0,1.375,0.571,0.193,0.16,0.035,0.0
dataset/jpg/unlabeled/image_01564.jpg,jpg/image_01564.jpg,unlabeled,1.0,1.159,0.691,0.277,0.088,0.059,0.0
dataset/jpg/unlabeled/image_01566.jpg,jpg/image_01566.jpg,unlabeled,1.0,1.233,0.608,0.229,0.056,0.101,0.0
dataset/jpg/unlabeled/image_01571.jpg,jpg/image_01571.jpg,unlabeled,1.0,1.122,0.698,0.289,0.094,0.054,0.0
dataset/jpg/unlabeled/image_01574.jpg,jpg/image_01574.jpg,unlabeled,1.0,1.084,0.754,0.323,0.069,0.114,0.0
dataset/jpg/unlabeled/image_01582.jpg,jpg/image_01582.jpg,unlabeled,1.0,1.174,0.815,0.323,0.031,0.088,0.0
dataset/jpg/unlabeled/image_01588.jpg,jpg/image_01588.jpg,unlabeled,1.0,0.8,0.707,0.263,0.032,0.0,0.0
dataset/jpg/unlabeled/image_01592.jpg,jpg/image_01592.jpg,unlabeled,1.0,0.926,0.974,0.419,0.147,0.005,0.0
dataset/jpg/unlabeled/image_01598.jpg,jpg/image_01598.jpg,unlabeled,1.0,0.784,0.876,0.319,0.126,0.107,0.0
dataset/jpg/unlabeled/image_01600.jpg,jpg/image_01600.jpg,unlabeled,1.0,1.182,0.607,0.239,0.014,0.097,0.0
dataset/jpg/unlabeled/image_01604.jpg,jpg/image_01604.jpg,unlabeled,1.0,0.967,0.779,0.35,0.062,0.056,0.0
dataset/jpg/unlabeled/image_01605.jpg,jpg/image_01605.jpg,unlabeled,1.0,1.178,0.773,0.305,0.019,0.083,0.0
dataset/jpg/unlabeled/image_01606.jpg,jpg/image_01606.jpg,unlabeled,1.0,0.907,0.773,0.326,0.017,0.0,0.0
dataset/jpg/unlabeled/image_01607.jpg,jpg/image_01607.jpg,unlabeled,1.0,1.156,0.802,0.322,0.061,0.102,0.0
dataset/jpg/unlabeled/image_01608.jpg,jpg/image_01608.jpg,unlabeled,1.0,0.845,0.684,0.269,0.018,0.065,0.0
dataset/jpg/unlabeled/image_01613.jpg,jpg/image_01613.jpg,unlabeled,1.0,1.089,0.762,0.325,0.138,0.094,0.0
dataset/jpg/unlabeled/image_01614.jpg,jpg/image_01614.jpg,unlabeled,1.0,1.01,0.892,0.41,0.057,0.004,0.0
dataset/jpg/unlabeled/image_01616.jpg,jpg/image_01616.jpg,unlabeled,1.0,0.898,0.683,0.285,0.032,0.069,0.0
dataset/jpg/unlabeled/image_01620.jpg,jpg/image_01620.jpg,unlabeled,1.0,1.107,0.718,0.302,0.076,0.065,0.0
dataset/jpg/unlabeled/image_01621.jpg,jpg/image_01621.jpg,unlabeled,1.0,1.214,1.022,0.391,0.033,0.0,0.0
dataset/jpg/unlabeled/image_01623.jpg,jpg/image_01623.jpg,unlabeled,1.0,0.961,0.79,0.353,0.026,0.039,0.0
dataset/jpg/unlabeled/image_01625.jpg,jpg/image_01625.jpg,unlabeled,1.0,1.088,0.762,0.325,0.009,0.032,0.0
dataset/jpg/unlabeled/image_01626.jpg,jpg/image_01626.jpg,unlabeled,1.0,1.073,0.712,0.308,0.121,0.044,0.0
dataset/jpg/unlabeled/image_01627.jpg,jpg/image_01627.jpg,unlabeled,1.0,1.42,0.854,0.279,0.101,0.052,0.0
dataset/jpg/unlabeled/image_01628.jpg,jpg/image_01628.jpg,unlabeled,1.0,1.103,0.791,0.333,0.034,0.0,0.0
dataset/jpg/unlabeled/image_01632.jpg,jpg/image_01632.jpg,unlabeled,1.0,0.989,0.887,0.408,0.12,0.065,0.0
dataset/jpg/unlabeled/image_01636.jpg,jpg/image_01636.jpg,unlabeled,1.0,1.187,0.792,0.31,0.025,0.076,0.0
dataset/jpg/unlabeled/image_01639.jpg,jpg/image_01639.jpg,unlabeled,1.0,0.958,0.75,0.334,0.161,0.018,0.0
dataset/jpg/unlabeled/image_01643.jpg,jpg/image_01643.jpg,unlabeled,1.0,0.956,0.774,0.344,0.055,0.002,0.0
dataset/jpg/unlabeled/image_01646.jpg,jpg/image_01646.jpg,unlabeled,1.0,1.264,0.785,0.289,0.062,0.107,0.0
dataset/jpg/unlabeled/image_01647.jpg,jpg/image_01647.jpg,unlabeled,1.0,1.179,0.759,0.299,0.038,0.099,0.0
dataset/jpg/unlabeled/image_01651.jpg,jpg/image_01651.jpg,unlabeled,1.0,1.293,0.63,0.226,0.013,0.07,0.0
dataset/jpg/unlabeled/image_01653.jpg,jpg/image_01653.jpg,unlabeled,1.0,1.194,0.597,0.232,0.094,0.059,0.006
dataset/jpg/unlabeled/image_01656.jpg,jpg/image_01656.jpg,unlabeled,1.0,1.219,0.896,0.341,0.023,0.11,0.0
dataset/jpg/unlabeled/image_01657.jpg,jpg/image_01657.jpg,unlabeled,1.0,1.25,0.682,0.254,0.163,0.115,0.0
dataset/jpg/unlabeled/image_01658.jpg,jpg/image_01658.jpg,unlabeled,1.0,0.832,0.856,0.331,0.07,0.046,0.0
dataset/jpg/unlabeled/image_01659.jpg,jpg/image_01659.jpg,unlabeled,1.0,1.067,0.899,0.391,0.014,0.059,0.0
dataset/jpg/unlabeled/image_01663.jpg,jpg/image_01663.jpg,unlabeled,1.0,1.069,0.743,0.323,0.122,0.0,0.004
dataset/jpg/unlabeled/image_01664.jpg,jpg/image_01664.jpg,unlabeled,1.0,0.924,0.723,0.311,0.039,0.041,0.0
dataset/jpg/unlabeled/image_01668.jpg,jpg/image_01668.jpg,unlabeled,1.0,1.396,0.696,0.232,0.115,0.115,0.0
dataset/jpg/unlabeled/image_01671.jpg,jpg/image_01671.jpg,unlabeled,1.0,0.938,0.64,0.279,0.094,0.016,0.0
dataset/jpg/unlabeled/image_01672.jpg,jpg/image_01672.jpg,unlabeled,1.0,1.067,0.703,0.306,0.033,0.064,0.0
dataset/jpg/unlabeled/image_01673.jpg,jpg/image_01673.jpg,unlabeled,1.0,1.063,0.748,0.327,0.072,0.11,0.0
dataset/jpg/unlabeled/image_01674.jpg,jpg/image_01674.jpg,unlabeled,1.0,1.115,0.844,0.352,0.111,0.0,0.0
dataset/jpg/unlabeled/image_01675.jpg,jpg/image_01675.jpg,unlabeled,1.0,1.037,0.881,0.395,0.053,0.0,0.0
dataset/jpg/unlabeled/image_01678.jpg,jpg/image_01678.jpg,unlabeled,1.0,1.299,0.862,0.308,0.068,0.099,0.0
dataset/jpg/unlabeled/image_01679.jpg,jpg/image_01679.jpg,unlabeled,0.96,1.071,0.782,0.339,0.039,0.052,0.036
dataset/jpg/unlabeled/image_01680.jpg,jpg/image_01680.jpg,unlabeled,1.0,0.938,0.892,0.389,0.028,0.06,0.0
dataset/jpg/unlabeled/image_01684.jpg,jpg/image_01684.jpg,unlabeled,1.0,1.126,0.91,0.376,0.043,0.034,0.0
dataset/jpg/unlabeled/image_01686.jpg,jpg/image_01686.jpg,unlabeled,1.0,1.17,0.764,0.304,0.059,0.093,0.0
dataset/jpg/unlabeled/image_01687.jpg,jpg/image_01687.jpg,unlabeled,1.0,0.844,0.788,0.309,0.013,0.069,0.0
dataset/jpg/unlabeled/image_01688.jpg,jpg/image_01688.jpg,unlabeled,1.0,1.107,0.927,0.389,0.084,0.0,0.0
dataset/jpg/unlabeled/image_01690.jpg,jpg/image_01690.jpg,unlabeled,1.0,1.063,0.895,0.391,0.148,0.053,0.0
dataset/jpg/unlabeled/image_01692.jpg,jpg/image_01692.jpg,unlabeled,1.0,1.049,0.878,0.389,0.025,0.049,0.0
dataset/jpg/unlabeled/image_01696.jpg,jpg/image_01696.jpg,unlabeled,1.0,1.053,0.968,0.428,0.052,0.067,0.0
dataset/jpg/unlabeled/image_01697.jpg,jpg/image_01697.jpg,unlabeled,1.0,1.123,0.908,0.376,0.032,0.069,0.0
dataset/jpg/unlabeled/image_01699.jpg,jpg/image_01699.jpg,unlabeled,1.0,1.31,0.605,0.215,0.085,0.071,0.0
dataset/jpg/unlabeled/image_01701.jpg,jpg/image_01701.jpg,unlabeled,1.0,1.095,0.906,0.385,0.097,0.058,0.0
dataset/jpg/unlabeled/image_01702.jpg,jpg/image_01702.jpg,unlabeled,1.0,0.916,0.956,0.407,0.014,0.027,0.0
dataset/jpg/unlabeled/image_01703.jpg,jpg/image_01703.jpg,unlabeled,1.0,1.17,0.839,0.333,0.024,0.096,0.0
dataset/jpg/unlabeled/image_01704.jpg,jpg/image_01704.jpg,unlabeled,1.0,1.138,0.929,0.379,0.032,0.098,0.0
dataset/jpg/unlabeled/image_01705.jpg,jpg/image_01705.jpg,unlabeled,1.0,1.126,0.885,0.365,0.069,0.074,0.0
dataset/jpg/unlabeled/image_01706.jpg,jpg/image_01706.jpg,unlabeled,1.0,1.333,0.904,0.315,0.033,0.116,0.0
dataset/jpg/unlabeled/image_01708.jpg,jpg/image_01708.jpg,unlabeled,1.0,1.105,0.966,0.406,0.052,0.087,0.0
dataset/jpg/unlabeled/image_01709.jpg,jpg/image_01709.jpg,unlabeled,1.0,1.116,0.843,0.351,0.025,0.087,0.0
dataset/jpg/unlabeled/image_01710.jpg,jpg/image_01710.jpg,unlabeled,1.0,1.037,0.911,0.408,0.081,0.005,0.0
dataset/jpg/unlabeled/image_01711.jpg,jpg/image_01711.jpg,unlabeled,1.0,1.126,0.914,0.377,0.005,0.074,0.0
dataset/jpg/unlabeled/image_01712.jpg,jpg/image_01712.jpg,unlabeled,1.0,1.162,0.925,0.37,0.08,0.028,0.0
dataset/jpg/unlabeled/image_01713.jpg,jpg/image_01713.jpg,unlabeled,1.0,1.255,0.778,0.288,0.048,0.102,0.0
dataset/jpg/unlabeled/image_01714.jpg,jpg/image_01714.jpg,unlabeled,1.0,0.953,0.675,0.299,0.049,0.0,0.0
dataset/jpg/unlabeled/image_01716.jpg,jpg/image_01716.jpg,unlabeled,1.0,1.102,0.954,0.402,0.098,0.085,0.0
dataset/jpg/unlabeled/image_01718.jpg,jpg/image_01718.jpg,unlabeled,1.0,1.095,0.851,0.361,0.11,0.063,0.0
dataset/jpg/unlabeled/image_01719.jpg,jpg/image_01719.jpg,unlabeled,1.0,1.146,0.956,0.388,0.06,0.092,0.0
dataset/jpg/unlabeled/image_01720.jpg,jpg/image_01720.jpg,unlabeled,1.0,1.043,0.939,0.418,0.134,0.017,0.0
dataset/jpg/unlabeled/image_01721.jpg,jpg/image_01721.jpg,unlabeled,1.0,0.989,0.92,0.423,0.069,0.031,0.0
dataset/jpg/unlabeled/image_01722.jpg,jpg/image_01722.jpg,unlabeled,1.0,1.061,0.854,0.374,0.106,0.047,0.0
dataset/jpg/unlabeled/image_01723.jpg,jpg/image_01723.jpg,unlabeled,1.0,1.022,0.689,0.313,0.009,0.013,0.0
dataset/jpg/unlabeled/image_01725.jpg,jpg/image_01725.jpg,unlabeled,1.0,0.983,0.874,0.399,0.036,0.037,0.0
dataset/jpg/unlabeled/image_01727.jpg,jpg/image_01727.jpg,unlabeled,1.0,1.033,0.856,0.385,0.093,0.029,0.0
dataset/jpg/unlabeled/image_01729.jpg,jpg/image_01729.jpg,unlabeled,1.0,1.056,0.836,0.368,0.14,0.0,0.0
dataset/jpg/unlabeled/image_01730.jpg,jpg/image_01730.jpg,unlabeled,1.0,1.053,0.909,0.401,0.112,0.071,0.0
dataset/jpg/unlabeled/image_01731.jpg,jpg/image_01731.jpg,unlabeled,1.0,1.102,0.909,0.383,0.155,0.098,0.0
dataset/jpg/unlabeled/image_01732.jpg,jpg/image_01732.jpg,unlabeled,1.0,0.884,0.758,0.311,0.036,0.041,0.0
dataset/jpg/unlabeled/image_01733.jpg,jpg/image_01733.jpg,unlabeled,0.951,0.972,0.884,0.399,0.092,0.0,0.037
dataset/jpg/unlabeled/image_01734.jpg,jpg/image_01734.jpg,unlabeled,1.0,1.39,0.874,0.292,0.065,0.11,0.0
dataset/jpg/unlabeled/image_01735.jpg,jpg/image_01735.jpg,unlabeled,1.0,1.345,0.797,0.275,0.083,0.119,0.0
dataset/jpg/unlabeled/image_01736.jpg,jpg/image_01736.jpg,unlabeled,1.0,1.026,0.857,0.388,0.056,0.0,0.0
dataset/jpg/unlabeled/image_01737.jpg,jpg/image_01737.jpg,unlabeled,1.0,1.1,0.887,0.375,0.136,0.0,0.0
dataset/jpg/unlabeled/image_01738.jpg,jpg/image_01738.jpg,unlabeled,1.0,0.967,0.832,0.374,0.055,0.058,0.0
dataset/jpg/unlabeled/image_01739.jpg,jpg/image_01739.jpg,unlabeled,1.0,1.06,0.882,0.387,0.076,0.0,0.0
dataset/jpg/unlabeled/image_01740.jpg,jpg/image_01740.jpg,unlabeled,1.0,0.978,0.938,0.427,0.049,0.039,0.0
dataset/jpg/unlabeled/image_01742.jpg,jpg/image_01742.jpg,unlabeled,1.0,1.155,0.977,0.393,0.045,0.089,0.0
dataset/jpg/unlabeled/image_01743.jpg,jpg/image_01743.jpg,unlabeled,1.0,1.0,0.683,0.318,0.003,0.0,0.0
dataset/jpg/unlabeled/image_01744.jpg,jpg/image_01744.jpg,unlabeled,1.0,1.162,0.825,0.33,0.01,0.07,0.0
dataset/jpg/unlabeled/image_01745.jpg,jpg/image_01745.jpg,unlabeled,1.0,0.94,0.72,0.314,0.043,0.023,0.0
dataset/jpg/unlabeled/image_01748.jpg,jpg/image_01748.jpg,unlabeled,1.0,1.393,0.741,0.247,0.099,0.118,0.0
dataset/jpg/unlabeled/image_01750.jpg,jpg/image_01750.jpg,unlabeled,1.0,1.185,0.853,0.335,0.041,0.112,0.0
dataset/jpg/unlabeled/image_01755.jpg,jpg/image_01755.jpg,unlabeled,1.0,1.011,0.969,0.446,0.034,0.051,0.0
dataset/jpg/unlabeled/image_01757.jpg,jpg/image_01757.jpg,unlabeled,1.0,1.189,0.617,0.241,0.085,0.103,0.0
dataset/jpg/unlabeled/image_01758.jpg,jpg/image_01758.jpg,unlabeled,1.0,1.08,0.743,0.32,0.107,0.05,0.0
dataset/jpg/unlabeled/image_01759.jpg,jpg/image_01759.jpg,unlabeled,1.0,1.094,0.871,0.37,0.044,0.059,0.0
dataset/jpg/unlabeled/image_01760.jpg,jpg/image_01760.jpg,unlabeled,1.0,0.86,0.771,0.308,0.055,0.026,0.0
dataset/jpg/unlabeled/image_01761.jpg,jpg/image_01761.jpg,unlabeled,1.0,1.027,0.744,0.337,0.069,0.031,0.0
dataset/jpg/unlabeled/image_01762.jpg,jpg/image_01762.jpg,unlabeled,1.0,1.232,1.045,0.394,0.066,0.111,0.0
dataset/jpg/unlabeled/image_01766.jpg,jpg/image_01766.jpg,unlabeled,1.0,1.253,0.881,0.327,0.021,0.119,0.0
dataset/jpg/unlabeled/image_01767.jpg,jpg/image_01767.jpg,unlabeled,1.0,1.168,0.974,0.387,0.032,0.091,0.0
dataset/jpg/unlabeled/image_01768.jpg,jpg/image_01768.jpg,unlabeled,1.0,1.231,0.854,0.323,0.005,0.104,0.0
dataset/jpg/unlabeled/image_01769.jpg,jpg/image_01769.jpg,unlabeled,1.0,1.126,0.927,0.383,0.066,0.083,0.0
dataset/jpg/unlabeled/image_01772.jpg,jpg/image_01772.jpg,unlabeled,1.0,1.09,0.91,0.388,0.155,0.0,0.008
dataset/jpg/unlabeled/image_01773.jpg,jpg/image_01773.jpg,unlabeled,1.0,1.223,0.84,0.319,0.022,0.113,0.0
dataset/jpg/unlabeled/image_01775.jpg,jpg/image_01775.jpg,unlabeled,1.0,1.058,1.078,0.474,0.035,0.075,0.0
dataset/jpg/unlabeled/image_01778.jpg,jpg/image_01778.jpg,unlabeled,1.0,0.99,0.925,0.426,0.13,0.034,0.0
dataset/jpg/unlabeled/image_01779.jpg,jpg/image_01779.jpg,unlabeled,1.0,1.13,0.963,0.396,0.101,0.078,0.0
dataset/jpg/unlabeled/image_01780.jpg,jpg/image_01780.jpg,unlabeled,1.0,0.976,0.926,0.42,0.035,0.0,0.0
dataset/jpg/unlabeled/image_01781.jpg,jpg/image_01781.jpg,unlabeled,1.0,1.032,0.811,0.365,0.102,0.036,0.0
dataset/jpg/unlabeled/image_01782.jpg,jpg/image_01782.jpg,unlabeled,1.0,0.99,0.887,0.408,0.061,0.041,0.0
dataset/jpg/unlabeled/image_01783.jpg,jpg/image_01783.jpg,unlabeled,0.957,0.854,0.926,0.368,0.175,0.044,0.011
dataset/jpg/unlabeled/image_01784.jpg,jpg/image_01784.jpg,unlabeled,1.0,0.883,0.833,0.342,0.043,0.01,0.0
dataset/jpg/unlabeled/image_01785.jpg,jpg/image_01785.jpg,unlabeled,1.0,0.938,0.831,0.362,0.06,0.0,0.0
dataset/jpg/unlabeled/image_01786.jpg,jpg/image_01786.jpg,unlabeled,1.0,1.226,0.881,0.334,0.121,0.115,0.0
dataset/jpg/unlabeled/image_01788.jpg,jpg/image_01788.jpg,unlabeled,1.0,0.705,0.812,0.266,0.083,0.033,0.0
dataset/jpg/unlabeled/image_01789.jpg,jpg/image_01789.jpg,unlabeled,1.0,1.13,1.035,0.425,0.03,0.084,0.0
dataset/jpg/unlabeled/image_01790.jpg,jpg/image_01790.jpg,unlabeled,1.0,1.042,0.942,0.42,0.051,0.048,0.0
dataset/jpg/unlabeled/image_01791.jpg,jpg/image_01791.jpg,unlabeled,1.0,0.855,0.912,0.362,0.087,0.118,0.0
dataset/jpg/unlabeled/image_01793.jpg,jpg/image_01793.jpg,unlabeled,1.0,1.151,0.868,0.351,0.101,0.073,0.0
dataset/jpg/unlabeled/image_01796.jpg,jpg/image_01796.jpg,unlabeled,1.0,0.958,0.89,0.396,0.169,0.03,0.0
dataset/jpg/unlabeled/image_01797.jpg,jpg/image_01797.jpg,unlabeled,1.0,1.293,0.901,0.324,0.12,0.117,0.0
dataset/jpg/unlabeled/image_01798.jpg,jpg/image_01798.jpg,unlabeled,1.0,1.076,0.799,0.345,0.068,0.055,0.0
dataset/jpg/unlabeled/image_01799.jpg,jpg/image_01799.jpg,unlabeled,1.0,0.848,0.94,0.37,0.01,0.062,0.0
dataset/jpg/unlabeled/image_01801.jpg,jpg/image_01801.jpg,unlabeled,1.0,1.095,0.849,0.36,0.082,0.057,0.0
dataset/jpg/unlabeled/image_01802.jpg,jpg/image_01802.jpg,unlabeled,1.0,1.167,0.944,0.376,0.026,0.095,0.0
dataset/jpg/unlabeled/image_01803.jpg,jpg/image_01803.jpg,unlabeled,1.0,1.24,0.77,0.289,0.046,0.114,0.0
dataset/jpg/unlabeled/image_01804.jpg,jpg/image_01804.jpg,unlabeled,1.0,1.107,0.866,0.364,0.142,0.0,0.0
dataset/jpg/unlabeled/image_01805.jpg,jpg/image_01805.jpg,unlabeled,1.0,1.008,0.683,0.315,0.033,0.043,0.0
dataset/jpg/unlabeled/image_01806.jpg,jpg/image_01806.jpg,unlabeled,1.0,1.191,0.907,0.354,0.07,0.108,0.0
dataset/jpg/unlabeled/image_01808.jpg,jpg/image_01808.jpg,unlabeled,1.0,1.07,0.977,0.424,0.082,0.052,0.0
dataset/jpg/unlabeled/image_01809.jpg,jpg/image_01809.jpg,unlabeled,1.0,1.053,0.953,0.421,0.059,0.048,0.0
dataset/jpg/unlabeled/image_01811.jpg,jpg/image_01811.jpg,unlabeled,1.0,1.009,1.038,0.478,0.092,0.051,0.0
dataset/jpg/unlabeled/image_01813.jpg,jpg/image_01813.jpg,unlabeled,1.0,1.189,0.917,0.358,0.064,0.107,0.0
dataset/jpg/unlabeled/image_01815.jpg,jpg/image_01815.jpg,unlabeled,1.0,0.945,0.731,0.321,0.041,0.065,0.0
dataset/jpg/unlabeled/image_01816.jpg,jpg/image_01816.jpg,unlabeled,1.0,0.931,0.941,0.407,0.164,0.023,0.0
dataset/jpg/unlabeled/image_01818.jpg,jpg/image_01818.jpg,unlabeled,1.0,1.021,0.775,0.353,0.038,0.034,0.0
dataset/jpg/unlabeled/image_01819.jpg,jpg/image_01819.jpg,unlabeled,1.0,1.043,0.938,0.418,0.109,0.049,0.0
dataset/jpg/unlabeled/image_01820.jpg,jpg/image_01820.jpg,unlabeled,1.0,1.043,0.96,0.427,0.132,0.058,0.0
dataset/jpg/unlabeled/image_01821.jpg,jpg/image_01821.jpg,unlabeled,1.0,1.143,0.891,0.362,0.033,0.079,0.0
dataset/jpg/unlabeled/image_01823.jpg,jpg/image_01823.jpg,unlabeled,1.0,0.856,0.802,0.319,0.056,0.07,0.0
dataset/jpg/unlabeled/image_01828.jpg,jpg/image_01828.jpg,unlabeled,1.0,1.247,0.714,0.266,0.125,0.006,0.0
dataset/jpg/unlabeled/image_01829.jpg,jpg/image_01829.jpg,unlabeled,1.0,1.253,0.852,0.316,0.087,0.087,0.0
dataset/jpg/unlabeled/image_01831.jpg,jpg/image_01831.jpg,unlabeled,1.0,1.159,0.763,0.306,0.069,0.095,0.0
dataset/jpg/unlabeled/image_01834.jpg,jpg/image_01834.jpg,unlabeled,1.0,0.902,0.952,0.399,0.024,0.006,0.0
dataset/jpg/unlabeled/image_01836.jpg,jpg/image_01836.jpg,unlabeled,1.0,1.211,0.728,0.279,0.16,0.091,0.0
dataset/jpg/unlabeled/image_01838.jpg,jpg/image_01838.jpg,unlabeled,1.0,1.308,0.714,0.254,0.146,0.111,0.0
dataset/jpg/unlabeled/image_01841.jpg,jpg/image_01841.jpg,unlabeled,1.0,0.964,0.706,0.316,0.072,0.056,0.0
dataset/jpg/unlabeled/image_01842.jpg,jpg/image_01842.jpg,unlabeled,1.0,1.228,0.933,0.353,0.071,0.086,0.0
dataset/jpg/unlabeled/image_01843.jpg,jpg/image_01843.jpg,unlabeled,1.0,0.765,1.017,0.362,0.065,0.0,0.0
dataset/jpg/unlabeled/image_01849.jpg,jpg/image_01849.jpg,unlabeled,1.0,0.988,0.891,0.409,0.031,0.0,0.0
dataset/jpg/unlabeled/image_01853.jpg,jpg/image_01853.jpg,unlabeled,1.0,1.091,0.799,0.34,0.061,0.051,0.0
dataset/jpg/unlabeled/image_01856.jpg,jpg/image_01856.jpg,unlabeled,1.0,1.039,0.905,0.404,0.066,0.0,0.0
dataset/jpg/unlabeled/image_01860.jpg,jpg/image_01860.jpg,unlabeled,1.0,1.079,0.741,0.319,0.123,0.072,0.0
dataset/jpg/unlabeled/image_01861.jpg,jpg/image_01861.jpg,unlabeled,1.0,1.297,0.742,0.266,0.084,0.097,0.0
dataset/jpg/unlabeled/image_01863.jpg,jpg/image_01863.jpg,unlabeled,1.0,1.024,0.873,0.396,0.007,0.022,0.0
dataset/jpg/unlabeled/image_01864.jpg,jpg/image_01864.jpg,unlabeled,1.0,0.918,0.837,0.357,0.015,0.016,0.0
dataset/jpg/unlabeled/image_01866.jpg,jpg/image_01866.jpg,unlabeled,1.0,0.969,0.845,0.38,0.025,0.047,0.0
dataset/jpg/unlabeled/image_01871.jpg,jpg/image_01871.jpg,unlabeled,1.0,1.275,0.602,0.219,0.129,0.095,0.0
dataset/jpg/unlabeled/image_01872.jpg,jpg/image_01872.jpg,unlabeled,1.0,1.211,0.766,0.294,0.052,0.102,0.0
dataset/jpg/unlabeled/image_01873.jpg,jpg/image_01873.jpg,unlabeled,1.0,1.299,0.662,0.237,0.099,0.101,0.0
dataset/jpg/unlabeled/image_01879.jpg,jpg/image_01879.jpg,unlabeled,1.0,0.989,0.716,0.329,0.12,0.0,0.0
dataset/jpg/unlabeled/image_01880.jpg,jpg/image_01880.jpg,unlabeled,1.0,1.143,0.773,0.314,0.177,0.048,0.0
dataset/jpg/unlabeled/image_01884.jpg,jpg/image_01884.jpg,unlabeled,0.96,1.386,0.72,0.241,0.074,0.089,0.0
dataset/jpg/unlabeled/image_01886.jpg,jpg/image_01886.jpg,unlabeled,1.0,1.021,0.894,0.407,0.024,0.044,0.0
dataset/jpg/unlabeled/image_01888.jpg,jpg/image_01888.jpg,unlabeled,1.0,1.076,0.993,0.429,0.028,0.074,0.0
dataset/jpg/unlabeled/image_01889.jpg,jpg/image_01889.jpg,unlabeled,1.0,1.29,0.748,0.269,0.11,0.002,0.0
dataset/jpg/unlabeled/image_01891.jpg,jpg/image_01891.jpg,unlabeled,1.0,1.301,0.714,0.255,0.145,0.006,0.0
dataset/jpg/unlabeled/image_01894.jpg,jpg/image_01894.jpg,unlabeled,1.0,1.116,0.835,0.348,0.015,0.072,0.0
dataset/jpg/unlabeled/image_01895.jpg,jpg/image_01895.jpg,unlabeled,0.922,1.036,0.775,0.347,0.107,0.0,0.004
dataset/jpg/unlabeled/image_01896.jpg,jpg/image_01896.jpg,unlabeled,1.0,1.225,0.987,0.375,0.043,0.0,0.0
dataset/jpg/unlabeled/image_01899.jpg,jpg/image_01899.jpg,unlabeled,1.0,1.083,0.76,0.326,0.126,0.03,0.0
dataset/jpg/unlabeled/image_01903.jpg,jpg/image_01903.jpg,unlabeled,1.0,1.242,0.864,0.323,0.042,0.113,0.0
dataset/jpg/unlabeled/image_01909.jpg,jpg/image_01909.jpg,unlabeled,1.0,0.978,1.011,0.459,0.175,0.0,0.0
dataset/jpg/unlabeled/image_01910.jpg,jpg/image_01910.jpg,unlabeled,1.0,1.325,0.774,0.272,0.109,0.111,0.0
dataset/jpg/unlabeled/image_01911.jpg,jpg/image_01911.jpg,unlabeled,1.0,1.144,0.786,0.319,0.059,0.066,0.0
dataset/jpg/unlabeled/image_01912.jpg,jpg/image_01912.jpg,unlabeled,1.0,1.168,0.731,0.291,0.061,0.088,0.0
dataset/jpg/unlabeled/image_01914.jpg,jpg/image_01914.jpg,unlabeled,1.0,1.228,0.811,0.307,0.132,0.047,0.0
dataset/jpg/unlabeled/image_01915.jpg,jpg/image_01915.jpg,unlabeled,1.0,1.343,0.903,0.312,0.179,0.036,0.0
dataset/jpg/unlabeled/image_01916.jpg,jpg/image_01916.jpg,unlabeled,1.0,1.314,0.76,0.269,0.063,0.027,0.0
dataset/jpg/unlabeled/image_01919.jpg,jpg/image_01919.jpg,unlabeled,1.0,1.19,0.661,0.258,0.09,0.117,0.0
dataset/jpg/unlabeled/image_01922.jpg,jpg/image_01922.jpg,unlabeled,1.0,1.312,0.769,0.273,0.079,0.119,0.0
dataset/jpg/unlabeled/image_01925.jpg,jpg/image_01925.jpg,unlabeled,1.0,1.083,0.983,0.422,0.051,0.026,0.0
dataset/jpg/unlabeled/image_01927.jpg,jpg/image_01927.jpg,unlabeled,1.0,0.91,0.94,0.398,0.094,0.0,0.0
dataset/jpg/unlabeled/image_01931.jpg,jpg/image_01931.jpg,unlabeled,1.0,1.257,0.712,0.263,0.144,0.071,0.0
dataset/jpg/unlabeled/image_01936.jpg,jpg/image_01936.jpg,unlabeled,1.0,1.254,0.817,0.303,0.132,0.068,0.0
dataset/jpg/unlabeled/image_01938.jpg,jpg/image_01938.jpg,unlabeled,1.0,1.272,0.841,0.307,0.017,0.115,0.0
dataset/jpg/unlabeled/image_01939.jpg,jpg/image_01939.jpg,unlabeled,1.0,1.167,0.767,0.305,0.096,0.085,0.0
dataset/jpg/unlabeled/image_01942.jpg,jpg/image_01942.jpg,unlabeled,1.0,1.247,0.866,0.323,0.013,0.086,0.0
dataset/jpg/unlabeled/image_01943.jpg,jpg/image_01943.jpg,unlabeled,1.0,1.144,1.064,0.432,0.126,0.104,0.0
dataset/jpg/unlabeled/image_01947.jpg,jpg/image_01947.jpg,unlabeled,1.0,1.216,0.751,0.287,0.089,0.052,0.0
dataset/jpg/unlabeled/image_01948.jpg,jpg/image_01948.jpg,unlabeled,1.0,1.121,0.754,0.313,0.039,0.063,0.0
dataset/jpg/unlabeled/image_01952.jpg,jpg/image_01952.jpg,unlabeled,1.0,1.132,1.004,0.412,0.043,0.093,0.0
dataset/jpg/unlabeled/image_01953.jpg,jpg/image_01953.jpg,unlabeled,1.0,1.176,0.854,0.337,0.034,0.063,0.0
dataset/jpg/unlabeled/image_01954.jpg,jpg/image_01954.jpg,unlabeled,1.0,1.224,0.738,0.28,0.094,0.057,0.0
dataset/jpg/unlabeled/image_01956.jpg,jpg/image_01956.jpg,unlabeled,1.0,0.978,0.898,0.408,0.173,0.014,0.0
dataset/jpg/unlabeled/image_01960.jpg,jpg/image_01960.jpg,unlabeled,1.0,1.179,0.96,0.378,0.007,0.096,0.0
dataset/jpg/unlabeled/image_01961.jpg,jpg/image_01961.jpg,unlabeled,1.0,1.101,0.694,0.293,0.065,0.085,0.013
dataset/jpg/unlabeled/image_01962.jpg,jpg/image_01962.jpg,unlabeled,1.0,1.036,0.639,0.286,0.041,0.048,0.0
dataset/jpg/unlabeled/image_01963.jpg,jpg/image_01963.jpg,unlabeled,1.0,0.979,0.828,0.377,0.08,0.09,0.0
dataset/jpg/unlabeled/image_01964.jpg,jpg/image_01964.jpg,unlabeled,1.0,0.991,0.896,0.413,0.056,0.036,0.0
dataset/jpg/unlabeled/image_01967.jpg,jpg/image_01967.jpg,unlabeled,1.0,1.086,0.931,0.398,0.061,0.079,0.0
dataset/jpg/unlabeled/image_01970.jpg,jpg/image_01970.jpg,unlabeled,1.0,1.034,0.915,0.411,0.154,0.003,0.0
dataset/jpg/unlabeled/image_01972.jpg,jpg/image_01972.jpg,unlabeled,1.0,1.224,0.869,0.33,0.058,0.113,0.0
dataset/jpg/unlabeled/image_01973.jpg,jpg/image_01973.jpg,unlabeled,1.0,0.88,0.864,0.354,0.056,0.046,0.0
dataset/jpg/unlabeled/image_01974.jpg,jpg/image_01974.jpg,unlabeled,1.0,0.896,1.037,0.432,0.073,0.078,0.0
dataset/jpg/unlabeled/image_01976.jpg,jpg/image_01976.jpg,unlabeled,1.0,1.202,0.8,0.309,0.054,0.112,0.0
dataset/jpg/unlabeled/image_01978.jpg,jpg/image_01978.jpg,unlabeled,1.0,0.921,0.971,0.415,0.034,0.045,0.0
dataset/jpg/unlabeled/image_01980.jpg,jpg/image_01980.jpg,unlabeled,1.0,0.843,0.951,0.373,0.055,0.038,0.0
dataset/jpg/unlabeled/image_01982.jpg,jpg/image_01982.jpg,unlabeled,1.0,0.838,0.809,0.315,0.092,0.021,0.005
dataset/jpg/unlabeled/image_01985.jpg,jpg/image_01985.jpg,unlabeled,1.0,0.827,0.769,0.296,0.175,0.094,0.005
dataset/jpg/unlabeled/image_01995.jpg,jpg/image_01995.jpg,unlabeled,1.0,0.904,0.747,0.314,0.049,0.073,0.0
dataset/jpg/unlabeled/image_02000.jpg,jpg/image_02000.jpg,unlabeled,1.0,1.158,0.988,0.396,0.079,0.101,0.0
dataset/jpg/unlabeled/image_02002.jpg,jpg/image_02002.jpg,unlabeled,1.0,1.024,0.937,0.425,0.103,0.0,0.0
dataset/jpg/unlabeled/image_02003.jpg,jpg/image_02003.jpg,unlabeled,1.0,1.071,0.936,0.406,0.062,0.035,0.0
dataset/jpg/unlabeled/image_02004.jpg,jpg/image_02004.jpg,unlabeled,1.0,1.104,0.944,0.397,0.006,0.069,0.0
dataset/jpg/unlabeled/image_02005.jpg,jpg/image_02005.jpg,unlabeled,1.0,1.068,0.86,0.374,0.025,0.029,0.0
dataset/jpg/unlabeled/image_02006.jpg,jpg/image_02006.jpg,unlabeled,1.0,1.127,0.892,0.368,0.063,0.047,0.0
dataset/jpg/unlabeled/image_02007.jpg,jpg/image_02007.jpg,unlabeled,1.0,1.183,0.996,0.391,0.103,0.09,0.0
dataset/jpg/unlabeled/image_02008.jpg,jpg/image_02008.jpg,unlabeled,1.0,0.757,0.56,0.197,0.071,0.116,0.008
dataset/jpg/unlabeled/image_02009.jpg,jpg/image_02009.jpg,unlabeled,1.0,0.989,0.906,0.416,0.021,0.0,0.0
dataset/jpg/unlabeled/image_02010.jpg,jpg/image_02010.jpg,unlabeled,1.0,1.023,0.87,0.395,0.097,0.0,0.0
dataset/jpg/unlabeled/image_02012.jpg,jpg/image_02012.jpg,unlabeled,1.0,1.039,0.903,0.404,0.101,0.015,0.0
dataset/jpg/unlabeled/image_02014.jpg,jpg/image_02014.jpg,unlabeled,1.0,1.123,0.754,0.312,0.053,0.04,0.0
dataset/jpg/unlabeled/image_02017.jpg,jpg/image_02017.jpg,unlabeled,1.0,1.222,0.88,0.335,0.082,0.113,0.0
dataset/jpg/unlabeled/image_02022.jpg,jpg/image_02022.jpg,unlabeled,1.0,1.288,0.902,0.326,0.091,0.119,0.0
dataset/jpg/unlabeled/image_02023.jpg,jpg/image_02023.jpg,unlabeled,1.0,0.964,1.002,0.449,0.078,0.022,0.0
dataset/jpg/unlabeled/image_02025.jpg,jpg/image_02025.jpg,unlabeled,1.0,0.9,0.913,0.382,0.085,0.077,0.0
dataset/jpg/unlabeled/image_02026.jpg,jpg/image_02026.jpg,unlabeled,1.0,1.352,0.886,0.304,0.02,0.018,0.0
dataset/jpg/unlabeled/image_02027.jpg,jpg/image_02027.jpg,unlabeled,1.0,1.033,0.947,0.426,0.056,0.038,0.0
dataset/jpg/unlabeled/image_02029.jpg,jpg/image_02029.jpg,unlabeled,1.0,0.926,0.997,0.429,0.026,0.029,0.0
dataset/jpg/unlabeled/image_02032.jpg,jpg/image_02032.jpg,unlabeled,1.0,0.765,0.932,0.331,0.051,0.0,0.0
dataset/jpg/unlabeled/image_02037.jpg,jpg/image_02037.jpg,unlabeled,1.0,1.184,0.891,0.35,0.067,0.072,0.0
dataset/jpg/unlabeled/image_02038.jpg,jpg/image_02038.jpg,unlabeled,1.0,1.242,0.835,0.313,0.02,0.116,0.0
dataset/jpg/unlabeled/image_02041.jpg,jpg/image_02041.jpg,unlabeled,1.0,1.411,0.6,0.198,0.028,0.075,0.0
dataset/jpg/unlabeled/image_02043.jpg,jpg/image_02043.jpg,unlabeled,1.0,1.321,0.94,0.331,0.072,0.045,0.0
dataset/jpg/unlabeled/image_02044.jpg,jpg/image_02044.jpg,unlabeled,1.0,1.107,0.958,0.402,0.014,0.022,0.0
dataset/jpg/unlabeled/image_02045.jpg,jpg/image_02045.jpg,unlabeled,1.0,0.887,0.769,0.317,0.157,0.08,0.0
dataset/jpg/unlabeled/image_02047.jpg,jpg/image_02047.jpg,unlabeled,1.0,1.131,0.945,0.388,0.019,0.035,0.0
dataset/jpg/unlabeled/image_02048.jpg,jpg/image_02048.jpg,unlabeled,1.0,0.857,0.726,0.289,0.04,0.094,0.0
dataset/jpg/unlabeled/image_02049.jpg,jpg/image_02049.jpg,unlabeled,1.0,1.027,0.96,0.434,0.058,0.046,0.0
dataset/jpg/unlabeled/image_02054.jpg,jpg/image_02054.jpg,unlabeled,1.0,0.909,0.751,0.317,0.061,0.083,0.0
dataset/jpg/unlabeled/image_02055.jpg,jpg/image_02055.jpg,unlabeled,1.0,0.826,1.017,0.391,0.034,0.099,0.0
dataset/jpg/unlabeled/image_02057.jpg,jpg/image_02057.jpg,unlabeled,1.0,1.011,0.967,0.445,0.052,0.068,0.0
dataset/jpg/unlabeled/image_02058.jpg,jpg/image_02058.jpg,unlabeled,1.0,1.0,0.908,0.422,0.007,0.014,0.0
dataset/jpg/unlabeled/image_02059.jpg,jpg/image_02059.jpg,unlabeled,1.0,1.262,0.853,0.314,0.046,0.057,0.0
dataset/jpg/unlabeled/image_02060.jpg,jpg/image_02060.jpg,unlabeled,1.0,1.0,0.876,0.407,0.053,0.011,0.0
dataset/jpg/unlabeled/image_02065.jpg,jpg/image_02065.jpg,unlabeled,1.0,0.784,0.912,0.332,0.063,0.045,0.009
dataset/jpg/unlabeled/image_02066.jpg,jpg/image_02066.jpg,unlabeled,1.0,0.933,0.958,0.416,0.075,0.0,0.0
dataset/jpg/unlabeled/image_02067.jpg,jpg/image_02067.jpg,unlabeled,1.0,0.979,0.933,0.424,0.066,0.021,0.0
dataset/jpg/unlabeled/image_02068.jpg,jpg/image_02068.jpg,unlabeled,1.0,0.936,0.994,0.432,0.129,0.058,0.0
dataset/jpg/unlabeled/image_02069.jpg,jpg/image_02069.jpg,unlabeled,1.0,1.011,0.957,0.44,0.048,0.051,0.0
dataset/jpg/unlabeled/image_02071.jpg,jpg/image_02071.jpg,unlabeled,1.0,1.239,1.003,0.376,0.049,0.109,0.0
dataset/jpg/unlabeled/image_02072.jpg,jpg/image_02072.jpg,unlabeled,1.0,1.039,0.94,0.42,0.147,0.026,0.0
dataset/jpg/unlabeled/image_02073.jpg,jpg/image_02073.jpg,unlabeled,1.0,1.045,0.978,0.435,0.171,0.018,0.0
dataset/jpg/unlabeled/image_02074.jpg,jpg/image_02074.jpg,unlabeled,1.0,1.12,0.761,0.316,0.024,0.031,0.0
dataset/jpg/unlabeled/image_02075.jpg,jpg/image_02075.jpg,unlabeled,1.0,1.082,0.899,0.386,0.088,0.044,0.0
dataset/jpg/unlabeled/image_02078.jpg,jpg/image_02078.jpg,unlabeled,1.0,1.243,0.995,0.372,0.01,0.112,0.0
dataset/jpg/unlabeled/image_02079.jpg,jpg/image_02079.jpg,unlabeled,1.0,1.0,1.032,0.48,0.165,0.023,0.0
dataset/jpg/unlabeled/image_02080.jpg,jpg/image_02080.jpg,unlabeled,1.0,0.989,0.932,0.428,0.165,0.0,0.0
dataset/jpg/unlabeled/image_02081.jpg,jpg/image_02081.jpg,unlabeled,1.0,1.211,0.858,0.329,0.039,0.108,0.0
dataset/jpg/unlabeled/image_02082.jpg,jpg/image_02082.jpg,unlabeled,1.0,0.978,0.916,0.416,0.15,0.011,0.0
dataset/jpg/unlabeled/image_02084.jpg,jpg/image_02084.jpg,unlabeled,1.0,0.944,0.923,0.405,0.088,0.059,0.0
dataset/jpg/unlabeled/image_02085.jpg,jpg/image_02085.jpg,unlabeled,1.0,1.116,0.884,0.368,0.059,0.069,0.0
dataset/jpg/unlabeled/image_02086.jpg,jpg/image_02086.jpg,unlabeled,1.0,1.034,0.986,0.443,0.017,0.0,0.0
dataset/jpg/unlabeled/image_02087.jpg,jpg/image_02087.jpg,unlabeled,1.0,0.964,0.886,0.397,0.08,0.033,0.0
dataset/jpg/unlabeled/image_02088.jpg,jpg/image_02088.jpg,unlabeled,1.0,1.145,0.865,0.351,0.018,0.086,0.0
dataset/jpg/unlabeled/image_02089.jpg,jpg/image_02089.jpg,unlabeled,1.0,1.012,0.787,0.361,0.027,0.04,0.0
dataset/jpg/unlabeled/image_02090.jpg,jpg/image_02090.jpg,unlabeled,1.0,1.12,0.782,0.324,0.145,0.079,0.0
dataset/jpg/unlabeled/image_02091.jpg,jpg/image_02091.jpg,unlabeled,1.0,1.126,1.001,0.413,0.032,0.074,0.0
dataset/jpg/unlabeled/image_02092.jpg,jpg/image_02092.jpg,unlabeled,1.0,1.098,0.987,0.418,0.06,0.068,0.0
dataset/jpg/unlabeled/image_02093.jpg,jpg/image_02093.jpg,unlabeled,1.0,1.094,0.867,0.368,0.021,0.048,0.0
dataset/jpg/unlabeled/image_02094.jpg,jpg/image_02094.jpg,unlabeled,1.0,0.839,0.892,0.348,0.133,0.0,0.0
dataset/jpg/unlabeled/image_02097.jpg,jpg/image_02097.jpg,unlabeled,1.0,1.075,1.01,0.436,0.087,0.05,0.0
dataset/jpg/unlabeled/image_02098.jpg,jpg/image_02098.jpg,unlabeled,1.0,1.048,0.843,0.374,0.057,0.034,0.0
dataset/jpg/unlabeled/image_02099.jpg,jpg/image_02099.jpg,unlabeled,1.0,1.014,0.895,0.41,0.064,0.0,0.0
dataset/jpg/unlabeled/image_02103.jpg,jpg/image_02103.jpg,unlabeled,1.0,1.197,0.698,0.271,0.026,0.0,0.0
dataset/jpg/unlabeled/image_02104.jpg,jpg/image_02104.jpg,unlabeled,1.0,1.2,0.96,0.372,0.047,0.098,0.0
dataset/jpg/unlabeled/image_02105.jpg,jpg/image_02105.jpg,unlabeled,1.0,0.757,0.856,0.301,0.084,0.03,0.0
dataset/jpg/unlabeled/image_02106.jpg,jpg/image_02106.jpg,unlabeled,1.0,1.096,0.926,0.392,0.012,0.0,0.0
dataset/jpg/unlabeled/image_02108.jpg,jpg/image_02108.jpg,unlabeled,1.0,1.097,0.955,0.405,0.088,0.089,0.0
dataset/jpg/unlabeled/image_02109.jpg,jpg/image_02109.jpg,unlabeled,1.0,1.011,0.907,0.417,0.022,0.003,0.0
dataset/jpg/unlabeled/image_02110.jpg,jpg/image_02110.jpg,unlabeled,1.0,1.22,0.998,0.38,0.076,0.067,0.008
dataset/jpg/unlabeled/image_02111.jpg,jpg/image_02111.jpg,unlabeled,1.0,0.966,0.86,0.386,0.086,0.0,0.0
dataset/jpg/unlabeled/image_02112.jpg,jpg/image_02112.jpg,unlabeled,1.0,1.088,0.834,0.356,0.158,0.096,0.0
dataset/jpg/unlabeled/image_02113.jpg,jpg/image_02113.jpg,unlabeled,1.0,1.081,0.837,0.36,0.021,0.011,0.0
dataset/jpg/unlabeled/image_02116.jpg,jpg/image_02116.jpg,unlabeled,1.0,1.0,0.886,0.412,0.061,0.0,0.0
dataset/jpg/unlabeled/image_02117.jpg,jpg/image_02117.jpg,unlabeled,1.0,1.41,0.957,0.315,0.078,0.051,0.0
dataset/jpg/unlabeled/image_02118.jpg,jpg/image_02118.jpg,unlabeled,1.0,1.116,1.034,0.43,0.04,0.085,0.0
dataset/jpg/unlabeled/image_02119.jpg,jpg/image_02119.jpg,unlabeled,1.0,1.113,1.044,0.436,0.009,0.074,0.0
dataset/jpg/unlabeled/image_02120.jpg,jpg/image_02120.jpg,unlabeled,1.0,1.067,0.973,0.424,0.032,0.069,0.0
dataset/jpg/unlabeled/image_02121.jpg,jpg/image_02121.jpg,unlabeled,1.0,1.253,1.115,0.414,0.067,0.119,0.0
dataset/jpg/unlabeled/image_02122.jpg,jpg/image_02122.jpg,unlabeled,1.0,1.226,0.98,0.372,0.074,0.12,0.0
dataset/jpg/unlabeled/image_02124.jpg,jpg/image_02124.jpg,unlabeled,1.0,1.073,0.98,0.425,0.056,0.0,0.0
dataset/jpg/unlabeled/image_02125.jpg,jpg/image_02125.jpg,unlabeled,1.0,0.924,0.809,0.347,0.061,0.0,0.0
dataset/jpg/unlabeled/image_02126.jpg,jpg/image_02126.jpg,unlabeled,1.0,0.95,0.93,0.411,0.037,0.044,0.0
dataset/jpg/unlabeled/image_02127.jpg,jpg/image_02127.jpg,unlabeled,1.0,1.23,1.075,0.406,0.016,0.115,0.0
dataset/jpg/unlabeled/image_02128.jpg,jpg/image_02128.jpg,unlabeled,1.0,1.105,0.88,0.37,0.028,0.07,0.0
dataset/jpg/unlabeled/image_02129.jpg,jpg/image_02129.jpg,unlabeled,1.0,0.989,0.93,0.427,0.073,0.037,0.0
dataset/jpg/unlabeled/image_02130.jpg,jpg/image_02130.jpg,unlabeled,1.0,1.041,0.934,0.417,0.014,0.0,0.0
dataset/jpg/unlabeled/image_02131.jpg,jpg/image_02131.jpg,unlabeled,1.0,0.832,1.006,0.389,0.033,0.046,0.0
dataset/jpg/unlabeled/image_02132.jpg,jpg/image_02132.jpg,unlabeled,1.0,1.118,0.816,0.339,0.144,0.109,0.0
dataset/jpg/unlabeled/image_02133.jpg,jpg/image_02133.jpg,unlabeled,1.0,1.117,0.85,0.353,0.04,0.088,0.0
dataset/jpg/unlabeled/image_02135.jpg,jpg/image_02135.jpg,unlabeled,1.0,1.042,0.935,0.417,0.051,0.075,0.0
dataset/jpg/unlabeled/image_02136.jpg,jpg/image_02136.jpg,unlabeled,1.0,0.972,0.722,0.326,0.132,0.0,0.004
dataset/jpg/unlabeled/image_02137.jpg,jpg/image_02137.jpg,unlabeled,1.0,1.143,1.046,0.425,0.168,0.073,0.0
dataset/jpg/unlabeled/image_02138.jpg,jpg/image_02138.jpg,unlabeled,1.0,1.021,1.001,0.456,0.01,0.027,0.0
dataset/jpg/unlabeled/image_02139.jpg,jpg/image_02139.jpg,unlabeled,1.0,1.159,0.898,0.36,0.164,0.0,0.0
dataset/jpg/unlabeled/image_02140.jpg,jpg/image_02140.jpg,unlabeled,1.0,1.085,0.932,0.399,0.095,0.058,0.0
dataset/jpg/unlabeled/image_02141.jpg,jpg/image_02141.jpg,unlabeled,1.0,1.17,1.003,0.398,0.022,0.094,0.0
dataset/jpg/unlabeled/image_02142.jpg,jpg/image_02142.jpg,unlabeled,1.0,1.012,0.791,0.364,0.136,0.0,0.0
dataset/jpg/unlabeled/image_02144.jpg,jpg/image_02144.jpg,unlabeled,1.0,1.286,0.788,0.285,0.167,0.0,0.0
dataset/jpg/unlabeled/image_02146.jpg,jpg/image_02146.jpg,unlabeled,1.0,1.048,0.807,0.358,0.151,0.0,0.0
dataset/jpg/unlabeled/image_02147.jpg,jpg/image_02147.jpg,unlabeled,1.0,1.158,0.853,0.342,0.041,0.085,0.0
dataset/jpg/unlabeled/image_02149.jpg,jpg/image_02149.jpg,unlabeled,1.0,1.051,0.898,0.397,0.049,0.011,0.0
dataset/jpg/unlabeled/image_02150.jpg,jpg/image_02150.jpg,unlabeled,1.0,1.076,0.77,0.332,0.072,0.028,0.0
dataset/jpg/unlabeled/image_02151.jpg,jpg/image_02151.jpg,unlabeled,1.0,1.037,0.948,0.425,0.026,0.0,0.0
dataset/jpg/unlabeled/image_02152.jpg,jpg/image_02152.jpg,unlabeled,1.0,1.149,1.025,0.415,0.067,0.088,0.0
dataset/jpg/unlabeled/image_02153.jpg,jpg/image_02153.jpg,unlabeled,1.0,1.032,1.002,0.452,0.019,0.036,0.0
dataset/jpg/unlabeled/image_02155.jpg,jpg/image_02155.jpg,unlabeled,1.0,1.07,0.904,0.393,0.042,0.043,0.0
dataset/jpg/unlabeled/image_02156.jpg,jpg/image_02156.jpg,unlabeled,1.0,1.258,0.811,0.3,0.079,0.114,0.0
dataset/jpg/unlabeled/image_02157.jpg,jpg/image_02157.jpg,unlabeled,1.0,1.181,0.994,0.391,0.023,0.101,0.0
dataset/jpg/unlabeled/image_02158.jpg,jpg/image_02158.jpg,unlabeled,1.0,0.986,0.904,0.415,0.088,0.0,0.0
dataset/jpg/unlabeled/image_02159.jpg,jpg/image_02159.jpg,unlabeled,1.0,0.955,0.667,0.296,0.179,0.116,0.014
dataset/jpg/unlabeled/image_02160.jpg,jpg/image_02160.jpg,unlabeled,1.0,0.955,1.011,0.449,0.044,0.0,0.0
dataset/jpg/unlabeled/image_02161.jpg,jpg/image_02161.jpg,unlabeled,1.0,1.12,0.863,0.358,0.149,0.076,0.0
dataset/jpg/unlabeled/image_02163.jpg,jpg/image_02163.jpg,unlabeled,1.0,1.038,0.917,0.41,0.087,0.029,0.0
dataset/jpg/unlabeled/image_02164.jpg,jpg/image_02164.jpg,unlabeled,1.0,0.974,0.987,0.447,0.104,0.0,0.0
dataset/jpg/unlabeled/image_02165.jpg,jpg/image_02165.jpg,unlabeled,1.0,1.16,0.819,0.328,0.015,0.076,0.0
dataset/jpg/unlabeled/image_02166.jpg,jpg/image_02166.jpg,unlabeled,1.0,1.211,0.627,0.241,0.132,0.014,0.0
dataset/jpg/unlabeled/image_02167.jpg,jpg/image_02167.jpg,unlabeled,167.0,0.824,0.893,0.342,0.113,0.0,0.019
dataset/jpg/unlabeled/image_02168.jpg,jpg/image_02168.jpg,unlabeled,1.0,0.947,1.011,0.445,0.05,0.015,0.0
dataset/jpg/unlabeled/image_02169.jpg,jpg/image_02169.jpg,unlabeled,1.0,1.129,1.0,0.411,0.089,0.108,0.0
dataset/jpg/unlabeled/image_02172.jpg,jpg/image_02172.jpg,unlabeled,1.0,1.176,0.988,0.39,0.131,0.071,0.0
dataset/jpg/unlabeled/image_02174.jpg,jpg/image_02174.jpg,unlabeled,1.0,0.933,0.889,0.386,0.036,0.0,0.0
dataset/jpg/unlabeled/image_02177.jpg,jpg/image_02177.jpg,unlabeled,1.0,1.316,0.877,0.309,0.033,0.108,0.0
dataset/jpg/unlabeled/image_02179.jpg,jpg/image_02179.jpg,unlabeled,1.0,0.808,0.933,0.35,0.062,0.119,0.0
dataset/jpg/unlabeled/image_02180.jpg,jpg/image_02180.jpg,unlabeled,1.0,1.125,0.904,0.374,0.153,0.05,0.0
dataset/jpg/unlabeled/image_02183.jpg,jpg/image_02183.jpg,unlabeled,1.0,1.114,0.822,0.343,0.043,0.095,0.0
dataset/jpg/unlabeled/image_02184.jpg,jpg/image_02184.jpg,unlabeled,1.0,1.0,0.882,0.41,0.023,0.016,0.0
dataset/jpg/unlabeled/image_02185.jpg,jpg/image_02185.jpg,unlabeled,1.0,1.048,0.933,0.414,0.024,0.0,0.0
dataset/jpg/unlabeled/image_02187.jpg,jpg/image_02187.jpg,unlabeled,1.0,0.792,0.883,0.325,0.044,0.038,0.0
dataset/jpg/unlabeled/image_02188.jpg,jpg/image_02188.jpg,unlabeled,1.0,1.083,1.023,0.439,0.011,0.064,0.0
dataset/jpg/unlabeled/image_02190.jpg,jpg/image_02190.jpg,unlabeled,1.0,0.795,0.848,0.313,0.025,0.028,0.0
dataset/jpg/unlabeled/image_02191.jpg,jpg/image_02191.jpg,unlabeled,1.0,1.326,0.86,0.302,0.018,0.118,0.0
dataset/jpg/unlabeled/image_02193.jpg,jpg/image_02193.jpg,unlabeled,1.0,1.0,1.086,0.505,0.146,0.017,0.0
dataset/jpg/unlabeled/image_02194.jpg,jpg/image_02194.jpg,unlabeled,1.0,1.2,0.932,0.361,0.031,0.102,0.0
dataset/jpg/unlabeled/image_02198.jpg,jpg/image_02198.jpg,unlabeled,1.0,1.071,0.977,0.424,0.135,0.061,0.0
dataset/jpg/unlabeled/image_02203.jpg,jpg/image_02203.jpg,unlabeled,1.0,1.116,0.979,0.408,0.114,0.1,0.0
dataset/jpg/unlabeled/image_02205.jpg,jpg/image_02205.jpg,unlabeled,1.0,1.158,0.908,0.364,0.011,0.086,0.0
dataset/jpg/unlabeled/image_02208.jpg,jpg/image_02208.jpg,unlabeled,1.0,0.953,0.633,0.28,0.047,0.079,0.0
dataset/jpg/unlabeled/image_02209.jpg,jpg/image_02209.jpg,unlabeled,1.0,1.137,0.936,0.382,0.038,0.1,0.0
dataset/jpg/unlabeled/image_02210.jpg,jpg/image_02210.jpg,unlabeled,1.0,1.223,0.976,0.371,0.058,0.113,0.0
dataset/jpg/unlabeled/image_02211.jpg,jpg/image_02211.jpg,unlabeled,1.0,1.0,1.103,0.513,0.014,0.032,0.0
dataset/jpg/unlabeled/image_02215.jpg,jpg/image_02215.jpg,unlabeled,1.0,1.104,1.003,0.422,0.102,0.067,0.0
dataset/jpg/unlabeled/image_02218.jpg,jpg/image_02218.jpg,unlabeled,1.0,1.134,0.969,0.397,0.109,0.082,0.0
dataset/jpg/unlabeled/image_02219.jpg,jpg/image_02219.jpg,unlabeled,1.0,1.198,0.943,0.366,0.03,0.095,0.0
dataset/jpg/unlabeled/image_02220.jpg,jpg/image_02220.jpg,unlabeled,1.0,1.118,0.972,0.404,0.078,0.052,0.0
dataset/jpg/unlabeled/image_02221.jpg,jpg/image_02221.jpg,unlabeled,1.0,1.114,0.924,0.385,0.141,0.037,0.024
dataset/jpg/unlabeled/image_02222.jpg,jpg/image_02222.jpg,unlabeled,1.0,1.258,0.824,0.304,0.071,0.092,0.0
dataset/jpg/unlabeled/image_02224.jpg,jpg/image_02224.jpg,unlabeled,1.0,0.914,1.053,0.447,0.021,0.073,0.0
dataset/jpg/unlabeled/image_02225.jpg,jpg/image_02225.jpg,unlabeled,1.0,1.168,0.959,0.381,0.034,0.111,0.0
dataset/jpg/unlabeled/image_02226.jpg,jpg/image_02226.jpg,unlabeled,1.0,1.253,1.039,0.386,0.013,0.114,0.0
dataset/jpg/unlabeled/image_02228.jpg,jpg/image_02228.jpg,unlabeled,1.0,1.076,0.975,0.421,0.071,0.109,0.0
dataset/jpg/unlabeled/image_02233.jpg,jpg/image_02233.jpg,unlabeled,1.0,0.978,0.86,0.391,0.022,0.01,0.0
dataset/jpg/unlabeled/image_02234.jpg,jpg/image_02234.jpg,unlabeled,1.0,1.173,0.915,0.363,0.049,0.069,0.0
dataset/jpg/unlabeled/image_02235.jpg,jpg/image_02235.jpg,unlabeled,1.0,1.185,0.964,0.378,0.091,0.0,0.0
dataset/jpg/unlabeled/image_02236.jpg,jpg/image_02236.jpg,unlabeled,1.0,1.134,0.899,0.368,0.019,0.026,0.0
dataset/jpg/unlabeled/image_02239.jpg,jpg/image_02239.jpg,unlabeled,1.0,1.087,0.864,0.369,0.041,0.078,0.0
dataset/jpg/unlabeled/image_02240.jpg,jpg/image_02240.jpg,unlabeled,1.0,1.021,0.93,0.424,0.057,0.037,0.0
dataset/jpg/unlabeled/image_02245.jpg,jpg/image_02245.jpg,unlabeled,1.0,1.031,0.974,0.439,0.133,0.035,0.0
dataset/jpg/unlabeled/image_02246.jpg,jpg/image_02246.jpg,unlabeled,1.0,1.221,0.951,0.362,0.022,0.11,0.0
dataset/jpg/unlabeled/image_02247.jpg,jpg/image_02247.jpg,unlabeled,1.0,1.133,1.012,0.415,0.017,0.085,0.0
dataset/jpg/unlabeled/image_02248.jpg,jpg/image_02248.jpg,unlabeled,1.0,1.208,1.031,0.396,0.042,0.104,0.0
dataset/jpg/unlabeled/image_02254.jpg,jpg/image_02254.jpg,unlabeled,1.0,0.839,0.898,0.35,0.048,0.1,0.0
dataset/jpg/unlabeled/image_02255.jpg,jpg/image_02255.jpg,unlabeled,1.0,1.05,0.971,0.43,0.087,0.0,0.0
dataset/jpg/unlabeled/image_02256.jpg,jpg/image_02256.jpg,unlabeled,1.0,1.1,0.92,0.389,0.041,0.058,0.0
dataset/jpg/unlabeled/image_02259.jpg,jpg/image_02259.jpg,unlabeled,1.0,1.147,0.964,0.391,0.072,0.085,0.0
dataset/jpg/unlabeled/image_02261.jpg,jpg/image_02261.jpg,unlabeled,1.0,0.992,0.859,0.396,0.07,0.061,0.0
dataset/jpg/unlabeled/image_02264.jpg,jpg/image_02264.jpg,unlabeled,1.0,1.0,1.002,0.466,0.04,0.024,0.0
dataset/jpg/unlabeled/image_02265.jpg,jpg/image_02265.jpg,unlabeled,1.0,1.085,0.971,0.416,0.11,0.077,0.0
dataset/jpg/unlabeled/image_02269.jpg,jpg/image_02269.jpg,unlabeled,1.0,1.034,0.919,0.413,0.057,0.049,0.0
dataset/jpg/unlabeled/image_02271.jpg,jpg/image_02271.jpg,unlabeled,1.0,1.032,1.001,0.451,0.024,0.051,0.0
dataset/jpg/unlabeled/image_02272.jpg,jpg/image_02272.jpg,unlabeled,1.0,1.214,0.997,0.382,0.092,0.111,0.0
dataset/jpg/unlabeled/image_02275.jpg,jpg/image_02275.jpg,unlabeled,1.0,1.307,0.842,0.3,0.127,0.087,0.0
dataset/jpg/unlabeled/image_02276.jpg,jpg/image_02276.jpg,unlabeled,1.0,0.88,1.053,0.43,0.116,0.079,0.0
dataset/jpg/unlabeled/image_02279.jpg,jpg/image_02279.jpg,unlabeled,1.0,1.137,1.001,0.409,0.021,0.077,0.0
dataset/jpg/unlabeled/image_02281.jpg,jpg/image_02281.jpg,unlabeled,1.0,1.09,0.972,0.414,0.061,0.079,0.0
dataset/jpg/unlabeled/image_02282.jpg,jpg/image_02282.jpg,unlabeled,1.0,0.877,0.923,0.376,0.087,0.078,0.0
dataset/jpg/unlabeled/image_02283.jpg,jpg/image_02283.jpg,unlabeled,1.0,1.067,1.081,0.471,0.012,0.054,0.0
dataset/jpg/unlabeled/image_02284.jpg,jpg/image_02284.jpg,unlabeled,1.0,1.098,0.906,0.383,0.12,0.066,0.0
dataset/jpg/unlabeled/image_02285.jpg,jpg/image_02285.jpg,unlabeled,1.0,0.914,0.879,0.373,0.077,0.05,0.0
dataset/jpg/unlabeled/image_02287.jpg,jpg/image_02287.jpg,unlabeled,1.0,1.053,0.942,0.416,0.048,0.053,0.0
dataset/jpg/unlabeled/image_02289.jpg,jpg/image_02289.jpg,unlabeled,1.0,1.059,0.877,0.385,0.001,0.044,0.0
dataset/jpg/unlabeled/image_02291.jpg,jpg/image_02291.jpg,unlabeled,1.0,1.137,0.986,0.403,0.053,0.107,0.0
dataset/jpg/unlabeled/image_02294.jpg,jpg/image_02294.jpg,unlabeled,1.0,0.859,0.849,0.339,0.024,0.088,0.0
dataset/jpg/unlabeled/image_02297.jpg,jpg/image_02297.jpg,unlabeled,1.0,1.247,0.814,0.303,0.031,0.057,0.0
dataset/jpg/unlabeled/image_02300.jpg,jpg/image_02300.jpg,unlabeled,1.0,1.131,0.988,0.406,0.037,0.081,0.0
dataset/jpg/unlabeled/image_02302.jpg,jpg/image_02302.jpg,unlabeled,1.0,1.242,0.929,0.347,0.047,0.11,0.0
dataset/jpg/unlabeled/image_02303.jpg,jpg/image_02303.jpg,unlabeled,1.0,1.286,0.861,0.311,0.04,0.116,0.0
dataset/jpg/unlabeled/image_02304.jpg,jpg/image_02304.jpg,unlabeled,1.0,1.216,0.916,0.35,0.047,0.108,0.0
dataset/jpg/unlabeled/image_02307.jpg,jpg/image_02307.jpg,unlabeled,1.0,1.168,1.077,0.429,0.082,0.103,0.0
dataset/jpg/unlabeled/image_02308.jpg,jpg/image_02308.jpg,unlabeled,1.0,1.163,0.835,0.334,0.117,0.083,0.0
dataset/jpg/unlabeled/image_02311.jpg,jpg/image_02311.jpg,unlabeled,1.0,0.74,0.935,0.322,0.128,0.046,0.0
dataset/jpg/unlabeled/image_02312.jpg,jpg/image_02312.jpg,unlabeled,1.0,1.253,0.992,0.368,0.033,0.113,0.0
dataset/jpg/unlabeled/image_02314.jpg,jpg/image_02314.jpg,unlabeled,1.0,1.183,0.938,0.369,0.028,0.111,0.0
dataset/jpg/unlabeled/image_02317.jpg,jpg/image_02317.jpg,unlabeled,1.0,0.771,0.888,0.318,0.12,0.087,0.0
dataset/jpg/unlabeled/image_02320.jpg,jpg/image_02320.jpg,unlabeled,1.0,1.038,0.971,0.435,0.12,0.0,0.0
dataset/jpg/unlabeled/image_02321.jpg,jpg/image_02321.jpg,unlabeled,1.0,1.072,0.78,0.338,0.056,0.062,0.0
dataset/jpg/unlabeled/image_02323.jpg,jpg/image_02323.jpg,unlabeled,1.0,1.031,0.883,0.398,0.147,0.033,0.0
dataset/jpg/unlabeled/image_02324.jpg,jpg/image_02324.jpg,unlabeled,1.0,1.133,0.764,0.313,0.06,0.091,0.0
dataset/jpg/unlabeled/image_02326.jpg,jpg/image_02326.jpg,unlabeled,1.0,0.975,0.765,0.347,0.092,0.072,0.0
dataset/jpg/unlabeled/image_02329.jpg,jpg/image_02329.jpg,unlabeled,1.0,0.869,0.931,0.376,0.064,0.082,0.0
dataset/jpg/unlabeled/image_02334.jpg,jpg/image_02334.jpg,unlabeled,1.0,0.937,1.043,0.454,0.056,0.024,0.0
dataset/jpg/unlabeled/image_02335.jpg,jpg/image_02335.jpg,unlabeled,1.0,1.025,0.835,0.378,0.171,0.019,0.0
dataset/jpg/unlabeled/image_02339.jpg,jpg/image_02339.jpg,unlabeled,1.0,0.802,0.982,0.366,0.129,0.071,0.0
dataset/jpg/unlabeled/image_02342.jpg,jpg/image_02342.jpg,unlabeled,1.0,0.794,0.762,0.281,0.179,0.0,0.0
dataset/jpg/unlabeled/image_02345.jpg,jpg/image_02345.jpg,unlabeled,1.0,0.876,0.84,0.342,0.097,0.029,0.0
dataset/jpg/unlabeled/image_02348.jpg,jpg/image_02348.jpg,unlabeled,1.0,0.988,0.83,0.381,0.045,0.0,0.0
dataset/jpg/unlabeled/image_02351.jpg,jpg/image_02351.jpg,unlabeled,1.0,1.137,0.827,0.338,0.04,0.073,0.0
dataset/jpg/unlabeled/image_02352.jpg,jpg/image_02352.jpg,unlabeled,1.0,0.916,0.689,0.293,0.174,0.024,0.0
dataset/jpg/unlabeled/image_02362.jpg,jpg/image_02362.jpg,unlabeled,1.0,0.786,0.681,0.249,0.054,0.108,0.0
dataset/jpg/unlabeled/image_02363.jpg,jpg/image_02363.jpg,unlabeled,1.0,0.829,0.592,0.228,0.135,0.0,0.0
dataset/jpg/unlabeled/image_02366.jpg,jpg/image_02366.jpg,unlabeled,1.0,0.862,0.748,0.3,0.028,0.046,0.0
dataset/jpg/unlabeled/image_02367.jpg,jpg/image_02367.jpg,unlabeled,1.0,1.084,0.905,0.388,0.039,0.082,0.0
dataset/jpg/unlabeled/image_02368.jpg,jpg/image_02368.jpg,unlabeled,1.0,0.82,0.855,0.326,0.021,0.096,0.0
dataset/jpg/unlabeled/image_02369.jpg,jpg/image_02369.jpg,unlabeled,1.0,1.02,0.813,0.371,0.085,0.005,0.0
dataset/jpg/unlabeled/image_02370.jpg,jpg/image_02370.jpg,unlabeled,1.0,1.045,0.731,0.325,0.045,0.035,0.0
dataset/jpg/unlabeled/image_02374.jpg,jpg/image_02374.jpg,unlabeled,1.0,1.221,0.769,0.293,0.102,0.083,0.0
dataset/jpg/unlabeled/image_02375.jpg,jpg/image_02375.jpg,unlabeled,1.0,0.78,0.764,0.277,0.072,0.079,0.0
dataset/jpg/unlabeled/image_02376.jpg,jpg/image_02376.jpg,unlabeled,1.0,0.976,0.892,0.405,0.034,0.055,0.0
dataset/jpg/unlabeled/image_02377.jpg,jpg/image_02377.jpg,unlabeled,1.0,1.086,0.94,0.402,0.057,0.083,0.0
dataset/jpg/unlabeled/image_02385.jpg,jpg/image_02385.jpg,unlabeled,1.0,1.229,0.889,0.336,0.108,0.113,0.0
dataset/jpg/unlabeled/image_02389.jpg,jpg/image_02389.jpg,unlabeled,1.0,1.25,1.011,0.376,0.06,0.113,0.0
dataset/jpg/unlabeled/image_02392.jpg,jpg/image_02392.jpg,unlabeled,1.0,0.926,0.694,0.298,0.037,0.022,0.0
dataset/jpg/unlabeled/image_02396.jpg,jpg/image_02396.jpg,unlabeled,1.0,0.832,0.798,0.308,0.037,0.111,0.0
dataset/jpg/unlabeled/image_02398.jpg,jpg/image_02398.jpg,unlabeled,1.0,0.958,0.838,0.373,0.034,0.023,0.0
dataset/jpg/unlabeled/image_02401.jpg,jpg/image_02401.jpg,unlabeled,1.0,0.989,0.961,0.442,0.033,0.05,0.0
dataset/jpg/unlabeled/image_02403.jpg,jpg/image_02403.jpg,unlabeled,1.0,0.92,0.809,0.346,0.091,0.013,0.0
dataset/jpg/unlabeled/image_02404.jpg,jpg/image_02404.jpg,unlabeled,1.0,0.967,0.835,0.375,0.037,0.018,0.0
dataset/jpg/unlabeled/image_02405.jpg,jpg/image_02405.jpg,unlabeled,1.0,0.934,0.825,0.358,0.058,0.0,0.0
dataset/jpg/unlabeled/image_02406.jpg,jpg/image_02406.jpg,unlabeled,1.0,0.769,0.746,0.266,0.086,0.11,0.0
dataset/jpg/unlabeled/image_02407.jpg,jpg/image_02407.jpg,unlabeled,1.0,0.958,0.911,0.405,0.053,0.02,0.0
dataset/jpg/unlabeled/image_02414.jpg,jpg/image_02414.jpg,unlabeled,1.0,1.137,1.058,0.433,0.04,0.109,0.0
dataset/jpg/unlabeled/image_02416.jpg,jpg/image_02416.jpg,unlabeled,1.0,1.084,0.859,0.368,0.072,0.08,0.0
dataset/jpg/unlabeled/image_02417.jpg,jpg/image_02417.jpg,unlabeled,1.0,1.076,0.835,0.36,0.04,0.067,0.0
dataset/jpg/unlabeled/image_02419.jpg,jpg/image_02419.jpg,unlabeled,1.0,1.161,0.839,0.336,0.037,0.0,0.0
dataset/jpg/unlabeled/image_02422.jpg,jpg/image_02422.jpg,unlabeled,1.0,0.865,0.695,0.279,0.039,0.013,0.0
dataset/jpg/unlabeled/image_02423.jpg,jpg/image_02423.jpg,unlabeled,1.0,0.979,0.828,0.377,0.102,0.086,0.0
dataset/jpg/unlabeled/image_02429.jpg,jpg/image_02429.jpg,unlabeled,1.0,1.168,0.805,0.32,0.078,0.09,0.0
dataset/jpg/unlabeled/image_02434.jpg,jpg/image_02434.jpg,unlabeled,1.0,1.068,0.804,0.35,0.172,0.022,0.0
dataset/jpg/unlabeled/image_02435.jpg,jpg/image_02435.jpg,unlabeled,1.0,1.132,0.858,0.352,0.026,0.087,0.0
dataset/jpg/unlabeled/image_02437.jpg,jpg/image_02437.jpg,unlabeled,1.0,1.16,0.886,0.355,0.054,0.062,0.0
dataset/jpg/unlabeled/image_02438.jpg,jpg/image_02438.jpg,unlabeled,1.0,1.154,0.806,0.325,0.108,0.053,0.012
dataset/jpg/unlabeled/image_02440.jpg,jpg/image_02440.jpg,unlabeled,1.0,1.233,0.711,0.268,0.041,0.089,0.0
dataset/jpg/unlabeled/image_02444.jpg,jpg/image_02444.jpg,unlabeled,1.0,0.922,0.735,0.315,0.026,0.06,0.0
dataset/jpg/unlabeled/image_02447.jpg,jpg/image_02447.jpg,unlabeled,1.0,1.091,0.973,0.414,0.017,0.07,0.0
dataset/jpg/unlabeled/image_02450.jpg,jpg/image_02450.jpg,unlabeled,1.0,1.11,0.977,0.409,0.067,0.062,0.0
dataset/jpg/unlabeled/image_02451.jpg,jpg/image_02451.jpg,unlabeled,1.0,1.0,0.769,0.357,0.011,0.005,0.0
dataset/jpg/unlabeled/image_02452.jpg,jpg/image_02452.jpg,unlabeled,1.0,1.084,0.849,0.364,0.125,0.061,0.0
dataset/jpg/unlabeled/image_02453.jpg,jpg/image_02453.jpg,unlabeled,1.0,0.904,0.875,0.368,0.082,0.101,0.0
dataset/jpg/unlabeled/image_02454.jpg,jpg/image_02454.jpg,unlabeled,1.0,0.851,0.857,0.339,0.063,0.03,0.0
dataset/jpg/unlabeled/image_02456.jpg,jpg/image_02456.jpg,unlabeled,1.0,1.01,1.045,0.481,0.101,0.028,0.0
dataset/jpg/unlabeled/image_02458.jpg,jpg/image_02458.jpg,unlabeled,1.0,1.138,0.881,0.36,0.067,0.047,0.0
dataset/jpg/unlabeled/image_02460.jpg,jpg/image_02460.jpg,unlabeled,1.0,1.082,1.013,0.435,0.169,0.0,0.0
dataset/jpg/unlabeled/image_02461.jpg,jpg/image_02461.jpg,unlabeled,1.0,1.222,0.973,0.37,0.026,0.113,0.0
dataset/jpg/unlabeled/image_02462.jpg,jpg/image_02462.jpg,unlabeled,1.0,1.025,0.976,0.442,0.126,0.0,0.0
dataset/jpg/unlabeled/image_02463.jpg,jpg/image_02463.jpg,unlabeled,1.0,1.137,1.067,0.436,0.044,0.096,0.0
dataset/jpg/unlabeled/image_02464.jpg,jpg/image_02464.jpg,unlabeled,1.0,1.048,0.981,0.435,0.036,0.0,0.0
dataset/jpg/unlabeled/image_02465.jpg,jpg/image_02465.jpg,unlabeled,1.0,1.095,0.988,0.419,0.125,0.057,0.0
dataset/jpg/unlabeled/image_02466.jpg,jpg/image_02466.jpg,unlabeled,1.0,1.011,0.961,0.442,0.163,0.035,0.0
dataset/jpg/unlabeled/image_02467.jpg,jpg/image_02467.jpg,unlabeled,1.0,0.753,0.983,0.344,0.068,0.039,0.0
dataset/jpg/unlabeled/image_02471.jpg,jpg/image_02471.jpg,unlabeled,1.0,0.97,1.013,0.457,0.14,0.03,0.0
dataset/jpg/unlabeled/image_02472.jpg,jpg/image_02472.jpg,unlabeled,1.0,1.041,0.965,0.431,0.053,0.06,0.0
dataset/jpg/unlabeled/image_02473.jpg,jpg/image_02473.jpg,unlabeled,1.0,1.063,0.952,0.416,0.026,0.07,0.0
dataset/jpg/unlabeled/image_02476.jpg,jpg/image_02476.jpg,unlabeled,1.0,1.092,0.894,0.38,0.155,0.0,0.0
dataset/jpg/unlabeled/image_02477.jpg,jpg/image_02477.jpg,unlabeled,1.0,1.084,0.903,0.387,0.034,0.084,0.0
dataset/jpg/unlabeled/image_02478.jpg,jpg/image_02478.jpg,unlabeled,1.0,1.024,0.902,0.409,0.094,0.051,0.0
dataset/jpg/unlabeled/image_02479.jpg,jpg/image_02479.jpg,unlabeled,1.0,1.126,1.04,0.429,0.083,0.106,0.0
dataset/jpg/unlabeled/image_02480.jpg,jpg/image_02480.jpg,unlabeled,1.0,0.963,0.98,0.439,0.16,0.0,0.0
dataset/jpg/unlabeled/image_02482.jpg,jpg/image_02482.jpg,unlabeled,1.0,0.99,1.045,0.481,0.138,0.024,0.0
dataset/jpg/unlabeled/image_02483.jpg,jpg/image_02483.jpg,unlabeled,1.0,1.127,1.065,0.439,0.105,0.064,0.0
dataset/jpg/unlabeled/image_02488.jpg,jpg/image_02488.jpg,unlabeled,1.0,1.206,0.951,0.366,0.073,0.0,0.0
dataset/jpg/unlabeled/image_02489.jpg,jpg/image_02489.jpg,unlabeled,1.0,1.1,0.925,0.391,0.155,0.02,0.0
dataset/jpg/unlabeled/image_02491.jpg,jpg/image_02491.jpg,unlabeled,1.0,1.054,0.97,0.428,0.078,0.019,0.0
dataset/jpg/unlabeled/image_02492.jpg,jpg/image_02492.jpg,unlabeled,1.0,0.905,0.895,0.376,0.086,0.0,0.0
dataset/jpg/unlabeled/image_02494.jpg,jpg/image_02494.jpg,unlabeled,1.0,0.856,0.892,0.355,0.026,0.076,0.0
dataset/jpg/unlabeled/image_02495.jpg,jpg/image_02495.jpg,unlabeled,1.0,1.011,1.044,0.48,0.136,0.028,0.0
dataset/jpg/unlabeled/image_02496.jpg,jpg/image_02496.jpg,unlabeled,1.0,0.962,0.963,0.431,0.138,0.0,0.0
dataset/jpg/unlabeled/image_02497.jpg,jpg/image_02497.jpg,unlabeled,1.0,1.208,0.9,0.346,0.043,0.118,0.0
dataset/jpg/unlabeled/image_02498.jpg,jpg/image_02498.jpg,unlabeled,1.0,0.951,0.976,0.431,0.014,0.0,0.0
dataset/jpg/unlabeled/image_02499.jpg,jpg/image_02499.jpg,unlabeled,1.0,1.189,1.086,0.424,0.01,0.102,0.0
dataset/jpg/unlabeled/image_02500.jpg,jpg/image_02500.jpg,unlabeled,1.0,1.0,0.932,0.433,0.092,0.009,0.0
dataset/jpg/unlabeled/image_02501.jpg,jpg/image_02501.jpg,unlabeled,1.0,0.955,0.895,0.397,0.054,0.0,0.0
dataset/jpg/unlabeled/image_02502.jpg,jpg/image_02502.jpg,unlabeled,1.0,0.936,0.897,0.39,0.101,0.107,0.002
dataset/jpg/unlabeled/image_02503.jpg,jpg/image_02503.jpg,unlabeled,1.0,1.178,0.705,0.278,0.031,0.072,0.0
dataset/jpg/unlabeled/image_02504.jpg,jpg/image_02504.jpg,unlabeled,1.0,1.085,0.796,0.341,0.031,0.073,0.0
dataset/jpg/unlabeled/image_02507.jpg,jpg/image_02507.jpg,unlabeled,1.0,1.073,0.949,0.411,0.127,0.068,0.0
dataset/jpg/unlabeled/image_02508.jpg,jpg/image_02508.jpg,unlabeled,1.0,1.042,0.968,0.432,0.056,0.0,0.0
dataset/jpg/unlabeled/image_02509.jpg,jpg/image_02509.jpg,unlabeled,1.0,0.906,1.07,0.45,0.033,0.083,0.0
dataset/jpg/unlabeled/image_02510.jpg,jpg/image_02510.jpg,unlabeled,1.0,1.077,0.978,0.422,0.087,0.07,0.0
dataset/jpg/unlabeled/image_02511.jpg,jpg/image_02511.jpg,unlabeled,1.0,1.066,1.03,0.449,0.043,0.034,0.0
dataset/jpg/unlabeled/image_02512.jpg,jpg/image_02512.jpg,unlabeled,1.0,1.057,0.947,0.416,0.013,0.024,0.0
dataset/jpg/unlabeled/image_02513.jpg,jpg/image_02513.jpg,unlabeled,1.0,0.955,0.771,0.342,0.095,0.006,0.0
dataset/jpg/unlabeled/image_02514.jpg,jpg/image_02514.jpg,unlabeled,1.0,0.99,0.921,0.424,0.123,0.025,0.0
dataset/jpg/unlabeled/image_02515.jpg,jpg/image_02515.jpg,unlabeled,1.0,1.108,0.905,0.38,0.108,0.053,0.0
dataset/jpg/unlabeled/image_02517.jpg,jpg/image_02517.jpg,unlabeled,0.907,0.795,0.899,0.332,0.167,0.0,0.037
dataset/jpg/unlabeled/image_02518.jpg,jpg/image_02518.jpg,unlabeled,1.0,1.2,1.006,0.39,0.052,0.099,0.0
dataset/jpg/unlabeled/image_02519.jpg,jpg/image_02519.jpg,unlabeled,1.0,1.116,1.039,0.433,0.018,0.08,0.0
dataset/jpg/unlabeled/image_02520.jpg,jpg/image_02520.jpg,unlabeled,1.0,0.982,0.991,0.453,0.049,0.039,0.0
dataset/jpg/unlabeled/image_02521.jpg,jpg/image_02521.jpg,unlabeled,1.0,1.16,1.009,0.404,0.018,0.08,0.0
dataset/jpg/unlabeled/image_02523.jpg,jpg/image_02523.jpg,unlabeled,1.0,1.137,1.049,0.429,0.058,0.086,0.0
dataset/jpg/unlabeled/image_02524.jpg,jpg/image_02524.jpg,unlabeled,1.0,1.093,0.978,0.416,0.068,0.06,0.0
dataset/jpg/unlabeled/image_02525.jpg,jpg/image_02525.jpg,unlabeled,1.0,1.177,1.062,0.419,0.04,0.112,0.0
dataset/jpg/unlabeled/image_02529.jpg,jpg/image_02529.jpg,unlabeled,1.0,0.847,0.996,0.392,0.107,0.093,0.0
dataset/jpg/unlabeled/image_02530.jpg,jpg/image_02530.jpg,unlabeled,1.0,1.168,0.964,0.383,0.046,0.105,0.0
dataset/jpg/unlabeled/image_02532.jpg,jpg/image_02532.jpg,unlabeled,1.0,1.138,0.99,0.404,0.003,0.07,0.0
dataset/jpg/unlabeled/image_02534.jpg,jpg/image_02534.jpg,unlabeled,1.0,1.011,1.017,0.467,0.056,0.051,0.0
dataset/jpg/unlabeled/image_02535.jpg,jpg/image_02535.jpg,unlabeled,1.0,1.325,0.962,0.337,0.16,0.073,0.0
dataset/jpg/unlabeled/image_02536.jpg,jpg/image_02536.jpg,unlabeled,1.0,0.988,0.887,0.407,0.061,0.0,0.0
dataset/jpg/unlabeled/image_02537.jpg,jpg/image_02537.jpg,unlabeled,1.0,0.856,1.015,0.404,0.052,0.107,0.0
dataset/jpg/unlabeled/image_02538.jpg,jpg/image_02538.jpg,unlabeled,1.0,1.0,1.01,0.469,0.098,0.039,0.0
dataset/jpg/unlabeled/image_02540.jpg,jpg/image_02540.jpg,unlabeled,1.0,1.023,1.008,0.458,0.072,0.023,0.0
dataset/jpg/unlabeled/image_02543.jpg,jpg/image_02543.jpg,unlabeled,1.0,1.108,0.86,0.361,0.014,0.0,0.0
dataset/jpg/unlabeled/image_02545.jpg,jpg/image_02545.jpg,unlabeled,1.0,1.095,1.059,0.449,0.117,0.06,0.0
dataset/jpg/unlabeled/image_02546.jpg,jpg/image_02546.jpg,unlabeled,0.922,1.027,0.932,0.422,0.142,0.0,0.02
dataset/jpg/unlabeled/image_02547.jpg,jpg/image_02547.jpg,unlabeled,1.0,0.793,0.988,0.364,0.1,0.0,0.0
dataset/jpg/unlabeled/image_02548.jpg,jpg/image_02548.jpg,unlabeled,1.0,1.067,0.989,0.431,0.038,0.06,0.0
dataset/jpg/unlabeled/image_02549.jpg,jpg/image_02549.jpg,unlabeled,1.0,1.101,0.994,0.419,0.048,0.0,0.0
dataset/jpg/unlabeled/image_02551.jpg,jpg/image_02551.jpg,unlabeled,1.0,1.035,0.985,0.442,0.007,0.0,0.0
dataset/jpg/unlabeled/image_02552.jpg,jpg/image_02552.jpg,unlabeled,1.0,1.053,1.025,0.453,0.051,0.044,0.0
dataset/jpg/unlabeled/image_02553.jpg,jpg/image_02553.jpg,unlabeled,1.0,1.071,0.576,0.25,0.164,0.0,0.0
dataset/jpg/unlabeled/image_02556.jpg,jpg/image_02556.jpg,unlabeled,1.0,1.074,0.851,0.368,0.034,0.077,0.0
dataset/jpg/unlabeled/image_02557.jpg,jpg/image_02557.jpg,unlabeled,1.0,1.198,0.68,0.264,0.027,0.092,0.0
dataset/jpg/unlabeled/image_02558.jpg,jpg/image_02558.jpg,unlabeled,1.0,0.983,0.812,0.371,0.026,0.0,0.0
dataset/jpg/unlabeled/image_02559.jpg,jpg/image_02559.jpg,unlabeled,1.0,1.069,0.755,0.328,0.063,0.066,0.0
dataset/jpg/unlabeled/image_02561.jpg,jpg/image_02561.jpg,unlabeled,1.0,0.806,0.955,0.357,0.057,0.0,0.0
dataset/jpg/unlabeled/image_02562.jpg,jpg/image_02562.jpg,unlabeled,1.0,1.037,1.002,0.449,0.031,0.0,0.0
dataset/jpg/unlabeled/image_02564.jpg,jpg/image_02564.jpg,unlabeled,1.0,0.921,0.716,0.306,0.061,0.078,0.0
dataset/jpg/unlabeled/image_02565.jpg,jpg/image_02565.jpg,unlabeled,1.0,1.214,0.623,0.238,0.022,0.112,0.0
dataset/jpg/unlabeled/image_02566.jpg,jpg/image_02566.jpg,unlabeled,1.0,1.253,0.587,0.218,0.029,0.108,0.0
dataset/jpg/unlabeled/image_02568.jpg,jpg/image_02568.jpg,unlabeled,1.0,0.905,0.667,0.28,0.087,0.001,0.0
dataset/jpg/unlabeled/image_02569.jpg,jpg/image_02569.jpg,unlabeled,1.0,1.0,0.662,0.308,0.076,0.034,0.0
dataset/jpg/unlabeled/image_02570.jpg,jpg/image_02570.jpg,unlabeled,1.0,1.118,0.555,0.231,0.12,0.057,0.0
dataset/jpg/unlabeled/image_02572.jpg,jpg/image_02572.jpg,unlabeled,1.0,0.901,0.73,0.306,0.061,0.0,0.0
dataset/jpg/unlabeled/image_02573.jpg,jpg/image_02573.jpg,unlabeled,1.0,1.293,0.663,0.238,0.02,0.114,0.0
dataset/jpg/unlabeled/image_02574.jpg,jpg/image_02574.jpg,unlabeled,1.0,0.787,0.812,0.297,0.098,0.074,0.0
dataset/jpg/unlabeled/image_02576.jpg,jpg/image_02576.jpg,unlabeled,1.0,1.183,0.811,0.319,0.058,0.0,0.0
dataset/jpg/unlabeled/image_02577.jpg,jpg/image_02577.jpg,unlabeled,1.0,0.704,0.776,0.254,0.147,0.051,0.0
dataset/jpg/unlabeled/image_02578.jpg,jpg/image_02578.jpg,unlabeled,1.0,1.013,0.881,0.404,0.097,0.0,0.0
dataset/jpg/unlabeled/image_02579.jpg,jpg/image_02579.jpg,unlabeled,1.0,0.983,0.817,0.373,0.019,0.043,0.0
dataset/jpg/unlabeled/image_02583.jpg,jpg/image_02583.jpg,unlabeled,1.0,0.958,0.654,0.291,0.069,0.045,0.0
dataset/jpg/unlabeled/image_02584.jpg,jpg/image_02584.jpg,unlabeled,1.0,1.137,0.586,0.239,0.098,0.105,0.0
dataset/jpg/unlabeled/image_02586.jpg,jpg/image_02586.jpg,unlabeled,1.0,1.22,0.691,0.263,0.105,0.0,0.0
dataset/jpg/unlabeled/image_02587.jpg,jpg/image_02587.jpg,unlabeled,1.0,1.112,0.609,0.255,0.065,0.072,0.0
dataset/jpg/unlabeled/image_02588.jpg,jpg/image_02588.jpg,unlabeled,1.0,0.825,0.777,0.298,0.006,0.1,0.0
dataset/jpg/unlabeled/image_02591.jpg,jpg/image_02591.jpg,unlabeled,1.0,1.062,0.883,0.386,0.011,0.0,0.0
dataset/jpg/unlabeled/image_02592.jpg,jpg/image_02592.jpg,unlabeled,1.0,1.235,0.771,0.29,0.051,0.086,0.0
dataset/jpg/unlabeled/image_02593.jpg,jpg/image_02593.jpg,unlabeled,1.0,0.867,0.915,0.368,0.042,0.0,0.0
dataset/jpg/unlabeled/image_02594.jpg,jpg/image_02594.jpg,unlabeled,1.0,1.011,0.895,0.411,0.043,0.012,0.0
dataset/jpg/unlabeled/image_02595.jpg,jpg/image_02595.jpg,unlabeled,1.0,1.113,0.741,0.31,0.043,0.0,0.0
dataset/jpg/unlabeled/image_02596.jpg,jpg/image_02596.jpg,unlabeled,1.0,1.0,0.874,0.406,0.026,0.0,0.0
dataset/jpg/unlabeled/image_02597.jpg,jpg/image_02597.jpg,unlabeled,1.0,0.944,0.659,0.289,0.037,0.0,0.0
dataset/jpg/unlabeled/image_02598.jpg,jpg/image_02598.jpg,unlabeled,1.0,1.181,0.645,0.254,0.018,0.011,0.0
dataset/jpg/unlabeled/image_02599.jpg,jpg/image_02599.jpg,unlabeled,1.0,1.117,0.963,0.401,0.057,0.0,0.0
dataset/jpg/unlabeled/image_02600.jpg,jpg/image_02600.jpg,unlabeled,1.0,1.159,0.926,0.371,0.047,0.0,0.0
dataset/jpg/unlabeled/image_02601.jpg,jpg/image_02601.jpg,unlabeled,1.0,0.765,0.736,0.262,0.156,0.004,0.004
dataset/jpg/unlabeled/image_02603.jpg,jpg/image_02603.jpg,unlabeled,1.0,0.949,0.657,0.29,0.117,0.0,0.0
dataset/jpg/unlabeled/image_02604.jpg,jpg/image_02604.jpg,unlabeled,1.0,1.01,0.755,0.347,0.06,0.002,0.0
dataset/jpg/unlabeled/image_02605.jpg,jpg/image_02605.jpg,unlabeled,1.0,1.125,0.659,0.272,0.017,0.029,0.0
dataset/jpg/unlabeled/image_02607.jpg,jpg/image_02607.jpg,unlabeled,1.0,1.265,0.857,0.315,0.063,0.033,0.0
dataset/jpg/unlabeled/image_02608.jpg,jpg/image_02608.jpg,unlabeled,1.0,0.782,0.718,0.261,0.045,0.111,0.0
dataset/jpg/unlabeled/image_02609.jpg,jpg/image_02609.jpg,unlabeled,1.0,0.795,0.617,0.228,0.069,0.0,0.0
dataset/jpg/unlabeled/image_02610.jpg,jpg/image_02610.jpg,unlabeled,1.0,1.215,0.581,0.222,0.167,0.088,0.0
dataset/jpg/unlabeled/image_02612.jpg,jpg/image_02612.jpg,unlabeled,1.0,0.921,0.831,0.356,0.144,0.0,0.0
dataset/jpg/unlabeled/image_02614.jpg,jpg/image_02614.jpg,unlabeled,1.0,0.952,0.615,0.272,0.036,0.028,0.0
dataset/jpg/unlabeled/image_02615.jpg,jpg/image_02615.jpg,unlabeled,1.0,1.025,0.817,0.37,0.128,0.0,0.0
dataset/jpg/unlabeled/image_02616.jpg,jpg/image_02616.jpg,unlabeled,1.0,0.903,0.61,0.256,0.054,0.02,0.0
dataset/jpg/unlabeled/image_02618.jpg,jpg/image_02618.jpg,unlabeled,1.0,0.985,0.94,0.431,0.038,0.0,0.0
dataset/jpg/unlabeled/image_02619.jpg,jpg/image_02619.jpg,unlabeled,1.0,0.816,0.616,0.234,0.031,0.039,0.0
dataset/jpg/unlabeled/image_02620.jpg,jpg/image_02620.jpg,unlabeled,1.0,1.195,0.593,0.23,0.145,0.045,0.0
dataset/jpg/unlabeled/image_02621.jpg,jpg/image_02621.jpg,unlabeled,1.0,1.037,0.691,0.31,0.176,0.026,0.012
dataset/jpg/unlabeled/image_02622.jpg,jpg/image_02622.jpg,unlabeled,1.0,1.383,0.777,0.261,0.05,0.109,0.0
dataset/jpg/unlabeled/image_02623.jpg,jpg/image_02623.jpg,unlabeled,1.0,0.984,0.641,0.293,0.055,0.071,0.0
dataset/jpg/unlabeled/image_02624.jpg,jpg/image_02624.jpg,unlabeled,1.0,1.061,0.638,0.28,0.069,0.076,0.0
dataset/jpg/unlabeled/image_02626.jpg,jpg/image_02626.jpg,unlabeled,1.0,1.032,0.747,0.337,0.133,0.025,0.0
dataset/jpg/unlabeled/image_02627.jpg,jpg/image_02627.jpg,unlabeled,1.0,0.872,0.712,0.289,0.095,0.0,0.0
dataset/jpg/unlabeled/image_02628.jpg,jpg/image_02628.jpg,unlabeled,1.0,1.193,0.645,0.251,0.018,0.094,0.0
dataset/jpg/unlabeled/image_02630.jpg,jpg/image_02630.jpg,unlabeled,1.0,1.176,0.806,0.318,0.075,0.028,0.0
dataset/jpg/unlabeled/image_02631.jpg,jpg/image_02631.jpg,unlabeled,1.0,1.262,0.604,0.222,0.102,0.044,0.0
dataset/jpg/unlabeled/image_02633.jpg,jpg/image_02633.jpg,unlabeled,1.0,1.011,0.801,0.368,0.058,0.03,0.0
dataset/jpg/unlabeled/image_02634.jpg,jpg/image_02634.jpg,unlabeled,1.0,1.075,0.672,0.291,0.086,0.0,0.0
dataset/jpg/unlabeled/image_02635.jpg,jpg/image_02635.jpg,unlabeled,1.0,0.977,0.694,0.315,0.06,0.084,0.0
dataset/jpg/unlabeled/image_02640.jpg,jpg/image_02640.jpg,unlabeled,1.0,1.371,0.916,0.31,0.062,0.108,0.0
dataset/jpg/unlabeled/image_02641.jpg,jpg/image_02641.jpg,unlabeled,1.0,0.988,0.892,0.41,0.024,0.021,0.0
dataset/jpg/unlabeled/image_02643.jpg,jpg/image_02643.jpg,unlabeled,1.0,0.986,0.964,0.442,0.029,0.0,0.0
dataset/jpg/unlabeled/image_02646.jpg,jpg/image_02646.jpg,unlabeled,1.0,1.012,0.925,0.425,0.084,0.063,0.0
dataset/jpg/unlabeled/image_02648.jpg,jpg/image_02648.jpg,unlabeled,1.0,1.303,0.867,0.309,0.042,0.028,0.0
dataset/jpg/unlabeled/image_02649.jpg,jpg/image_02649.jpg,unlabeled,1.0,0.931,0.837,0.362,0.031,0.0,0.0
dataset/jpg/unlabeled/image_02650.jpg,jpg/image_02650.jpg,unlabeled,1.0,1.083,0.957,0.41,0.051,0.056,0.0
dataset/jpg/unlabeled/image_02651.jpg,jpg/image_02651.jpg,unlabeled,1.0,1.175,0.971,0.384,0.034,0.08,0.0
dataset/jpg/unlabeled/image_02652.jpg,jpg/image_02652.jpg,unlabeled,1.0,1.237,0.926,0.348,0.085,0.101,0.0
dataset/jpg/unlabeled/image_02653.jpg,jpg/image_02653.jpg,unlabeled,1.0,1.273,0.953,0.348,0.043,0.052,0.0
dataset/jpg/unlabeled/image_02655.jpg,jpg/image_02655.jpg,unlabeled,0.928,1.143,0.806,0.328,0.071,0.046,0.009
dataset/jpg/unlabeled/image_02656.jpg,jpg/image_02656.jpg,unlabeled,1.0,0.988,0.949,0.436,0.022,0.013,0.0
dataset/jpg/unlabeled/image_02658.jpg,jpg/image_02658.jpg,unlabeled,1.0,1.246,0.884,0.33,0.057,0.0,0.025
dataset/jpg/unlabeled/image_02659.jpg,jpg/image_02659.jpg,unlabeled,1.0,1.065,0.913,0.399,0.101,0.058,0.0
dataset/jpg/unlabeled/image_02660.jpg,jpg/image_02660.jpg,unlabeled,1.0,0.976,0.829,0.376,0.046,0.044,0.0
dataset/jpg/unlabeled/image_02661.jpg,jpg/image_02661.jpg,unlabeled,1.0,1.197,0.784,0.304,0.058,0.0,0.0
dataset/jpg/unlabeled/image_02663.jpg,jpg/image_02663.jpg,unlabeled,1.0,1.091,0.962,0.41,0.168,0.057,0.0
dataset/jpg/unlabeled/image_02664.jpg,jpg/image_02664.jpg,unlabeled,1.0,1.162,0.814,0.325,0.058,0.033,0.0
dataset/jpg/unlabeled/image_02665.jpg,jpg/image_02665.jpg,unlabeled,1.0,1.193,0.807,0.314,0.053,0.095,0.0
dataset/jpg/unlabeled/image_02666.jpg,jpg/image_02666.jpg,unlabeled,1.0,1.281,0.833,0.302,0.05,0.082,0.0
dataset/jpg/unlabeled/image_02667.jpg,jpg/image_02667.jpg,unlabeled,1.0,1.062,0.91,0.398,0.028,0.043,0.0
dataset/jpg/unlabeled/image_02669.jpg,jpg/image_02669.jpg,unlabeled,1.0,1.1,0.939,0.397,0.034,0.036,0.0
dataset/jpg/unlabeled/image_02670.jpg,jpg/image_02670.jpg,unlabeled,1.0,1.241,0.942,0.353,0.06,0.107,0.0
dataset/jpg/unlabeled/image_02671.jpg,jpg/image_02671.jpg,unlabeled,1.0,1.167,0.943,0.376,0.081,0.093,0.0
dataset/jpg/unlabeled/image_02672.jpg,jpg/image_02672.jpg,unlabeled,1.0,1.212,0.927,0.355,0.068,0.1,0.0
dataset/jpg/unlabeled/image_02673.jpg,jpg/image_02673.jpg,unlabeled,1.0,1.012,0.942,0.433,0.035,0.052,0.0
dataset/jpg/unlabeled/image_02675.jpg,jpg/image_02675.jpg,unlabeled,1.0,0.974,0.801,0.363,0.078,0.026,0.0
dataset/jpg/unlabeled/image_02676.jpg,jpg/image_02676.jpg,unlabeled,1.0,1.167,0.87,0.347,0.056,0.0,0.0
dataset/jpg/unlabeled/image_02677.jpg,jpg/image_02677.jpg,unlabeled,1.0,1.0,0.89,0.414,0.082,0.059,0.0
dataset/jpg/unlabeled/image_02678.jpg,jpg/image_02678.jpg,unlabeled,1.0,1.15,0.859,0.347,0.01,0.058,0.0
dataset/jpg/unlabeled/image_02679.jpg,jpg/image_02679.jpg,unlabeled,1.0,1.131,0.992,0.408,0.041,0.074,0.0
dataset/jpg/unlabeled/image_02680.jpg,jpg/image_02680.jpg,unlabeled,1.0,1.118,0.944,0.392,0.031,0.027,0.0
dataset/jpg/unlabeled/image_02681.jpg,jpg/image_02681.jpg,unlabeled,1.0,1.267,0.97,0.356,0.024,0.078,0.0
dataset/jpg/unlabeled/image_02682.jpg,jpg/image_02682.jpg,unlabeled,1.0,1.107,0.879,0.369,0.065,0.041,0.0
dataset/jpg/unlabeled/image_02686.jpg,jpg/image_02686.jpg,unlabeled,1.0,1.313,0.81,0.287,0.082,0.106,0.0
dataset/jpg/unlabeled/image_02687.jpg,jpg/image_02687.jpg,unlabeled,1.0,1.145,0.98,0.398,0.063,0.084,0.0
dataset/jpg/unlabeled/image_02688.jpg,jpg/image_02688.jpg,unlabeled,1.0,1.225,0.871,0.331,0.009,0.088,0.0
dataset/jpg/unlabeled/image_02689.jpg,jpg/image_02689.jpg,unlabeled,1.0,1.128,1.043,0.43,0.086,0.083,0.0
dataset/jpg/unlabeled/image_02691.jpg,jpg/image_02691.jpg,unlabeled,1.0,1.165,0.938,0.374,0.068,0.096,0.0
dataset/jpg/unlabeled/image_02694.jpg,jpg/image_02694.jpg,unlabeled,1.0,1.143,0.951,0.387,0.18,0.05,0.0
dataset/jpg/unlabeled/image_02696.jpg,jpg/image_02696.jpg,unlabeled,1.0,0.886,0.909,0.374,0.139,0.06,0.0
dataset/jpg/unlabeled/image_02699.jpg,jpg/image_02699.jpg,unlabeled,1.0,1.205,0.86,0.332,0.037,0.061,0.0
dataset/jpg/unlabeled/image_02700.jpg,jpg/image_02700.jpg,unlabeled,1.0,1.042,0.79,0.352,0.067,0.0,0.0
dataset/jpg/unlabeled/image_02701.jpg,jpg/image_02701.jpg,unlabeled,1.0,1.048,0.911,0.404,0.165,0.032,0.0
dataset/jpg/unlabeled/image_02703.jpg,jpg/image_02703.jpg,unlabeled,1.0,1.091,0.853,0.363,0.086,0.041,0.0
dataset/jpg/unlabeled/image_02704.jpg,jpg/image_02704.jpg,unlabeled,1.0,1.03,0.819,0.37,0.025,0.0,0.0
dataset/jpg/unlabeled/image_02705.jpg,jpg/image_02705.jpg,unlabeled,1.0,1.232,0.873,0.329,0.076,0.074,0.0
dataset/jpg/unlabeled/image_02707.jpg,jpg/image_02707.jpg,unlabeled,1.0,1.256,0.764,0.283,0.128,0.116,0.0
dataset/jpg/unlabeled/image_02708.jpg,jpg/image_02708.jpg,unlabeled,1.0,0.879,0.969,0.396,0.143,0.054,0.0
dataset/jpg/unlabeled/image_02709.jpg,jpg/image_02709.jpg,unlabeled,1.0,1.03,0.908,0.41,0.011,0.0,0.014
dataset/jpg/unlabeled/image_02716.jpg,jpg/image_02716.jpg,unlabeled,1.0,0.952,0.643,0.284,0.124,0.019,0.0
dataset/jpg/unlabeled/image_02717.jpg,jpg/image_02717.jpg,unlabeled,1.0,1.031,0.853,0.384,0.067,0.0,0.0
dataset/jpg/unlabeled/image_02719.jpg,jpg/image_02719.jpg,unlabeled,1.0,0.935,0.946,0.411,0.039,0.0,0.0
dataset/jpg/unlabeled/image_02720.jpg,jpg/image_02720.jpg,unlabeled,1.0,1.036,0.896,0.402,0.032,0.034,0.0
dataset/jpg/unlabeled/image_02722.jpg,jpg/image_02722.jpg,unlabeled,1.0,1.117,0.852,0.355,0.045,0.048,0.0
dataset/jpg/unlabeled/image_02723.jpg,jpg/image_02723.jpg,unlabeled,1.0,1.1,0.82,0.347,0.032,0.0,0.0
dataset/jpg/unlabeled/image_02724.jpg,jpg/image_02724.jpg,unlabeled,1.0,1.304,0.711,0.253,0.113,0.049,0.0
dataset/jpg/unlabeled/image_02726.jpg,jpg/image_02726.jpg,unlabeled,1.0,0.795,0.769,0.284,0.075,0.008,0.0
dataset/jpg/unlabeled/image_02728.jpg,jpg/image_02728.jpg,unlabeled,1.0,1.205,0.984,0.38,0.058,0.097,0.0
dataset/jpg/unlabeled/image_02729.jpg,jpg/image_02729.jpg,unlabeled,1.0,1.288,0.737,0.266,0.051,0.0,0.0
dataset/jpg/unlabeled/image_02731.jpg,jpg/image_02731.jpg,unlabeled,1.0,1.041,0.976,0.436,0.173,0.016,0.0
dataset/jpg/unlabeled/image_02732.jpg,jpg/image_02732.jpg,unlabeled,1.0,1.085,0.971,0.416,0.122,0.064,0.0
dataset/jpg/unlabeled/image_02733.jpg,jpg/image_02733.jpg,unlabeled,1.0,1.258,0.859,0.317,0.073,0.049,0.0
dataset/jpg/unlabeled/image_02734.jpg,jpg/image_02734.jpg,unlabeled,1.0,1.182,0.862,0.339,0.09,0.039,0.0
dataset/jpg/unlabeled/image_02736.jpg,jpg/image_02736.jpg,unlabeled,1.0,1.272,0.967,0.354,0.094,0.115,0.0
dataset/jpg/unlabeled/image_02738.jpg,jpg/image_02738.jpg,unlabeled,1.0,1.095,0.834,0.354,0.045,0.074,0.0
dataset/jpg/unlabeled/image_02739.jpg,jpg/image_02739.jpg,unlabeled,1.0,1.369,0.835,0.283,0.096,0.114,0.0
dataset/jpg/unlabeled/image_02741.jpg,jpg/image_02741.jpg,unlabeled,1.0,1.035,0.973,0.437,0.075,0.044,0.0
dataset/jpg/unlabeled/image_02742.jpg,jpg/image_02742.jpg,unlabeled,1.0,1.135,0.974,0.399,0.098,0.041,0.0
dataset/jpg/unlabeled/image_02743.jpg,jpg/image_02743.jpg,unlabeled,1.0,0.972,0.999,0.451,0.081,0.018,0.0
dataset/jpg/unlabeled/image_02744.jpg,jpg/image_02744.jpg,unlabeled,1.0,1.099,0.878,0.371,0.037,0.053,0.0
dataset/jpg/unlabeled/image_02748.jpg,jpg/image_02748.jpg,unlabeled,1.0,0.929,0.87,0.375,0.038,0.022,0.0
dataset/jpg/unlabeled/image_02749.jpg,jpg/image_02749.jpg,unlabeled,1.0,1.239,0.921,0.345,0.006,0.041,0.0
dataset/jpg/unlabeled/image_02753.jpg,jpg/image_02753.jpg,unlabeled,1.0,0.96,0.85,0.379,0.068,0.0,0.0
dataset/jpg/unlabeled/image_02755.jpg,jpg/image_02755.jpg,unlabeled,0.896,0.879,0.794,0.324,0.034,0.0,0.04
dataset/jpg/unlabeled/image_02756.jpg,jpg/image_02756.jpg,unlabeled,1.0,1.038,0.926,0.414,0.066,0.0,0.0
dataset/jpg/unlabeled/image_02758.jpg,jpg/image_02758.jpg,unlabeled,1.0,0.723,0.933,0.314,0.033,0.009,0.0
dataset/jpg/unlabeled/image_02759.jpg,jpg/image_02759.jpg,unlabeled,1.0,1.029,0.833,0.376,0.04,0.0,0.0
dataset/jpg/unlabeled/image_02760.jpg,jpg/image_02760.jpg,unlabeled,1.0,1.098,0.97,0.411,0.014,0.047,0.0
dataset/jpg/unlabeled/image_02761.jpg,jpg/image_02761.jpg,unlabeled,1.0,0.988,0.931,0.427,0.044,0.036,0.0
dataset/jpg/unlabeled/image_02762.jpg,jpg/image_02762.jpg,unlabeled,1.0,1.254,0.758,0.281,0.066,0.099,0.009
dataset/jpg/unlabeled/image_02763.jpg,jpg/image_02763.jpg,unlabeled,1.0,1.026,0.901,0.408,0.061,0.045,0.0
dataset/jpg/unlabeled/image_02764.jpg,jpg/image_02764.jpg,unlabeled,1.0,1.115,0.925,0.385,0.024,0.05,0.0
dataset/jpg/unlabeled/image_02765.jpg,jpg/image_02765.jpg,unlabeled,1.0,0.707,0.847,0.278,0.023,0.025,0.0
dataset/jpg/unlabeled/image_02766.jpg,jpg/image_02766.jpg,unlabeled,1.0,1.238,0.911,0.342,0.02,0.113,0.0
dataset/jpg/unlabeled/image_02767.jpg,jpg/image_02767.jpg,unlabeled,1.0,1.182,0.905,0.356,0.081,0.061,0.0
dataset/jpg/unlabeled/image_02769.jpg,jpg/image_02769.jpg,unlabeled,1.0,1.176,0.651,0.257,0.036,0.061,0.0
dataset/jpg/unlabeled/image_02771.jpg,jpg/image_02771.jpg,unlabeled,1.0,1.0,0.857,0.398,0.005,0.0,0.0
dataset/jpg/unlabeled/image_02773.jpg,jpg/image_02773.jpg,unlabeled,1.0,0.887,0.881,0.363,0.031,0.0,0.0
dataset/jpg/unlabeled/image_02775.jpg,jpg/image_02775.jpg,unlabeled,1.0,1.119,0.908,0.377,0.023,0.068,0.0
dataset/jpg/unlabeled/image_02776.jpg,jpg/image_02776.jpg,unlabeled,1.0,1.213,0.915,0.35,0.023,0.07,0.0
dataset/jpg/unlabeled/image_02777.jpg,jpg/image_02777.jpg,unlabeled,1.0,1.026,0.912,0.413,0.117,0.002,0.0
dataset/jpg/unlabeled/image_02778.jpg,jpg/image_02778.jpg,unlabeled,1.0,1.038,0.9,0.403,0.095,0.018,0.0
dataset/jpg/unlabeled/image_02779.jpg,jpg/image_02779.jpg,unlabeled,1.0,1.219,0.833,0.318,0.061,0.105,0.0
dataset/jpg/unlabeled/image_02780.jpg,jpg/image_02780.jpg,unlabeled,1.0,1.162,0.914,0.365,0.042,0.095,0.0
dataset/jpg/unlabeled/image_02781.jpg,jpg/image_02781.jpg,unlabeled,1.0,1.095,0.948,0.402,0.085,0.067,0.0
dataset/jpg/unlabeled/image_02782.jpg,jpg/image_02782.jpg,unlabeled,1.0,1.107,0.579,0.243,0.032,0.086,0.0
dataset/jpg/unlabeled/image_02783.jpg,jpg/image_02783.jpg,unlabeled,1.0,0.783,0.736,0.268,0.06,0.0,0.017
dataset/jpg/unlabeled/image_02784.jpg,jpg/image_02784.jpg,unlabeled,1.0,0.892,0.721,0.299,0.029,0.035,0.0
dataset/jpg/unlabeled/image_02785.jpg,jpg/image_02785.jpg,unlabeled,1.0,0.923,0.895,0.384,0.019,0.0,0.0
dataset/jpg/unlabeled/image_02787.jpg,jpg/image_02787.jpg,unlabeled,1.0,0.964,0.868,0.389,0.085,0.016,0.0
dataset/jpg/unlabeled/image_02790.jpg,jpg/image_02790.jpg,unlabeled,1.0,1.155,0.698,0.281,0.165,0.093,0.0
dataset/jpg/unlabeled/image_02791.jpg,jpg/image_02791.jpg,unlabeled,1.0,1.132,0.878,0.36,0.018,0.0,0.0
dataset/jpg/unlabeled/image_02792.jpg,jpg/image_02792.jpg,unlabeled,1.0,1.014,0.935,0.428,0.036,0.0,0.0
dataset/jpg/unlabeled/image_02793.jpg,jpg/image_02793.jpg,unlabeled,1.0,0.97,0.875,0.394,0.07,0.0,0.0
dataset/jpg/unlabeled/image_02795.jpg,jpg/image_02795.jpg,unlabeled,1.0,1.029,0.872,0.394,0.058,0.0,0.0
dataset/jpg/unlabeled/image_02797.jpg,jpg/image_02797.jpg,unlabeled,1.0,1.125,0.845,0.349,0.025,0.004,0.0
dataset/jpg/unlabeled/image_02798.jpg,jpg/image_02798.jpg,unlabeled,1.0,1.062,0.922,0.404,0.047,0.032,0.0
dataset/jpg/unlabeled/image_02799.jpg,jpg/image_02799.jpg,unlabeled,1.0,1.025,0.951,0.431,0.032,0.01,0.0
dataset/jpg/unlabeled/image_02800.jpg,jpg/image_02800.jpg,unlabeled,1.0,1.123,0.832,0.344,0.021,0.054,0.0
dataset/jpg/unlabeled/image_02801.jpg,jpg/image_02801.jpg,unlabeled,1.0,0.952,0.894,0.396,0.007,0.017,0.0
dataset/jpg/unlabeled/image_02802.jpg,jpg/image_02802.jpg,unlabeled,1.0,1.226,0.664,0.252,0.051,0.0,0.0
dataset/jpg/unlabeled/image_02803.jpg,jpg/image_02803.jpg,unlabeled,1.0,0.987,0.877,0.402,0.017,0.0,0.0
dataset/jpg/unlabeled/image_02804.jpg,jpg/image_02804.jpg,unlabeled,1.0,1.38,0.916,0.309,0.032,0.0,0.0
dataset/jpg/unlabeled/image_02805.jpg,jpg/image_02805.jpg,unlabeled,1.0,0.963,0.853,0.382,0.087,0.03,0.0
dataset/jpg/unlabeled/image_02806.jpg,jpg/image_02806.jpg,unlabeled,1.0,1.024,0.875,0.397,0.045,0.027,0.0
dataset/jpg/unlabeled/image_02808.jpg,jpg/image_02808.jpg,unlabeled,1.0,1.053,0.905,0.399,0.051,0.031,0.0
dataset/jpg/unlabeled/image_02809.jpg,jpg/image_02809.jpg,unlabeled,1.0,0.984,0.795,0.363,0.091,0.0,0.0
dataset/jpg/unlabeled/image_02810.jpg,jpg/image_02810.jpg,unlabeled,1.0,0.952,0.857,0.379,0.064,0.021,0.0
dataset/jpg/unlabeled/image_02811.jpg,jpg/image_02811.jpg,unlabeled,1.0,1.083,0.968,0.415,0.023,0.063,0.0
dataset/jpg/unlabeled/image_02812.jpg,jpg/image_02812.jpg,unlabeled,1.0,1.06,0.829,0.364,0.044,0.075,0.0
dataset/jpg/unlabeled/image_02814.jpg,jpg/image_02814.jpg,unlabeled,1.0,1.0,0.95,0.442,0.055,0.046,0.0
dataset/jpg/unlabeled/image_02815.jpg,jpg/image_02815.jpg,unlabeled,1.0,1.072,0.917,0.397,0.176,0.06,0.0
dataset/jpg/unlabeled/image_02816.jpg,jpg/image_02816.jpg,unlabeled,1.0,1.167,0.991,0.395,0.065,0.087,0.0
dataset/jpg/unlabeled/image_02817.jpg,jpg/image_02817.jpg,unlabeled,1.0,1.25,1.001,0.372,0.05,0.119,0.0
dataset/jpg/unlabeled/image_02818.jpg,jpg/image_02818.jpg,unlabeled,1.0,1.048,0.937,0.416,0.124,0.047,0.001
dataset/jpg/unlabeled/image_02819.jpg,jpg/image_02819.jpg,unlabeled,1.0,1.107,0.912,0.383,0.022,0.076,0.0
dataset/jpg/unlabeled/image_02820.jpg,jpg/image_02820.jpg,unlabeled,1.0,1.19,0.947,0.37,0.063,0.101,0.0
dataset/jpg/unlabeled/image_02821.jpg,jpg/image_02821.jpg,unlabeled,1.0,1.024,0.879,0.399,0.029,0.049,0.0
dataset/jpg/unlabeled/image_02822.jpg,jpg/image_02822.jpg,unlabeled,1.0,1.155,0.899,0.362,0.071,0.105,0.0
dataset/jpg/unlabeled/image_02823.jpg,jpg/image_02823.jpg,unlabeled,1.0,1.26,0.879,0.324,0.044,0.105,0.0
dataset/jpg/unlabeled/image_02824.jpg,jpg/image_02824.jpg,unlabeled,1.0,1.049,0.966,0.428,0.062,0.047,0.0
dataset/jpg/unlabeled/image_02825.jpg,jpg/image_02825.jpg,unlabeled,1.0,1.179,0.96,0.378,0.05,0.107,0.0
dataset/jpg/unlabeled/image_02826.jpg,jpg/image_02826.jpg,unlabeled,1.0,1.0,0.98,0.455,0.048,0.047,0.0
dataset/jpg/unlabeled/image_02827.jpg,jpg/image_02827.jpg,unlabeled,0.927,0.819,0.809,0.308,0.056,0.0,0.018
dataset/jpg/unlabeled/image_02828.jpg,jpg/image_02828.jpg,unlabeled,1.0,1.19,0.915,0.357,0.086,0.104,0.0
dataset/jpg/unlabeled/image_02829.jpg,jpg/image_02829.jpg,unlabeled,1.0,1.25,0.739,0.275,0.044,0.0,0.0
dataset/jpg/unlabeled/image_02830.jpg,jpg/image_02830.jpg,unlabeled,1.0,1.095,0.821,0.348,0.078,0.059,0.0
dataset/jpg/unlabeled/image_02831.jpg,jpg/image_02831.jpg,unlabeled,1.0,1.19,0.917,0.358,0.098,0.092,0.0
dataset/jpg/unlabeled/image_02832.jpg,jpg/image_02832.jpg,unlabeled,1.0,1.19,0.891,0.348,0.132,0.097,0.0
dataset/jpg/unlabeled/image_02833.jpg,jpg/image_02833.jpg,unlabeled,1.0,1.143,0.972,0.395,0.06,0.078,0.0
dataset/jpg/unlabeled/image_02836.jpg,jpg/image_02836.jpg,unlabeled,1.0,0.905,0.838,0.352,0.032,0.025,0.0
dataset/jpg/unlabeled/image_02838.jpg,jpg/image_02838.jpg,unlabeled,1.0,1.112,0.847,0.354,0.07,0.06,0.0
dataset/jpg/unlabeled/image_02839.jpg,jpg/image_02839.jpg,unlabeled,1.0,1.09,0.949,0.405,0.033,0.045,0.0
dataset/jpg/unlabeled/image_02840.jpg,jpg/image_02840.jpg,unlabeled,1.0,1.179,0.869,0.343,0.046,0.098,0.0
dataset/jpg/unlabeled/image_02842.jpg,jpg/image_02842.jpg,unlabeled,1.0,1.179,0.942,0.371,0.022,0.099,0.0
dataset/jpg/unlabeled/image_02843.jpg,jpg/image_02843.jpg,unlabeled,1.0,1.274,0.774,0.282,0.062,0.061,0.0
dataset/jpg/unlabeled/image_02845.jpg,jpg/image_02845.jpg,unlabeled,1.0,0.964,0.879,0.394,0.003,0.014,0.0
dataset/jpg/unlabeled/image_02847.jpg,jpg/image_02847.jpg,unlabeled,1.0,0.986,0.799,0.366,0.103,0.0,0.0
dataset/jpg/unlabeled/image_02849.jpg,jpg/image_02849.jpg,unlabeled,1.0,0.939,0.825,0.36,0.064,0.0,0.015
dataset/jpg/unlabeled/image_02850.jpg,jpg/image_02850.jpg,unlabeled,1.0,1.121,0.803,0.333,0.074,0.0,0.0
dataset/jpg/unlabeled/image_02851.jpg,jpg/image_02851.jpg,unlabeled,1.0,1.048,0.872,0.387,0.02,0.048,0.0
dataset/jpg/unlabeled/image_02852.jpg,jpg/image_02852.jpg,unlabeled,1.0,0.99,0.961,0.442,0.16,0.024,0.0
dataset/jpg/unlabeled/image_02854.jpg,jpg/image_02854.jpg,unlabeled,1.0,1.038,0.769,0.345,0.067,0.019,0.0
dataset/jpg/unlabeled/image_02855.jpg,jpg/image_02855.jpg,unlabeled,1.0,1.027,0.863,0.39,0.051,0.0,0.004
dataset/jpg/unlabeled/image_02856.jpg,jpg/image_02856.jpg,unlabeled,1.0,1.025,0.823,0.373,0.038,0.017,0.0
dataset/jpg/unlabeled/image_02857.jpg,jpg/image_02857.jpg,unlabeled,1.0,1.064,0.96,0.419,0.045,0.024,0.0
dataset/jpg/unlabeled/image_02858.jpg,jpg/image_02858.jpg,unlabeled,1.0,1.143,0.99,0.402,0.03,0.086,0.0
dataset/jpg/unlabeled/image_02859.jpg,jpg/image_02859.jpg,unlabeled,1.0,1.036,0.867,0.389,0.037,0.055,0.0
dataset/jpg/unlabeled/image_02862.jpg,jpg/image_02862.jpg,unlabeled,1.0,0.988,0.849,0.39,0.083,0.039,0.0
dataset/jpg/unlabeled/image_02864.jpg,jpg/image_02864.jpg,unlabeled,1.0,1.253,1.072,0.398,0.035,0.115,0.0
dataset/jpg/unlabeled/image_02866.jpg,jpg/image_02866.jpg,unlabeled,1.0,0.862,0.839,0.336,0.023,0.028,0.0
dataset/jpg/unlabeled/image_02867.jpg,jpg/image_02867.jpg,unlabeled,1.0,1.009,1.064,0.49,0.084,0.045,0.0
dataset/jpg/unlabeled/image_02869.jpg,jpg/image_02869.jpg,unlabeled,1.0,1.232,0.951,0.359,0.049,0.111,0.0
dataset/jpg/unlabeled/image_02870.jpg,jpg/image_02870.jpg,unlabeled,1.0,0.929,0.934,0.403,0.101,0.015,0.018
dataset/jpg/unlabeled/image_02873.jpg,jpg/image_02873.jpg,unlabeled,1.0,1.176,0.999,0.395,0.031,0.112,0.0
dataset/jpg/unlabeled/image_02875.jpg,jpg/image_02875.jpg,unlabeled,1.0,1.119,0.841,0.349,0.072,0.07,0.0
dataset/jpg/unlabeled/image_02876.jpg,jpg/image_02876.jpg,unlabeled,1.0,1.153,0.948,0.382,0.022,0.017,0.0
dataset/jpg/unlabeled/image_02877.jpg,jpg/image_02877.jpg,unlabeled,1.0,1.049,0.894,0.396,0.046,0.067,0.0
dataset/jpg/unlabeled/image_02878.jpg,jpg/image_02878.jpg,unlabeled,1.0,1.122,0.82,0.34,0.052,0.017,0.0
dataset/jpg/unlabeled/image_02879.jpg,jpg/image_02879.jpg,unlabeled,1.0,1.043,0.94,0.418,0.043,0.053,0.0
dataset/jpg/unlabeled/image_02884.jpg,jpg/image_02884.jpg,unlabeled,1.0,0.909,0.839,0.354,0.096,0.009,0.0
dataset/jpg/unlabeled/image_02885.jpg,jpg/image_02885.jpg,unlabeled,1.0,1.094,0.773,0.328,0.029,0.072,0.0
dataset/jpg/unlabeled/image_02886.jpg,jpg/image_02886.jpg,unlabeled,1.0,0.862,0.941,0.377,0.055,0.032,0.0
dataset/jpg/unlabeled/image_02888.jpg,jpg/image_02888.jpg,unlabeled,1.0,1.062,0.898,0.393,0.031,0.025,0.0
dataset/jpg/unlabeled/image_02890.jpg,jpg/image_02890.jpg,unlabeled,1.0,1.211,1.091,0.419,0.052,0.118,0.0
dataset/jpg/unlabeled/image_02891.jpg,jpg/image_02891.jpg,unlabeled,1.0,1.0,0.873,0.406,0.048,0.0,0.0
dataset/jpg/unlabeled/image_02893.jpg,jpg/image_02893.jpg,unlabeled,1.0,1.056,0.892,0.393,0.073,0.018,0.0
dataset/jpg/unlabeled/image_02896.jpg,jpg/image_02896.jpg,unlabeled,1.0,1.042,1.011,0.451,0.077,0.04,0.0
dataset/jpg/unlabeled/image_02897.jpg,jpg/image_02897.jpg,unlabeled,1.0,1.219,0.92,0.351,0.094,0.081,0.0
dataset/jpg/unlabeled/image_02899.jpg,jpg/image_02899.jpg,unlabeled,1.0,1.133,0.912,0.374,0.031,0.077,0.0
dataset/jpg/unlabeled/image_02903.jpg,jpg/image_02903.jpg,unlabeled,1.0,1.232,1.075,0.406,0.038,0.118,0.0
dataset/jpg/unlabeled/image_02907.jpg,jpg/image_02907.jpg,unlabeled,1.0,0.745,0.933,0.323,0.105,0.048,0.0
dataset/jpg/unlabeled/image_02912.jpg,jpg/image_02912.jpg,unlabeled,1.0,0.922,1.037,0.444,0.021,0.057,0.0
dataset/jpg/unlabeled/image_02913.jpg,jpg/image_02913.jpg,unlabeled,1.0,1.221,1.049,0.399,0.006,0.11,0.0
dataset/jpg/unlabeled/image_02916.jpg,jpg/image_02916.jpg,unlabeled,1.0,0.853,0.988,0.391,0.036,0.035,0.0
dataset/jpg/unlabeled/image_02917.jpg,jpg/image_02917.jpg,unlabeled,1.0,1.118,0.791,0.329,0.029,0.079,0.0
dataset/jpg/unlabeled/image_02919.jpg,jpg/image_02919.jpg,unlabeled,1.0,1.185,1.155,0.453,0.012,0.09,0.0
dataset/jpg/unlabeled/image_02920.jpg,jpg/image_02920.jpg,unlabeled,1.0,0.711,0.977,0.323,0.086,0.11,0.0
dataset/jpg/unlabeled/image_02921.jpg,jpg/image_02921.jpg,unlabeled,1.0,1.012,0.865,0.397,0.052,0.04,0.0
dataset/jpg/unlabeled/image_02922.jpg,jpg/image_02922.jpg,unlabeled,1.0,1.014,0.978,0.448,0.04,0.0,0.0
dataset/jpg/unlabeled/image_02923.jpg,jpg/image_02923.jpg,unlabeled,1.0,0.985,0.935,0.428,0.021,0.0,0.0
dataset/jpg/unlabeled/image_02924.jpg,jpg/image_02924.jpg,unlabeled,1.0,1.114,0.806,0.336,0.048,0.007,0.0
dataset/jpg/unlabeled/image_02925.jpg,jpg/image_02925.jpg,unlabeled,1.0,0.907,0.854,0.36,0.019,0.0,0.0
dataset/jpg/unlabeled/image_02926.jpg,jpg/image_02926.jpg,unlabeled,1.0,1.075,0.865,0.374,0.044,0.0,0.0
dataset/jpg/unlabeled/image_02927.jpg,jpg/image_02927.jpg,unlabeled,1.0,1.25,0.892,0.332,0.005,0.111,0.0
dataset/jpg/unlabeled/image_02928.jpg,jpg/image_02928.jpg,unlabeled,1.0,1.129,0.887,0.365,0.076,0.0,0.0
dataset/jpg/unlabeled/image_02929.jpg,jpg/image_02929.jpg,unlabeled,1.0,0.953,0.804,0.356,0.094,0.038,0.0
dataset/jpg/unlabeled/image_02931.jpg,jpg/image_02931.jpg,unlabeled,1.0,1.014,0.922,0.423,0.05,0.003,0.0
dataset/jpg/unlabeled/image_02932.jpg,jpg/image_02932.jpg,unlabeled,1.0,1.031,0.905,0.408,0.069,0.0,0.0
dataset/jpg/unlabeled/image_02934.jpg,jpg/image_02934.jpg,unlabeled,1.0,1.394,0.902,0.301,0.057,0.118,0.0
dataset/jpg/unlabeled/image_02935.jpg,jpg/image_02935.jpg,unlabeled,1.0,1.024,0.897,0.407,0.048,0.068,0.0
dataset/jpg/unlabeled/image_02936.jpg,jpg/image_02936.jpg,unlabeled,1.0,0.977,0.962,0.437,0.131,0.033,0.0
dataset/jpg/unlabeled/image_02937.jpg,jpg/image_02937.jpg,unlabeled,1.0,1.304,0.723,0.258,0.084,0.101,0.0
dataset/jpg/unlabeled/image_02940.jpg,jpg/image_02940.jpg,unlabeled,1.0,1.018,0.879,0.401,0.105,0.0,0.0
dataset/jpg/unlabeled/image_02941.jpg,jpg/image_02941.jpg,unlabeled,1.0,1.082,0.965,0.415,0.113,0.001,0.0
dataset/jpg/unlabeled/image_02943.jpg,jpg/image_02943.jpg,unlabeled,1.0,0.942,0.909,0.398,0.051,0.068,0.0
dataset/jpg/unlabeled/image_02944.jpg,jpg/image_02944.jpg,unlabeled,1.0,1.148,0.891,0.361,0.049,0.0,0.0
dataset/jpg/unlabeled/image_02945.jpg,jpg/image_02945.jpg,unlabeled,1.0,1.0,0.916,0.425,0.04,0.0,0.011
dataset/jpg/unlabeled/image_02946.jpg,jpg/image_02946.jpg,unlabeled,1.0,1.277,0.836,0.304,0.159,0.081,0.0
dataset/jpg/unlabeled/image_02947.jpg,jpg/image_02947.jpg,unlabeled,1.0,0.867,0.882,0.355,0.142,0.002,0.0
dataset/jpg/unlabeled/image_02948.jpg,jpg/image_02948.jpg,unlabeled,1.0,1.027,0.921,0.417,0.059,0.03,0.0
dataset/jpg/unlabeled/image_02950.jpg,jpg/image_02950.jpg,unlabeled,1.0,1.232,0.701,0.265,0.067,0.108,0.0
dataset/jpg/unlabeled/image_02951.jpg,jpg/image_02951.jpg,unlabeled,1.0,0.877,0.909,0.37,0.05,0.0,0.0
dataset/jpg/unlabeled/image_02954.jpg,jpg/image_02954.jpg,unlabeled,1.0,1.08,1.005,0.433,0.066,0.049,0.0
dataset/jpg/unlabeled/image_02958.jpg,jpg/image_02958.jpg,unlabeled,1.0,0.944,0.81,0.355,0.168,0.013,0.0
dataset/jpg/unlabeled/image_02960.jpg,jpg/image_02960.jpg,unlabeled,1.0,1.084,0.663,0.284,0.057,0.067,0.0
dataset/jpg/unlabeled/image_02964.jpg,jpg/image_02964.jpg,unlabeled,1.0,1.057,0.904,0.398,0.031,0.0,0.0
dataset/jpg/unlabeled/image_02965.jpg,jpg/image_02965.jpg,unlabeled,1.0,0.931,0.92,0.398,0.052,0.0,0.0
dataset/jpg/unlabeled/image_02975.jpg,jpg/image_02975.jpg,unlabeled,1.0,0.904,0.848,0.356,0.161,0.0,0.0
dataset/jpg/unlabeled/image_02976.jpg,jpg/image_02976.jpg,unlabeled,1.0,1.328,0.827,0.289,0.074,0.064,0.0
dataset/jpg/unlabeled/image_02979.jpg,jpg/image_02979.jpg,unlabeled,1.0,1.052,0.879,0.389,0.059,0.036,0.0
dataset/jpg/unlabeled/image_02982.jpg,jpg/image_02982.jpg,unlabeled,1.0,1.067,0.765,0.333,0.076,0.027,0.0
dataset/jpg/unlabeled/image_02983.jpg,jpg/image_02983.jpg,unlabeled,1.0,1.211,0.82,0.315,0.043,0.065,0.0
dataset/jpg/unlabeled/image_02985.jpg,jpg/image_02985.jpg,unlabeled,1.0,1.376,0.923,0.312,0.105,0.12,0.0
dataset/jpg/unlabeled/image_02986.jpg,jpg/image_02986.jpg,unlabeled,1.0,1.034,0.93,0.418,0.078,0.0,0.0
dataset/jpg/unlabeled/image_02989.jpg,jpg/image_02989.jpg,unlabeled,1.0,0.967,0.885,0.398,0.053,0.0,0.0
dataset/jpg/unlabeled/image_02990.jpg,jpg/image_02990.jpg,unlabeled,1.0,0.759,0.854,0.301,0.119,0.0,0.0
dataset/jpg/unlabeled/image_02993.jpg,jpg/image_02993.jpg,unlabeled,1.0,0.727,0.775,0.262,0.072,0.003,0.0
dataset/jpg/unlabeled/image_02995.jpg,jpg/image_02995.jpg,unlabeled,1.0,1.014,0.937,0.43,0.034,0.0,0.0
dataset/jpg/unlabeled/image_02996.jpg,jpg/image_02996.jpg,unlabeled,1.0,0.971,0.878,0.396,0.043,0.0,0.0
dataset/jpg/unlabeled/image_02998.jpg,jpg/image_02998.jpg,unlabeled,1.0,0.938,0.907,0.395,0.028,0.043,0.0
dataset/jpg/unlabeled/image_02999.jpg,jpg/image_02999.jpg,unlabeled,1.0,0.752,0.755,0.264,0.119,0.112,0.0
dataset/jpg/unlabeled/image_03000.jpg,jpg/image_03000.jpg,unlabeled,1.0,1.112,0.899,0.376,0.139,0.067,0.0
dataset/jpg/unlabeled/image_03001.jpg,jpg/image_03001.jpg,unlabeled,1.0,0.816,0.822,0.312,0.097,0.101,0.0
dataset/jpg/unlabeled/image_03003.jpg,jpg/image_03003.jpg,unlabeled,1.0,1.0,0.719,0.334,0.102,0.001,0.0
dataset/jpg/unlabeled/image_03005.jpg,jpg/image_03005.jpg,unlabeled,1.0,1.121,0.868,0.36,0.034,0.0,0.0
dataset/jpg/unlabeled/image_03006.jpg,jpg/image_03006.jpg,unlabeled,1.0,0.925,0.853,0.367,0.036,0.0,0.0
dataset/jpg/unlabeled/image_03007.jpg,jpg/image_03007.jpg,unlabeled,1.0,1.155,0.75,0.302,0.073,0.104,0.0
dataset/jpg/unlabeled/image_03008.jpg,jpg/image_03008.jpg,unlabeled,1.0,0.814,0.87,0.329,0.137,0.075,0.0
dataset/jpg/unlabeled/image_03009.jpg,jpg/image_03009.jpg,unlabeled,1.0,0.918,0.917,0.391,0.12,0.0,0.0
dataset/jpg/unlabeled/image_03014.jpg,jpg/image_03014.jpg,unlabeled,1.0,0.902,0.698,0.293,0.05,0.011,0.002
dataset/jpg/unlabeled/image_03015.jpg,jpg/image_03015.jpg,unlabeled,1.0,1.016,0.881,0.403,0.105,0.0,0.0
dataset/jpg/unlabeled/image_03016.jpg,jpg/image_03016.jpg,unlabeled,1.0,0.941,0.647,0.283,0.061,0.063,0.0
dataset/jpg/unlabeled/image_03017.jpg,jpg/image_03017.jpg,unlabeled,1.0,1.327,0.911,0.319,0.017,0.0,0.0
dataset/jpg/unlabeled/image_03020.jpg,jpg/image_03020.jpg,unlabeled,1.0,0.78,0.86,0.312,0.066,0.0,0.0
dataset/jpg/unlabeled/image_03022.jpg,jpg/image_03022.jpg,unlabeled,1.0,0.964,0.917,0.411,0.092,0.021,0.0
dataset/jpg/unlabeled/image_03023.jpg,jpg/image_03023.jpg,unlabeled,1.0,0.848,0.82,0.323,0.043,0.088,0.0
dataset/jpg/unlabeled/image_03025.jpg,jpg/image_03025.jpg,unlabeled,1.0,0.952,0.74,0.327,0.03,0.0,0.0
dataset/jpg/unlabeled/image_03026.jpg,jpg/image_03026.jpg,unlabeled,1.0,0.908,0.739,0.312,0.059,0.0,0.0
dataset/jpg/unlabeled/image_03027.jpg,jpg/image_03027.jpg,unlabeled,1.0,1.081,0.837,0.36,0.056,0.103,0.0
dataset/jpg/unlabeled/image_03031.jpg,jpg/image_03031.jpg,unlabeled,1.0,1.108,0.71,0.298,0.072,0.042,0.0
dataset/jpg/unlabeled/image_03032.jpg,jpg/image_03032.jpg,unlabeled,1.0,0.903,0.793,0.333,0.067,0.0,0.0
dataset/jpg/unlabeled/image_03033.jpg,jpg/image_03033.jpg,unlabeled,1.0,1.141,0.677,0.276,0.047,0.0,0.0
dataset/jpg/unlabeled/image_03036.jpg,jpg/image_03036.jpg,unlabeled,1.0,1.191,0.755,0.294,0.085,0.016,0.0
dataset/jpg/unlabeled/image_03040.jpg,jpg/image_03040.jpg,unlabeled,1.0,1.011,0.629,0.289,0.037,0.013,0.0
dataset/jpg/unlabeled/image_03043.jpg,jpg/image_03043.jpg,unlabeled,1.0,1.397,0.675,0.224,0.031,0.079,0.0
dataset/jpg/unlabeled/image_03046.jpg,jpg/image_03046.jpg,unlabeled,1.0,1.111,0.774,0.324,0.078,0.0,0.0
dataset/jpg/unlabeled/image_03048.jpg,jpg/image_03048.jpg,unlabeled,1.0,1.09,0.756,0.323,0.057,0.0,0.0
dataset/jpg/unlabeled/image_03049.jpg,jpg/image_03049.jpg,unlabeled,1.0,1.165,0.766,0.306,0.024,0.055,0.0
dataset/jpg/unlabeled/image_03052.jpg,jpg/image_03052.jpg,unlabeled,1.0,0.99,0.704,0.324,0.032,0.0,0.0
dataset/jpg/unlabeled/image_03053.jpg,jpg/image_03053.jpg,unlabeled,1.0,1.159,0.709,0.285,0.023,0.011,0.0
dataset/jpg/unlabeled/image_03054.jpg,jpg/image_03054.jpg,unlabeled,1.0,1.029,0.707,0.32,0.08,0.013,0.0
dataset/jpg/unlabeled/image_03055.jpg,jpg/image_03055.jpg,unlabeled,1.0,1.0,0.651,0.303,0.057,0.015,0.0
dataset/jpg/unlabeled/image_03056.jpg,jpg/image_03056.jpg,unlabeled,1.0,0.918,0.765,0.326,0.067,0.045,0.0
dataset/jpg/unlabeled/image_03058.jpg,jpg/image_03058.jpg,unlabeled,1.0,1.266,0.617,0.226,0.064,0.092,0.003
dataset/jpg/unlabeled/image_03061.jpg,jpg/image_03061.jpg,unlabeled,1.0,1.21,0.875,0.336,0.071,0.106,0.0
dataset/jpg/unlabeled/image_03065.jpg,jpg/image_03065.jpg,unlabeled,1.0,1.167,0.572,0.228,0.033,0.026,0.0
dataset/jpg/unlabeled/image_03066.jpg,jpg/image_03066.jpg,unlabeled,1.0,0.978,0.867,0.394,0.095,0.0,0.0
dataset/jpg/unlabeled/image_03067.jpg,jpg/image_03067.jpg,unlabeled,1.0,0.76,1.045,0.369,0.086,0.07,0.0
dataset/jpg/unlabeled/image_03068.jpg,jpg/image_03068.jpg,unlabeled,1.0,1.305,0.741,0.264,0.032,0.087,0.0
dataset/jpg/unlabeled/image_03069.jpg,jpg/image_03069.jpg,unlabeled,1.0,1.424,0.843,0.275,0.159,0.021,0.0
dataset/jpg/unlabeled/image_03070.jpg,jpg/image_03070.jpg,unlabeled,1.0,1.084,0.723,0.31,0.085,0.0,0.0
dataset/jpg/unlabeled/image_03071.jpg,jpg/image_03071.jpg,unlabeled,1.0,1.089,0.709,0.303,0.057,0.0,0.0
dataset/jpg/unlabeled/image_03075.jpg,jpg/image_03075.jpg,unlabeled,1.0,1.08,0.714,0.307,0.024,0.0,0.0
dataset/jpg/unlabeled/image_03076.jpg,jpg/image_03076.jpg,unlabeled,1.0,1.292,0.706,0.254,0.011,0.091,0.0
dataset/jpg/unlabeled/image_03077.jpg,jpg/image_03077.jpg,unlabeled,1.0,1.266,0.568,0.209,0.059,0.05,0.0
dataset/jpg/unlabeled/image_03078.jpg,jpg/image_03078.jpg,unlabeled,1.0,0.855,0.765,0.304,0.107,0.113,0.0
dataset/jpg/unlabeled/image_03080.jpg,jpg/image_03080.jpg,unlabeled,175.0,0.905,0.558,0.235,0.164,0.0,0.0
dataset/jpg/unlabeled/image_03082.jpg,jpg/image_03082.jpg,unlabeled,1.0,0.768,0.852,0.304,0.095,0.085,0.0
dataset/jpg/unlabeled/image_03085.jpg,jpg/image_03085.jpg,unlabeled,1.0,1.212,0.614,0.236,0.06,0.0,0.0
dataset/jpg/unlabeled/image_03086.jpg,jpg/image_03086.jpg,unlabeled,1.0,1.155,0.793,0.319,0.034,0.051,0.0
dataset/jpg/unlabeled/image_03087.jpg,jpg/image_03087.jpg,unlabeled,1.0,1.079,0.867,0.373,0.076,0.017,0.0
dataset/jpg/unlabeled/image_03089.jpg,jpg/image_03089.jpg,unlabeled,1.0,1.097,0.709,0.301,0.066,0.073,0.0
dataset/jpg/unlabeled/image_03091.jpg,jpg/image_03091.jpg,unlabeled,1.0,1.051,0.624,0.276,0.036,0.0,0.0
dataset/jpg/unlabeled/image_03092.jpg,jpg/image_03092.jpg,unlabeled,1.0,1.232,0.731,0.276,0.076,0.084,0.0
dataset/jpg/unlabeled/image_03094.jpg,jpg/image_03094.jpg,unlabeled,1.0,1.411,0.854,0.281,0.174,0.107,0.0
dataset/jpg/unlabeled/image_03095.jpg,jpg/image_03095.jpg,unlabeled,1.0,0.768,0.974,0.348,0.094,0.032,0.0
dataset/jpg/unlabeled/image_03096.jpg,jpg/image_03096.jpg,unlabeled,1.0,0.868,0.793,0.32,0.034,0.052,0.0
dataset/jpg/unlabeled/image_03100.jpg,jpg/image_03100.jpg,unlabeled,1.0,0.779,0.896,0.324,0.103,0.015,0.0
dataset/jpg/unlabeled/image_03101.jpg,jpg/image_03101.jpg,unlabeled,1.0,1.205,0.739,0.285,0.022,0.008,0.0
dataset/jpg/unlabeled/image_03103.jpg,jpg/image_03103.jpg,unlabeled,1.0,0.989,0.675,0.31,0.056,0.063,0.002
dataset/jpg/unlabeled/image_03108.jpg,jpg/image_03108.jpg,unlabeled,1.0,0.771,0.684,0.245,0.097,0.041,0.0
dataset/jpg/unlabeled/image_03109.jpg,jpg/image_03109.jpg,unlabeled,1.0,0.958,0.654,0.291,0.076,0.0,0.002
dataset/jpg/unlabeled/image_03112.jpg,jpg/image_03112.jpg,unlabeled,1.0,0.975,0.757,0.343,0.032,0.0,0.0
dataset/jpg/unlabeled/image_03113.jpg,jpg/image_03113.jpg,unlabeled,1.0,1.157,0.619,0.249,0.116,0.078,0.0
dataset/jpg/unlabeled/image_03115.jpg,jpg/image_03115.jpg,unlabeled,1.0,0.74,0.863,0.297,0.105,0.0,0.0
dataset/jpg/unlabeled/image_03117.jpg,jpg/image_03117.jpg,unlabeled,1.0,0.848,0.798,0.314,0.031,0.032,0.0
dataset/jpg/unlabeled/image_03118.jpg,jpg/image_03118.jpg,unlabeled,1.0,0.7,0.765,0.249,0.13,0.118,0.0
dataset/jpg/unlabeled/image_03119.jpg,jpg/image_03119.jpg,unlabeled,1.0,0.793,0.818,0.302,0.033,0.077,0.0
dataset/jpg/unlabeled/image_03122.jpg,jpg/image_03122.jpg,unlabeled,1.0,1.011,0.863,0.397,0.041,0.054,0.0
dataset/jpg/unlabeled/image_03124.jpg,jpg/image_03124.jpg,unlabeled,1.0,1.329,0.706,0.247,0.016,0.094,0.0
dataset/jpg/unlabeled/image_03125.jpg,jpg/image_03125.jpg,unlabeled,1.0,1.0,0.83,0.386,0.114,0.027,0.0
dataset/jpg/unlabeled/image_03128.jpg,jpg/image_03128.jpg,unlabeled,1.0,1.158,0.797,0.32,0.018,0.083,0.0
dataset/jpg/unlabeled/image_03129.jpg,jpg/image_03129.jpg,unlabeled,1.0,0.826,0.827,0.318,0.017,0.01,0.0
dataset/jpg/unlabeled/image_03130.jpg,jpg/image_03130.jpg,unlabeled,1.0,0.88,0.96,0.393,0.047,0.089,0.0
dataset/jpg/unlabeled/image_03132.jpg,jpg/image_03132.jpg,unlabeled,1.0,1.158,0.782,0.314,0.03,0.087,0.0
dataset/jpg/unlabeled/image_03136.jpg,jpg/image_03136.jpg,unlabeled,1.0,1.129,0.838,0.345,0.113,0.101,0.0
dataset/jpg/unlabeled/image_03138.jpg,jpg/image_03138.jpg,unlabeled,1.0,1.0,0.753,0.35,0.137,0.039,0.0
dataset/jpg/unlabeled/image_03141.jpg,jpg/image_03141.jpg,unlabeled,1.0,0.976,0.622,0.282,0.043,0.0,0.0
dataset/jpg/unlabeled/image_03143.jpg,jpg/image_03143.jpg,unlabeled,1.0,1.149,0.892,0.361,0.177,0.083,0.0
dataset/jpg/unlabeled/image_03144.jpg,jpg/image_03144.jpg,unlabeled,1.0,0.765,0.716,0.255,0.035,0.03,0.0
dataset/jpg/unlabeled/image_03145.jpg,jpg/image_03145.jpg,unlabeled,1.0,0.868,0.808,0.326,0.098,0.098,0.0
dataset/jpg/unlabeled/image_03147.jpg,jpg/image_03147.jpg,unlabeled,1.0,1.046,0.757,0.337,0.102,0.024,0.0
dataset/jpg/unlabeled/image_03148.jpg,jpg/image_03148.jpg,unlabeled,1.0,0.798,0.68,0.252,0.061,0.018,0.0
dataset/jpg/unlabeled/image_03149.jpg,jpg/image_03149.jpg,unlabeled,1.0,1.062,0.651,0.285,0.031,0.047,0.0
dataset/jpg/unlabeled/image_03152.jpg,jpg/image_03152.jpg,unlabeled,1.0,0.7,0.74,0.241,0.076,0.058,0.0
dataset/jpg/unlabeled/image_03153.jpg,jpg/image_03153.jpg,unlabeled,1.0,1.032,0.887,0.399,0.176,0.0,0.0
dataset/jpg/unlabeled/image_03154.jpg,jpg/image_03154.jpg,unlabeled,1.0,1.232,0.765,0.289,0.023,0.06,0.0
dataset/jpg/unlabeled/image_03155.jpg,jpg/image_03155.jpg,unlabeled,1.0,1.045,0.792,0.352,0.093,0.071,0.001
dataset/jpg/unlabeled/image_03158.jpg,jpg/image_03158.jpg,unlabeled,1.0,0.802,0.846,0.315,0.072,0.056,0.0
dataset/jpg/unlabeled/image_03159.jpg,jpg/image_03159.jpg,unlabeled,1.0,0.833,0.796,0.308,0.045,0.079,0.0
dataset/jpg/unlabeled/image_03161.jpg,jpg/image_03161.jpg,unlabeled,1.0,0.909,0.802,0.339,0.059,0.098,0.0
dataset/jpg/unlabeled/image_03163.jpg,jpg/image_03163.jpg,unlabeled,1.0,1.099,0.949,0.401,0.063,0.063,0.0
dataset/jpg/unlabeled/image_03165.jpg,jpg/image_03165.jpg,unlabeled,1.0,1.009,0.901,0.415,0.073,0.027,0.0
dataset/jpg/unlabeled/image_03166.jpg,jpg/image_03166.jpg,unlabeled,1.0,0.843,0.89,0.348,0.051,0.095,0.0
dataset/jpg/unlabeled/image_03173.jpg,jpg/image_03173.jpg,unlabeled,1.0,1.12,0.857,0.356,0.016,0.054,0.0
dataset/jpg/unlabeled/image_03174.jpg,jpg/image_03174.jpg,unlabeled,1.0,0.909,0.805,0.34,0.056,0.048,0.0
dataset/jpg/unlabeled/image_03175.jpg,jpg/image_03175.jpg,unlabeled,1.0,0.942,0.59,0.258,0.069,0.027,0.005
dataset/jpg/unlabeled/image_03179.jpg,jpg/image_03179.jpg,unlabeled,1.0,0.925,0.823,0.354,0.036,0.013,0.0
dataset/jpg/unlabeled/image_03182.jpg,jpg/image_03182.jpg,unlabeled,1.0,0.924,0.895,0.384,0.007,0.0,0.0
dataset/jpg/unlabeled/image_03183.jpg,jpg/image_03183.jpg,unlabeled,1.0,0.986,0.921,0.422,0.091,0.027,0.0
dataset/jpg/unlabeled/image_03185.jpg,jpg/image_03185.jpg,unlabeled,1.0,1.012,0.917,0.421,0.019,0.0,0.0
dataset/jpg/unlabeled/image_03186.jpg,jpg/image_03186.jpg,unlabeled,1.0,0.831,1.005,0.388,0.156,0.088,0.0
dataset/jpg/unlabeled/image_03187.jpg,jpg/image_03187.jpg,unlabeled,1.0,1.036,0.929,0.417,0.036,0.0,0.0
dataset/jpg/unlabeled/image_03188.jpg,jpg/image_03188.jpg,unlabeled,1.0,1.019,0.705,0.322,0.061,0.0,0.0
dataset/jpg/unlabeled/image_03190.jpg,jpg/image_03190.jpg,unlabeled,1.0,1.128,0.974,0.401,0.046,0.0,0.0
dataset/jpg/unlabeled/image_03193.jpg,jpg/image_03193.jpg,unlabeled,1.0,1.025,0.86,0.39,0.051,0.0,0.0
dataset/jpg/unlabeled/image_03194.jpg,jpg/image_03194.jpg,unlabeled,1.0,1.151,0.783,0.316,0.021,0.073,0.0
dataset/jpg/unlabeled/image_03195.jpg,jpg/image_03195.jpg,unlabeled,1.0,1.113,1.025,0.428,0.076,0.028,0.0
dataset/jpg/unlabeled/image_03196.jpg,jpg/image_03196.jpg,unlabeled,1.0,0.934,0.876,0.38,0.086,0.0,0.0
dataset/jpg/unlabeled/image_03199.jpg,jpg/image_03199.jpg,unlabeled,1.0,1.013,0.96,0.44,0.026,0.0,0.0
dataset/jpg/unlabeled/image_03203.jpg,jpg/image_03203.jpg,unlabeled,1.0,1.306,0.922,0.328,0.011,0.0,0.0
dataset/jpg/unlabeled/image_03205.jpg,jpg/image_03205.jpg,unlabeled,1.0,1.236,0.825,0.31,0.089,0.106,0.0
dataset/jpg/unlabeled/image_03209.jpg,jpg/image_03209.jpg,unlabeled,1.0,0.942,0.982,0.43,0.16,0.049,0.0
dataset/jpg/unlabeled/image_03210.jpg,jpg/image_03210.jpg,unlabeled,1.0,0.929,0.967,0.417,0.067,0.0,0.0
dataset/jpg/unlabeled/image_03211.jpg,jpg/image_03211.jpg,unlabeled,1.0,0.803,0.771,0.288,0.051,0.0,0.0
dataset/jpg/unlabeled/image_03212.jpg,jpg/image_03212.jpg,unlabeled,1.0,0.911,0.994,0.421,0.101,0.0,0.0
dataset/jpg/unlabeled/image_03215.jpg,jpg/image_03215.jpg,unlabeled,1.0,1.196,0.939,0.365,0.033,0.0,0.0
dataset/jpg/unlabeled/image_03216.jpg,jpg/image_03216.jpg,unlabeled,1.0,1.103,0.866,0.365,0.142,0.0,0.0
dataset/jpg/unlabeled/image_03217.jpg,jpg/image_03217.jpg,unlabeled,1.0,1.067,0.991,0.432,0.064,0.0,0.0
dataset/jpg/unlabeled/image_03218.jpg,jpg/image_03218.jpg,unlabeled,1.0,1.069,0.788,0.343,0.136,0.0,0.0
dataset/jpg/unlabeled/image_03219.jpg,jpg/image_03219.jpg,unlabeled,1.0,1.105,0.861,0.362,0.056,0.001,0.0
dataset/jpg/unlabeled/image_03222.jpg,jpg/image_03222.jpg,unlabeled,1.0,1.0,0.672,0.312,0.029,0.029,0.0
dataset/jpg/unlabeled/image_03223.jpg,jpg/image_03223.jpg,unlabeled,1.0,1.297,0.781,0.28,0.076,0.027,0.0
dataset/jpg/unlabeled/image_03226.jpg,jpg/image_03226.jpg,unlabeled,1.0,1.172,0.761,0.302,0.138,0.024,0.0
dataset/jpg/unlabeled/image_03227.jpg,jpg/image_03227.jpg,unlabeled,1.0,0.947,0.851,0.375,0.114,0.0,0.0
dataset/jpg/unlabeled/image_03228.jpg,jpg/image_03228.jpg,unlabeled,1.0,1.125,0.983,0.406,0.082,0.0,0.0
dataset/jpg/unlabeled/image_03229.jpg,jpg/image_03229.jpg,unlabeled,1.0,1.016,0.882,0.403,0.117,0.0,0.0
dataset/jpg/unlabeled/image_03230.jpg,jpg/image_03230.jpg,unlabeled,1.0,0.986,0.787,0.361,0.043,0.0,0.0
dataset/jpg/unlabeled/image_03231.jpg,jpg/image_03231.jpg,unlabeled,1.0,1.449,0.72,0.231,0.014,0.0,0.0
dataset/jpg/unlabeled/image_03246.jpg,jpg/image_03246.jpg,unlabeled,1.0,0.893,0.776,0.322,0.039,0.025,0.0
dataset/jpg/unlabeled/image_03249.jpg,jpg/image_03249.jpg,unlabeled,1.0,1.368,0.807,0.274,0.177,0.112,0.0
dataset/jpg/unlabeled/image_03255.jpg,jpg/image_03255.jpg,unlabeled,1.0,1.167,0.908,0.362,0.033,0.0,0.0
dataset/jpg/unlabeled/image_03262.jpg,jpg/image_03262.jpg,unlabeled,1.0,0.812,0.846,0.319,0.095,0.035,0.0
dataset/jpg/unlabeled/image_03265.jpg,jpg/image_03265.jpg,unlabeled,1.0,1.067,0.917,0.399,0.118,0.0,0.0
dataset/jpg/unlabeled/image_03266.jpg,jpg/image_03266.jpg,unlabeled,1.0,1.0,0.948,0.441,0.035,0.0,0.0
dataset/jpg/unlabeled/image_03268.jpg,jpg/image_03268.jpg,unlabeled,1.0,0.971,0.819,0.37,0.03,0.0,0.0
dataset/jpg/unlabeled/image_03269.jpg,jpg/image_03269.jpg,unlabeled,1.0,0.926,0.991,0.426,0.004,0.0,0.0
dataset/jpg/unlabeled/image_03270.jpg,jpg/image_03270.jpg,unlabeled,1.0,1.049,1.044,0.463,0.032,0.0,0.0
dataset/jpg/unlabeled/image_03273.jpg,jpg/image_03273.jpg,unlabeled,1.0,1.066,0.905,0.395,0.018,0.0,0.0
dataset/jpg/unlabeled/image_03274.jpg,jpg/image_03274.jpg,unlabeled,1.0,0.946,0.785,0.345,0.016,0.0,0.0
dataset/jpg/unlabeled/image_03275.jpg,jpg/image_03275.jpg,unlabeled,1.0,0.971,0.938,0.423,0.037,0.0,0.0
dataset/jpg/unlabeled/image_03276.jpg,jpg/image_03276.jpg,unlabeled,1.0,1.279,0.844,0.307,0.05,0.0,0.0
dataset/jpg/unlabeled/image_03277.jpg,jpg/image_03277.jpg,unlabeled,1.0,0.933,0.953,0.413,0.037,0.0,0.0
dataset/jpg/unlabeled/image_03278.jpg,jpg/image_03278.jpg,unlabeled,1.0,1.17,0.826,0.328,0.06,0.11,0.0
dataset/jpg/unlabeled/image_03279.jpg,jpg/image_03279.jpg,unlabeled,1.0,0.988,0.987,0.453,0.125,0.0,0.0
dataset/jpg/unlabeled/image_03280.jpg,jpg/image_03280.jpg,unlabeled,1.0,1.13,0.938,0.386,0.085,0.0,0.0
dataset/jpg/unlabeled/image_03283.jpg,jpg/image_03283.jpg,unlabeled,1.0,1.065,0.888,0.388,0.13,0.044,0.0
dataset/jpg/unlabeled/image_03290.jpg,jpg/image_03290.jpg,unlabeled,1.0,0.806,0.651,0.244,0.105,0.0,0.0
dataset/jpg/unlabeled/image_03292.jpg,jpg/image_03292.jpg,unlabeled,1.0,0.824,0.639,0.245,0.138,0.0,0.0
dataset/jpg/unlabeled/image_03296.jpg,jpg/image_03296.jpg,unlabeled,1.0,1.263,0.787,0.29,0.14,0.0,0.0
dataset/jpg/unlabeled/image_03300.jpg,jpg/image_03300.jpg,unlabeled,1.0,0.854,0.631,0.25,0.1,0.065,0.0
dataset/jpg/unlabeled/image_03320.jpg,jpg/image_03320.jpg,unlabeled,1.0,1.035,0.676,0.303,0.091,0.0,0.0
dataset/jpg/unlabeled/image_03323.jpg,jpg/image_03323.jpg,unlabeled,1.0,0.862,0.617,0.248,0.097,0.0,0.0
dataset/jpg/unlabeled/image_03325.jpg,jpg/image_03325.jpg,unlabeled,1.0,1.129,0.588,0.242,0.078,0.062,0.0
dataset/jpg/unlabeled/image_03331.jpg,jpg/image_03331.jpg,unlabeled,1.0,1.183,0.584,0.229,0.152,0.113,0.0
dataset/jpg/unlabeled/image_03334.jpg,jpg/image_03334.jpg,unlabeled,1.0,0.924,0.703,0.302,0.164,0.003,0.0
dataset/jpg/unlabeled/image_03348.jpg,jpg/image_03348.jpg,unlabeled,1.0,1.284,0.687,0.249,0.038,0.043,0.002
dataset/jpg/unlabeled/image_03355.jpg,jpg/image_03355.jpg,unlabeled,1.0,0.859,0.648,0.259,0.139,0.0,0.0
dataset/jpg/unlabeled/image_03356.jpg,jpg/image_03356.jpg,unlabeled,1.0,1.222,0.606,0.231,0.146,0.0,0.002
dataset/jpg/unlabeled/image_03368.jpg,jpg/image_03368.jpg,unlabeled,1.0,1.244,0.579,0.216,0.13,0.088,0.0
dataset/jpg/unlabeled/image_03370.jpg,jpg/image_03370.jpg,unlabeled,1.0,1.17,0.914,0.363,0.099,0.006,0.0
dataset/jpg/unlabeled/image_03371.jpg,jpg/image_03371.jpg,unlabeled,1.0,0.912,0.738,0.313,0.143,0.079,0.0
dataset/jpg/unlabeled/image_03372.jpg,jpg/image_03372.jpg,unlabeled,1.0,0.982,0.714,0.326,0.049,0.005,0.0
dataset/jpg/unlabeled/image_03374.jpg,jpg/image_03374.jpg,unlabeled,1.0,0.843,0.854,0.335,0.108,0.062,0.0
dataset/jpg/unlabeled/image_03376.jpg,jpg/image_03376.jpg,unlabeled,1.0,0.899,0.967,0.404,0.063,0.076,0.0
dataset/jpg/unlabeled/image_03377.jpg,jpg/image_03377.jpg,unlabeled,1.0,1.397,0.858,0.285,0.072,0.116,0.0
dataset/jpg/unlabeled/image_03379.jpg,jpg/image_03379.jpg,unlabeled,1.0,0.93,0.824,0.356,0.068,0.0,0.0
dataset/jpg/unlabeled/image_03382.jpg,jpg/image_03382.jpg,unlabeled,1.0,0.8,0.897,0.334,0.033,0.0,0.0
dataset/jpg/unlabeled/image_03384.jpg,jpg/image_03384.jpg,unlabeled,1.0,0.743,0.895,0.309,0.069,0.086,0.0
dataset/jpg/unlabeled/image_03385.jpg,jpg/image_03385.jpg,unlabeled,1.0,0.818,0.961,0.365,0.055,0.006,0.0
dataset/jpg/unlabeled/image_03387.jpg,jpg/image_03387.jpg,unlabeled,1.0,1.135,0.967,0.396,0.041,0.024,0.0
dataset/jpg/unlabeled/image_03388.jpg,jpg/image_03388.jpg,unlabeled,1.0,0.872,0.998,0.404,0.06,0.0,0.0
dataset/jpg/unlabeled/image_03389.jpg,jpg/image_03389.jpg,unlabeled,1.0,0.776,0.943,0.34,0.13,0.012,0.0
dataset/jpg/unlabeled/image_03390.jpg,jpg/image_03390.jpg,unlabeled,1.0,0.783,0.834,0.304,0.114,0.0,0.0
dataset/jpg/unlabeled/image_03394.jpg,jpg/image_03394.jpg,unlabeled,1.0,0.912,0.944,0.4,0.084,0.0,0.0
dataset/jpg/unlabeled/image_03395.jpg,jpg/image_03395.jpg,unlabeled,1.0,0.857,0.918,0.366,0.125,0.077,0.0
dataset/jpg/unlabeled/image_03397.jpg,jpg/image_03397.jpg,unlabeled,1.0,0.832,0.964,0.373,0.045,0.018,0.0
dataset/jpg/unlabeled/image_03401.jpg,jpg/image_03401.jpg,unlabeled,1.0,1.03,0.636,0.287,0.103,0.074,0.0
dataset/jpg/unlabeled/image_03402.jpg,jpg/image_03402.jpg,unlabeled,1.0,1.067,0.841,0.366,0.129,0.0,0.0
dataset/jpg/unlabeled/image_03403.jpg,jpg/image_03403.jpg,unlabeled,1.0,0.927,0.937,0.404,0.109,0.033,0.0
dataset/jpg/unlabeled/image_03404.jpg,jpg/image_03404.jpg,unlabeled,1.0,0.836,0.838,0.325,0.091,0.0,0.0
dataset/jpg/unlabeled/image_03407.jpg,jpg/image_03407.jpg,unlabeled,1.0,0.87,1.012,0.409,0.067,0.052,0.0
dataset/jpg/unlabeled/image_03410.jpg,jpg/image_03410.jpg,unlabeled,1.0,1.12,0.58,0.241,0.108,0.07,0.0
dataset/jpg/unlabeled/image_03411.jpg,jpg/image_03411.jpg,unlabeled,1.0,1.051,1.084,0.48,0.032,0.0,0.0
dataset/jpg/unlabeled/image_03412.jpg,jpg/image_03412.jpg,unlabeled,1.0,0.759,0.945,0.333,0.085,0.024,0.0
dataset/jpg/unlabeled/image_03413.jpg,jpg/image_03413.jpg,unlabeled,1.0,0.809,0.851,0.32,0.115,0.0,0.0
dataset/jpg/unlabeled/image_03415.jpg,jpg/image_03415.jpg,unlabeled,1.0,0.966,0.957,0.43,0.12,0.0,0.0
dataset/jpg/unlabeled/image_03416.jpg,jpg/image_03416.jpg,unlabeled,1.0,1.11,0.91,0.381,0.047,0.015,0.0
dataset/jpg/unlabeled/image_03419.jpg,jpg/image_03419.jpg,unlabeled,1.0,1.01,0.947,0.436,0.084,0.0,0.0
dataset/jpg/unlabeled/image_03422.jpg,jpg/image_03422.jpg,unlabeled,1.0,0.952,0.891,0.394,0.026,0.0,0.0
dataset/jpg/unlabeled/image_03424.jpg,jpg/image_03424.jpg,unlabeled,1.0,1.036,0.966,0.433,0.161,0.006,0.0
dataset/jpg/unlabeled/image_03425.jpg,jpg/image_03425.jpg,unlabeled,1.0,0.713,0.941,0.312,0.086,0.005,0.0
dataset/jpg/unlabeled/image_03426.jpg,jpg/image_03426.jpg,unlabeled,1.0,0.819,1.057,0.402,0.094,0.0,0.0
dataset/jpg/unlabeled/image_03427.jpg,jpg/image_03427.jpg,unlabeled,1.0,0.95,0.878,0.388,0.017,0.0,0.0
dataset/jpg/unlabeled/image_03428.jpg,jpg/image_03428.jpg,unlabeled,1.0,0.782,1.022,0.371,0.162,0.009,0.0
dataset/jpg/unlabeled/image_03430.jpg,jpg/image_03430.jpg,unlabeled,1.0,0.845,0.982,0.386,0.042,0.047,0.0
dataset/jpg/unlabeled/image_03432.jpg,jpg/image_03432.jpg,unlabeled,1.0,0.917,1.027,0.438,0.019,0.005,0.0
dataset/jpg/unlabeled/image_03433.jpg,jpg/image_03433.jpg,unlabeled,1.0,0.96,1.024,0.457,0.009,0.044,0.0
dataset/jpg/unlabeled/image_03434.jpg,jpg/image_03434.jpg,unlabeled,1.0,0.832,0.947,0.366,0.042,0.049,0.0
dataset/jpg/unlabeled/image_03435.jpg,jpg/image_03435.jpg,unlabeled,1.0,0.855,0.96,0.381,0.045,0.017,0.0
dataset/jpg/unlabeled/image_03437.jpg,jpg/image_03437.jpg,unlabeled,1.0,1.0,1.037,0.482,0.045,0.0,0.0
dataset/jpg/unlabeled/image_03438.jpg,jpg/image_03438.jpg,unlabeled,1.0,0.848,0.879,0.346,0.026,0.0,0.0
dataset/jpg/unlabeled/image_03440.jpg,jpg/image_03440.jpg,unlabeled,1.0,0.875,0.927,0.377,0.023,0.0,0.0
dataset/jpg/unlabeled/image_03441.jpg,jpg/image_03441.jpg,unlabeled,1.0,1.088,0.822,0.351,0.056,0.077,0.0
dataset/jpg/unlabeled/image_03442.jpg,jpg/image_03442.jpg,unlabeled,1.0,0.888,1.003,0.414,0.047,0.019,0.0
dataset/jpg/unlabeled/image_03443.jpg,jpg/image_03443.jpg,unlabeled,1.0,0.765,1.009,0.359,0.055,0.0,0.0
dataset/jpg/unlabeled/image_03444.jpg,jpg/image_03444.jpg,unlabeled,1.0,0.732,0.982,0.334,0.035,0.0,0.0
dataset/jpg/unlabeled/image_03446.jpg,jpg/image_03446.jpg,unlabeled,1.0,0.758,0.93,0.328,0.178,0.08,0.0
dataset/jpg/unlabeled/image_03447.jpg,jpg/image_03447.jpg,unlabeled,1.0,0.766,0.928,0.33,0.078,0.0,0.005
dataset/jpg/unlabeled/image_03448.jpg,jpg/image_03448.jpg,unlabeled,1.0,0.913,0.993,0.422,0.018,0.008,0.0
dataset/jpg/unlabeled/image_03449.jpg,jpg/image_03449.jpg,unlabeled,1.0,1.064,0.856,0.374,0.049,0.053,0.0
dataset/jpg/unlabeled/image_03450.jpg,jpg/image_03450.jpg,unlabeled,1.0,0.829,0.963,0.371,0.083,0.0,0.0
dataset/jpg/unlabeled/image_03451.jpg,jpg/image_03451.jpg,unlabeled,1.0,1.0,0.824,0.383,0.029,0.018,0.006
dataset/jpg/unlabeled/image_03452.jpg,jpg/image_03452.jpg,unlabeled,1.0,1.118,0.762,0.317,0.162,0.059,0.0
dataset/jpg/unlabeled/image_03454.jpg,jpg/image_03454.jpg,unlabeled,1.0,0.831,1.045,0.404,0.094,0.0,0.0
dataset/jpg/unlabeled/image_03455.jpg,jpg/image_03455.jpg,unlabeled,1.0,1.189,0.689,0.269,0.074,0.082,0.0
dataset/jpg/unlabeled/image_03461.jpg,jpg/image_03461.jpg,unlabeled,1.0,1.157,0.829,0.333,0.169,0.012,0.0
dataset/jpg/unlabeled/image_03462.jpg,jpg/image_03462.jpg,unlabeled,0.834,1.093,0.624,0.265,0.082,0.083,0.046
dataset/jpg/unlabeled/image_03464.jpg,jpg/image_03464.jpg,unlabeled,1.0,1.154,0.982,0.395,0.045,0.043,0.0
dataset/jpg/unlabeled/image_03465.jpg,jpg/image_03465.jpg,unlabeled,1.0,0.922,1.093,0.468,0.023,0.074,0.0
dataset/jpg/unlabeled/image_03466.jpg,jpg/image_03466.jpg,unlabeled,1.0,1.157,0.964,0.387,0.043,0.099,0.0
dataset/jpg/unlabeled/image_03469.jpg,jpg/image_03469.jpg,unlabeled,1.0,1.158,0.935,0.375,0.083,0.094,0.0
dataset/jpg/unlabeled/image_03478.jpg,jpg/image_03478.jpg,unlabeled,1.0,1.145,0.74,0.3,0.106,0.004,0.0
dataset/jpg/unlabeled/image_03481.jpg,jpg/image_03481.jpg,unlabeled,1.0,0.828,0.878,0.338,0.087,0.0,0.0
dataset/jpg/unlabeled/image_03489.jpg,jpg/image_03489.jpg,unlabeled,1.0,0.978,0.959,0.436,0.078,0.04,0.0
dataset/jpg/unlabeled/image_03492.jpg,jpg/image_03492.jpg,unlabeled,1.0,1.033,0.78,0.351,0.103,0.035,0.0
dataset/jpg/unlabeled/image_03494.jpg,jpg/image_03494.jpg,unlabeled,1.0,1.168,1.029,0.409,0.083,0.106,0.0
dataset/jpg/unlabeled/image_03495.jpg,jpg/image_03495.jpg,unlabeled,1.0,0.977,1.033,0.469,0.032,0.058,0.0
dataset/jpg/unlabeled/image_03496.jpg,jpg/image_03496.jpg,unlabeled,1.0,1.017,0.911,0.416,0.178,0.0,0.0
dataset/jpg/unlabeled/image_03501.jpg,jpg/image_03501.jpg,unlabeled,1.0,0.98,0.733,0.334,0.134,0.031,0.0
dataset/jpg/unlabeled/image_03511.jpg,jpg/image_03511.jpg,unlabeled,1.0,1.015,0.907,0.415,0.055,0.0,0.0
dataset/jpg/unlabeled/image_03519.jpg,jpg/image_03519.jpg,unlabeled,1.0,0.73,0.8,0.272,0.158,0.0,0.0
dataset/jpg/unlabeled/image_03525.jpg,jpg/image_03525.jpg,unlabeled,1.0,0.831,0.827,0.319,0.027,0.105,0.0
dataset/jpg/unlabeled/image_03526.jpg,jpg/image_03526.jpg,unlabeled,1.0,0.818,0.815,0.31,0.091,0.102,0.0
dataset/jpg/unlabeled/image_03532.jpg,jpg/image_03532.jpg,unlabeled,1.0,1.117,0.964,0.401,0.106,0.001,0.0
dataset/jpg/unlabeled/image_03545.jpg,jpg/image_03545.jpg,unlabeled,1.0,1.0,0.666,0.31,0.161,0.001,0.0
dataset/jpg/unlabeled/image_03546.jpg,jpg/image_03546.jpg,unlabeled,1.0,0.962,0.867,0.388,0.069,0.0,0.0
dataset/jpg/unlabeled/image_03548.jpg,jpg/image_03548.jpg,unlabeled,1.0,1.204,0.855,0.33,0.049,0.101,0.0
dataset/jpg/unlabeled/image_03551.jpg,jpg/image_03551.jpg,unlabeled,1.0,1.163,0.872,0.348,0.028,0.101,0.0
dataset/jpg/unlabeled/image_03554.jpg,jpg/image_03554.jpg,unlabeled,1.0,1.103,0.898,0.379,0.015,0.0,0.0
dataset/jpg/unlabeled/image_03555.jpg,jpg/image_03555.jpg,unlabeled,1.0,1.031,0.822,0.37,0.086,0.05,0.0
dataset/jpg/unlabeled/image_03556.jpg,jpg/image_03556.jpg,unlabeled,1.0,1.191,0.906,0.354,0.077,0.099,0.0
dataset/jpg/unlabeled/image_03567.jpg,jpg/image_03567.jpg,unlabeled,1.0,1.136,0.794,0.325,0.111,0.075,0.001
dataset/jpg/unlabeled/image_03568.jpg,jpg/image_03568.jpg,unlabeled,1.0,1.085,0.635,0.272,0.082,0.091,0.005
dataset/jpg/unlabeled/image_03570.jpg,jpg/image_03570.jpg,unlabeled,1.0,1.198,0.837,0.325,0.064,0.072,0.0
dataset/jpg/unlabeled/image_03573.jpg,jpg/image_03573.jpg,unlabeled,1.0,1.189,0.819,0.32,0.011,0.103,0.0
dataset/jpg/unlabeled/image_03578.jpg,jpg/image_03578.jpg,unlabeled,1.0,0.927,0.843,0.363,0.126,0.0,0.0
dataset/jpg/unlabeled/image_03580.jpg,jpg/image_03580.jpg,unlabeled,1.0,1.095,0.718,0.305,0.076,0.116,0.0
dataset/jpg/unlabeled/image_03581.jpg,jpg/image_03581.jpg,unlabeled,1.0,1.01,0.735,0.339,0.076,0.0,0.0
dataset/jpg/unlabeled/image_03584.jpg,jpg/image_03584.jpg,unlabeled,1.0,1.043,0.879,0.392,0.079,0.067,0.0
dataset/jpg/unlabeled/image_03588.jpg,jpg/image_03588.jpg,unlabeled,1.0,1.231,0.725,0.274,0.019,0.11,0.0
dataset/jpg/unlabeled/image_03590.jpg,jpg/image_03590.jpg,unlabeled,1.0,0.988,0.864,0.397,0.047,0.0,0.0
dataset/jpg/unlabeled/image_03592.jpg,jpg/image_03592.jpg,unlabeled,1.0,1.202,0.826,0.319,0.071,0.055,0.0
dataset/jpg/unlabeled/image_03594.jpg,jpg/image_03594.jpg,unlabeled,1.0,1.101,1.003,0.423,0.081,0.038,0.0
dataset/jpg/unlabeled/image_03600.jpg,jpg/image_03600.jpg,unlabeled,1.0,1.196,0.704,0.274,0.068,0.101,0.0
dataset/jpg/unlabeled/image_03601.jpg,jpg/image_03601.jpg,unlabeled,1.0,1.033,0.844,0.38,0.086,0.013,0.0
dataset/jpg/unlabeled/image_03606.jpg,jpg/image_03606.jpg,unlabeled,1.0,1.047,0.912,0.405,0.176,0.084,0.0
dataset/jpg/unlabeled/image_03611.jpg,jpg/image_03611.jpg,unlabeled,1.0,1.196,0.792,0.308,0.024,0.116,0.0
dataset/jpg/unlabeled/image_03612.jpg,jpg/image_03612.jpg,unlabeled,1.0,1.094,0.552,0.235,0.013,0.062,0.0
dataset/jpg/unlabeled/image_03614.jpg,jpg/image_03614.jpg,unlabeled,1.0,1.19,0.804,0.314,0.168,0.105,0.0
dataset/jpg/unlabeled/image_03617.jpg,jpg/image_03617.jpg,unlabeled,1.0,1.212,0.902,0.346,0.133,0.11,0.0
dataset/jpg/unlabeled/image_03619.jpg,jpg/image_03619.jpg,unlabeled,1.0,1.421,0.844,0.276,0.167,0.106,0.0
dataset/jpg/unlabeled/image_03623.jpg,jpg/image_03623.jpg,unlabeled,1.0,1.44,0.741,0.239,0.037,0.12,0.0
dataset/jpg/unlabeled/image_03626.jpg,jpg/image_03626.jpg,unlabeled,1.0,0.781,0.862,0.313,0.086,0.053,0.014
dataset/jpg/unlabeled/image_03627.jpg,jpg/image_03627.jpg,unlabeled,1.0,1.131,0.815,0.335,0.045,0.071,0.0
dataset/jpg/unlabeled/image_03629.jpg,jpg/image_03629.jpg,unlabeled,1.0,1.299,0.801,0.287,0.028,0.11,0.0
dataset/jpg/unlabeled/image_03633.jpg,jpg/image_03633.jpg,unlabeled,1.0,1.026,0.897,0.406,0.072,0.0,0.0
dataset/jpg/unlabeled/image_03643.jpg,jpg/image_03643.jpg,unlabeled,1.0,1.262,0.912,0.336,0.11,0.075,0.0
dataset/jpg/unlabeled/image_03644.jpg,jpg/image_03644.jpg,unlabeled,1.0,1.261,0.809,0.298,0.102,0.117,0.0
dataset/jpg/unlabeled/image_03645.jpg,jpg/image_03645.jpg,unlabeled,1.0,0.724,0.966,0.325,0.036,0.105,0.0
dataset/jpg/unlabeled/image_03646.jpg,jpg/image_03646.jpg,unlabeled,1.0,1.135,0.89,0.364,0.05,0.102,0.0
dataset/jpg/unlabeled/image_03647.jpg,jpg/image_03647.jpg,unlabeled,1.0,1.136,0.845,0.346,0.062,0.057,0.0
dataset/jpg/unlabeled/image_03650.jpg,jpg/image_03650.jpg,unlabeled,1.0,1.024,0.854,0.388,0.056,0.038,0.0
dataset/jpg/unlabeled/image_03651.jpg,jpg/image_03651.jpg,unlabeled,1.0,1.315,0.858,0.303,0.011,0.078,0.0
dataset/jpg/unlabeled/image_03652.jpg,jpg/image_03652.jpg,unlabeled,1.0,1.15,0.782,0.316,0.038,0.081,0.0
dataset/jpg/unlabeled/image_03655.jpg,jpg/image_03655.jpg,unlabeled,1.0,1.037,0.909,0.407,0.041,0.023,0.0
dataset/jpg/unlabeled/image_03658.jpg,jpg/image_03658.jpg,unlabeled,1.0,1.153,0.957,0.386,0.159,0.114,0.001
dataset/jpg/unlabeled/image_03660.jpg,jpg/image_03660.jpg,unlabeled,1.0,1.22,0.775,0.295,0.049,0.11,0.002
dataset/jpg/unlabeled/image_03661.jpg,jpg/image_03661.jpg,unlabeled,1.0,1.026,0.746,0.338,0.113,0.053,0.0
dataset/jpg/unlabeled/image_03662.jpg,jpg/image_03662.jpg,unlabeled,1.0,0.937,0.797,0.347,0.042,0.0,0.0
dataset/jpg/unlabeled/image_03663.jpg,jpg/image_03663.jpg,unlabeled,1.0,1.054,0.848,0.374,0.011,0.0,0.0
dataset/jpg/unlabeled/image_03666.jpg,jpg/image_03666.jpg,unlabeled,1.0,1.118,0.854,0.355,0.122,0.094,0.0
dataset/jpg/unlabeled/image_03667.jpg,jpg/image_03667.jpg,unlabeled,1.0,0.99,0.885,0.407,0.059,0.057,0.0
dataset/jpg/unlabeled/image_03668.jpg,jpg/image_03668.jpg,unlabeled,1.0,1.09,0.831,0.355,0.046,0.06,0.0
dataset/jpg/unlabeled/image_03670.jpg,jpg/image_03670.jpg,unlabeled,1.0,1.104,0.951,0.4,0.035,0.094,0.0
dataset/jpg/unlabeled/image_03672.jpg,jpg/image_03672.jpg,unlabeled,1.0,1.084,0.973,0.417,0.02,0.073,0.0
dataset/jpg/unlabeled/image_03675.jpg,jpg/image_03675.jpg,unlabeled,1.0,0.792,0.784,0.288,0.029,0.079,0.0
dataset/jpg/unlabeled/image_03676.jpg,jpg/image_03676.jpg,unlabeled,1.0,1.403,0.875,0.29,0.087,0.081,0.0
dataset/jpg/unlabeled/image_03677.jpg,jpg/image_03677.jpg,unlabeled,1.0,1.064,0.878,0.384,0.077,0.043,0.0
dataset/jpg/unlabeled/image_03678.jpg,jpg/image_03678.jpg,unlabeled,1.0,1.146,0.917,0.372,0.01,0.083,0.0
dataset/jpg/unlabeled/image_03680.jpg,jpg/image_03680.jpg,unlabeled,1.0,1.233,0.876,0.33,0.04,0.099,0.0
dataset/jpg/unlabeled/image_03684.jpg,jpg/image_03684.jpg,unlabeled,1.0,1.146,0.871,0.353,0.006,0.083,0.0
dataset/jpg/unlabeled/image_03685.jpg,jpg/image_03685.jpg,unlabeled,1.0,1.38,0.71,0.239,0.004,0.086,0.0
dataset/jpg/unlabeled/image_03686.jpg,jpg/image_03686.jpg,unlabeled,1.0,1.074,0.888,0.384,0.032,0.061,0.0
dataset/jpg/unlabeled/image_03688.jpg,jpg/image_03688.jpg,unlabeled,1.0,1.189,0.993,0.388,0.021,0.104,0.0
dataset/jpg/unlabeled/image_03689.jpg,jpg/image_03689.jpg,unlabeled,1.0,0.9,0.902,0.377,0.027,0.067,0.0
dataset/jpg/unlabeled/image_03690.jpg,jpg/image_03690.jpg,unlabeled,1.0,0.895,0.97,0.404,0.02,0.082,0.0
dataset/jpg/unlabeled/image_03693.jpg,jpg/image_03693.jpg,unlabeled,1.0,0.824,0.819,0.313,0.021,0.112,0.0
dataset/jpg/unlabeled/image_03697.jpg,jpg/image_03697.jpg,unlabeled,1.0,1.424,0.739,0.241,0.122,0.031,0.0
dataset/jpg/unlabeled/image_03698.jpg,jpg/image_03698.jpg,unlabeled,1.0,1.349,0.773,0.266,0.027,0.117,0.0
dataset/jpg/unlabeled/image_03700.jpg,jpg/image_03700.jpg,unlabeled,1.0,0.955,0.879,0.39,0.035,0.014,0.0
dataset/jpg/unlabeled/image_03705.jpg,jpg/image_03705.jpg,unlabeled,1.0,1.235,0.764,0.287,0.07,0.077,0.0
dataset/jpg/unlabeled/image_03707.jpg,jpg/image_03707.jpg,unlabeled,1.0,1.032,1.128,0.508,0.019,0.049,0.0
dataset/jpg/unlabeled/image_03709.jpg,jpg/image_03709.jpg,unlabeled,1.0,0.854,1.018,0.404,0.073,0.026,0.0
dataset/jpg/unlabeled/image_03712.jpg,jpg/image_03712.jpg,unlabeled,1.0,0.922,0.667,0.286,0.014,0.0,0.0
dataset/jpg/unlabeled/image_03713.jpg,jpg/image_03713.jpg,unlabeled,1.0,1.118,0.984,0.409,0.027,0.075,0.0
dataset/jpg/unlabeled/image_03715.jpg,jpg/image_03715.jpg,unlabeled,1.0,1.075,0.95,0.411,0.012,0.041,0.0
dataset/jpg/unlabeled/image_03717.jpg,jpg/image_03717.jpg,unlabeled,1.0,1.062,1.096,0.479,0.041,0.054,0.0
dataset/jpg/unlabeled/image_03725.jpg,jpg/image_03725.jpg,unlabeled,1.0,0.723,0.794,0.267,0.103,0.007,0.0
dataset/jpg/unlabeled/image_03727.jpg,jpg/image_03727.jpg,unlabeled,1.0,1.151,0.901,0.364,0.08,0.09,0.0
dataset/jpg/unlabeled/image_03728.jpg,jpg/image_03728.jpg,unlabeled,1.0,1.275,0.76,0.277,0.129,0.0,0.0
dataset/jpg/unlabeled/image_03733.jpg,jpg/image_03733.jpg,unlabeled,1.0,1.237,0.865,0.325,0.019,0.101,0.0
dataset/jpg/unlabeled/image_03734.jpg,jpg/image_03734.jpg,unlabeled,1.0,1.011,0.741,0.34,0.095,0.0,0.0
dataset/jpg/unlabeled/image_03738.jpg,jpg/image_03738.jpg,unlabeled,1.0,1.069,0.652,0.283,0.133,0.018,0.0
dataset/jpg/unlabeled/image_03740.jpg,jpg/image_03740.jpg,unlabeled,1.0,0.971,0.562,0.254,0.168,0.082,0.005
dataset/jpg/unlabeled/image_03743.jpg,jpg/image_03743.jpg,unlabeled,1.0,0.92,0.692,0.296,0.094,0.048,0.0
dataset/jpg/unlabeled/image_03748.jpg,jpg/image_03748.jpg,unlabeled,1.0,1.403,0.607,0.201,0.064,0.067,0.0
dataset/jpg/unlabeled/image_03750.jpg,jpg/image_03750.jpg,unlabeled,1.0,0.788,0.567,0.208,0.077,0.055,0.0
dataset/jpg/unlabeled/image_03762.jpg,jpg/image_03762.jpg,unlabeled,1.0,0.861,0.662,0.265,0.066,0.058,0.0
dataset/jpg/unlabeled/image_03764.jpg,jpg/image_03764.jpg,unlabeled,1.0,0.898,0.591,0.247,0.128,0.061,0.002
dataset/jpg/unlabeled/image_03767.jpg,jpg/image_03767.jpg,unlabeled,1.0,0.974,0.67,0.303,0.078,0.042,0.0
dataset/jpg/unlabeled/image_03772.jpg,jpg/image_03772.jpg,unlabeled,1.0,0.885,0.723,0.297,0.026,0.043,0.0
dataset/jpg/unlabeled/image_03786.jpg,jpg/image_03786.jpg,unlabeled,1.0,0.884,0.588,0.241,0.139,0.05,0.0
dataset/jpg/unlabeled/image_03791.jpg,jpg/image_03791.jpg,unlabeled,1.0,0.765,0.657,0.234,0.032,0.0,0.0
dataset/jpg/unlabeled/image_03800.jpg,jpg/image_03800.jpg,unlabeled,1.0,0.947,0.562,0.248,0.174,0.061,0.0
dataset/jpg/unlabeled/image_03801.jpg,jpg/image_03801.jpg,unlabeled,1.0,1.172,0.593,0.235,0.119,0.062,0.0
dataset/jpg/unlabeled/image_03803.jpg,jpg/image_03803.jpg,unlabeled,164.0,1.133,0.819,0.336,0.16,0.0,0.0
dataset/jpg/unlabeled/image_03804.jpg,jpg/image_03804.jpg,unlabeled,1.0,0.952,0.761,0.337,0.092,0.0,0.0
dataset/jpg/unlabeled/image_03805.jpg,jpg/image_03805.jpg,unlabeled,1.0,1.118,0.577,0.24,0.061,0.061,0.0
dataset/jpg/unlabeled/image_03806.jpg,jpg/image_03806.jpg,unlabeled,1.0,0.77,0.71,0.254,0.006,0.017,0.0
dataset/jpg/unlabeled/image_03807.jpg,jpg/image_03807.jpg,unlabeled,1.0,1.083,0.782,0.336,0.056,0.089,0.0
dataset/jpg/unlabeled/image_03808.jpg,jpg/image_03808.jpg,unlabeled,1.0,1.054,0.853,0.376,0.028,0.028,0.0
dataset/jpg/unlabeled/image_03818.jpg,jpg/image_03818.jpg,unlabeled,1.0,1.209,0.689,0.265,0.173,0.049,0.0
dataset/jpg/unlabeled/image_03821.jpg,jpg/image_03821.jpg,unlabeled,1.0,1.009,0.649,0.299,0.143,0.098,0.014
dataset/jpg/unlabeled/image_03828.jpg,jpg/image_03828.jpg,unlabeled,1.0,1.148,0.598,0.242,0.065,0.048,0.0
dataset/jpg/unlabeled/image_03829.jpg,jpg/image_03829.jpg,unlabeled,1.0,1.071,0.803,0.349,0.123,0.0,0.0
dataset/jpg/unlabeled/image_03830.jpg,jpg/image_03830.jpg,unlabeled,1.0,1.229,0.907,0.343,0.021,0.119,0.0
dataset/jpg/unlabeled/image_03832.jpg,jpg/image_03832.jpg,unlabeled,1.0,1.126,0.695,0.287,0.098,0.084,0.0
dataset/jpg/unlabeled/image_03834.jpg,jpg/image_03834.jpg,unlabeled,1.0,1.343,0.813,0.282,0.047,0.103,0.0
dataset/jpg/unlabeled/image_03835.jpg,jpg/image_03835.jpg,unlabeled,1.0,1.011,0.819,0.376,0.043,0.016,0.0
dataset/jpg/unlabeled/image_03837.jpg,jpg/image_03837.jpg,unlabeled,1.0,0.85,0.885,0.35,0.141,0.028,0.0
dataset/jpg/unlabeled/image_03838.jpg,jpg/image_03838.jpg,unlabeled,1.0,1.027,0.585,0.264,0.083,0.0,0.007
dataset/jpg/unlabeled/image_03840.jpg,jpg/image_03840.jpg,unlabeled,1.0,1.386,0.974,0.327,0.025,0.0,0.0
dataset/jpg/unlabeled/image_03842.jpg,jpg/image_03842.jpg,unlabeled,1.0,1.064,0.809,0.353,0.044,0.072,0.0
dataset/jpg/unlabeled/image_03844.jpg,jpg/image_03844.jpg,unlabeled,1.0,1.39,0.715,0.239,0.019,0.105,0.0
dataset/jpg/unlabeled/image_03845.jpg,jpg/image_03845.jpg,unlabeled,1.0,0.989,0.853,0.392,0.012,0.0,0.0
dataset/jpg/unlabeled/image_03846.jpg,jpg/image_03846.jpg,unlabeled,1.0,1.091,0.801,0.341,0.065,0.0,0.0
dataset/jpg/unlabeled/image_03849.jpg,jpg/image_03849.jpg,unlabeled,1.0,1.046,0.836,0.371,0.08,0.035,0.0
dataset/jpg/unlabeled/image_03850.jpg,jpg/image_03850.jpg,unlabeled,1.0,0.903,0.927,0.389,0.035,0.094,0.0
dataset/jpg/unlabeled/image_03851.jpg,jpg/image_03851.jpg,unlabeled,1.0,0.94,0.946,0.413,0.059,0.053,0.0
dataset/jpg/unlabeled/image_03852.jpg,jpg/image_03852.jpg,unlabeled,1.0,1.442,0.739,0.238,0.04,0.085,0.0
dataset/jpg/unlabeled/image_03853.jpg,jpg/image_03853.jpg,unlabeled,1.0,1.443,0.648,0.209,0.031,0.116,0.0
dataset/jpg/unlabeled/image_03854.jpg,jpg/image_03854.jpg,unlabeled,1.0,0.758,0.821,0.289,0.132,0.045,0.0
dataset/jpg/unlabeled/image_03855.jpg,jpg/image_03855.jpg,unlabeled,1.0,0.96,0.848,0.378,0.139,0.0,0.0
dataset/jpg/unlabeled/image_03857.jpg,jpg/image_03857.jpg,unlabeled,1.0,1.182,0.917,0.361,0.116,0.107,0.0
dataset/jpg/unlabeled/image_03862.jpg,jpg/image_03862.jpg,unlabeled,1.0,1.027,0.805,0.364,0.038,0.0,0.0
dataset/jpg/unlabeled/image_03863.jpg,jpg/image_03863.jpg,unlabeled,1.0,1.109,0.81,0.339,0.051,0.09,0.0
dataset/jpg/unlabeled/image_03867.jpg,jpg/image_03867.jpg,unlabeled,1.0,1.038,0.66,0.296,0.158,0.013,0.0
dataset/jpg/unlabeled/image_03870.jpg,jpg/image_03870.jpg,unlabeled,1.0,1.133,0.694,0.285,0.033,0.066,0.0
dataset/jpg/unlabeled/image_03875.jpg,jpg/image_03875.jpg,unlabeled,1.0,0.966,0.918,0.412,0.027,0.025,0.0
dataset/jpg/unlabeled/image_03879.jpg,jpg/image_03879.jpg,unlabeled,1.0,1.1,0.759,0.321,0.054,0.051,0.0
dataset/jpg/unlabeled/image_03880.jpg,jpg/image_03880.jpg,unlabeled,1.0,1.033,0.783,0.352,0.156,0.056,0.0
dataset/jpg/unlabeled/image_03883.jpg,jpg/image_03883.jpg,unlabeled,1.0,1.308,0.94,0.334,0.084,0.0,0.0
dataset/jpg/unlabeled/image_03884.jpg,jpg/image_03884.jpg,unlabeled,1.0,0.951,0.745,0.329,0.136,0.089,0.0
dataset/jpg/unlabeled/image_03885.jpg,jpg/image_03885.jpg,unlabeled,1.0,0.895,0.835,0.347,0.059,0.018,0.0
dataset/jpg/unlabeled/image_03886.jpg,jpg/image_03886.jpg,unlabeled,1.0,1.242,0.705,0.264,0.06,0.03,0.0
dataset/jpg/unlabeled/image_03887.jpg,jpg/image_03887.jpg,unlabeled,1.0,1.286,0.728,0.263,0.08,0.056,0.0
dataset/jpg/unlabeled/image_03890.jpg,jpg/image_03890.jpg,unlabeled,1.0,0.947,0.892,0.393,0.097,0.032,0.0
dataset/jpg/unlabeled/image_03891.jpg,jpg/image_03891.jpg,unlabeled,1.0,0.806,0.771,0.289,0.161,0.063,0.0
dataset/jpg/unlabeled/image_03893.jpg,jpg/image_03893.jpg,unlabeled,1.0,0.984,0.718,0.328,0.073,0.077,0.0
dataset/jpg/unlabeled/image_03896.jpg,jpg/image_03896.jpg,unlabeled,1.0,0.838,0.709,0.276,0.119,0.098,0.0
dataset/jpg/unlabeled/image_03898.jpg,jpg/image_03898.jpg,unlabeled,1.0,0.906,0.847,0.356,0.102,0.07,0.0
dataset/jpg/unlabeled/image_03899.jpg,jpg/image_03899.jpg,unlabeled,1.0,0.89,0.869,0.359,0.074,0.055,0.0
dataset/jpg/unlabeled/image_03903.jpg,jpg/image_03903.jpg,unlabeled,1.0,1.151,0.77,0.311,0.093,0.097,0.0
dataset/jpg/unlabeled/image_03904.jpg,jpg/image_03904.jpg,unlabeled,1.0,1.06,0.746,0.327,0.056,0.022,0.0
dataset/jpg/unlabeled/image_03906.jpg,jpg/image_03906.jpg,unlabeled,1.0,1.042,0.919,0.41,0.094,0.052,0.0
dataset/jpg/unlabeled/image_03908.jpg,jpg/image_03908.jpg,unlabeled,1.0,1.417,0.763,0.25,0.097,0.059,0.0
dataset/jpg/unlabeled/image_03910.jpg,jpg/image_03910.jpg,unlabeled,1.0,0.979,0.899,0.409,0.18,0.026,0.0
dataset/jpg/unlabeled/image_03913.jpg,jpg/image_03913.jpg,unlabeled,1.0,1.0,0.807,0.375,0.176,0.026,0.0
dataset/jpg/unlabeled/image_03915.jpg,jpg/image_03915.jpg,unlabeled,1.0,1.0,0.901,0.419,0.058,0.0,0.0
dataset/jpg/unlabeled/image_03920.jpg,jpg/image_03920.jpg,unlabeled,1.0,1.074,0.902,0.39,0.044,0.066,0.0
dataset/jpg/unlabeled/image_03921.jpg,jpg/image_03921.jpg,unlabeled,1.0,0.976,0.954,0.432,0.017,0.035,0.0
dataset/jpg/unlabeled/image_03923.jpg,jpg/image_03923.jpg,unlabeled,1.0,1.257,0.825,0.305,0.098,0.102,0.0
dataset/jpg/unlabeled/image_03924.jpg,jpg/image_03924.jpg,unlabeled,1.0,1.263,0.903,0.332,0.017,0.075,0.0
dataset/jpg/unlabeled/image_03926.jpg,jpg/image_03926.jpg,unlabeled,0.944,1.266,0.812,0.298,0.033,0.021,0.024
dataset/jpg/unlabeled/image_03927.jpg,jpg/image_03927.jpg,unlabeled,1.0,0.978,1.041,0.473,0.056,0.027,0.0
dataset/jpg/unlabeled/image_03928.jpg,jpg/image_03928.jpg,unlabeled,1.0,1.191,0.983,0.383,0.091,0.097,0.0
dataset/jpg/unlabeled/image_03932.jpg,jpg/image_03932.jpg,unlabeled,1.0,1.041,1.079,0.482,0.016,0.051,0.0
dataset/jpg/unlabeled/image_03939.jpg,jpg/image_03939.jpg,unlabeled,1.0,1.094,0.953,0.405,0.037,0.065,0.0
dataset/jpg/unlabeled/image_03940.jpg,jpg/image_03940.jpg,unlabeled,1.0,0.954,0.883,0.391,0.176,0.0,0.0
dataset/jpg/unlabeled/image_03942.jpg,jpg/image_03942.jpg,unlabeled,1.0,1.116,0.997,0.415,0.077,0.076,0.0
dataset/jpg/unlabeled/image_03945.jpg,jpg/image_03945.jpg,unlabeled,1.0,1.133,0.947,0.388,0.029,0.093,0.0
dataset/jpg/unlabeled/image_03946.jpg,jpg/image_03946.jpg,unlabeled,1.0,1.047,0.911,0.405,0.06,0.027,0.0
dataset/jpg/unlabeled/image_03947.jpg,jpg/image_03947.jpg,unlabeled,1.0,1.08,1.002,0.431,0.084,0.076,0.0
dataset/jpg/unlabeled/image_03949.jpg,jpg/image_03949.jpg,unlabeled,1.0,0.902,0.862,0.361,0.048,0.0,0.0
dataset/jpg/unlabeled/image_03950.jpg,jpg/image_03950.jpg,unlabeled,1.0,0.904,0.731,0.307,0.037,0.03,0.0
dataset/jpg/unlabeled/image_03957.jpg,jpg/image_03957.jpg,unlabeled,1.0,1.264,0.858,0.315,0.036,0.115,0.0
dataset/jpg/unlabeled/image_03958.jpg,jpg/image_03958.jpg,unlabeled,1.0,0.922,0.726,0.311,0.032,0.063,0.0
dataset/jpg/unlabeled/image_03959.jpg,jpg/image_03959.jpg,unlabeled,1.0,0.943,0.853,0.374,0.119,0.0,0.0
dataset/jpg/unlabeled/image_03961.jpg,jpg/image_03961.jpg,unlabeled,1.0,1.0,0.877,0.408,0.024,0.0,0.0
dataset/jpg/unlabeled/image_03963.jpg,jpg/image_03963.jpg,unlabeled,1.0,1.087,1.01,0.432,0.076,0.034,0.0
dataset/jpg/unlabeled/image_03965.jpg,jpg/image_03965.jpg,unlabeled,1.0,0.883,0.879,0.361,0.014,0.01,0.0
dataset/jpg/unlabeled/image_03966.jpg,jpg/image_03966.jpg,unlabeled,1.0,0.906,0.969,0.408,0.042,0.097,0.0
dataset/jpg/unlabeled/image_03968.jpg,jpg/image_03968.jpg,unlabeled,1.0,1.076,1.121,0.484,0.012,0.055,0.0
dataset/jpg/unlabeled/image_03973.jpg,jpg/image_03973.jpg,unlabeled,1.0,0.906,0.711,0.299,0.048,0.106,0.0
dataset/jpg/unlabeled/image_03975.jpg,jpg/image_03975.jpg,unlabeled,1.0,1.083,0.928,0.398,0.039,0.057,0.0
dataset/jpg/unlabeled/image_03978.jpg,jpg/image_03978.jpg,unlabeled,1.0,1.0,0.804,0.374,0.171,0.019,0.0
dataset/jpg/unlabeled/image_03982.jpg,jpg/image_03982.jpg,unlabeled,1.0,1.168,0.907,0.361,0.044,0.112,0.0
dataset/jpg/unlabeled/image_03986.jpg,jpg/image_03986.jpg,unlabeled,1.0,0.977,1.069,0.485,0.023,0.04,0.0
dataset/jpg/unlabeled/image_03989.jpg,jpg/image_03989.jpg,unlabeled,1.0,1.209,0.674,0.259,0.042,0.105,0.0
dataset/jpg/unlabeled/image_03993.jpg,jpg/image_03993.jpg,unlabeled,1.0,0.883,0.852,0.35,0.091,0.0,0.0
dataset/jpg/unlabeled/image_03994.jpg,jpg/image_03994.jpg,unlabeled,1.0,0.952,0.85,0.376,0.015,0.049,0.0
dataset/jpg/unlabeled/image_03998.jpg,jpg/image_03998.jpg,unlabeled,1.0,0.989,0.978,0.449,0.159,0.003,0.0
dataset/jpg/unlabeled/image_03999.jpg,jpg/image_03999.jpg,unlabeled,1.0,0.876,0.676,0.275,0.054,0.048,0.0
dataset/jpg/unlabeled/image_04004.jpg,jpg/image_04004.jpg,unlabeled,1.0,1.06,0.991,0.434,0.012,0.052,0.0
dataset/jpg/unlabeled/image_04007.jpg,jpg/image_04007.jpg,unlabeled,1.0,1.041,0.97,0.433,0.026,0.038,0.0
dataset/jpg/unlabeled/image_04009.jpg,jpg/image_04009.jpg,unlabeled,1.0,1.025,0.951,0.431,0.073,0.082,0.0
dataset/jpg/unlabeled/image_04010.jpg,jpg/image_04010.jpg,unlabeled,1.0,0.863,0.935,0.375,0.046,0.092,0.0
dataset/jpg/unlabeled/image_04013.jpg,jpg/image_04013.jpg,unlabeled,1.0,1.16,0.847,0.339,0.114,0.0,0.0
dataset/jpg/unlabeled/image_04015.jpg,jpg/image_04015.jpg,unlabeled,1.0,1.159,0.989,0.397,0.092,0.103,0.0
dataset/jpg/unlabeled/image_04017.jpg,jpg/image_04017.jpg,unlabeled,1.0,1.133,0.983,0.403,0.034,0.078,0.0
dataset/jpg/unlabeled/image_04019.jpg,jpg/image_04019.jpg,unlabeled,1.0,1.024,0.99,0.449,0.006,0.024,0.0
dataset/jpg/unlabeled/image_04020.jpg,jpg/image_04020.jpg,unlabeled,1.0,1.043,0.922,0.411,0.019,0.055,0.0
dataset/jpg/unlabeled/image_04023.jpg,jpg/image_04023.jpg,unlabeled,1.0,0.929,0.977,0.421,0.163,0.037,0.0
dataset/jpg/unlabeled/image_04026.jpg,jpg/image_04026.jpg,unlabeled,1.0,0.955,0.933,0.414,0.119,0.015,0.0
dataset/jpg/unlabeled/image_04028.jpg,jpg/image_04028.jpg,unlabeled,1.0,1.024,0.868,0.394,0.008,0.026,0.0
dataset/jpg/unlabeled/image_04030.jpg,jpg/image_04030.jpg,unlabeled,1.0,1.054,0.966,0.426,0.012,0.049,0.0
dataset/jpg/unlabeled/image_04031.jpg,jpg/image_04031.jpg,unlabeled,1.0,0.713,0.821,0.272,0.063,0.05,0.0
dataset/jpg/unlabeled/image_04034.jpg,jpg/image_04034.jpg,unlabeled,1.0,1.151,0.975,0.394,0.038,0.064,0.0
dataset/jpg/unlabeled/image_04035.jpg,jpg/image_04035.jpg,unlabeled,1.0,1.105,1.047,0.44,0.03,0.069,0.0
dataset/jpg/unlabeled/image_04039.jpg,jpg/image_04039.jpg,unlabeled,1.0,0.979,0.882,0.401,0.126,0.065,0.0
dataset/jpg/unlabeled/image_04040.jpg,jpg/image_04040.jpg,unlabeled,1.0,0.992,0.928,0.428,0.035,0.044,0.0
dataset/jpg/unlabeled/image_04041.jpg,jpg/image_04041.jpg,unlabeled,1.0,1.031,0.984,0.444,0.02,0.042,0.0
dataset/jpg/unlabeled/image_04042.jpg,jpg/image_04042.jpg,unlabeled,1.0,0.948,0.915,0.403,0.065,0.0,0.0
dataset/jpg/unlabeled/image_04044.jpg,jpg/image_04044.jpg,unlabeled,1.0,0.953,1.014,0.449,0.027,0.045,0.0
dataset/jpg/unlabeled/image_04045.jpg,jpg/image_04045.jpg,unlabeled,1.0,1.143,1.059,0.431,0.015,0.079,0.0
dataset/jpg/unlabeled/image_04046.jpg,jpg/image_04046.jpg,unlabeled,1.0,1.192,0.906,0.353,0.03,0.011,0.0
dataset/jpg/unlabeled/image_04048.jpg,jpg/image_04048.jpg,unlabeled,1.0,0.969,1.12,0.504,0.013,0.037,0.0
dataset/jpg/unlabeled/image_04049.jpg,jpg/image_04049.jpg,unlabeled,1.0,0.962,0.912,0.408,0.1,0.024,0.0
dataset/jpg/unlabeled/image_04051.jpg,jpg/image_04051.jpg,unlabeled,1.0,0.925,0.933,0.401,0.048,0.0,0.0
dataset/jpg/unlabeled/image_04054.jpg,jpg/image_04054.jpg,unlabeled,1.0,0.948,0.839,0.37,0.051,0.0,0.0
dataset/jpg/unlabeled/image_04056.jpg,jpg/image_04056.jpg,unlabeled,1.0,1.093,0.951,0.404,0.047,0.059,0.0
dataset/jpg/unlabeled/image_04057.jpg,jpg/image_04057.jpg,unlabeled,1.0,1.333,0.931,0.324,0.062,0.115,0.0
dataset/jpg/unlabeled/image_04059.jpg,jpg/image_04059.jpg,unlabeled,1.0,0.977,1.02,0.463,0.035,0.052,0.0
dataset/jpg/unlabeled/image_04060.jpg,jpg/image_04060.jpg,unlabeled,1.0,0.823,0.568,0.217,0.099,0.102,0.0
dataset/jpg/unlabeled/image_04061.jpg,jpg/image_04061.jpg,unlabeled,1.0,1.217,0.992,0.379,0.046,0.104,0.0
dataset/jpg/unlabeled/image_04062.jpg,jpg/image_04062.jpg,unlabeled,1.0,1.0,0.95,0.442,0.028,0.01,0.0
dataset/jpg/unlabeled/image_04063.jpg,jpg/image_04063.jpg,unlabeled,1.0,0.975,0.982,0.445,0.05,0.034,0.0
dataset/jpg/unlabeled/image_04064.jpg,jpg/image_04064.jpg,unlabeled,1.0,1.024,0.558,0.253,0.085,0.0,0.0
dataset/jpg/unlabeled/image_04065.jpg,jpg/image_04065.jpg,unlabeled,1.0,1.105,1.042,0.438,0.134,0.065,0.0
dataset/jpg/unlabeled/image_04066.jpg,jpg/image_04066.jpg,unlabeled,1.0,1.14,1.025,0.418,0.018,0.089,0.0
dataset/jpg/unlabeled/image_04067.jpg,jpg/image_04067.jpg,unlabeled,1.0,1.016,0.918,0.42,0.036,0.042,0.0
dataset/jpg/unlabeled/image_04068.jpg,jpg/image_04068.jpg,unlabeled,1.0,1.126,0.875,0.361,0.091,0.085,0.0
dataset/jpg/unlabeled/image_04069.jpg,jpg/image_04069.jpg,unlabeled,1.0,1.009,0.94,0.433,0.053,0.027,0.0
dataset/jpg/unlabeled/image_04070.jpg,jpg/image_04070.jpg,unlabeled,1.0,1.187,1.064,0.417,0.019,0.1,0.0
dataset/jpg/unlabeled/image_04071.jpg,jpg/image_04071.jpg,unlabeled,1.0,1.154,1.025,0.413,0.032,0.085,0.0
dataset/jpg/unlabeled/image_04072.jpg,jpg/image_04072.jpg,unlabeled,1.0,1.24,1.013,0.38,0.023,0.117,0.0
dataset/jpg/unlabeled/image_04075.jpg,jpg/image_04075.jpg,unlabeled,1.0,1.127,0.893,0.368,0.033,0.015,0.0
dataset/jpg/unlabeled/image_04077.jpg,jpg/image_04077.jpg,unlabeled,1.0,1.25,0.816,0.303,0.019,0.105,0.0
dataset/jpg/unlabeled/image_04079.jpg,jpg/image_04079.jpg,unlabeled,1.0,0.83,0.832,0.321,0.019,0.0,0.0
dataset/jpg/unlabeled/image_04081.jpg,jpg/image_04081.jpg,unlabeled,1.0,1.022,0.862,0.392,0.14,0.011,0.0
dataset/jpg/unlabeled/image_04082.jpg,jpg/image_04082.jpg,unlabeled,1.0,1.44,0.953,0.308,0.013,0.082,0.0
dataset/jpg/unlabeled/image_04083.jpg,jpg/image_04083.jpg,unlabeled,1.0,0.97,0.861,0.388,0.116,0.005,0.0
dataset/jpg/unlabeled/image_04084.jpg,jpg/image_04084.jpg,unlabeled,1.0,0.934,0.981,0.426,0.042,0.0,0.0
dataset/jpg/unlabeled/image_04085.jpg,jpg/image_04085.jpg,unlabeled,1.0,1.083,0.938,0.402,0.161,0.031,0.0
dataset/jpg/unlabeled/image_04089.jpg,jpg/image_04089.jpg,unlabeled,1.0,1.095,0.918,0.39,0.116,0.064,0.0
dataset/jpg/unlabeled/image_04090.jpg,jpg/image_04090.jpg,unlabeled,1.0,0.914,0.944,0.401,0.118,0.036,0.0
dataset/jpg/unlabeled/image_04091.jpg,jpg/image_04091.jpg,unlabeled,1.0,1.162,0.88,0.352,0.057,0.109,0.0
dataset/jpg/unlabeled/image_04092.jpg,jpg/image_04092.jpg,unlabeled,1.0,0.908,0.805,0.34,0.166,0.056,0.0
dataset/jpg/unlabeled/image_04095.jpg,jpg/image_04095.jpg,unlabeled,1.0,1.2,0.902,0.349,0.169,0.091,0.0
dataset/jpg/unlabeled/image_04096.jpg,jpg/image_04096.jpg,unlabeled,1.0,0.874,1.04,0.422,0.088,0.086,0.0
dataset/jpg/unlabeled/image_04097.jpg,jpg/image_04097.jpg,unlabeled,1.0,0.809,1.022,0.384,0.02,0.004,0.0
dataset/jpg/unlabeled/image_04099.jpg,jpg/image_04099.jpg,unlabeled,1.0,1.074,0.921,0.398,0.034,0.0,0.0
dataset/jpg/unlabeled/image_04100.jpg,jpg/image_04100.jpg,unlabeled,1.0,1.083,0.925,0.397,0.041,0.0,0.0
dataset/jpg/unlabeled/image_04102.jpg,jpg/image_04102.jpg,unlabeled,1.0,1.019,0.94,0.428,0.088,0.086,0.0
dataset/jpg/unlabeled/image_04105.jpg,jpg/image_04105.jpg,unlabeled,1.0,0.967,0.939,0.422,0.059,0.059,0.0
dataset/jpg/unlabeled/image_04106.jpg,jpg/image_04106.jpg,unlabeled,1.0,0.808,0.766,0.288,0.019,0.106,0.0
dataset/jpg/unlabeled/image_04107.jpg,jpg/image_04107.jpg,unlabeled,1.0,1.04,0.941,0.421,0.082,0.02,0.0
dataset/jpg/unlabeled/image_04108.jpg,jpg/image_04108.jpg,unlabeled,1.0,1.012,0.946,0.434,0.027,0.0,0.0
dataset/jpg/unlabeled/image_04109.jpg,jpg/image_04109.jpg,unlabeled,1.0,0.991,0.86,0.396,0.074,0.013,0.0
dataset/jpg/unlabeled/image_04110.jpg,jpg/image_04110.jpg,unlabeled,1.0,1.155,0.949,0.382,0.123,0.064,0.0
dataset/jpg/unlabeled/image_04112.jpg,jpg/image_04112.jpg,unlabeled,1.0,1.02,0.941,0.429,0.098,0.015,0.0
dataset/jpg/unlabeled/image_04113.jpg,jpg/image_04113.jpg,unlabeled,1.0,1.23,0.767,0.29,0.08,0.0,0.0
dataset/jpg/unlabeled/image_04114.jpg,jpg/image_04114.jpg,unlabeled,1.0,1.136,0.923,0.378,0.039,0.051,0.0
dataset/jpg/unlabeled/image_04118.jpg,jpg/image_04118.jpg,unlabeled,1.0,1.096,0.962,0.408,0.027,0.051,0.0
dataset/jpg/unlabeled/image_04119.jpg,jpg/image_04119.jpg,unlabeled,1.0,1.0,0.861,0.4,0.014,0.0,0.0
dataset/jpg/unlabeled/image_04122.jpg,jpg/image_04122.jpg,unlabeled,1.0,1.365,0.949,0.323,0.12,0.0,0.0
dataset/jpg/unlabeled/image_04123.jpg,jpg/image_04123.jpg,unlabeled,1.0,0.83,0.901,0.348,0.093,0.116,0.0
dataset/jpg/unlabeled/image_04127.jpg,jpg/image_04127.jpg,unlabeled,1.0,1.071,0.965,0.418,0.031,0.051,0.0
dataset/jpg/unlabeled/image_04128.jpg,jpg/image_04128.jpg,unlabeled,1.0,1.159,0.923,0.37,0.098,0.0,0.0
dataset/jpg/unlabeled/image_04129.jpg,jpg/image_04129.jpg,unlabeled,1.0,0.838,0.85,0.331,0.029,0.035,0.0
dataset/jpg/unlabeled/image_04130.jpg,jpg/image_04130.jpg,unlabeled,1.0,1.205,0.944,0.364,0.128,0.032,0.0
dataset/jpg/unlabeled/image_04131.jpg,jpg/image_04131.jpg,unlabeled,1.0,1.105,0.985,0.414,0.052,0.052,0.0
dataset/jpg/unlabeled/image_04134.jpg,jpg/image_04134.jpg,unlabeled,1.0,1.065,0.767,0.335,0.111,0.0,0.0
dataset/jpg/unlabeled/image_04135.jpg,jpg/image_04135.jpg,unlabeled,1.0,1.021,1.05,0.478,0.057,0.051,0.0
dataset/jpg/unlabeled/image_04137.jpg,jpg/image_04137.jpg,unlabeled,1.0,0.944,1.004,0.441,0.113,0.038,0.0
dataset/jpg/unlabeled/image_04138.jpg,jpg/image_04138.jpg,unlabeled,1.0,1.294,0.94,0.338,0.074,0.0,0.0
dataset/jpg/unlabeled/image_04140.jpg,jpg/image_04140.jpg,unlabeled,1.0,1.0,0.899,0.418,0.111,0.038,0.0
dataset/jpg/unlabeled/image_04141.jpg,jpg/image_04141.jpg,unlabeled,1.0,1.065,0.88,0.384,0.029,0.054,0.0
dataset/jpg/unlabeled/image_04143.jpg,jpg/image_04143.jpg,unlabeled,1.0,1.333,0.915,0.319,0.104,0.0,0.0
dataset/jpg/unlabeled/image_04145.jpg,jpg/image_04145.jpg,unlabeled,1.0,1.042,1.038,0.463,0.118,0.04,0.0
dataset/jpg/unlabeled/image_04147.jpg,jpg/image_04147.jpg,unlabeled,1.0,1.367,0.996,0.339,0.029,0.0,0.0
dataset/jpg/unlabeled/image_04149.jpg,jpg/image_04149.jpg,unlabeled,1.0,0.8,0.875,0.325,0.037,0.086,0.0
dataset/jpg/unlabeled/image_04150.jpg,jpg/image_04150.jpg,unlabeled,1.0,1.105,0.958,0.403,0.027,0.081,0.0
dataset/jpg/unlabeled/image_04151.jpg,jpg/image_04151.jpg,unlabeled,1.0,1.126,0.857,0.353,0.083,0.053,0.0
dataset/jpg/unlabeled/image_04152.jpg,jpg/image_04152.jpg,unlabeled,1.0,1.275,1.021,0.372,0.031,0.0,0.0
dataset/jpg/unlabeled/image_04153.jpg,jpg/image_04153.jpg,unlabeled,1.0,1.135,0.87,0.356,0.011,0.0,0.0
dataset/jpg/unlabeled/image_04154.jpg,jpg/image_04154.jpg,unlabeled,1.0,1.203,0.826,0.319,0.167,0.096,0.0
dataset/jpg/unlabeled/image_04157.jpg,jpg/image_04157.jpg,unlabeled,1.0,1.143,0.999,0.406,0.081,0.067,0.0
dataset/jpg/unlabeled/image_04158.jpg,jpg/image_04158.jpg,unlabeled,1.0,1.057,0.912,0.401,0.063,0.034,0.0
dataset/jpg/unlabeled/image_04161.jpg,jpg/image_04161.jpg,unlabeled,1.0,1.062,0.978,0.428,0.108,0.078,0.0
dataset/jpg/unlabeled/image_04162.jpg,jpg/image_04162.jpg,unlabeled,1.0,0.926,0.916,0.394,0.037,0.031,0.0
dataset/jpg/unlabeled/image_04164.jpg,jpg/image_04164.jpg,unlabeled,1.0,1.045,0.926,0.412,0.057,0.02,0.0
dataset/jpg/unlabeled/image_04165.jpg,jpg/image_04165.jpg,unlabeled,1.0,1.012,0.896,0.411,0.082,0.057,0.0
dataset/jpg/unlabeled/image_04166.jpg,jpg/image_04166.jpg,unlabeled,1.0,0.828,0.753,0.289,0.125,0.028,0.0
dataset/jpg/unlabeled/image_04170.jpg,jpg/image_04170.jpg,unlabeled,1.0,0.991,0.891,0.41,0.024,0.039,0.0
dataset/jpg/unlabeled/image_04171.jpg,jpg/image_04171.jpg,unlabeled,1.0,0.927,0.741,0.319,0.106,0.039,0.0
dataset/jpg/unlabeled/image_04172.jpg,jpg/image_04172.jpg,unlabeled,1.0,0.894,0.735,0.305,0.022,0.011,0.0
dataset/jpg/unlabeled/image_04174.jpg,jpg/image_04174.jpg,unlabeled,1.0,0.929,0.829,0.358,0.123,0.052,0.0
dataset/jpg/unlabeled/image_04175.jpg,jpg/image_04175.jpg,unlabeled,1.0,1.074,0.916,0.396,0.151,0.091,0.0
dataset/jpg/unlabeled/image_04176.jpg,jpg/image_04176.jpg,unlabeled,1.0,1.127,0.881,0.363,0.074,0.116,0.0
dataset/jpg/unlabeled/image_04177.jpg,jpg/image_04177.jpg,unlabeled,1.0,0.878,0.866,0.354,0.067,0.022,0.0
dataset/jpg/unlabeled/image_04181.jpg,jpg/image_04181.jpg,unlabeled,1.0,0.838,0.756,0.295,0.108,0.0,0.0
dataset/jpg/unlabeled/image_04182.jpg,jpg/image_04182.jpg,unlabeled,1.0,1.259,0.751,0.277,0.145,0.076,0.0
dataset/jpg/unlabeled/image_04184.jpg,jpg/image_04184.jpg,unlabeled,1.0,1.0,0.912,0.424,0.035,0.007,0.0
dataset/jpg/unlabeled/image_04186.jpg,jpg/image_04186.jpg,unlabeled,1.0,1.17,0.962,0.382,0.149,0.0,0.0
dataset/jpg/unlabeled/image_04187.jpg,jpg/image_04187.jpg,unlabeled,1.0,1.088,0.818,0.35,0.111,0.0,0.0
dataset/jpg/unlabeled/image_04189.jpg,jpg/image_04189.jpg,unlabeled,1.0,0.93,0.883,0.381,0.02,0.038,0.0
dataset/jpg/unlabeled/image_04190.jpg,jpg/image_04190.jpg,unlabeled,1.0,0.875,0.911,0.37,0.03,0.046,0.0
dataset/jpg/unlabeled/image_04191.jpg,jpg/image_04191.jpg,unlabeled,1.0,0.812,0.9,0.34,0.052,0.11,0.0
dataset/jpg/unlabeled/image_04192.jpg,jpg/image_04192.jpg,unlabeled,1.0,0.867,0.877,0.353,0.048,0.091,0.0
dataset/jpg/unlabeled/image_04194.jpg,jpg/image_04194.jpg,unlabeled,1.0,0.945,0.712,0.313,0.004,0.023,0.0
dataset/jpg/unlabeled/image_04196.jpg,jpg/image_04196.jpg,unlabeled,1.0,0.843,0.928,0.364,0.079,0.099,0.0
dataset/jpg/unlabeled/image_04198.jpg,jpg/image_04198.jpg,unlabeled,1.0,0.752,0.941,0.329,0.12,0.115,0.0
dataset/jpg/unlabeled/image_04199.jpg,jpg/image_04199.jpg,unlabeled,1.0,0.867,0.991,0.399,0.054,0.11,0.0
dataset/jpg/unlabeled/image_04200.jpg,jpg/image_04200.jpg,unlabeled,1.0,0.919,0.916,0.391,0.041,0.058,0.0
dataset/jpg/unlabeled/image_04201.jpg,jpg/image_04201.jpg,unlabeled,1.0,0.835,0.817,0.317,0.067,0.086,0.0
dataset/jpg/unlabeled/image_04202.jpg,jpg/image_04202.jpg,unlabeled,1.0,0.796,0.927,0.343,0.08,0.084,0.0
dataset/jpg/unlabeled/image_04203.jpg,jpg/image_04203.jpg,unlabeled,1.0,1.012,1.034,0.475,0.089,0.006,0.0
dataset/jpg/unlabeled/image_04207.jpg,jpg/image_04207.jpg,unlabeled,1.0,0.754,0.923,0.324,0.084,0.054,0.0
dataset/jpg/unlabeled/image_04210.jpg,jpg/image_04210.jpg,unlabeled,1.0,0.838,0.926,0.36,0.032,0.033,0.0
dataset/jpg/unlabeled/image_04212.jpg,jpg/image_04212.jpg,unlabeled,1.0,0.852,0.834,0.33,0.047,0.084,0.0
dataset/jpg/unlabeled/image_04213.jpg,jpg/image_04213.jpg,unlabeled,1.0,1.053,0.889,0.393,0.054,0.089,0.0
dataset/jpg/unlabeled/image_04214.jpg,jpg/image_04214.jpg,unlabeled,1.0,0.875,0.956,0.389,0.025,0.088,0.0
dataset/jpg/unlabeled/image_04215.jpg,jpg/image_04215.jpg,unlabeled,1.0,0.892,0.915,0.379,0.059,0.0,0.0
dataset/jpg/unlabeled/image_04218.jpg,jpg/image_04218.jpg,unlabeled,1.0,0.75,1.029,0.359,0.02,0.12,0.0
dataset/jpg/unlabeled/image_04219.jpg,jpg/image_04219.jpg,unlabeled,1.0,0.761,0.897,0.317,0.025,0.083,0.0
dataset/jpg/unlabeled/image_04220.jpg,jpg/image_04220.jpg,unlabeled,1.0,0.77,0.852,0.305,0.059,0.054,0.0
dataset/jpg/unlabeled/image_04221.jpg,jpg/image_04221.jpg,unlabeled,1.0,0.843,0.944,0.37,0.044,0.106,0.0
dataset/jpg/unlabeled/image_04222.jpg,jpg/image_04222.jpg,unlabeled,1.0,0.904,1.02,0.429,0.041,0.054,0.0
dataset/jpg/unlabeled/image_04223.jpg,jpg/image_04223.jpg,unlabeled,1.0,0.877,0.757,0.309,0.045,0.049,0.0
dataset/jpg/unlabeled/image_04224.jpg,jpg/image_04224.jpg,unlabeled,1.0,0.814,0.816,0.309,0.091,0.049,0.0
dataset/jpg/unlabeled/image_04225.jpg,jpg/image_04225.jpg,unlabeled,1.0,1.078,0.626,0.27,0.084,0.078,0.001
dataset/jpg/unlabeled/image_04226.jpg,jpg/image_04226.jpg,unlabeled,1.0,0.925,0.871,0.374,0.119,0.05,0.0
dataset/jpg/unlabeled/image_04227.jpg,jpg/image_04227.jpg,unlabeled,1.0,0.82,1.063,0.405,0.023,0.108,0.0
dataset/jpg/unlabeled/image_04228.jpg,jpg/image_04228.jpg,unlabeled,1.0,1.052,0.942,0.416,0.154,0.063,0.0
dataset/jpg/unlabeled/image_04230.jpg,jpg/image_04230.jpg,unlabeled,1.0,0.727,0.784,0.265,0.064,0.0,0.0
dataset/jpg/unlabeled/image_04231.jpg,jpg/image_04231.jpg,unlabeled,1.0,0.85,1.03,0.407,0.119,0.027,0.0
dataset/jpg/unlabeled/image_04232.jpg,jpg/image_04232.jpg,unlabeled,1.0,0.8,0.917,0.341,0.051,0.0,0.0
dataset/jpg/unlabeled/image_04233.jpg,jpg/image_04233.jpg,unlabeled,1.0,1.012,0.882,0.405,0.041,0.0,0.0
dataset/jpg/unlabeled/image_04234.jpg,jpg/image_04234.jpg,unlabeled,1.0,0.736,0.906,0.31,0.085,0.047,0.0
dataset/jpg/unlabeled/image_04237.jpg,jpg/image_04237.jpg,unlabeled,1.0,0.862,0.841,0.337,0.094,0.0,0.0
dataset/jpg/unlabeled/image_04238.jpg,jpg/image_04238.jpg,unlabeled,1.0,0.983,0.732,0.334,0.032,0.0,0.0
dataset/jpg/unlabeled/image_04239.jpg,jpg/image_04239.jpg,unlabeled,1.0,0.908,0.863,0.364,0.039,0.0,0.0
dataset/jpg/unlabeled/image_04240.jpg,jpg/image_04240.jpg,unlabeled,1.0,1.113,0.609,0.254,0.033,0.049,0.0
dataset/jpg/unlabeled/image_04241.jpg,jpg/image_04241.jpg,unlabeled,1.0,0.935,0.934,0.406,0.016,0.044,0.0
dataset/jpg/unlabeled/image_04242.jpg,jpg/image_04242.jpg,unlabeled,1.0,0.922,0.747,0.32,0.128,0.0,0.0
dataset/jpg/unlabeled/image_04244.jpg,jpg/image_04244.jpg,unlabeled,1.0,1.267,0.732,0.269,0.048,0.083,0.0
dataset/jpg/unlabeled/image_04246.jpg,jpg/image_04246.jpg,unlabeled,1.0,1.329,0.81,0.283,0.019,0.1,0.0
dataset/jpg/unlabeled/image_04248.jpg,jpg/image_04248.jpg,unlabeled,1.0,0.734,0.786,0.268,0.167,0.095,0.003
dataset/jpg/unlabeled/image_04250.jpg,jpg/image_04250.jpg,unlabeled,1.0,0.767,0.771,0.275,0.11,0.109,0.0
dataset/jpg/unlabeled/image_04251.jpg,jpg/image_04251.jpg,unlabeled,1.0,1.085,0.749,0.321,0.033,0.069,0.0
dataset/jpg/unlabeled/image_04252.jpg,jpg/image_04252.jpg,unlabeled,1.0,1.421,0.68,0.222,0.173,0.0,0.0
dataset/jpg/unlabeled/image_04254.jpg,jpg/image_04254.jpg,unlabeled,1.0,0.887,0.777,0.32,0.081,0.082,0.0
dataset/jpg/unlabeled/image_04257.jpg,jpg/image_04257.jpg,unlabeled,1.0,1.266,0.867,0.318,0.034,0.104,0.0
dataset/jpg/unlabeled/image_04258.jpg,jpg/image_04258.jpg,unlabeled,1.0,1.0,0.666,0.31,0.034,0.023,0.0
dataset/jpg/unlabeled/image_04260.jpg,jpg/image_04260.jpg,unlabeled,1.0,1.412,0.688,0.227,0.16,0.0,0.0
dataset/jpg/unlabeled/image_04261.jpg,jpg/image_04261.jpg,unlabeled,1.0,1.0,0.961,0.446,0.176,0.0,0.0
dataset/jpg/unlabeled/image_04264.jpg,jpg/image_04264.jpg,unlabeled,1.0,0.807,0.702,0.263,0.087,0.021,0.0
dataset/jpg/unlabeled/image_04265.jpg,jpg/image_04265.jpg,unlabeled,1.0,1.083,0.867,0.372,0.083,0.076,0.0
dataset/jpg/unlabeled/image_04266.jpg,jpg/image_04266.jpg,unlabeled,1.0,1.095,0.76,0.323,0.029,0.06,0.0
dataset/jpg/unlabeled/image_04267.jpg,jpg/image_04267.jpg,unlabeled,1.0,0.954,0.685,0.304,0.102,0.0,0.0
dataset/jpg/unlabeled/image_04270.jpg,jpg/image_04270.jpg,unlabeled,1.0,0.892,0.829,0.344,0.084,0.0,0.0
dataset/jpg/unlabeled/image_04271.jpg,jpg/image_04271.jpg,unlabeled,1.0,1.119,0.887,0.368,0.013,0.061,0.0
dataset/jpg/unlabeled/image_04276.jpg,jpg/image_04276.jpg,unlabeled,1.0,1.012,0.859,0.394,0.109,0.0,0.0
dataset/jpg/unlabeled/image_04277.jpg,jpg/image_04277.jpg,unlabeled,1.0,0.976,0.974,0.442,0.015,0.027,0.0
dataset/jpg/unlabeled/image_04278.jpg,jpg/image_04278.jpg,unlabeled,1.0,1.192,0.745,0.291,0.091,0.113,0.0
dataset/jpg/unlabeled/image_04279.jpg,jpg/image_04279.jpg,unlabeled,1.0,0.913,0.776,0.33,0.027,0.041,0.0
dataset/jpg/unlabeled/image_04281.jpg,jpg/image_04281.jpg,unlabeled,1.0,1.446,0.822,0.264,0.064,0.099,0.0
dataset/jpg/unlabeled/image_04283.jpg,jpg/image_04283.jpg,unlabeled,1.0,0.88,0.814,0.333,0.04,0.008,0.0
dataset/jpg/unlabeled/image_04284.jpg,jpg/image_04284.jpg,unlabeled,1.0,1.0,0.934,0.434,0.053,0.023,0.0
dataset/jpg/unlabeled/image_04286.jpg,jpg/image_04286.jpg,unlabeled,1.0,0.892,0.774,0.321,0.04,0.074,0.0
dataset/jpg/unlabeled/image_04288.jpg,jpg/image_04288.jpg,unlabeled,1.0,1.057,0.887,0.39,0.022,0.06,0.0
dataset/jpg/unlabeled/image_04290.jpg,jpg/image_04290.jpg,unlabeled,1.0,0.972,0.879,0.397,0.107,0.024,0.0
dataset/jpg/unlabeled/image_04292.jpg,jpg/image_04292.jpg,unlabeled,1.0,1.093,0.86,0.366,0.014,0.015,0.0
dataset/jpg/unlabeled/image_04293.jpg,jpg/image_04293.jpg,unlabeled,1.0,0.878,0.79,0.322,0.066,0.048,0.0
dataset/jpg/unlabeled/image_04294.jpg,jpg/image_04294.jpg,unlabeled,1.0,0.844,0.933,0.366,0.176,0.102,0.0
dataset/jpg/unlabeled/image_04299.jpg,jpg/image_04299.jpg,unlabeled,1.0,1.104,0.793,0.334,0.056,0.055,0.0
dataset/jpg/unlabeled/image_04303.jpg,jpg/image_04303.jpg,unlabeled,1.0,1.197,0.902,0.35,0.06,0.064,0.0
dataset/jpg/unlabeled/image_04305.jpg,jpg/image_04305.jpg,unlabeled,1.0,1.291,0.894,0.322,0.029,0.108,0.0
dataset/jpg/unlabeled/image_04306.jpg,jpg/image_04306.jpg,unlabeled,1.0,1.045,0.977,0.435,0.086,0.051,0.0
dataset/jpg/unlabeled/image_04308.jpg,jpg/image_04308.jpg,unlabeled,1.0,0.803,0.916,0.342,0.023,0.098,0.0
dataset/jpg/unlabeled/image_04312.jpg,jpg/image_04312.jpg,unlabeled,1.0,1.299,0.848,0.304,0.042,0.002,0.0
dataset/jpg/unlabeled/image_04324.jpg,jpg/image_04324.jpg,unlabeled,1.0,0.828,0.913,0.351,0.012,0.085,0.0
dataset/jpg/unlabeled/image_04325.jpg,jpg/image_04325.jpg,unlabeled,1.0,0.74,0.79,0.272,0.031,0.113,0.0
dataset/jpg/unlabeled/image_04327.jpg,jpg/image_04327.jpg,unlabeled,1.0,1.119,0.649,0.27,0.102,0.08,0.0
dataset/jpg/unlabeled/image_04328.jpg,jpg/image_04328.jpg,unlabeled,1.0,1.191,0.676,0.264,0.109,0.084,0.0
dataset/jpg/unlabeled/image_04329.jpg,jpg/image_04329.jpg,unlabeled,1.0,1.116,0.726,0.303,0.063,0.07,0.0
dataset/jpg/unlabeled/image_04330.jpg,jpg/image_04330.jpg,unlabeled,1.0,1.131,0.837,0.344,0.024,0.071,0.0
dataset/jpg/unlabeled/image_04333.jpg,jpg/image_04333.jpg,unlabeled,1.0,1.067,0.776,0.338,0.015,0.048,0.0
dataset/jpg/unlabeled/image_04337.jpg,jpg/image_04337.jpg,unlabeled,1.0,1.121,0.816,0.338,0.09,0.069,0.0
dataset/jpg/unlabeled/image_04340.jpg,jpg/image_04340.jpg,unlabeled,1.0,1.189,0.751,0.293,0.075,0.106,0.0
dataset/jpg/unlabeled/image_04342.jpg,jpg/image_04342.jpg,unlabeled,1.0,1.258,0.98,0.362,0.037,0.0,0.0
dataset/jpg/unlabeled/image_04343.jpg,jpg/image_04343.jpg,unlabeled,1.0,1.2,0.673,0.26,0.033,0.106,0.0
dataset/jpg/unlabeled/image_04345.jpg,jpg/image_04345.jpg,unlabeled,1.0,1.106,0.619,0.26,0.047,0.063,0.0
dataset/jpg/unlabeled/image_04347.jpg,jpg/image_04347.jpg,unlabeled,1.0,1.231,0.871,0.329,0.021,0.113,0.0
dataset/jpg/unlabeled/image_04348.jpg,jpg/image_04348.jpg,unlabeled,1.0,1.109,0.786,0.329,0.041,0.078,0.0
dataset/jpg/unlabeled/image_04350.jpg,jpg/image_04350.jpg,unlabeled,1.0,1.032,0.637,0.287,0.045,0.06,0.0
dataset/jpg/unlabeled/image_04351.jpg,jpg/image_04351.jpg,unlabeled,1.0,0.926,0.605,0.26,0.068,0.052,0.0
dataset/jpg/unlabeled/image_04353.jpg,jpg/image_04353.jpg,unlabeled,1.0,1.185,0.788,0.309,0.102,0.056,0.0
dataset/jpg/unlabeled/image_04355.jpg,jpg/image_04355.jpg,unlabeled,1.0,0.914,0.805,0.342,0.033,0.065,0.0
dataset/jpg/unlabeled/image_04357.jpg,jpg/image_04357.jpg,unlabeled,1.0,1.099,0.912,0.386,0.162,0.001,0.0
dataset/jpg/unlabeled/image_04365.jpg,jpg/image_04365.jpg,unlabeled,1.0,1.25,0.729,0.271,0.043,0.12,0.0
dataset/jpg/unlabeled/image_04366.jpg,jpg/image_04366.jpg,unlabeled,1.0,1.084,0.664,0.285,0.006,0.057,0.0
dataset/jpg/unlabeled/image_04368.jpg,jpg/image_04368.jpg,unlabeled,1.0,1.128,0.618,0.255,0.017,0.076,0.0
dataset/jpg/unlabeled/image_04369.jpg,jpg/image_04369.jpg,unlabeled,1.0,1.147,0.942,0.382,0.098,0.081,0.0
dataset/jpg/unlabeled/image_04371.jpg,jpg/image_04371.jpg,unlabeled,1.0,1.191,0.844,0.329,0.014,0.096,0.0
dataset/jpg/unlabeled/image_04376.jpg,jpg/image_04376.jpg,unlabeled,1.0,0.906,0.804,0.339,0.035,0.034,0.002
dataset/jpg/unlabeled/image_04379.jpg,jpg/image_04379.jpg,unlabeled,1.0,1.135,0.719,0.294,0.038,0.077,0.0
dataset/jpg/unlabeled/image_04380.jpg,jpg/image_04380.jpg,unlabeled,1.0,1.198,0.675,0.262,0.029,0.114,0.0
dataset/jpg/unlabeled/image_04381.jpg,jpg/image_04381.jpg,unlabeled,1.0,1.042,0.789,0.352,0.076,0.083,0.0
dataset/jpg/unlabeled/image_04386.jpg,jpg/image_04386.jpg,unlabeled,1.0,1.188,0.73,0.286,0.013,0.102,0.0
dataset/jpg/unlabeled/image_04390.jpg,jpg/image_04390.jpg,unlabeled,1.0,1.176,0.81,0.32,0.149,0.067,0.0
dataset/jpg/unlabeled/image_04392.jpg,jpg/image_04392.jpg,unlabeled,1.0,1.202,0.847,0.327,0.007,0.096,0.0
dataset/jpg/unlabeled/image_04401.jpg,jpg/image_04401.jpg,unlabeled,1.0,1.253,0.894,0.332,0.071,0.113,0.0
dataset/jpg/unlabeled/image_04403.jpg,jpg/image_04403.jpg,unlabeled,1.0,1.123,0.986,0.408,0.02,0.079,0.0
dataset/jpg/unlabeled/image_04404.jpg,jpg/image_04404.jpg,unlabeled,1.0,1.261,0.687,0.253,0.124,0.079,0.0
dataset/jpg/unlabeled/image_04405.jpg,jpg/image_04405.jpg,unlabeled,1.0,1.05,0.923,0.408,0.043,0.077,0.0
dataset/jpg/unlabeled/image_04407.jpg,jpg/image_04407.jpg,unlabeled,1.0,0.803,0.897,0.335,0.034,0.114,0.0
dataset/jpg/unlabeled/image_04409.jpg,jpg/image_04409.jpg,unlabeled,1.0,0.882,0.782,0.32,0.04,0.071,0.0
dataset/jpg/unlabeled/image_04410.jpg,jpg/image_04410.jpg,unlabeled,1.0,1.12,0.802,0.333,0.046,0.045,0.0
dataset/jpg/unlabeled/image_04411.jpg,jpg/image_04411.jpg,unlabeled,1.0,1.083,0.866,0.371,0.101,0.069,0.0
dataset/jpg/unlabeled/image_04413.jpg,jpg/image_04413.jpg,unlabeled,1.0,0.914,0.743,0.316,0.06,0.093,0.0
dataset/jpg/unlabeled/image_04415.jpg,jpg/image_04415.jpg,unlabeled,1.0,1.185,0.765,0.3,0.013,0.102,0.0
dataset/jpg/unlabeled/image_04420.jpg,jpg/image_04420.jpg,unlabeled,1.0,1.044,0.817,0.364,0.021,0.041,0.0
dataset/jpg/unlabeled/image_04424.jpg,jpg/image_04424.jpg,unlabeled,1.0,1.168,0.861,0.342,0.012,0.097,0.0
dataset/jpg/unlabeled/image_04426.jpg,jpg/image_04426.jpg,unlabeled,1.0,0.868,0.921,0.372,0.03,0.005,0.0
dataset/jpg/unlabeled/image_04427.jpg,jpg/image_04427.jpg,unlabeled,1.0,0.831,0.778,0.301,0.044,0.0,0.0
dataset/jpg/unlabeled/image_04432.jpg,jpg/image_04432.jpg,unlabeled,1.0,1.026,0.773,0.35,0.065,0.039,0.0
dataset/jpg/unlabeled/image_04435.jpg,jpg/image_04435.jpg,unlabeled,1.0,0.992,0.862,0.397,0.026,0.034,0.0
dataset/jpg/unlabeled/image_04437.jpg,jpg/image_04437.jpg,unlabeled,1.0,1.412,0.755,0.249,0.096,0.119,0.0
dataset/jpg/unlabeled/image_04438.jpg,jpg/image_04438.jpg,unlabeled,1.0,0.952,0.746,0.33,0.053,0.08,0.0
dataset/jpg/unlabeled/image_04439.jpg,jpg/image_04439.jpg,unlabeled,1.0,0.82,0.761,0.29,0.045,0.092,0.0
dataset/jpg/unlabeled/image_04441.jpg,jpg/image_04441.jpg,unlabeled,1.0,1.077,0.825,0.356,0.015,0.046,0.0
dataset/jpg/unlabeled/image_04443.jpg,jpg/image_04443.jpg,unlabeled,1.0,1.025,0.781,0.354,0.007,0.028,0.0
dataset/jpg/unlabeled/image_04444.jpg,jpg/image_04444.jpg,unlabeled,1.0,1.149,0.695,0.281,0.043,0.091,0.0
dataset/jpg/unlabeled/image_04445.jpg,jpg/image_04445.jpg,unlabeled,1.0,1.157,0.905,0.363,0.077,0.09,0.001
dataset/jpg/unlabeled/image_04448.jpg,jpg/image_04448.jpg,unlabeled,1.0,0.877,0.789,0.322,0.079,0.083,0.0
dataset/jpg/unlabeled/image_04450.jpg,jpg/image_04450.jpg,unlabeled,1.0,1.147,0.817,0.331,0.093,0.077,0.0
dataset/jpg/unlabeled/image_04455.jpg,jpg/image_04455.jpg,unlabeled,1.0,1.177,0.638,0.252,0.046,0.086,0.0
dataset/jpg/unlabeled/image_04458.jpg,jpg/image_04458.jpg,unlabeled,1.0,1.256,0.746,0.276,0.071,0.086,0.0
dataset/jpg/unlabeled/image_04460.jpg,jpg/image_04460.jpg,unlabeled,1.0,1.103,0.74,0.312,0.043,0.1,0.0
dataset/jpg/unlabeled/image_04462.jpg,jpg/image_04462.jpg,unlabeled,1.0,0.965,0.614,0.275,0.063,0.017,0.0
dataset/jpg/unlabeled/image_04463.jpg,jpg/image_04463.jpg,unlabeled,1.0,1.085,0.968,0.415,0.023,0.067,0.0
dataset/jpg/unlabeled/image_04464.jpg,jpg/image_04464.jpg,unlabeled,1.0,0.855,0.748,0.297,0.051,0.086,0.0
dataset/jpg/unlabeled/image_04465.jpg,jpg/image_04465.jpg,unlabeled,1.0,1.025,0.794,0.36,0.054,0.079,0.0
dataset/jpg/unlabeled/image_04466.jpg,jpg/image_04466.jpg,unlabeled,1.0,0.825,0.676,0.259,0.054,0.058,0.0
dataset/jpg/unlabeled/image_04467.jpg,jpg/image_04467.jpg,unlabeled,1.0,0.857,0.72,0.287,0.06,0.076,0.0
dataset/jpg/unlabeled/image_04469.jpg,jpg/image_04469.jpg,unlabeled,1.0,1.141,0.847,0.345,0.055,0.064,0.0
dataset/jpg/unlabeled/image_04470.jpg,jpg/image_04470.jpg,unlabeled,1.0,0.805,0.889,0.333,0.015,0.119,0.0
dataset/jpg/unlabeled/image_04472.jpg,jpg/image_04472.jpg,unlabeled,1.0,1.061,0.902,0.395,0.038,0.033,0.0
dataset/jpg/unlabeled/image_04474.jpg,jpg/image_04474.jpg,unlabeled,1.0,1.0,0.876,0.407,0.118,0.042,0.0
dataset/jpg/unlabeled/image_04478.jpg,jpg/image_04478.jpg,unlabeled,1.0,1.343,0.819,0.283,0.158,0.044,0.0
dataset/jpg/unlabeled/image_04479.jpg,jpg/image_04479.jpg,unlabeled,1.0,0.805,0.899,0.336,0.069,0.081,0.0
dataset/jpg/unlabeled/image_04485.jpg,jpg/image_04485.jpg,unlabeled,1.0,1.095,0.936,0.397,0.012,0.068,0.0
dataset/jpg/unlabeled/image_04488.jpg,jpg/image_04488.jpg,unlabeled,1.0,1.072,0.81,0.351,0.01,0.0,0.0
dataset/jpg/unlabeled/image_04490.jpg,jpg/image_04490.jpg,unlabeled,1.0,0.928,0.898,0.387,0.17,0.045,0.0
dataset/jpg/unlabeled/image_04491.jpg,jpg/image_04491.jpg,unlabeled,1.0,1.061,0.829,0.363,0.065,0.052,0.0
dataset/jpg/unlabeled/image_04493.jpg,jpg/image_04493.jpg,unlabeled,1.0,0.886,0.909,0.374,0.085,0.091,0.0
dataset/jpg/unlabeled/image_04495.jpg,jpg/image_04495.jpg,unlabeled,1.0,1.084,0.851,0.365,0.037,0.068,0.0
dataset/jpg/unlabeled/image_04496.jpg,jpg/image_04496.jpg,unlabeled,1.0,1.098,0.857,0.363,0.038,0.094,0.0
dataset/jpg/unlabeled/image_04501.jpg,jpg/image_04501.jpg,unlabeled,1.0,1.031,0.737,0.332,0.128,0.078,0.0
dataset/jpg/unlabeled/image_04502.jpg,jpg/image_04502.jpg,unlabeled,1.0,1.28,0.892,0.324,0.038,0.112,0.0
dataset/jpg/unlabeled/image_04504.jpg,jpg/image_04504.jpg,unlabeled,1.0,1.444,0.853,0.274,0.07,0.08,0.0
dataset/jpg/unlabeled/image_04505.jpg,jpg/image_04505.jpg,unlabeled,1.0,1.064,0.825,0.36,0.045,0.0,0.0
dataset/jpg/unlabeled/image_04506.jpg,jpg/image_04506.jpg,unlabeled,1.0,1.211,0.834,0.32,0.024,0.099,0.0
dataset/jpg/unlabeled/image_04510.jpg,jpg/image_04510.jpg,unlabeled,1.0,1.133,0.912,0.374,0.091,0.049,0.0
dataset/jpg/unlabeled/image_04512.jpg,jpg/image_04512.jpg,unlabeled,1.0,1.156,0.928,0.373,0.014,0.086,0.0
dataset/jpg/unlabeled/image_04515.jpg,jpg/image_04515.jpg,unlabeled,1.0,1.032,0.883,0.398,0.05,0.063,0.0
dataset/jpg/unlabeled/image_04516.jpg,jpg/image_04516.jpg,unlabeled,1.0,1.021,0.905,0.412,0.041,0.0,0.0
dataset/jpg/unlabeled/image_04517.jpg,jpg/image_04517.jpg,unlabeled,1.0,1.2,0.894,0.346,0.005,0.099,0.0
dataset/jpg/unlabeled/image_04518.jpg,jpg/image_04518.jpg,unlabeled,1.0,1.035,0.799,0.359,0.117,0.024,0.0
dataset/jpg/unlabeled/image_04520.jpg,jpg/image_04520.jpg,unlabeled,1.0,1.054,0.874,0.386,0.06,0.0,0.0
dataset/jpg/unlabeled/image_04523.jpg,jpg/image_04523.jpg,unlabeled,1.0,0.965,0.875,0.392,0.071,0.035,0.0
dataset/jpg/unlabeled/image_04524.jpg,jpg/image_04524.jpg,unlabeled,1.0,1.168,0.891,0.354,0.025,0.104,0.0
dataset/jpg/unlabeled/image_04525.jpg,jpg/image_04525.jpg,unlabeled,1.0,0.968,0.848,0.382,0.04,0.049,0.0
dataset/jpg/unlabeled/image_04528.jpg,jpg/image_04528.jpg,unlabeled,1.0,1.205,0.889,0.343,0.026,0.0,0.0
dataset/jpg/unlabeled/image_04529.jpg,jpg/image_04529.jpg,unlabeled,1.0,0.844,0.95,0.372,0.037,0.118,0.0
dataset/jpg/unlabeled/image_04530.jpg,jpg/image_04530.jpg,unlabeled,1.0,1.073,0.978,0.423,0.118,0.081,0.0
dataset/jpg/unlabeled/image_04533.jpg,jpg/image_04533.jpg,unlabeled,1.0,1.123,0.852,0.352,0.024,0.085,0.0
dataset/jpg/unlabeled/image_04536.jpg,jpg/image_04536.jpg,unlabeled,1.0,1.067,1.084,0.472,0.02,0.056,0.0
dataset/jpg/unlabeled/image_04538.jpg,jpg/image_04538.jpg,unlabeled,1.0,0.891,0.787,0.326,0.058,0.071,0.0
dataset/jpg/unlabeled/image_04539.jpg,jpg/image_04539.jpg,unlabeled,1.0,1.073,0.809,0.35,0.016,0.0,0.0
dataset/jpg/unlabeled/image_04540.jpg,jpg/image_04540.jpg,unlabeled,1.0,0.867,0.969,0.39,0.011,0.084,0.0
dataset/jpg/unlabeled/image_04541.jpg,jpg/image_04541.jpg,unlabeled,1.0,1.035,0.92,0.413,0.069,0.045,0.0
dataset/jpg/unlabeled/image_04546.jpg,jpg/image_04546.jpg,unlabeled,1.0,1.289,0.804,0.29,0.071,0.102,0.0
dataset/jpg/unlabeled/image_04547.jpg,jpg/image_04547.jpg,unlabeled,1.0,0.989,0.82,0.377,0.04,0.0,0.0
dataset/jpg/unlabeled/image_04549.jpg,jpg/image_04549.jpg,unlabeled,1.0,1.321,0.771,0.271,0.027,0.092,0.0
dataset/jpg/unlabeled/image_04550.jpg,jpg/image_04550.jpg,unlabeled,1.0,1.158,0.857,0.344,0.015,0.094,0.0
dataset/jpg/unlabeled/image_04551.jpg,jpg/image_04551.jpg,unlabeled,1.0,1.109,1.068,0.448,0.078,0.076,0.0
dataset/jpg/unlabeled/image_04554.jpg,jpg/image_04554.jpg,unlabeled,1.0,0.812,0.888,0.335,0.012,0.115,0.0
dataset/jpg/unlabeled/image_04556.jpg,jpg/image_04556.jpg,unlabeled,1.0,1.008,1.065,0.491,0.047,0.044,0.0
dataset/jpg/unlabeled/image_04557.jpg,jpg/image_04557.jpg,unlabeled,1.0,1.134,0.959,0.393,0.044,0.079,0.0
dataset/jpg/unlabeled/image_04558.jpg,jpg/image_04558.jpg,unlabeled,1.0,0.978,0.758,0.344,0.092,0.0,0.0
dataset/jpg/unlabeled/image_04559.jpg,jpg/image_04559.jpg,unlabeled,1.0,1.256,0.975,0.361,0.076,0.106,0.0
dataset/jpg/unlabeled/image_04560.jpg,jpg/image_04560.jpg,unlabeled,1.0,1.133,1.079,0.443,0.019,0.083,0.0
dataset/jpg/unlabeled/image_04562.jpg,jpg/image_04562.jpg,unlabeled,1.0,0.962,0.812,0.363,0.044,0.0,0.0
dataset/jpg/unlabeled/image_04563.jpg,jpg/image_04563.jpg,unlabeled,1.0,1.0,1.038,0.482,0.064,0.047,0.0
dataset/jpg/unlabeled/image_04564.jpg,jpg/image_04564.jpg,unlabeled,1.0,1.0,0.909,0.423,0.012,0.002,0.0
dataset/jpg/unlabeled/image_04565.jpg,jpg/image_04565.jpg,unlabeled,1.0,0.962,0.887,0.396,0.112,0.025,0.0
dataset/jpg/unlabeled/image_04567.jpg,jpg/image_04567.jpg,unlabeled,1.0,1.0,0.762,0.354,0.099,0.0,0.006
dataset/jpg/unlabeled/image_04568.jpg,jpg/image_04568.jpg,unlabeled,1.0,0.913,0.894,0.379,0.107,0.065,0.0
dataset/jpg/unlabeled/image_04570.jpg,jpg/image_04570.jpg,unlabeled,1.0,1.17,0.914,0.363,0.028,0.083,0.0
dataset/jpg/unlabeled/image_04571.jpg,jpg/image_04571.jpg,unlabeled,1.0,1.029,0.552,0.249,0.077,0.0,0.0
dataset/jpg/unlabeled/image_04572.jpg,jpg/image_04572.jpg,unlabeled,1.0,1.179,0.896,0.353,0.022,0.107,0.0
dataset/jpg/unlabeled/image_04573.jpg,jpg/image_04573.jpg,unlabeled,1.0,0.976,0.856,0.388,0.14,0.0,0.0
dataset/jpg/unlabeled/image_04574.jpg,jpg/image_04574.jpg,unlabeled,1.0,1.041,0.861,0.384,0.019,0.042,0.0
dataset/jpg/unlabeled/image_04575.jpg,jpg/image_04575.jpg,unlabeled,1.0,1.085,0.963,0.412,0.011,0.055,0.0
dataset/jpg/unlabeled/image_04577.jpg,jpg/image_04577.jpg,unlabeled,1.0,1.162,0.855,0.342,0.083,0.067,0.0
dataset/jpg/unlabeled/image_04580.jpg,jpg/image_04580.jpg,unlabeled,1.0,1.067,1.032,0.45,0.007,0.05,0.0
dataset/jpg/unlabeled/image_04581.jpg,jpg/image_04581.jpg,unlabeled,1.0,0.891,1.044,0.432,0.031,0.07,0.0
dataset/jpg/unlabeled/image_04584.jpg,jpg/image_04584.jpg,unlabeled,1.0,1.008,0.959,0.442,0.014,0.022,0.0
dataset/jpg/unlabeled/image_04585.jpg,jpg/image_04585.jpg,unlabeled,1.0,0.965,0.81,0.363,0.089,0.049,0.0
dataset/jpg/unlabeled/image_04587.jpg,jpg/image_04587.jpg,unlabeled,1.0,1.281,0.892,0.323,0.012,0.117,0.0
dataset/jpg/unlabeled/image_04588.jpg,jpg/image_04588.jpg,unlabeled,1.0,0.838,0.957,0.372,0.148,0.019,0.0
dataset/jpg/unlabeled/image_04590.jpg,jpg/image_04590.jpg,unlabeled,1.0,0.876,0.693,0.282,0.029,0.103,0.0
dataset/jpg/unlabeled/image_04592.jpg,jpg/image_04592.jpg,unlabeled,1.0,1.131,0.965,0.397,0.171,0.071,0.0
dataset/jpg/unlabeled/image_04594.jpg,jpg/image_04594.jpg,unlabeled,1.0,1.194,0.883,0.344,0.056,0.0,0.0
dataset/jpg/unlabeled/image_04595.jpg,jpg/image_04595.jpg,unlabeled,1.0,1.014,0.989,0.453,0.062,0.0,0.0
dataset/jpg/unlabeled/image_04596.jpg,jpg/image_04596.jpg,unlabeled,1.0,0.952,0.775,0.343,0.095,0.01,0.0
dataset/jpg/unlabeled/image_04598.jpg,jpg/image_04598.jpg,unlabeled,1.0,1.211,1.003,0.385,0.024,0.112,0.0
dataset/jpg/unlabeled/image_04599.jpg,jpg/image_04599.jpg,unlabeled,1.0,1.234,0.858,0.323,0.073,0.0,0.0
dataset/jpg/unlabeled/image_04600.jpg,jpg/image_04600.jpg,unlabeled,1.0,1.146,0.955,0.387,0.06,0.071,0.0
dataset/jpg/unlabeled/image_04601.jpg,jpg/image_04601.jpg,unlabeled,1.0,1.116,0.755,0.315,0.065,0.079,0.0
dataset/jpg/unlabeled/image_04603.jpg,jpg/image_04603.jpg,unlabeled,1.0,1.137,1.046,0.428,0.086,0.089,0.0
dataset/jpg/unlabeled/image_04604.jpg,jpg/image_04604.jpg,unlabeled,1.0,1.012,0.964,0.443,0.088,0.0,0.0
dataset/jpg/unlabeled/image_04606.jpg,jpg/image_04606.jpg,unlabeled,1.0,1.137,0.94,0.384,0.021,0.079,0.0
dataset/jpg/unlabeled/image_04607.jpg,jpg/image_04607.jpg,unlabeled,1.0,1.432,0.889,0.288,0.114,0.103,0.0
dataset/jpg/unlabeled/image_04611.jpg,jpg/image_04611.jpg,unlabeled,1.0,1.059,0.722,0.317,0.012,0.004,0.0
dataset/jpg/unlabeled/image_04613.jpg,jpg/image_04613.jpg,unlabeled,1.0,1.009,0.973,0.448,0.032,0.012,0.0
dataset/jpg/unlabeled/image_04615.jpg,jpg/image_04615.jpg,unlabeled,1.0,1.091,0.899,0.383,0.12,0.1,0.0
dataset/jpg/unlabeled/image_04616.jpg,jpg/image_04616.jpg,unlabeled,1.0,1.234,0.932,0.351,0.073,0.113,0.0
dataset/jpg/unlabeled/image_04617.jpg,jpg/image_04617.jpg,unlabeled,1.0,1.045,0.945,0.42,0.173,0.024,0.0
dataset/jpg/unlabeled/image_04618.jpg,jpg/image_04618.jpg,unlabeled,1.0,1.008,0.841,0.388,0.066,0.052,0.0
dataset/jpg/unlabeled/image_04619.jpg,jpg/image_04619.jpg,unlabeled,1.0,1.257,0.88,0.325,0.057,0.0,0.0
dataset/jpg/unlabeled/image_04620.jpg,jpg/image_04620.jpg,unlabeled,1.0,1.146,0.929,0.377,0.06,0.04,0.0
dataset/jpg/unlabeled/image_04621.jpg,jpg/image_04621.jpg,unlabeled,1.0,0.917,0.989,0.422,0.08,0.016,0.0
dataset/jpg/unlabeled/image_04622.jpg,jpg/image_04622.jpg,unlabeled,1.0,0.952,0.96,0.425,0.04,0.055,0.0
dataset/jpg/unlabeled/image_04623.jpg,jpg/image_04623.jpg,unlabeled,1.0,1.315,0.854,0.302,0.027,0.11,0.0
dataset/jpg/unlabeled/image_04628.jpg,jpg/image_04628.jpg,unlabeled,1.0,1.016,0.95,0.435,0.035,0.0,0.0
dataset/jpg/unlabeled/image_04629.jpg,jpg/image_04629.jpg,unlabeled,1.0,1.118,0.881,0.366,0.174,0.004,0.0
dataset/jpg/unlabeled/image_04630.jpg,jpg/image_04630.jpg,unlabeled,1.0,1.106,0.897,0.377,0.052,0.0,0.0
dataset/jpg/unlabeled/image_04631.jpg,jpg/image_04631.jpg,unlabeled,1.0,1.367,0.916,0.311,0.053,0.0,0.0
dataset/jpg/unlabeled/image_04632.jpg,jpg/image_04632.jpg,unlabeled,1.0,0.992,0.937,0.432,0.033,0.012,0.0
dataset/jpg/unlabeled/image_04633.jpg,jpg/image_04633.jpg,unlabeled,1.0,1.378,0.864,0.291,0.018,0.0,0.0
dataset/jpg/unlabeled/image_04637.jpg,jpg/image_04637.jpg,unlabeled,1.0,1.084,0.709,0.304,0.146,0.082,0.0
dataset/jpg/unlabeled/image_04639.jpg,jpg/image_04639.jpg,unlabeled,1.0,1.092,0.831,0.354,0.17,0.028,0.0
dataset/jpg/unlabeled/image_04644.jpg,jpg/image_04644.jpg,unlabeled,1.0,1.092,0.838,0.357,0.046,0.006,0.0
dataset/jpg/unlabeled/image_04645.jpg,jpg/image_04645.jpg,unlabeled,1.0,0.875,0.943,0.383,0.116,0.0,0.0
dataset/jpg/unlabeled/image_04647.jpg,jpg/image_04647.jpg,unlabeled,1.0,1.085,1.014,0.435,0.02,0.069,0.0
dataset/jpg/unlabeled/image_04648.jpg,jpg/image_04648.jpg,unlabeled,1.0,1.125,1.018,0.421,0.005,0.074,0.0
dataset/jpg/unlabeled/image_04649.jpg,jpg/image_04649.jpg,unlabeled,1.0,1.167,0.911,0.363,0.044,0.061,0.0
dataset/jpg/unlabeled/image_04650.jpg,jpg/image_04650.jpg,unlabeled,1.0,1.051,1.017,0.45,0.027,0.048,0.0
dataset/jpg/unlabeled/image_04651.jpg,jpg/image_04651.jpg,unlabeled,1.0,1.111,0.927,0.388,0.036,0.063,0.0
dataset/jpg/unlabeled/image_04652.jpg,jpg/image_04652.jpg,unlabeled,1.0,1.086,0.827,0.354,0.026,0.054,0.0
dataset/jpg/unlabeled/image_04653.jpg,jpg/image_04653.jpg,unlabeled,1.0,1.17,1.057,0.42,0.041,0.097,0.0
dataset/jpg/unlabeled/image_04654.jpg,jpg/image_04654.jpg,unlabeled,1.0,1.225,0.965,0.366,0.003,0.108,0.0
dataset/jpg/unlabeled/image_04655.jpg,jpg/image_04655.jpg,unlabeled,1.0,1.179,0.889,0.35,0.02,0.01,0.0
dataset/jpg/unlabeled/image_04656.jpg,jpg/image_04656.jpg,unlabeled,1.0,0.964,0.978,0.438,0.093,0.033,0.0
dataset/jpg/unlabeled/image_04657.jpg,jpg/image_04657.jpg,unlabeled,1.0,1.008,0.998,0.46,0.036,0.05,0.0
dataset/jpg/unlabeled/image_04658.jpg,jpg/image_04658.jpg,unlabeled,1.0,1.195,0.949,0.369,0.102,0.053,0.0
dataset/jpg/unlabeled/image_04659.jpg,jpg/image_04659.jpg,unlabeled,1.0,1.123,0.904,0.374,0.026,0.087,0.0
dataset/jpg/unlabeled/image_04660.jpg,jpg/image_04660.jpg,unlabeled,1.0,1.239,0.968,0.363,0.025,0.083,0.0
dataset/jpg/unlabeled/image_04661.jpg,jpg/image_04661.jpg,unlabeled,1.0,1.085,0.9,0.385,0.039,0.074,0.0
dataset/jpg/unlabeled/image_04662.jpg,jpg/image_04662.jpg,unlabeled,1.0,1.176,0.968,0.383,0.084,0.104,0.0
dataset/jpg/unlabeled/image_04663.jpg,jpg/image_04663.jpg,unlabeled,1.0,0.953,0.957,0.424,0.019,0.049,0.0
dataset/jpg/unlabeled/image_04664.jpg,jpg/image_04664.jpg,unlabeled,1.0,0.946,0.876,0.385,0.061,0.011,0.0
dataset/jpg/unlabeled/image_04666.jpg,jpg/image_04666.jpg,unlabeled,1.0,1.123,0.909,0.376,0.022,0.073,0.0
dataset/jpg/unlabeled/image_04667.jpg,jpg/image_04667.jpg,unlabeled,1.0,0.992,1.006,0.464,0.002,0.022,0.0
dataset/jpg/unlabeled/image_04668.jpg,jpg/image_04668.jpg,unlabeled,1.0,0.971,0.925,0.417,0.005,0.0,0.0
dataset/jpg/unlabeled/image_04669.jpg,jpg/image_04669.jpg,unlabeled,1.0,1.168,0.932,0.371,0.05,0.101,0.0
dataset/jpg/unlabeled/image_04670.jpg,jpg/image_04670.jpg,unlabeled,1.0,0.991,0.904,0.416,0.019,0.0,0.0
dataset/jpg/unlabeled/image_04671.jpg,jpg/image_04671.jpg,unlabeled,1.0,1.126,0.882,0.364,0.075,0.07,0.0
dataset/jpg/unlabeled/image_04672.jpg,jpg/image_04672.jpg,unlabeled,1.0,1.051,0.915,0.404,0.018,0.0,0.0
dataset/jpg/unlabeled/image_04673.jpg,jpg/image_04673.jpg,unlabeled,1.0,1.071,0.87,0.378,0.048,0.028,0.0
dataset/jpg/unlabeled/image_04675.jpg,jpg/image_04675.jpg,unlabeled,1.0,1.078,0.945,0.408,0.02,0.065,0.0
dataset/jpg/unlabeled/image_04676.jpg,jpg/image_04676.jpg,unlabeled,1.0,1.112,0.9,0.376,0.029,0.077,0.0
dataset/jpg/unlabeled/image_04677.jpg,jpg/image_04677.jpg,unlabeled,1.0,1.068,1.072,0.467,0.007,0.052,0.0
dataset/jpg/unlabeled/image_04678.jpg,jpg/image_04678.jpg,unlabeled,1.0,0.969,1.063,0.478,0.017,0.045,0.0
dataset/jpg/unlabeled/image_04679.jpg,jpg/image_04679.jpg,unlabeled,1.0,1.0,0.999,0.464,0.001,0.02,0.0
dataset/jpg/unlabeled/image_04680.jpg,jpg/image_04680.jpg,unlabeled,1.0,1.041,1.038,0.463,0.017,0.053,0.0
dataset/jpg/unlabeled/image_04681.jpg,jpg/image_04681.jpg,unlabeled,1.0,1.13,0.94,0.387,0.039,0.081,0.0
dataset/jpg/unlabeled/image_04682.jpg,jpg/image_04682.jpg,unlabeled,1.0,0.989,0.964,0.443,0.155,0.0,0.0
dataset/jpg/unlabeled/image_04683.jpg,jpg/image_04683.jpg,unlabeled,1.0,1.0,0.941,0.437,0.016,0.0,0.0
dataset/jpg/unlabeled/image_04684.jpg,jpg/image_04684.jpg,unlabeled,1.0,1.127,0.878,0.362,0.047,0.03,0.0
dataset/jpg/unlabeled/image_04685.jpg,jpg/image_04685.jpg,unlabeled,1.0,0.958,0.935,0.416,0.007,0.0,0.0
dataset/jpg/unlabeled/image_04689.jpg,jpg/image_04689.jpg,unlabeled,1.0,1.333,0.897,0.313,0.06,0.0,0.0
dataset/jpg/unlabeled/image_04692.jpg,jpg/image_04692.jpg,unlabeled,1.0,1.113,0.883,0.369,0.068,0.0,0.0
dataset/jpg/unlabeled/image_04695.jpg,jpg/image_04695.jpg,unlabeled,1.0,0.959,0.958,0.427,0.161,0.0,0.0
dataset/jpg/unlabeled/image_04696.jpg,jpg/image_04696.jpg,unlabeled,1.0,0.94,0.869,0.38,0.052,0.029,0.0
dataset/jpg/unlabeled/image_04697.jpg,jpg/image_04697.jpg,unlabeled,1.0,1.0,0.963,0.447,0.178,0.0,0.0
dataset/jpg/unlabeled/image_04699.jpg,jpg/image_04699.jpg,unlabeled,1.0,0.81,0.874,0.329,0.096,0.044,0.0
dataset/jpg/unlabeled/image_04701.jpg,jpg/image_04701.jpg,unlabeled,0.849,0.79,0.846,0.311,0.049,0.0,0.006
dataset/jpg/unlabeled/image_04703.jpg,jpg/image_04703.jpg,unlabeled,1.0,1.0,0.92,0.427,0.096,0.0,0.0
dataset/jpg/unlabeled/image_04709.jpg,jpg/image_04709.jpg,unlabeled,1.0,1.119,0.902,0.374,0.133,0.0,0.0
dataset/jpg/unlabeled/image_04710.jpg,jpg/image_04710.jpg,unlabeled,1.0,1.316,0.933,0.33,0.172,0.098,0.0
dataset/jpg/unlabeled/image_04711.jpg,jpg/image_04711.jpg,unlabeled,1.0,0.831,0.869,0.335,0.161,0.0,0.0
dataset/jpg/unlabeled/image_04712.jpg,jpg/image_04712.jpg,unlabeled,1.0,1.0,0.842,0.391,0.036,0.0,0.0
dataset/jpg/unlabeled/image_04714.jpg,jpg/image_04714.jpg,unlabeled,1.0,1.09,0.925,0.395,0.051,0.0,0.0
dataset/jpg/unlabeled/image_04715.jpg,jpg/image_04715.jpg,unlabeled,1.0,0.909,0.878,0.371,0.035,0.0,0.0
dataset/jpg/unlabeled/image_04716.jpg,jpg/image_04716.jpg,unlabeled,1.0,1.085,0.874,0.374,0.04,0.0,0.0
dataset/jpg/unlabeled/image_04717.jpg,jpg/image_04717.jpg,unlabeled,1.0,1.08,0.914,0.393,0.006,0.0,0.0
dataset/jpg/unlabeled/image_04718.jpg,jpg/image_04718.jpg,unlabeled,1.0,1.017,0.803,0.367,0.028,0.0,0.0
dataset/jpg/unlabeled/image_04719.jpg,jpg/image_04719.jpg,unlabeled,1.0,1.188,0.899,0.352,0.135,0.081,0.0
dataset/jpg/unlabeled/image_04724.jpg,jpg/image_04724.jpg,unlabeled,1.0,0.97,0.808,0.364,0.109,0.0,0.0
dataset/jpg/unlabeled/image_04728.jpg,jpg/image_04728.jpg,unlabeled,1.0,0.815,0.859,0.326,0.03,0.0,0.0
dataset/jpg/unlabeled/image_04730.jpg,jpg/image_04730.jpg,unlabeled,1.0,1.125,0.796,0.329,0.158,0.0,0.0
dataset/jpg/unlabeled/image_04734.jpg,jpg/image_04734.jpg,unlabeled,1.0,1.339,0.871,0.302,0.067,0.01,0.0
dataset/jpg/unlabeled/image_04735.jpg,jpg/image_04735.jpg,unlabeled,1.0,0.868,0.587,0.237,0.05,0.0,0.034
dataset/jpg/unlabeled/image_04736.jpg,jpg/image_04736.jpg,unlabeled,1.0,1.056,0.801,0.353,0.087,0.0,0.0
dataset/jpg/unlabeled/image_04738.jpg,jpg/image_04738.jpg,unlabeled,1.0,0.802,0.765,0.285,0.027,0.0,0.0
dataset/jpg/unlabeled/image_04741.jpg,jpg/image_04741.jpg,unlabeled,1.0,0.87,0.849,0.343,0.052,0.023,0.0
dataset/jpg/unlabeled/image_04742.jpg,jpg/image_04742.jpg,unlabeled,1.0,0.852,0.969,0.384,0.038,0.0,0.0
dataset/jpg/unlabeled/image_04745.jpg,jpg/image_04745.jpg,unlabeled,1.0,0.986,0.957,0.438,0.063,0.0,0.0
dataset/jpg/unlabeled/image_04747.jpg,jpg/image_04747.jpg,unlabeled,1.0,1.094,0.896,0.381,0.101,0.02,0.0
dataset/jpg/unlabeled/image_04748.jpg,jpg/image_04748.jpg,unlabeled,1.0,0.977,0.824,0.374,0.103,0.0,0.0
dataset/jpg/unlabeled/image_04751.jpg,jpg/image_04751.jpg,unlabeled,1.0,0.759,0.833,0.294,0.028,0.0,0.0
dataset/jpg/unlabeled/image_04752.jpg,jpg/image_04752.jpg,unlabeled,1.0,0.944,0.959,0.421,0.02,0.0,0.0
dataset/jpg/unlabeled/image_04754.jpg,jpg/image_04754.jpg,unlabeled,1.0,1.104,0.862,0.363,0.122,0.0,0.0
dataset/jpg/unlabeled/image_04755.jpg,jpg/image_04755.jpg,unlabeled,1.0,1.155,0.89,0.358,0.025,0.086,0.0
dataset/jpg/unlabeled/image_04756.jpg,jpg/image_04756.jpg,unlabeled,1.0,0.96,0.785,0.35,0.048,0.0,0.0
dataset/jpg/unlabeled/image_04757.jpg,jpg/image_04757.jpg,unlabeled,1.0,1.083,0.952,0.408,0.075,0.053,0.0
dataset/jpg/unlabeled/image_04758.jpg,jpg/image_04758.jpg,unlabeled,1.0,0.979,0.864,0.393,0.083,0.052,0.0
dataset/jpg/unlabeled/image_04759.jpg,jpg/image_04759.jpg,unlabeled,1.0,1.165,0.674,0.269,0.038,0.09,0.0
dataset/jpg/unlabeled/image_04760.jpg,jpg/image_04760.jpg,unlabeled,1.0,0.763,0.865,0.307,0.024,0.0,0.0
dataset/jpg/unlabeled/image_04761.jpg,jpg/image_04761.jpg,unlabeled,1.0,1.205,0.891,0.344,0.156,0.041,0.0
dataset/jpg/unlabeled/image_04762.jpg,jpg/image_04762.jpg,unlabeled,1.0,1.056,0.824,0.363,0.061,0.0,0.0
dataset/jpg/unlabeled/image_04764.jpg,jpg/image_04764.jpg,unlabeled,1.0,0.99,1.032,0.475,0.123,0.0,0.0
dataset/jpg/unlabeled/image_04765.jpg,jpg/image_04765.jpg,unlabeled,1.0,1.124,0.93,0.385,0.085,0.054,0.0
dataset/jpg/unlabeled/image_04766.jpg,jpg/image_04766.jpg,unlabeled,1.0,1.087,0.904,0.387,0.079,0.0,0.0
dataset/jpg/unlabeled/image_04768.jpg,jpg/image_04768.jpg,unlabeled,1.0,1.069,0.737,0.32,0.021,0.0,0.0
dataset/jpg/unlabeled/image_04769.jpg,jpg/image_04769.jpg,unlabeled,1.0,1.116,0.882,0.367,0.014,0.08,0.0
dataset/jpg/unlabeled/image_04770.jpg,jpg/image_04770.jpg,unlabeled,1.0,1.26,0.779,0.287,0.051,0.078,0.0
dataset/jpg/unlabeled/image_04776.jpg,jpg/image_04776.jpg,unlabeled,1.0,0.833,0.866,0.335,0.137,0.0,0.0
dataset/jpg/unlabeled/image_04778.jpg,jpg/image_04778.jpg,unlabeled,1.0,1.378,0.744,0.251,0.126,0.106,0.0
dataset/jpg/unlabeled/image_04782.jpg,jpg/image_04782.jpg,unlabeled,1.0,1.103,0.664,0.28,0.165,0.054,0.0
dataset/jpg/unlabeled/image_04783.jpg,jpg/image_04783.jpg,unlabeled,1.0,0.884,0.827,0.34,0.031,0.018,0.0
dataset/jpg/unlabeled/image_04784.jpg,jpg/image_04784.jpg,unlabeled,1.0,1.126,0.757,0.312,0.044,0.108,0.0
dataset/jpg/unlabeled/image_04785.jpg,jpg/image_04785.jpg,unlabeled,1.0,1.189,0.983,0.384,0.08,0.114,0.0
dataset/jpg/unlabeled/image_04788.jpg,jpg/image_04788.jpg,unlabeled,1.0,0.769,0.92,0.329,0.112,0.103,0.0
dataset/jpg/unlabeled/image_04794.jpg,jpg/image_04794.jpg,unlabeled,1.0,1.104,0.9,0.379,0.015,0.075,0.0
dataset/jpg/unlabeled/image_04795.jpg,jpg/image_04795.jpg,unlabeled,1.0,1.208,0.969,0.373,0.022,0.089,0.0
dataset/jpg/unlabeled/image_04796.jpg,jpg/image_04796.jpg,unlabeled,1.0,0.923,0.801,0.344,0.101,0.076,0.0
dataset/jpg/unlabeled/image_04797.jpg,jpg/image_04797.jpg,unlabeled,1.0,1.021,0.852,0.388,0.043,0.033,0.0
dataset/jpg/unlabeled/image_04798.jpg,jpg/image_04798.jpg,unlabeled,1.0,1.242,0.595,0.223,0.088,0.114,0.003
dataset/jpg/unlabeled/image_04799.jpg,jpg/image_04799.jpg,unlabeled,1.0,1.043,0.655,0.292,0.093,0.086,0.0
dataset/jpg/unlabeled/image_04801.jpg,jpg/image_04801.jpg,unlabeled,1.0,0.865,0.726,0.292,0.062,0.093,0.0
dataset/jpg/unlabeled/image_04802.jpg,jpg/image_04802.jpg,unlabeled,1.0,1.402,0.786,0.261,0.127,0.113,0.0
dataset/jpg/unlabeled/image_04803.jpg,jpg/image_04803.jpg,unlabeled,1.0,1.055,0.83,0.365,0.108,0.0,0.0
dataset/jpg/unlabeled/image_04804.jpg,jpg/image_04804.jpg,unlabeled,1.0,1.359,0.817,0.279,0.011,0.06,0.0
dataset/jpg/unlabeled/image_04805.jpg,jpg/image_04805.jpg,unlabeled,1.0,1.115,0.904,0.377,0.097,0.083,0.0
dataset/jpg/unlabeled/image_04807.jpg,jpg/image_04807.jpg,unlabeled,1.0,1.155,0.86,0.346,0.024,0.076,0.0
dataset/jpg/unlabeled/image_04808.jpg,jpg/image_04808.jpg,unlabeled,1.0,0.903,0.901,0.378,0.065,0.068,0.0
dataset/jpg/unlabeled/image_04809.jpg,jpg/image_04809.jpg,unlabeled,1.0,1.33,0.617,0.216,0.026,0.113,0.0
dataset/jpg/unlabeled/image_04810.jpg,jpg/image_04810.jpg,unlabeled,1.0,1.24,0.762,0.286,0.047,0.033,0.0
dataset/jpg/unlabeled/image_04816.jpg,jpg/image_04816.jpg,unlabeled,1.0,0.741,0.717,0.247,0.054,0.119,0.0
dataset/jpg/unlabeled/image_04818.jpg,jpg/image_04818.jpg,unlabeled,1.0,1.07,0.762,0.331,0.115,0.083,0.0
dataset/jpg/unlabeled/image_04821.jpg,jpg/image_04821.jpg,unlabeled,1.0,1.27,0.843,0.309,0.08,0.028,0.0
dataset/jpg/unlabeled/image_04822.jpg,jpg/image_04822.jpg,unlabeled,1.0,0.914,0.945,0.401,0.074,0.064,0.0
dataset/jpg/unlabeled/image_04826.jpg,jpg/image_04826.jpg,unlabeled,1.0,1.032,1.095,0.493,0.028,0.057,0.0
dataset/jpg/unlabeled/image_04828.jpg,jpg/image_04828.jpg,unlabeled,1.0,0.821,0.657,0.251,0.153,0.0,0.0
dataset/jpg/unlabeled/image_04829.jpg,jpg/image_04829.jpg,unlabeled,1.0,1.255,0.904,0.335,0.048,0.111,0.0
dataset/jpg/unlabeled/image_04830.jpg,jpg/image_04830.jpg,unlabeled,1.0,0.905,0.954,0.401,0.13,0.03,0.0
dataset/jpg/unlabeled/image_04831.jpg,jpg/image_04831.jpg,unlabeled,1.0,1.029,1.061,0.479,0.081,0.063,0.016
dataset/jpg/unlabeled/image_04833.jpg,jpg/image_04833.jpg,unlabeled,1.0,0.859,0.765,0.305,0.045,0.095,0.0
dataset/jpg/unlabeled/image_04834.jpg,jpg/image_04834.jpg,unlabeled,1.0,0.976,0.805,0.365,0.031,0.053,0.0
dataset/jpg/unlabeled/image_04837.jpg,jpg/image_04837.jpg,unlabeled,1.0,1.159,0.837,0.335,0.046,0.096,0.0
dataset/jpg/unlabeled/image_04840.jpg,jpg/image_04840.jpg,unlabeled,1.0,0.871,0.958,0.388,0.025,0.057,0.0
dataset/jpg/unlabeled/image_04842.jpg,jpg/image_04842.jpg,unlabeled,1.0,1.218,1.024,0.39,0.074,0.119,0.0
dataset/jpg/unlabeled/image_04843.jpg,jpg/image_04843.jpg,unlabeled,1.0,1.147,0.744,0.301,0.016,0.084,0.0
dataset/jpg/unlabeled/image_04846.jpg,jpg/image_04846.jpg,unlabeled,1.0,1.208,0.909,0.35,0.041,0.098,0.0
dataset/jpg/unlabeled/image_04847.jpg,jpg/image_04847.jpg,unlabeled,1.0,1.242,0.878,0.329,0.027,0.118,0.0
dataset/jpg/unlabeled/image_04848.jpg,jpg/image_04848.jpg,unlabeled,1.0,1.233,0.761,0.287,0.022,0.097,0.0
dataset/jpg/unlabeled/image_04849.jpg,jpg/image_04849.jpg,unlabeled,1.0,1.06,0.805,0.353,0.1,0.017,0.0
dataset/jpg/unlabeled/image_04852.jpg,jpg/image_04852.jpg,unlabeled,1.0,0.818,0.731,0.278,0.013,0.092,0.0
dataset/jpg/unlabeled/image_04853.jpg,jpg/image_04853.jpg,unlabeled,1.0,1.088,0.826,0.353,0.022,0.038,0.0
dataset/jpg/unlabeled/image_04854.jpg,jpg/image_04854.jpg,unlabeled,1.0,1.018,1.068,0.488,0.028,0.032,0.0
dataset/jpg/unlabeled/image_04855.jpg,jpg/image_04855.jpg,unlabeled,1.0,0.952,0.713,0.315,0.03,0.069,0.0
dataset/jpg/unlabeled/image_04856.jpg,jpg/image_04856.jpg,unlabeled,1.0,1.227,0.861,0.326,0.029,0.073,0.0
dataset/jpg/unlabeled/image_04857.jpg,jpg/image_04857.jpg,unlabeled,1.0,1.153,0.793,0.319,0.042,0.062,0.0
dataset/jpg/unlabeled/image_04859.jpg,jpg/image_04859.jpg,unlabeled,1.0,0.921,0.8,0.342,0.01,0.066,0.0
dataset/jpg/unlabeled/image_04861.jpg,jpg/image_04861.jpg,unlabeled,1.0,0.869,0.892,0.36,0.043,0.043,0.0
dataset/jpg/unlabeled/image_04862.jpg,jpg/image_04862.jpg,unlabeled,1.0,0.866,0.805,0.324,0.015,0.094,0.0
dataset/jpg/unlabeled/image_04864.jpg,jpg/image_04864.jpg,unlabeled,1.0,1.084,0.766,0.328,0.027,0.052,0.0
dataset/jpg/unlabeled/image_04865.jpg,jpg/image_04865.jpg,unlabeled,1.0,1.234,0.815,0.307,0.017,0.117,0.0
dataset/jpg/unlabeled/image_04866.jpg,jpg/image_04866.jpg,unlabeled,1.0,1.041,0.895,0.4,0.006,0.031,0.0
dataset/jpg/unlabeled/image_04867.jpg,jpg/image_04867.jpg,unlabeled,1.0,1.143,0.844,0.343,0.022,0.08,0.0
dataset/jpg/unlabeled/image_04868.jpg,jpg/image_04868.jpg,unlabeled,1.0,1.041,0.886,0.396,0.079,0.081,0.0
dataset/jpg/unlabeled/image_04869.jpg,jpg/image_04869.jpg,unlabeled,1.0,1.036,0.879,0.395,0.055,0.037,0.0
dataset/jpg/unlabeled/image_04871.jpg,jpg/image_04871.jpg,unlabeled,1.0,1.008,0.864,0.399,0.023,0.042,0.0
dataset/jpg/unlabeled/image_04872.jpg,jpg/image_04872.jpg,unlabeled,1.0,0.766,0.66,0.235,0.022,0.101,0.0
dataset/jpg/unlabeled/image_04873.jpg,jpg/image_04873.jpg,unlabeled,1.0,1.13,0.912,0.375,0.049,0.081,0.0
dataset/jpg/unlabeled/image_04876.jpg,jpg/image_04876.jpg,unlabeled,1.0,1.243,0.749,0.28,0.011,0.065,0.0
dataset/jpg/unlabeled/image_04877.jpg,jpg/image_04877.jpg,unlabeled,1.0,0.752,0.688,0.24,0.031,0.107,0.0
dataset/jpg/unlabeled/image_04881.jpg,jpg/image_04881.jpg,unlabeled,1.0,0.912,0.823,0.349,0.041,0.053,0.0
dataset/jpg/unlabeled/image_04882.jpg,jpg/image_04882.jpg,unlabeled,1.0,0.976,0.99,0.449,0.012,0.036,0.0
dataset/jpg/unlabeled/image_04883.jpg,jpg/image_04883.jpg,unlabeled,1.0,1.28,0.733,0.266,0.041,0.077,0.0
dataset/jpg/unlabeled/image_04884.jpg,jpg/image_04884.jpg,unlabeled,1.0,1.0,0.861,0.4,0.032,0.023,0.0
dataset/jpg/unlabeled/image_04885.jpg,jpg/image_04885.jpg,unlabeled,1.0,1.025,0.78,0.354,0.032,0.039,0.0
dataset/jpg/unlabeled/image_04886.jpg,jpg/image_04886.jpg,unlabeled,1.0,1.088,0.881,0.376,0.022,0.052,0.0
dataset/jpg/unlabeled/image_04887.jpg,jpg/image_04887.jpg,unlabeled,1.0,1.133,0.888,0.364,0.026,0.077,0.0
dataset/jpg/unlabeled/image_04888.jpg,jpg/image_04888.jpg,unlabeled,1.0,0.944,0.808,0.354,0.021,0.055,0.0
dataset/jpg/unlabeled/image_04890.jpg,jpg/image_04890.jpg,unlabeled,1.0,0.991,0.811,0.373,0.018,0.012,0.0
dataset/jpg/unlabeled/image_04892.jpg,jpg/image_04892.jpg,unlabeled,1.0,1.095,0.801,0.34,0.05,0.091,0.0
dataset/jpg/unlabeled/image_04893.jpg,jpg/image_04893.jpg,unlabeled,1.0,1.386,0.755,0.253,0.011,0.107,0.0
dataset/jpg/unlabeled/image_04894.jpg,jpg/image_04894.jpg,unlabeled,1.0,1.103,0.978,0.412,0.019,0.073,0.0
dataset/jpg/unlabeled/image_04895.jpg,jpg/image_04895.jpg,unlabeled,1.0,0.914,0.841,0.357,0.015,0.051,0.0
dataset/jpg/unlabeled/image_04896.jpg,jpg/image_04896.jpg,unlabeled,1.0,1.263,0.739,0.272,0.028,0.08,0.0
dataset/jpg/unlabeled/image_04897.jpg,jpg/image_04897.jpg,unlabeled,1.0,0.768,0.846,0.302,0.081,0.093,0.01
dataset/jpg/unlabeled/image_04899.jpg,jpg/image_04899.jpg,unlabeled,1.0,1.188,0.764,0.299,0.054,0.038,0.0
dataset/jpg/unlabeled/image_04900.jpg,jpg/image_04900.jpg,unlabeled,1.0,1.156,0.814,0.327,0.137,0.0,0.0
dataset/jpg/unlabeled/image_04903.jpg,jpg/image_04903.jpg,unlabeled,1.0,0.816,0.591,0.224,0.07,0.083,0.002
dataset/jpg/unlabeled/image_04904.jpg,jpg/image_04904.jpg,unlabeled,1.0,1.054,0.894,0.394,0.066,0.0,0.0
dataset/jpg/unlabeled/image_04907.jpg,jpg/image_04907.jpg,unlabeled,1.0,1.298,0.933,0.334,0.022,0.078,0.0
dataset/jpg/unlabeled/image_04908.jpg,jpg/image_04908.jpg,unlabeled,1.0,0.99,0.883,0.406,0.026,0.0,0.0
dataset/jpg/unlabeled/image_04909.jpg,jpg/image_04909.jpg,unlabeled,1.0,1.022,0.97,0.441,0.133,0.061,0.0
dataset/jpg/unlabeled/image_04911.jpg,jpg/image_04911.jpg,unlabeled,1.0,0.75,0.838,0.292,0.052,0.028,0.0
dataset/jpg/unlabeled/image_04912.jpg,jpg/image_04912.jpg,unlabeled,1.0,1.157,0.601,0.241,0.173,0.096,0.0
dataset/jpg/unlabeled/image_04914.jpg,jpg/image_04914.jpg,unlabeled,1.0,0.852,0.708,0.28,0.142,0.112,0.008
dataset/jpg/unlabeled/image_04917.jpg,jpg/image_04917.jpg,unlabeled,1.0,0.954,0.764,0.339,0.144,0.07,0.001
dataset/jpg/unlabeled/image_04922.jpg,jpg/image_04922.jpg,unlabeled,1.0,0.949,0.768,0.339,0.013,0.0,0.0
dataset/jpg/unlabeled/image_04926.jpg,jpg/image_04926.jpg,unlabeled,1.0,0.938,1.093,0.476,0.022,0.057,0.0
dataset/jpg/unlabeled/image_04929.jpg,jpg/image_04929.jpg,unlabeled,1.0,0.844,0.797,0.312,0.072,0.0,0.0
dataset/jpg/unlabeled/image_04933.jpg,jpg/image_04933.jpg,unlabeled,1.0,1.104,0.908,0.382,0.167,0.034,0.0
dataset/jpg/unlabeled/image_04935.jpg,jpg/image_04935.jpg,unlabeled,1.0,1.15,1.017,0.411,0.103,0.08,0.0
dataset/jpg/unlabeled/image_04941.jpg,jpg/image_04941.jpg,unlabeled,1.0,1.325,1.02,0.358,0.089,0.033,0.0
dataset/jpg/unlabeled/image_04942.jpg,jpg/image_04942.jpg,unlabeled,1.0,1.196,1.0,0.388,0.043,0.055,0.0
dataset/jpg/unlabeled/image_04946.jpg,jpg/image_04946.jpg,unlabeled,1.0,1.253,0.957,0.355,0.033,0.094,0.0
dataset/jpg/unlabeled/image_04947.jpg,jpg/image_04947.jpg,unlabeled,1.0,1.0,0.919,0.427,0.126,0.021,0.004
dataset/jpg/unlabeled/image_04950.jpg,jpg/image_04950.jpg,unlabeled,1.0,1.053,0.981,0.433,0.063,0.0,0.0
dataset/jpg/unlabeled/image_04956.jpg,jpg/image_04956.jpg,unlabeled,1.0,0.857,1.019,0.406,0.085,0.03,0.0
dataset/jpg/unlabeled/image_04957.jpg,jpg/image_04957.jpg,unlabeled,1.0,0.96,0.843,0.376,0.13,0.038,0.0
dataset/jpg/unlabeled/image_04958.jpg,jpg/image_04958.jpg,unlabeled,1.0,0.872,1.009,0.409,0.167,0.056,0.0
dataset/jpg/unlabeled/image_04959.jpg,jpg/image_04959.jpg,unlabeled,1.0,0.754,1.007,0.353,0.146,0.099,0.0
dataset/jpg/unlabeled/image_04961.jpg,jpg/image_04961.jpg,unlabeled,1.0,1.07,0.904,0.393,0.112,0.0,0.0
dataset/jpg/unlabeled/image_04964.jpg,jpg/image_04964.jpg,unlabeled,1.0,1.044,1.015,0.452,0.051,0.0,0.0
dataset/jpg/unlabeled/image_04965.jpg,jpg/image_04965.jpg,unlabeled,1.0,1.091,0.974,0.415,0.046,0.018,0.0
dataset/jpg/unlabeled/image_04966.jpg,jpg/image_04966.jpg,unlabeled,1.0,1.155,0.962,0.387,0.037,0.085,0.0
dataset/jpg/unlabeled/image_04971.jpg,jpg/image_04971.jpg,unlabeled,1.0,0.85,0.857,0.338,0.045,0.096,0.0
dataset/jpg/unlabeled/image_04972.jpg,jpg/image_04972.jpg,unlabeled,1.0,1.403,0.888,0.294,0.135,0.069,0.0
dataset/jpg/unlabeled/image_04974.jpg,jpg/image_04974.jpg,unlabeled,1.0,0.99,0.969,0.446,0.028,0.0,0.0
dataset/jpg/unlabeled/image_04975.jpg,jpg/image_04975.jpg,unlabeled,1.0,1.014,0.94,0.431,0.088,0.0,0.0
dataset/jpg/unlabeled/image_04976.jpg,jpg/image_04976.jpg,unlabeled,1.0,1.126,0.977,0.403,0.071,0.086,0.0
dataset/jpg/unlabeled/image_04981.jpg,jpg/image_04981.jpg,unlabeled,1.0,0.94,0.94,0.411,0.109,0.0,0.0
dataset/jpg/unlabeled/image_04983.jpg,jpg/image_04983.jpg,unlabeled,1.0,1.262,0.778,0.286,0.028,0.116,0.0
dataset/jpg/unlabeled/image_04985.jpg,jpg/image_04985.jpg,unlabeled,1.0,0.902,0.892,0.374,0.031,0.036,0.0
dataset/jpg/unlabeled/image_04988.jpg,jpg/image_04988.jpg,unlabeled,1.0,0.949,0.978,0.431,0.117,0.013,0.0
dataset/jpg/unlabeled/image_04989.jpg,jpg/image_04989.jpg,unlabeled,1.0,0.94,0.875,0.382,0.082,0.035,0.0
dataset/jpg/unlabeled/image_04990.jpg,jpg/image_04990.jpg,unlabeled,1.0,1.03,0.966,0.436,0.064,0.0,0.0
dataset/jpg/unlabeled/image_04991.jpg,jpg/image_04991.jpg,unlabeled,1.0,1.018,0.984,0.449,0.028,0.0,0.0
dataset/jpg/unlabeled/image_04992.jpg,jpg/image_04992.jpg,unlabeled,1.0,0.805,0.858,0.321,0.065,0.004,0.0
dataset/jpg/unlabeled/image_04993.jpg,jpg/image_04993.jpg,unlabeled,0.929,1.056,0.964,0.425,0.03,0.0,0.021
dataset/jpg/unlabeled/image_04995.jpg,jpg/image_04995.jpg,unlabeled,1.0,1.131,0.762,0.313,0.068,0.08,0.0
dataset/jpg/unlabeled/image_04996.jpg,jpg/image_04996.jpg,unlabeled,1.0,1.11,0.962,0.403,0.112,0.0,0.0
dataset/jpg/unlabeled/image_04999.jpg,jpg/image_04999.jpg,unlabeled,1.0,0.919,0.814,0.348,0.029,0.0,0.0
dataset/jpg/unlabeled/image_05000.jpg,jpg/image_05000.jpg,unlabeled,1.0,1.28,0.776,0.282,0.048,0.004,0.0
dataset/jpg/unlabeled/image_05003.jpg,jpg/image_05003.jpg,unlabeled,1.0,0.99,0.997,0.459,0.125,0.007,0.0
dataset/jpg/unlabeled/image_05005.jpg,jpg/image_05005.jpg,unlabeled,1.0,1.018,1.095,0.5,0.049,0.021,0.0
dataset/jpg/unlabeled/image_05010.jpg,jpg/image_05010.jpg,unlabeled,1.0,1.0,0.926,0.43,0.172,0.0,0.0
dataset/jpg/unlabeled/image_05011.jpg,jpg/image_05011.jpg,unlabeled,1.0,0.922,1.039,0.445,0.042,0.072,0.0
dataset/jpg/unlabeled/image_05012.jpg,jpg/image_05012.jpg,unlabeled,1.0,1.008,1.021,0.47,0.059,0.052,0.0
dataset/jpg/unlabeled/image_05014.jpg,jpg/image_05014.jpg,unlabeled,1.0,0.964,0.983,0.44,0.168,0.024,0.0
dataset/jpg/unlabeled/image_05015.jpg,jpg/image_05015.jpg,unlabeled,1.0,0.778,0.899,0.325,0.038,0.117,0.0
dataset/jpg/unlabeled/image_05016.jpg,jpg/image_05016.jpg,unlabeled,1.0,1.024,0.829,0.376,0.035,0.045,0.0
dataset/jpg/unlabeled/image_05017.jpg,jpg/image_05017.jpg,unlabeled,1.0,1.031,0.933,0.421,0.127,0.019,0.0
dataset/jpg/unlabeled/image_05019.jpg,jpg/image_05019.jpg,unlabeled,1.0,0.989,1.006,0.462,0.105,0.0,0.0
dataset/jpg/unlabeled/image_05020.jpg,jpg/image_05020.jpg,unlabeled,1.0,1.196,0.808,0.314,0.012,0.107,0.0
dataset/jpg/unlabeled/image_05023.jpg,jpg/image_05023.jpg,unlabeled,1.0,1.345,0.674,0.233,0.093,0.0,0.0
dataset/jpg/unlabeled/image_05024.jpg,jpg/image_05024.jpg,unlabeled,1.0,1.15,0.728,0.294,0.021,0.074,0.0
dataset/jpg/unlabeled/image_05025.jpg,jpg/image_05025.jpg,unlabeled,1.0,0.939,0.84,0.367,0.101,0.006,0.0
dataset/jpg/unlabeled/image_05026.jpg,jpg/image_05026.jpg,unlabeled,1.0,1.029,0.796,0.359,0.101,0.04,0.0
dataset/jpg/unlabeled/image_05027.jpg,jpg/image_05027.jpg,unlabeled,1.0,1.108,0.75,0.314,0.047,0.025,0.0
dataset/jpg/unlabeled/image_05028.jpg,jpg/image_05028.jpg,unlabeled,1.0,1.211,0.733,0.282,0.078,0.068,0.0
dataset/jpg/unlabeled/image_05029.jpg,jpg/image_05029.jpg,unlabeled,1.0,0.924,0.863,0.371,0.029,0.0,0.0
dataset/jpg/unlabeled/image_05030.jpg,jpg/image_05030.jpg,unlabeled,1.0,0.981,0.83,0.378,0.077,0.025,0.0
dataset/jpg/unlabeled/image_05031.jpg,jpg/image_05031.jpg,unlabeled,1.0,1.081,0.859,0.369,0.046,0.0,0.0
dataset/jpg/unlabeled/image_05032.jpg,jpg/image_05032.jpg,unlabeled,1.0,1.099,0.879,0.372,0.088,0.033,0.0
dataset/jpg/unlabeled/image_05033.jpg,jpg/image_05033.jpg,unlabeled,1.0,0.788,0.75,0.275,0.013,0.026,0.0
dataset/jpg/unlabeled/image_05035.jpg,jpg/image_05035.jpg,unlabeled,1.0,1.064,0.674,0.294,0.083,0.046,0.0
dataset/jpg/unlabeled/image_05036.jpg,jpg/image_05036.jpg,unlabeled,1.0,1.056,0.746,0.328,0.008,0.0,0.0
dataset/jpg/unlabeled/image_05037.jpg,jpg/image_05037.jpg,unlabeled,1.0,1.264,0.681,0.25,0.105,0.087,0.0
dataset/jpg/unlabeled/image_05038.jpg,jpg/image_05038.jpg,unlabeled,1.0,1.333,0.634,0.221,0.04,0.055,0.0
dataset/jpg/unlabeled/image_05039.jpg,jpg/image_05039.jpg,unlabeled,1.0,0.901,0.862,0.361,0.014,0.01,0.0
dataset/jpg/unlabeled/image_05040.jpg,jpg/image_05040.jpg,unlabeled,1.0,1.012,0.793,0.364,0.054,0.023,0.0
dataset/jpg/unlabeled/image_05041.jpg,jpg/image_05041.jpg,unlabeled,1.0,1.188,0.829,0.324,0.029,0.029,0.0
dataset/jpg/unlabeled/image_05043.jpg,jpg/image_05043.jpg,unlabeled,1.0,0.951,0.618,0.273,0.052,0.055,0.0
dataset/jpg/unlabeled/image_05044.jpg,jpg/image_05044.jpg,unlabeled,1.0,1.42,0.761,0.249,0.026,0.101,0.0
dataset/jpg/unlabeled/image_05045.jpg,jpg/image_05045.jpg,unlabeled,1.0,1.159,0.902,0.362,0.176,0.082,0.0
dataset/jpg/unlabeled/image_05049.jpg,jpg/image_05049.jpg,unlabeled,1.0,1.301,0.705,0.252,0.038,0.086,0.0
dataset/jpg/unlabeled/image_05050.jpg,jpg/image_05050.jpg,unlabeled,1.0,1.211,0.588,0.226,0.081,0.114,0.0
dataset/jpg/unlabeled/image_05051.jpg,jpg/image_05051.jpg,unlabeled,1.0,1.047,0.7,0.311,0.126,0.0,0.0
dataset/jpg/unlabeled/image_05052.jpg,jpg/image_05052.jpg,unlabeled,1.0,1.094,0.765,0.325,0.1,0.043,0.0
dataset/jpg/unlabeled/image_05055.jpg,jpg/image_05055.jpg,unlabeled,1.0,0.856,0.627,0.249,0.015,0.043,0.0
dataset/jpg/unlabeled/image_05056.jpg,jpg/image_05056.jpg,unlabeled,1.0,1.189,0.707,0.276,0.123,0.012,0.0
dataset/jpg/unlabeled/image_05058.jpg,jpg/image_05058.jpg,unlabeled,1.0,1.186,0.717,0.281,0.003,0.009,0.0
dataset/jpg/unlabeled/image_05059.jpg,jpg/image_05059.jpg,unlabeled,1.0,1.061,0.727,0.318,0.008,0.052,0.0
dataset/jpg/unlabeled/image_05061.jpg,jpg/image_05061.jpg,unlabeled,1.0,0.909,0.761,0.322,0.07,0.022,0.0
dataset/jpg/unlabeled/image_05063.jpg,jpg/image_05063.jpg,unlabeled,1.0,0.986,0.835,0.383,0.124,0.0,0.0
dataset/jpg/unlabeled/image_05064.jpg,jpg/image_05064.jpg,unlabeled,1.0,1.085,0.746,0.32,0.038,0.006,0.0
dataset/jpg/unlabeled/image_05065.jpg,jpg/image_05065.jpg,unlabeled,1.0,0.971,0.712,0.321,0.069,0.0,0.0
dataset/jpg/unlabeled/image_05066.jpg,jpg/image_05066.jpg,unlabeled,1.0,0.938,0.877,0.382,0.045,0.0,0.0
dataset/jpg/unlabeled/image_05067.jpg,jpg/image_05067.jpg,unlabeled,1.0,0.881,0.609,0.249,0.04,0.0,0.0
dataset/jpg/unlabeled/image_05068.jpg,jpg/image_05068.jpg,unlabeled,1.0,1.426,0.708,0.231,0.051,0.025,0.0
dataset/jpg/unlabeled/image_05069.jpg,jpg/image_05069.jpg,unlabeled,1.0,0.967,0.839,0.377,0.107,0.0,0.0
dataset/jpg/unlabeled/image_05070.jpg,jpg/image_05070.jpg,unlabeled,1.0,0.986,0.589,0.27,0.051,0.0,0.0
dataset/jpg/unlabeled/image_05071.jpg,jpg/image_05071.jpg,unlabeled,1.0,1.203,0.762,0.294,0.018,0.042,0.0
dataset/jpg/unlabeled/image_05072.jpg,jpg/image_05072.jpg,unlabeled,1.0,1.083,0.72,0.309,0.065,0.016,0.007
dataset/jpg/unlabeled/image_05073.jpg,jpg/image_05073.jpg,unlabeled,1.0,1.157,0.802,0.322,0.045,0.038,0.0
dataset/jpg/unlabeled/image_05074.jpg,jpg/image_05074.jpg,unlabeled,1.0,1.074,0.817,0.354,0.031,0.0,0.0
dataset/jpg/unlabeled/image_05075.jpg,jpg/image_05075.jpg,unlabeled,1.0,0.985,0.838,0.384,0.044,0.0,0.0
dataset/jpg/unlabeled/image_05076.jpg,jpg/image_05076.jpg,unlabeled,1.0,1.197,0.889,0.345,0.089,0.06,0.0
dataset/jpg/unlabeled/image_05077.jpg,jpg/image_05077.jpg,unlabeled,1.0,1.114,0.793,0.331,0.065,0.015,0.0
dataset/jpg/unlabeled/image_05078.jpg,jpg/image_05078.jpg,unlabeled,1.0,1.273,0.767,0.28,0.027,0.032,0.0
dataset/jpg/unlabeled/image_05079.jpg,jpg/image_05079.jpg,unlabeled,1.0,1.31,0.776,0.275,0.071,0.0,0.0
dataset/jpg/unlabeled/image_05080.jpg,jpg/image_05080.jpg,unlabeled,1.0,1.014,0.729,0.334,0.063,0.0,0.0
dataset/jpg/unlabeled/image_05081.jpg,jpg/image_05081.jpg,unlabeled,1.0,1.153,0.876,0.353,0.07,0.0,0.0
dataset/jpg/unlabeled/image_05082.jpg,jpg/image_05082.jpg,unlabeled,1.0,1.0,0.843,0.392,0.015,0.0,0.0
dataset/jpg/unlabeled/image_05083.jpg,jpg/image_05083.jpg,unlabeled,1.0,1.031,0.856,0.386,0.013,0.0,0.0
dataset/jpg/unlabeled/image_05084.jpg,jpg/image_05084.jpg,unlabeled,1.0,1.369,0.771,0.262,0.034,0.065,0.0
dataset/jpg/unlabeled/image_05087.jpg,jpg/image_05087.jpg,unlabeled,1.0,0.762,0.78,0.276,0.007,0.079,0.0
dataset/jpg/unlabeled/image_05088.jpg,jpg/image_05088.jpg,unlabeled,1.0,0.783,0.92,0.335,0.018,0.011,0.0
dataset/jpg/unlabeled/image_05089.jpg,jpg/image_05089.jpg,unlabeled,1.0,0.733,0.96,0.327,0.111,0.056,0.0
dataset/jpg/unlabeled/image_05090.jpg,jpg/image_05090.jpg,unlabeled,1.0,0.797,0.869,0.322,0.004,0.112,0.0
dataset/jpg/unlabeled/image_05094.jpg,jpg/image_05094.jpg,unlabeled,1.0,0.919,0.823,0.351,0.024,0.033,0.0
dataset/jpg/unlabeled/image_05096.jpg,jpg/image_05096.jpg,unlabeled,1.0,0.875,0.899,0.365,0.013,0.087,0.0
dataset/jpg/unlabeled/image_05097.jpg,jpg/image_05097.jpg,unlabeled,1.0,0.875,0.933,0.38,0.005,0.081,0.0
dataset/jpg/unlabeled/image_05098.jpg,jpg/image_05098.jpg,unlabeled,1.0,1.094,0.838,0.356,0.057,0.07,0.0
dataset/jpg/unlabeled/image_05100.jpg,jpg/image_05100.jpg,unlabeled,1.0,0.716,0.875,0.291,0.013,0.0,0.0
dataset/jpg/unlabeled/image_05101.jpg,jpg/image_05101.jpg,unlabeled,1.0,0.945,0.89,0.391,0.018,0.029,0.0
dataset/jpg/unlabeled/image_05102.jpg,jpg/image_05102.jpg,unlabeled,1.0,0.844,0.942,0.369,0.02,0.099,0.0
dataset/jpg/unlabeled/image_05105.jpg,jpg/image_05105.jpg,unlabeled,1.0,0.977,0.83,0.377,0.157,0.0,0.0
dataset/jpg/unlabeled/image_05106.jpg,jpg/image_05106.jpg,unlabeled,1.0,0.836,0.755,0.293,0.019,0.106,0.0
dataset/jpg/unlabeled/image_05107.jpg,jpg/image_05107.jpg,unlabeled,1.0,0.906,0.871,0.367,0.009,0.032,0.0
dataset/jpg/unlabeled/image_05108.jpg,jpg/image_05108.jpg,unlabeled,1.0,0.73,0.964,0.327,0.042,0.096,0.0
dataset/jpg/unlabeled/image_05109.jpg,jpg/image_05109.jpg,unlabeled,1.0,1.105,0.72,0.303,0.016,0.063,0.0
dataset/jpg/unlabeled/image_05110.jpg,jpg/image_05110.jpg,unlabeled,1.0,1.135,0.777,0.318,0.034,0.07,0.0
dataset/jpg/unlabeled/image_05111.jpg,jpg/image_05111.jpg,unlabeled,1.0,0.941,0.857,0.375,0.054,0.048,0.0
dataset/jpg/unlabeled/image_05112.jpg,jpg/image_05112.jpg,unlabeled,1.0,1.179,0.767,0.302,0.112,0.112,0.0
dataset/jpg/unlabeled/image_05113.jpg,jpg/image_05113.jpg,unlabeled,1.0,1.074,0.819,0.354,0.043,0.065,0.0
dataset/jpg/unlabeled/image_05114.jpg,jpg/image_05114.jpg,unlabeled,1.0,0.871,0.715,0.289,0.027,0.097,0.0
dataset/jpg/unlabeled/image_05116.jpg,jpg/image_05116.jpg,unlabeled,1.0,1.144,0.707,0.287,0.019,0.053,0.0
dataset/jpg/unlabeled/image_05119.jpg,jpg/image_05119.jpg,unlabeled,1.0,0.738,0.732,0.251,0.037,0.081,0.0
dataset/jpg/unlabeled/image_05120.jpg,jpg/image_05120.jpg,unlabeled,1.0,0.844,0.833,0.326,0.009,0.047,0.0
dataset/jpg/unlabeled/image_05122.jpg,jpg/image_05122.jpg,unlabeled,1.0,1.133,0.781,0.321,0.003,0.074,0.0
dataset/jpg/unlabeled/image_05124.jpg,jpg/image_05124.jpg,unlabeled,1.0,0.914,0.868,0.369,0.04,0.073,0.0
dataset/jpg/unlabeled/image_05125.jpg,jpg/image_05125.jpg,unlabeled,1.0,0.855,0.747,0.297,0.008,0.017,0.0
dataset/jpg/unlabeled/image_05126.jpg,jpg/image_05126.jpg,unlabeled,1.0,0.79,0.844,0.31,0.071,0.002,0.0
dataset/jpg/unlabeled/image_05127.jpg,jpg/image_05127.jpg,unlabeled,1.0,1.165,0.772,0.308,0.007,0.065,0.0
dataset/jpg/unlabeled/image_05128.jpg,jpg/image_05128.jpg,unlabeled,1.0,0.855,0.75,0.298,0.002,0.006,0.0
dataset/jpg/unlabeled/image_05132.jpg,jpg/image_05132.jpg,unlabeled,1.0,0.828,1.035,0.398,0.025,0.109,0.0
dataset/jpg/unlabeled/image_05133.jpg,jpg/image_05133.jpg,unlabeled,1.0,0.844,0.859,0.337,0.042,0.106,0.0
dataset/jpg/unlabeled/image_05134.jpg,jpg/image_05134.jpg,unlabeled,1.0,0.724,0.842,0.283,0.039,0.041,0.0
dataset/jpg/unlabeled/image_05136.jpg,jpg/image_05136.jpg,unlabeled,1.0,0.745,0.852,0.295,0.013,0.021,0.0
dataset/jpg/unlabeled/image_05137.jpg,jpg/image_05137.jpg,unlabeled,1.0,0.819,0.831,0.316,0.032,0.115,0.0
dataset/jpg/unlabeled/image_05139.jpg,jpg/image_05139.jpg,unlabeled,1.0,0.781,0.824,0.299,0.024,0.112,0.0
dataset/jpg/unlabeled/image_05140.jpg,jpg/image_05140.jpg,unlabeled,1.0,0.869,0.886,0.358,0.035,0.045,0.0
dataset/jpg/unlabeled/image_05141.jpg,jpg/image_05141.jpg,unlabeled,1.0,0.777,0.832,0.3,0.107,0.056,0.0
dataset/jpg/unlabeled/image_05142.jpg,jpg/image_05142.jpg,unlabeled,1.0,0.811,0.882,0.332,0.029,0.04,0.0
dataset/jpg/unlabeled/image_05143.jpg,jpg/image_05143.jpg,unlabeled,1.0,0.739,0.906,0.311,0.013,0.1,0.0
dataset/jpg/unlabeled/image_05144.jpg,jpg/image_05144.jpg,unlabeled,1.0,0.773,0.875,0.315,0.019,0.103,0.0
dataset/jpg/unlabeled/image_05146.jpg,jpg/image_05146.jpg,unlabeled,1.0,1.131,0.841,0.346,0.01,0.069,0.0
dataset/jpg/unlabeled/image_05147.jpg,jpg/image_05147.jpg,unlabeled,1.0,1.0,1.198,0.557,0.007,0.025,0.0
dataset/jpg/unlabeled/image_05150.jpg,jpg/image_05150.jpg,unlabeled,1.0,0.829,1.058,0.407,0.054,0.112,0.0
dataset/jpg/unlabeled/image_05151.jpg,jpg/image_05151.jpg,unlabeled,1.0,0.949,0.96,0.423,0.013,0.052,0.0
dataset/jpg/unlabeled/image_05152.jpg,jpg/image_05152.jpg,unlabeled,1.0,1.058,1.037,0.456,0.027,0.053,0.0
dataset/jpg/unlabeled/image_05153.jpg,jpg/image_05153.jpg,unlabeled,1.0,0.976,0.98,0.445,0.026,0.036,0.0
dataset/jpg/unlabeled/image_05154.jpg,jpg/image_05154.jpg,unlabeled,1.0,1.024,1.009,0.458,0.038,0.048,0.0
dataset/jpg/unlabeled/image_05156.jpg,jpg/image_05156.jpg,unlabeled,1.0,1.0,0.894,0.416,0.168,0.0,0.0
dataset/jpg/unlabeled/image_05158.jpg,jpg/image_05158.jpg,unlabeled,1.0,1.265,0.817,0.3,0.064,0.112,0.0
dataset/jpg/unlabeled/image_05159.jpg,jpg/image_05159.jpg,unlabeled,1.0,0.849,0.964,0.38,0.014,0.099,0.0
dataset/jpg/unlabeled/image_05160.jpg,jpg/image_05160.jpg,unlabeled,1.0,0.968,0.886,0.399,0.062,0.045,0.0
dataset/jpg/unlabeled/image_05162.jpg,jpg/image_05162.jpg,unlabeled,1.0,1.025,0.928,0.421,0.014,0.013,0.0
dataset/jpg/unlabeled/image_05163.jpg,jpg/image_05163.jpg,unlabeled,1.0,1.086,0.957,0.409,0.176,0.0,0.0
dataset/jpg/unlabeled/image_05166.jpg,jpg/image_05166.jpg,unlabeled,1.0,1.088,0.879,0.376,0.03,0.0,0.0
dataset/jpg/unlabeled/image_05168.jpg,jpg/image_05168.jpg,unlabeled,1.0,1.143,1.017,0.413,0.024,0.084,0.0
dataset/jpg/unlabeled/image_05170.jpg,jpg/image_05170.jpg,unlabeled,1.0,1.008,1.024,0.472,0.023,0.042,0.0
dataset/jpg/unlabeled/image_05171.jpg,jpg/image_05171.jpg,unlabeled,1.0,1.274,0.992,0.362,0.018,0.12,0.0
dataset/jpg/unlabeled/image_05172.jpg,jpg/image_05172.jpg,unlabeled,1.0,1.115,0.908,0.378,0.054,0.099,0.0
dataset/jpg/unlabeled/image_05175.jpg,jpg/image_05175.jpg,unlabeled,1.0,1.202,1.013,0.391,0.023,0.1,0.0
dataset/jpg/unlabeled/image_05176.jpg,jpg/image_05176.jpg,unlabeled,1.0,1.032,0.968,0.436,0.048,0.032,0.0
dataset/jpg/unlabeled/image_05178.jpg,jpg/image_05178.jpg,unlabeled,1.0,1.37,0.84,0.285,0.027,0.118,0.0
dataset/jpg/unlabeled/image_05179.jpg,jpg/image_05179.jpg,unlabeled,1.0,1.2,1.038,0.402,0.023,0.112,0.0
dataset/jpg/unlabeled/image_05180.jpg,jpg/image_05180.jpg,unlabeled,1.0,1.2,0.981,0.38,0.019,0.103,0.0
dataset/jpg/unlabeled/image_05181.jpg,jpg/image_05181.jpg,unlabeled,1.0,1.126,0.981,0.405,0.056,0.088,0.0
dataset/jpg/unlabeled/image_05182.jpg,jpg/image_05182.jpg,unlabeled,1.0,1.184,1.006,0.395,0.126,0.106,0.0
dataset/jpg/unlabeled/image_05184.jpg,jpg/image_05184.jpg,unlabeled,1.0,1.095,0.889,0.377,0.061,0.081,0.0
dataset/jpg/unlabeled/image_05188.jpg,jpg/image_05188.jpg,unlabeled,1.0,0.979,0.892,0.406,0.023,0.031,0.0
dataset/jpg/unlabeled/image_05189.jpg,jpg/image_05189.jpg,unlabeled,1.0,1.069,0.922,0.401,0.048,0.042,0.0
dataset/jpg/unlabeled/image_05192.jpg,jpg/image_05192.jpg,unlabeled,1.0,1.024,0.976,0.443,0.037,0.047,0.0
dataset/jpg/unlabeled/image_05194.jpg,jpg/image_05194.jpg,unlabeled,1.0,1.065,1.029,0.449,0.167,0.053,0.0
dataset/jpg/unlabeled/image_05195.jpg,jpg/image_05195.jpg,unlabeled,1.0,1.074,0.857,0.371,0.07,0.046,0.0
dataset/jpg/unlabeled/image_05197.jpg,jpg/image_05197.jpg,unlabeled,1.0,1.138,1.012,0.413,0.107,0.102,0.0
dataset/jpg/unlabeled/image_05198.jpg,jpg/image_05198.jpg,unlabeled,1.0,1.011,0.929,0.427,0.061,0.0,0.0
dataset/jpg/unlabeled/image_05199.jpg,jpg/image_05199.jpg,unlabeled,1.0,1.043,0.963,0.429,0.067,0.023,0.0
dataset/jpg/unlabeled/image_05200.jpg,jpg/image_05200.jpg,unlabeled,1.0,1.078,0.839,0.362,0.045,0.0,0.0
dataset/jpg/unlabeled/image_05201.jpg,jpg/image_05201.jpg,unlabeled,1.0,1.012,0.83,0.381,0.004,0.0,0.0
dataset/jpg/unlabeled/image_05202.jpg,jpg/image_05202.jpg,unlabeled,1.0,0.953,0.988,0.438,0.01,0.028,0.0
dataset/jpg/unlabeled/image_05203.jpg,jpg/image_05203.jpg,unlabeled,1.0,1.084,0.924,0.396,0.042,0.081,0.0
dataset/jpg/unlabeled/image_05204.jpg,jpg/image_05204.jpg,unlabeled,1.0,1.169,0.924,0.367,0.047,0.027,0.0
dataset/jpg/unlabeled/image_05208.jpg,jpg/image_05208.jpg,unlabeled,1.0,1.067,1.008,0.439,0.008,0.051,0.0
dataset/jpg/unlabeled/image_05211.jpg,jpg/image_05211.jpg,unlabeled,1.0,1.229,1.042,0.394,0.031,0.111,0.0
dataset/jpg/unlabeled/image_05212.jpg,jpg/image_05212.jpg,unlabeled,1.0,1.08,0.907,0.39,0.025,0.023,0.0
dataset/jpg/unlabeled/image_05213.jpg,jpg/image_05213.jpg,unlabeled,1.0,1.0,0.833,0.387,0.005,0.0,0.0
dataset/jpg/unlabeled/image_05215.jpg,jpg/image_05215.jpg,unlabeled,1.0,1.101,0.732,0.309,0.022,0.0,0.0
dataset/jpg/unlabeled/image_05216.jpg,jpg/image_05216.jpg,unlabeled,1.0,1.063,0.881,0.385,0.014,0.053,0.0
dataset/jpg/unlabeled/image_05218.jpg,jpg/image_05218.jpg,unlabeled,1.0,1.07,0.687,0.298,0.125,0.0,0.0
dataset/jpg/unlabeled/image_05223.jpg,jpg/image_05223.jpg,unlabeled,1.0,0.721,0.665,0.223,0.123,0.0,0.0
dataset/jpg/unlabeled/image_05224.jpg,jpg/image_05224.jpg,unlabeled,1.0,1.149,0.827,0.334,0.053,0.0,0.0
dataset/jpg/unlabeled/image_05227.jpg,jpg/image_05227.jpg,unlabeled,1.0,1.21,0.653,0.251,0.042,0.118,0.0
dataset/jpg/unlabeled/image_05229.jpg,jpg/image_05229.jpg,unlabeled,1.0,0.97,0.984,0.443,0.082,0.0,0.0
dataset/jpg/unlabeled/image_05231.jpg,jpg/image_05231.jpg,unlabeled,1.0,0.852,0.76,0.301,0.045,0.087,0.0
dataset/jpg/unlabeled/image_05233.jpg,jpg/image_05233.jpg,unlabeled,1.0,1.104,0.815,0.343,0.11,0.101,0.0
dataset/jpg/unlabeled/image_05234.jpg,jpg/image_05234.jpg,unlabeled,1.0,0.92,0.8,0.342,0.097,0.0,0.0
dataset/jpg/unlabeled/image_05239.jpg,jpg/image_05239.jpg,unlabeled,1.0,1.19,0.739,0.288,0.149,0.092,0.0
dataset/jpg/unlabeled/image_05241.jpg,jpg/image_05241.jpg,unlabeled,1.0,0.851,0.596,0.236,0.061,0.028,0.0
dataset/jpg/unlabeled/image_05244.jpg,jpg/image_05244.jpg,unlabeled,1.0,1.018,0.725,0.331,0.116,0.0,0.0
dataset/jpg/unlabeled/image_05247.jpg,jpg/image_05247.jpg,unlabeled,1.0,0.938,0.759,0.331,0.036,0.0,0.0
dataset/jpg/unlabeled/image_05250.jpg,jpg/image_05250.jpg,unlabeled,1.0,1.242,0.938,0.351,0.076,0.12,0.0
dataset/jpg/unlabeled/image_05251.jpg,jpg/image_05251.jpg,unlabeled,1.0,0.953,0.878,0.389,0.018,0.04,0.0
dataset/jpg/unlabeled/image_05253.jpg,jpg/image_05253.jpg,unlabeled,1.0,1.217,0.855,0.326,0.107,0.0,0.0
dataset/jpg/unlabeled/image_05254.jpg,jpg/image_05254.jpg,unlabeled,1.0,1.085,0.808,0.346,0.071,0.054,0.0
dataset/jpg/unlabeled/image_05255.jpg,jpg/image_05255.jpg,unlabeled,1.0,0.71,0.684,0.226,0.118,0.006,0.0
dataset/jpg/unlabeled/image_05256.jpg,jpg/image_05256.jpg,unlabeled,1.0,1.139,0.951,0.388,0.123,0.011,0.0
dataset/jpg/unlabeled/image_05259.jpg,jpg/image_05259.jpg,unlabeled,1.0,1.044,0.911,0.405,0.061,0.072,0.0
dataset/jpg/unlabeled/image_05260.jpg,jpg/image_05260.jpg,unlabeled,1.0,1.189,0.751,0.294,0.044,0.105,0.0
dataset/jpg/unlabeled/image_05262.jpg,jpg/image_05262.jpg,unlabeled,1.0,1.254,0.771,0.286,0.047,0.0,0.0
dataset/jpg/unlabeled/image_05263.jpg,jpg/image_05263.jpg,unlabeled,1.0,1.029,0.801,0.362,0.137,0.0,0.0
dataset/jpg/unlabeled/image_05265.jpg,jpg/image_05265.jpg,unlabeled,1.0,1.054,0.766,0.338,0.144,0.026,0.0
dataset/jpg/unlabeled/image_05266.jpg,jpg/image_05266.jpg,unlabeled,1.0,1.038,0.719,0.322,0.061,0.0,0.0
dataset/jpg/unlabeled/image_05267.jpg,jpg/image_05267.jpg,unlabeled,1.0,0.976,0.714,0.324,0.113,0.0,0.0
dataset/jpg/unlabeled/image_05268.jpg,jpg/image_05268.jpg,unlabeled,1.0,1.02,0.748,0.341,0.052,0.013,0.0
dataset/jpg/unlabeled/image_05270.jpg,jpg/image_05270.jpg,unlabeled,1.0,1.165,0.905,0.361,0.036,0.114,0.0
dataset/jpg/unlabeled/image_05271.jpg,jpg/image_05271.jpg,unlabeled,1.0,1.182,0.855,0.336,0.091,0.053,0.0
dataset/jpg/unlabeled/image_05272.jpg,jpg/image_05272.jpg,unlabeled,1.0,0.933,0.708,0.307,0.047,0.087,0.0
dataset/jpg/unlabeled/image_05274.jpg,jpg/image_05274.jpg,unlabeled,1.0,1.38,0.74,0.249,0.167,0.105,0.0
dataset/jpg/unlabeled/image_05275.jpg,jpg/image_05275.jpg,unlabeled,1.0,1.09,0.883,0.377,0.119,0.0,0.0
dataset/jpg/unlabeled/image_05276.jpg,jpg/image_05276.jpg,unlabeled,1.0,1.079,0.771,0.332,0.163,0.017,0.0
dataset/jpg/unlabeled/image_05277.jpg,jpg/image_05277.jpg,unlabeled,1.0,0.771,0.659,0.236,0.106,0.06,0.0
dataset/jpg/unlabeled/image_05279.jpg,jpg/image_05279.jpg,unlabeled,1.0,1.311,0.918,0.326,0.097,0.027,0.0
dataset/jpg/unlabeled/image_05281.jpg,jpg/image_05281.jpg,unlabeled,1.0,1.226,0.997,0.378,0.162,0.083,0.0
dataset/jpg/unlabeled/image_05287.jpg,jpg/image_05287.jpg,unlabeled,1.0,1.202,1.055,0.408,0.007,0.094,0.0
dataset/jpg/unlabeled/image_05288.jpg,jpg/image_05288.jpg,unlabeled,1.0,0.896,0.889,0.37,0.008,0.075,0.0
dataset/jpg/unlabeled/image_05292.jpg,jpg/image_05292.jpg,unlabeled,1.0,1.149,0.696,0.281,0.111,0.078,0.002
dataset/jpg/unlabeled/image_05294.jpg,jpg/image_05294.jpg,unlabeled,1.0,1.111,0.708,0.296,0.058,0.045,0.0
dataset/jpg/unlabeled/image_05295.jpg,jpg/image_05295.jpg,unlabeled,1.0,1.071,0.782,0.339,0.075,0.0,0.0
dataset/jpg/unlabeled/image_05297.jpg,jpg/image_05297.jpg,unlabeled,1.0,1.227,0.703,0.266,0.05,0.118,0.004
dataset/jpg/unlabeled/image_05298.jpg,jpg/image_05298.jpg,unlabeled,1.0,0.989,0.91,0.418,0.019,0.0,0.0
dataset/jpg/unlabeled/image_05301.jpg,jpg/image_05301.jpg,unlabeled,1.0,1.4,0.788,0.261,0.083,0.09,0.0
dataset/jpg/unlabeled/image_05302.jpg,jpg/image_05302.jpg,unlabeled,1.0,0.832,0.807,0.312,0.056,0.096,0.0
dataset/jpg/unlabeled/image_05306.jpg,jpg/image_05306.jpg,unlabeled,1.0,0.909,0.935,0.395,0.12,0.049,0.0
dataset/jpg/unlabeled/image_05308.jpg,jpg/image_05308.jpg,unlabeled,1.0,0.889,0.925,0.382,0.076,0.1,0.0
dataset/jpg/unlabeled/image_05315.jpg,jpg/image_05315.jpg,unlabeled,1.0,1.143,0.963,0.392,0.138,0.085,0.0
dataset/jpg/unlabeled/image_05318.jpg,jpg/image_05318.jpg,unlabeled,1.0,1.296,0.869,0.312,0.134,0.087,0.0
dataset/jpg/unlabeled/image_05320.jpg,jpg/image_05320.jpg,unlabeled,1.0,1.032,0.989,0.445,0.026,0.043,0.0
dataset/jpg/unlabeled/image_05321.jpg,jpg/image_05321.jpg,unlabeled,1.0,1.097,0.672,0.285,0.04,0.083,0.0
dataset/jpg/unlabeled/image_05323.jpg,jpg/image_05323.jpg,unlabeled,1.0,1.0,1.064,0.494,0.022,0.039,0.0
dataset/jpg/unlabeled/image_05324.jpg,jpg/image_05324.jpg,unlabeled,1.0,1.319,0.812,0.286,0.035,0.044,0.0
dataset/jpg/unlabeled/image_05325.jpg,jpg/image_05325.jpg,unlabeled,1.0,1.146,0.982,0.398,0.035,0.08,0.0
dataset/jpg/unlabeled/image_05326.jpg,jpg/image_05326.jpg,unlabeled,1.0,1.289,0.85,0.306,0.076,0.12,0.0
dataset/jpg/unlabeled/image_05327.jpg,jpg/image_05327.jpg,unlabeled,1.0,1.092,0.926,0.394,0.029,0.026,0.0
dataset/jpg/unlabeled/image_05328.jpg,jpg/image_05328.jpg,unlabeled,1.0,1.23,0.937,0.354,0.081,0.102,0.0
dataset/jpg/unlabeled/image_05330.jpg,jpg/image_05330.jpg,unlabeled,1.0,1.01,1.026,0.472,0.113,0.033,0.0
dataset/jpg/unlabeled/image_05331.jpg,jpg/image_05331.jpg,unlabeled,1.0,1.028,0.994,0.449,0.096,0.031,0.0
dataset/jpg/unlabeled/image_05332.jpg,jpg/image_05332.jpg,unlabeled,1.0,1.094,1.031,0.438,0.134,0.07,0.0
dataset/jpg/unlabeled/image_05333.jpg,jpg/image_05333.jpg,unlabeled,1.0,1.383,0.841,0.283,0.166,0.11,0.0
dataset/jpg/unlabeled/image_05334.jpg,jpg/image_05334.jpg,unlabeled,1.0,1.198,0.914,0.355,0.068,0.078,0.0
dataset/jpg/unlabeled/image_05335.jpg,jpg/image_05335.jpg,unlabeled,1.0,1.0,0.956,0.444,0.029,0.042,0.0
dataset/jpg/unlabeled/image_05336.jpg,jpg/image_05336.jpg,unlabeled,1.0,1.0,0.808,0.376,0.126,0.0,0.0
dataset/jpg/unlabeled/image_05337.jpg,jpg/image_05337.jpg,unlabeled,1.0,1.094,0.957,0.407,0.086,0.0,0.0
dataset/jpg/unlabeled/image_05340.jpg,jpg/image_05340.jpg,unlabeled,1.0,1.061,0.91,0.399,0.016,0.0,0.0
dataset/jpg/unlabeled/image_05341.jpg,jpg/image_05341.jpg,unlabeled,1.0,1.328,0.86,0.301,0.019,0.0,0.0
dataset/jpg/unlabeled/image_05342.jpg,jpg/image_05342.jpg,unlabeled,1.0,1.054,0.806,0.355,0.069,0.032,0.0
dataset/jpg/unlabeled/image_05343.jpg,jpg/image_05343.jpg,unlabeled,1.0,0.915,0.84,0.357,0.072,0.016,0.0
dataset/jpg/unlabeled/image_05344.jpg,jpg/image_05344.jpg,unlabeled,1.0,1.075,0.832,0.36,0.045,0.0,0.0
dataset/jpg/unlabeled/image_05345.jpg,jpg/image_05345.jpg,unlabeled,1.0,1.163,0.808,0.323,0.081,0.042,0.0
dataset/jpg/unlabeled/image_05346.jpg,jpg/image_05346.jpg,unlabeled,1.0,1.094,0.928,0.394,0.014,0.057,0.0
dataset/jpg/unlabeled/image_05348.jpg,jpg/image_05348.jpg,unlabeled,1.0,1.148,0.858,0.347,0.022,0.059,0.0
dataset/jpg/unlabeled/image_05349.jpg,jpg/image_05349.jpg,unlabeled,1.0,1.0,0.919,0.427,0.008,0.023,0.0
dataset/jpg/unlabeled/image_05350.jpg,jpg/image_05350.jpg,unlabeled,1.0,1.078,0.851,0.367,0.069,0.014,0.0
dataset/jpg/unlabeled/image_05351.jpg,jpg/image_05351.jpg,unlabeled,1.0,1.104,0.783,0.33,0.015,0.007,0.0
dataset/jpg/unlabeled/image_05352.jpg,jpg/image_05352.jpg,unlabeled,1.0,1.0,0.949,0.441,0.027,0.0,0.0
dataset/jpg/unlabeled/image_05355.jpg,jpg/image_05355.jpg,unlabeled,1.0,1.115,0.901,0.376,0.022,0.085,0.0
dataset/jpg/unlabeled/image_05356.jpg,jpg/image_05356.jpg,unlabeled,1.0,1.208,0.797,0.307,0.032,0.067,0.0
dataset/jpg/unlabeled/image_05357.jpg,jpg/image_05357.jpg,unlabeled,1.0,0.965,0.796,0.357,0.016,0.0,0.0
dataset/jpg/unlabeled/image_05358.jpg,jpg/image_05358.jpg,unlabeled,1.0,0.895,0.807,0.336,0.029,0.003,0.0
dataset/jpg/unlabeled/image_05360.jpg,jpg/image_05360.jpg,unlabeled,1.0,0.977,1.115,0.506,0.016,0.04,0.0
dataset/jpg/unlabeled/image_05363.jpg,jpg/image_05363.jpg,unlabeled,1.0,0.841,0.806,0.315,0.01,0.0,0.0
dataset/jpg/unlabeled/image_05364.jpg,jpg/image_05364.jpg,unlabeled,1.0,1.037,0.696,0.312,0.033,0.0,0.0
dataset/jpg/unlabeled/image_05368.jpg,jpg/image_05368.jpg,unlabeled,1.0,1.108,0.855,0.359,0.092,0.085,0.0
dataset/jpg/unlabeled/image_05373.jpg,jpg/image_05373.jpg,unlabeled,1.0,1.187,0.975,0.382,0.021,0.062,0.0
dataset/jpg/unlabeled/image_05374.jpg,jpg/image_05374.jpg,unlabeled,1.0,1.0,0.933,0.434,0.091,0.018,0.0
dataset/jpg/unlabeled/image_05376.jpg,jpg/image_05376.jpg,unlabeled,1.0,1.086,0.833,0.357,0.054,0.0,0.0
dataset/jpg/unlabeled/image_05377.jpg,jpg/image_05377.jpg,unlabeled,1.0,1.103,0.825,0.347,0.039,0.018,0.0
dataset/jpg/unlabeled/image_05378.jpg,jpg/image_05378.jpg,unlabeled,1.0,1.16,0.793,0.318,0.027,0.029,0.0
dataset/jpg/unlabeled/image_05379.jpg,jpg/image_05379.jpg,unlabeled,1.0,0.958,0.963,0.429,0.152,0.05,0.0
dataset/jpg/unlabeled/image_05380.jpg,jpg/image_05380.jpg,unlabeled,1.0,0.805,0.927,0.347,0.014,0.091,0.0
dataset/jpg/unlabeled/image_05382.jpg,jpg/image_05382.jpg,unlabeled,1.0,1.043,0.854,0.381,0.076,0.012,0.0
dataset/jpg/unlabeled/image_05383.jpg,jpg/image_05383.jpg,unlabeled,1.0,0.933,0.884,0.383,0.132,0.0,0.0
dataset/jpg/unlabeled/image_05384.jpg,jpg/image_05384.jpg,unlabeled,1.0,1.119,0.897,0.373,0.128,0.036,0.0
dataset/jpg/unlabeled/image_05385.jpg,jpg/image_05385.jpg,unlabeled,1.0,1.342,0.857,0.297,0.056,0.015,0.0
dataset/jpg/unlabeled/image_05386.jpg,jpg/image_05386.jpg,unlabeled,1.0,0.906,0.799,0.336,0.133,0.051,0.0
dataset/jpg/unlabeled/image_05387.jpg,jpg/image_05387.jpg,unlabeled,1.0,1.128,0.878,0.362,0.02,0.07,0.0
dataset/jpg/unlabeled/image_05388.jpg,jpg/image_05388.jpg,unlabeled,1.0,1.115,0.968,0.403,0.081,0.061,0.0
dataset/jpg/unlabeled/image_05389.jpg,jpg/image_05389.jpg,unlabeled,1.0,1.164,0.943,0.377,0.06,0.098,0.0
dataset/jpg/unlabeled/image_05391.jpg,jpg/image_05391.jpg,unlabeled,1.0,1.107,0.894,0.375,0.013,0.068,0.0
dataset/jpg/unlabeled/image_05392.jpg,jpg/image_05392.jpg,unlabeled,1.0,1.14,0.905,0.369,0.068,0.106,0.0
dataset/jpg/unlabeled/image_05396.jpg,jpg/image_05396.jpg,unlabeled,1.0,1.0,0.992,0.461,0.044,0.03,0.0
dataset/jpg/unlabeled/image_05397.jpg,jpg/image_05397.jpg,unlabeled,1.0,1.033,0.983,0.442,0.037,0.066,0.0
dataset/jpg/unlabeled/image_05399.jpg,jpg/image_05399.jpg,unlabeled,1.0,0.953,0.961,0.426,0.018,0.043,0.0
dataset/jpg/unlabeled/image_05402.jpg,jpg/image_05402.jpg,unlabeled,1.0,1.117,0.871,0.362,0.009,0.069,0.0
dataset/jpg/unlabeled/image_05403.jpg,jpg/image_05403.jpg,unlabeled,1.0,0.76,0.833,0.294,0.038,0.087,0.0
dataset/jpg/unlabeled/image_05405.jpg,jpg/image_05405.jpg,unlabeled,1.0,0.91,0.752,0.318,0.1,0.0,0.0
dataset/jpg/unlabeled/image_05406.jpg,jpg/image_05406.jpg,unlabeled,1.0,1.058,0.996,0.437,0.006,0.047,0.0
dataset/jpg/unlabeled/image_05407.jpg,jpg/image_05407.jpg,unlabeled,1.0,1.054,0.924,0.407,0.076,0.047,0.0
dataset/jpg/unlabeled/image_05408.jpg,jpg/image_05408.jpg,unlabeled,1.0,1.229,0.957,0.362,0.02,0.112,0.0
dataset/jpg/unlabeled/image_05409.jpg,jpg/image_05409.jpg,unlabeled,1.0,0.86,0.932,0.372,0.032,0.07,0.0
dataset/jpg/unlabeled/image_05410.jpg,jpg/image_05410.jpg,unlabeled,1.0,1.133,0.955,0.392,0.022,0.091,0.0
dataset/jpg/unlabeled/image_05411.jpg,jpg/image_05411.jpg,unlabeled,1.0,0.905,0.864,0.363,0.029,0.086,0.0
dataset/jpg/unlabeled/image_05413.jpg,jpg/image_05413.jpg,unlabeled,1.0,1.076,0.923,0.399,0.02,0.061,0.0
dataset/jpg/unlabeled/image_05414.jpg,jpg/image_05414.jpg,unlabeled,1.0,1.0,1.012,0.47,0.004,0.023,0.0
dataset/jpg/unlabeled/image_05415.jpg,jpg/image_05415.jpg,unlabeled,1.0,1.033,0.976,0.44,0.013,0.033,0.0
dataset/jpg/unlabeled/image_05416.jpg,jpg/image_05416.jpg,unlabeled,1.0,1.155,0.859,0.346,0.04,0.086,0.0
dataset/jpg/unlabeled/image_05418.jpg,jpg/image_05418.jpg,unlabeled,1.0,1.165,1.019,0.406,0.037,0.095,0.0
dataset/jpg/unlabeled/image_05421.jpg,jpg/image_05421.jpg,unlabeled,1.0,0.943,0.96,0.421,0.042,0.057,0.0
dataset/jpg/unlabeled/image_05422.jpg,jpg/image_05422.jpg,unlabeled,1.0,0.969,0.996,0.449,0.011,0.042,0.0
dataset/jpg/unlabeled/image_05423.jpg,jpg/image_05423.jpg,unlabeled,1.0,1.058,0.996,0.438,0.033,0.068,0.0
dataset/jpg/unlabeled/image_05424.jpg,jpg/image_05424.jpg,unlabeled,1.0,1.0,0.901,0.419,0.123,0.039,0.0
dataset/jpg/unlabeled/image_05425.jpg,jpg/image_05425.jpg,unlabeled,1.0,0.968,0.866,0.39,0.013,0.029,0.0
dataset/jpg/unlabeled/image_05426.jpg,jpg/image_05426.jpg,unlabeled,1.0,0.803,0.777,0.29,0.055,0.116,0.0
dataset/jpg/unlabeled/image_05428.jpg,jpg/image_05428.jpg,unlabeled,1.0,1.208,1.166,0.449,0.006,0.1,0.0
dataset/jpg/unlabeled/image_05429.jpg,jpg/image_05429.jpg,unlabeled,1.0,0.992,0.957,0.441,0.007,0.025,0.0
dataset/jpg/unlabeled/image_05430.jpg,jpg/image_05430.jpg,unlabeled,1.0,1.018,0.917,0.419,0.067,0.04,0.0
dataset/jpg/unlabeled/image_05432.jpg,jpg/image_05432.jpg,unlabeled,1.0,1.0,0.901,0.419,0.004,0.023,0.0
dataset/jpg/unlabeled/image_05433.jpg,jpg/image_05433.jpg,unlabeled,1.0,1.095,1.03,0.437,0.02,0.063,0.0
dataset/jpg/unlabeled/image_05434.jpg,jpg/image_05434.jpg,unlabeled,1.0,1.067,1.038,0.452,0.011,0.054,0.0
dataset/jpg/unlabeled/image_05435.jpg,jpg/image_05435.jpg,unlabeled,1.0,0.921,0.969,0.414,0.015,0.065,0.0
dataset/jpg/unlabeled/image_05436.jpg,jpg/image_05436.jpg,unlabeled,1.0,0.945,0.909,0.399,0.022,0.058,0.0
dataset/jpg/unlabeled/image_05437.jpg,jpg/image_05437.jpg,unlabeled,1.0,0.945,0.935,0.411,0.037,0.05,0.0
dataset/jpg/unlabeled/image_05438.jpg,jpg/image_05438.jpg,unlabeled,1.0,0.967,0.775,0.348,0.034,0.039,0.0
dataset/jpg/unlabeled/image_05439.jpg,jpg/image_05439.jpg,unlabeled,1.0,1.055,0.896,0.395,0.173,0.026,0.0
dataset/jpg/unlabeled/image_05440.jpg,jpg/image_05440.jpg,unlabeled,1.0,1.036,0.923,0.414,0.007,0.033,0.0
dataset/jpg/unlabeled/image_05441.jpg,jpg/image_05441.jpg,unlabeled,1.0,1.083,0.891,0.382,0.028,0.078,0.0
dataset/jpg/unlabeled/image_05443.jpg,jpg/image_05443.jpg,unlabeled,1.0,1.025,0.94,0.426,0.09,0.0,0.0
dataset/jpg/unlabeled/image_05444.jpg,jpg/image_05444.jpg,unlabeled,1.0,1.185,0.987,0.387,0.022,0.111,0.0
dataset/jpg/unlabeled/image_05446.jpg,jpg/image_05446.jpg,unlabeled,1.0,1.133,0.908,0.373,0.019,0.088,0.0
dataset/jpg/unlabeled/image_05447.jpg,jpg/image_05447.jpg,unlabeled,1.0,1.212,0.922,0.353,0.041,0.0,0.0
dataset/jpg/unlabeled/image_05448.jpg,jpg/image_05448.jpg,unlabeled,1.0,0.985,1.004,0.46,0.058,0.0,0.0
dataset/jpg/unlabeled/image_05449.jpg,jpg/image_05449.jpg,unlabeled,1.0,1.134,0.701,0.287,0.109,0.019,0.0
dataset/jpg/unlabeled/image_05450.jpg,jpg/image_05450.jpg,unlabeled,1.0,0.92,0.943,0.403,0.06,0.038,0.0
dataset/jpg/unlabeled/image_05452.jpg,jpg/image_05452.jpg,unlabeled,1.0,1.012,1.001,0.46,0.077,0.0,0.0
dataset/jpg/unlabeled/image_05453.jpg,jpg/image_05453.jpg,unlabeled,1.0,1.25,0.909,0.338,0.092,0.114,0.0
dataset/jpg/unlabeled/image_05454.jpg,jpg/image_05454.jpg,unlabeled,1.0,1.104,0.986,0.415,0.046,0.07,0.0
dataset/jpg/unlabeled/image_05455.jpg,jpg/image_05455.jpg,unlabeled,1.0,1.043,0.828,0.369,0.028,0.05,0.0
dataset/jpg/unlabeled/image_05456.jpg,jpg/image_05456.jpg,unlabeled,1.0,1.137,0.839,0.343,0.014,0.083,0.0
dataset/jpg/unlabeled/image_05457.jpg,jpg/image_05457.jpg,unlabeled,1.0,1.049,0.852,0.377,0.12,0.058,0.0
dataset/jpg/unlabeled/image_05458.jpg,jpg/image_05458.jpg,unlabeled,1.0,1.011,0.83,0.381,0.071,0.007,0.0
dataset/jpg/unlabeled/image_05459.jpg,jpg/image_05459.jpg,unlabeled,1.0,1.053,0.856,0.378,0.028,0.063,0.0
dataset/jpg/unlabeled/image_05463.jpg,jpg/image_05463.jpg,unlabeled,1.0,1.247,0.719,0.268,0.047,0.099,0.0
dataset/jpg/unlabeled/image_05464.jpg,jpg/image_05464.jpg,unlabeled,1.0,1.081,0.898,0.386,0.092,0.024,0.0
dataset/jpg/unlabeled/image_05466.jpg,jpg/image_05466.jpg,unlabeled,1.0,1.129,0.642,0.264,0.13,0.068,0.0
dataset/jpg/unlabeled/image_05469.jpg,jpg/image_05469.jpg,unlabeled,1.0,1.28,0.747,0.271,0.065,0.118,0.0
dataset/jpg/unlabeled/image_05473.jpg,jpg/image_05473.jpg,unlabeled,1.0,1.144,0.744,0.302,0.05,0.112,0.0
dataset/jpg/unlabeled/image_05475.jpg,jpg/image_05475.jpg,unlabeled,1.0,1.019,0.766,0.349,0.085,0.052,0.0
dataset/jpg/unlabeled/image_05476.jpg,jpg/image_05476.jpg,unlabeled,1.0,1.189,0.926,0.362,0.07,0.069,0.0
dataset/jpg/unlabeled/image_05480.jpg,jpg/image_05480.jpg,unlabeled,1.0,1.208,0.755,0.29,0.058,0.119,0.0
dataset/jpg/unlabeled/image_05481.jpg,jpg/image_05481.jpg,unlabeled,1.0,1.264,0.807,0.297,0.127,0.068,0.0
dataset/jpg/unlabeled/image_05484.jpg,jpg/image_05484.jpg,unlabeled,1.0,0.765,0.862,0.306,0.092,0.068,0.0
dataset/jpg/unlabeled/image_05486.jpg,jpg/image_05486.jpg,unlabeled,0.89,1.217,0.744,0.284,0.156,0.086,0.045
dataset/jpg/unlabeled/image_05488.jpg,jpg/image_05488.jpg,unlabeled,1.0,1.011,0.796,0.366,0.075,0.085,0.0
dataset/jpg/unlabeled/image_05494.jpg,jpg/image_05494.jpg,unlabeled,1.0,1.11,0.845,0.354,0.084,0.072,0.0
dataset/jpg/unlabeled/image_05496.jpg,jpg/image_05496.jpg,unlabeled,1.0,1.16,0.823,0.33,0.04,0.079,0.0
dataset/jpg/unlabeled/image_05497.jpg,jpg/image_05497.jpg,unlabeled,1.0,0.916,0.922,0.392,0.035,0.0,0.0
dataset/jpg/unlabeled/image_05498.jpg,jpg/image_05498.jpg,unlabeled,1.0,0.958,0.647,0.288,0.132,0.061,0.0
dataset/jpg/unlabeled/image_05500.jpg,jpg/image_05500.jpg,unlabeled,1.0,1.022,0.666,0.303,0.082,0.005,0.0
dataset/jpg/unlabeled/image_05502.jpg,jpg/image_05502.jpg,unlabeled,1.0,0.785,0.929,0.339,0.105,0.004,0.0
dataset/jpg/unlabeled/image_05509.jpg,jpg/image_05509.jpg,unlabeled,1.0,1.187,0.952,0.373,0.08,0.101,0.0
dataset/jpg/unlabeled/image_05512.jpg,jpg/image_05512.jpg,unlabeled,1.0,1.301,0.774,0.276,0.025,0.038,0.0
dataset/jpg/unlabeled/image_05514.jpg,jpg/image_05514.jpg,unlabeled,1.0,1.189,0.847,0.331,0.045,0.113,0.0
dataset/jpg/unlabeled/image_05520.jpg,jpg/image_05520.jpg,unlabeled,1.0,0.966,0.738,0.331,0.068,0.079,0.0
dataset/jpg/unlabeled/image_05525.jpg,jpg/image_05525.jpg,unlabeled,1.0,1.0,0.803,0.373,0.069,0.01,0.0
dataset/jpg/unlabeled/image_05526.jpg,jpg/image_05526.jpg,unlabeled,1.0,1.255,0.892,0.33,0.03,0.116,0.0
dataset/jpg/unlabeled/image_05529.jpg,jpg/image_05529.jpg,unlabeled,1.0,0.954,0.857,0.38,0.083,0.014,0.0
dataset/jpg/unlabeled/image_05533.jpg,jpg/image_05533.jpg,unlabeled,1.0,1.291,0.826,0.297,0.023,0.056,0.0
dataset/jpg/unlabeled/image_05535.jpg,jpg/image_05535.jpg,unlabeled,1.0,1.2,0.839,0.325,0.072,0.042,0.0
dataset/jpg/unlabeled/image_05538.jpg,jpg/image_05538.jpg,unlabeled,1.0,0.938,0.699,0.304,0.036,0.077,0.0
dataset/jpg/unlabeled/image_05540.jpg,jpg/image_05540.jpg,unlabeled,1.0,0.969,0.881,0.397,0.069,0.0,0.0
dataset/jpg/unlabeled/image_05543.jpg,jpg/image_05543.jpg,unlabeled,1.0,1.141,0.933,0.38,0.137,0.069,0.0
dataset/jpg/unlabeled/image_05545.jpg,jpg/image_05545.jpg,unlabeled,1.0,0.803,0.881,0.329,0.024,0.118,0.0
dataset/jpg/unlabeled/image_05548.jpg,jpg/image_05548.jpg,unlabeled,1.0,1.234,0.813,0.306,0.045,0.093,0.0
dataset/jpg/unlabeled/image_05549.jpg,jpg/image_05549.jpg,unlabeled,1.0,1.147,0.923,0.374,0.069,0.093,0.0
dataset/jpg/unlabeled/image_05550.jpg,jpg/image_05550.jpg,unlabeled,1.0,1.255,0.942,0.349,0.009,0.119,0.0
dataset/jpg/unlabeled/image_05551.jpg,jpg/image_05551.jpg,unlabeled,1.0,1.192,0.879,0.343,0.025,0.0,0.0
dataset/jpg/unlabeled/image_05552.jpg,jpg/image_05552.jpg,unlabeled,1.0,0.861,0.817,0.327,0.157,0.04,0.0
dataset/jpg/unlabeled/image_05555.jpg,jpg/image_05555.jpg,unlabeled,1.0,0.946,0.894,0.393,0.076,0.031,0.0
dataset/jpg/unlabeled/image_05557.jpg,jpg/image_05557.jpg,unlabeled,1.0,1.253,0.681,0.253,0.174,0.119,0.0
dataset/jpg/unlabeled/image_05559.jpg,jpg/image_05559.jpg,unlabeled,1.0,1.217,0.752,0.287,0.173,0.027,0.0
dataset/jpg/unlabeled/image_05560.jpg,jpg/image_05560.jpg,unlabeled,1.0,0.875,0.879,0.357,0.094,0.074,0.0
dataset/jpg/unlabeled/image_05561.jpg,jpg/image_05561.jpg,unlabeled,1.0,1.129,0.979,0.403,0.076,0.085,0.0
dataset/jpg/unlabeled/image_05563.jpg,jpg/image_05563.jpg,unlabeled,1.0,1.04,0.936,0.418,0.035,0.037,0.0
dataset/jpg/unlabeled/image_05564.jpg,jpg/image_05564.jpg,unlabeled,1.0,1.061,0.768,0.337,0.036,0.034,0.0
dataset/jpg/unlabeled/image_05565.jpg,jpg/image_05565.jpg,unlabeled,0.97,0.891,0.923,0.382,0.079,0.108,0.023
dataset/jpg/unlabeled/image_05566.jpg,jpg/image_05566.jpg,unlabeled,1.0,0.937,0.914,0.398,0.019,0.048,0.0
dataset/jpg/unlabeled/image_05567.jpg,jpg/image_05567.jpg,unlabeled,1.0,1.374,0.758,0.256,0.032,0.08,0.0
dataset/jpg/unlabeled/image_05568.jpg,jpg/image_05568.jpg,unlabeled,1.0,1.294,0.888,0.319,0.149,0.117,0.0
dataset/jpg/unlabeled/image_05569.jpg,jpg/image_05569.jpg,unlabeled,1.0,0.941,0.921,0.403,0.142,0.033,0.0
dataset/jpg/unlabeled/image_05571.jpg,jpg/image_05571.jpg,unlabeled,1.0,0.967,0.78,0.35,0.043,0.027,0.0
dataset/jpg/unlabeled/image_05573.jpg,jpg/image_05573.jpg,unlabeled,1.0,1.121,0.877,0.364,0.049,0.061,0.0
dataset/jpg/unlabeled/image_05574.jpg,jpg/image_05574.jpg,unlabeled,1.0,0.91,0.931,0.394,0.016,0.069,0.0
dataset/jpg/unlabeled/image_05576.jpg,jpg/image_05576.jpg,unlabeled,1.0,0.991,0.925,0.426,0.07,0.021,0.0
dataset/jpg/unlabeled/image_05577.jpg,jpg/image_05577.jpg,unlabeled,1.0,0.933,0.851,0.369,0.125,0.066,0.0
dataset/jpg/unlabeled/image_05580.jpg,jpg/image_05580.jpg,unlabeled,1.0,0.979,0.848,0.386,0.059,0.036,0.0
dataset/jpg/unlabeled/image_05581.jpg,jpg/image_05581.jpg,unlabeled,1.0,1.205,0.787,0.304,0.059,0.081,0.0
dataset/jpg/unlabeled/image_05585.jpg,jpg/image_05585.jpg,unlabeled,1.0,1.145,0.978,0.397,0.024,0.075,0.0
dataset/jpg/unlabeled/image_05586.jpg,jpg/image_05586.jpg,unlabeled,1.0,0.943,0.697,0.305,0.027,0.06,0.0
dataset/jpg/unlabeled/image_05595.jpg,jpg/image_05595.jpg,unlabeled,1.0,0.943,0.872,0.382,0.035,0.045,0.0
dataset/jpg/unlabeled/image_05596.jpg,jpg/image_05596.jpg,unlabeled,1.0,0.857,0.915,0.364,0.096,0.091,0.0
dataset/jpg/unlabeled/image_05598.jpg,jpg/image_05598.jpg,unlabeled,1.0,1.017,0.961,0.439,0.028,0.023,0.0
dataset/jpg/unlabeled/image_05605.jpg,jpg/image_05605.jpg,unlabeled,1.0,0.915,0.822,0.35,0.031,0.013,0.0
dataset/jpg/unlabeled/image_05606.jpg,jpg/image_05606.jpg,unlabeled,1.0,1.214,0.822,0.315,0.028,0.114,0.0
dataset/jpg/unlabeled/image_05607.jpg,jpg/image_05607.jpg,unlabeled,1.0,1.109,0.653,0.274,0.154,0.085,0.003
dataset/jpg/unlabeled/image_05612.jpg,jpg/image_05612.jpg,unlabeled,1.0,1.0,0.926,0.43,0.045,0.0,0.0
dataset/jpg/unlabeled/image_05616.jpg,jpg/image_05616.jpg,unlabeled,1.0,0.935,0.747,0.324,0.066,0.037,0.0
dataset/jpg/unlabeled/image_05618.jpg,jpg/image_05618.jpg,unlabeled,1.0,0.958,1.037,0.462,0.054,0.073,0.0
dataset/jpg/unlabeled/image_05619.jpg,jpg/image_05619.jpg,unlabeled,1.0,1.112,0.914,0.382,0.132,0.031,0.0
dataset/jpg/unlabeled/image_05622.jpg,jpg/image_05622.jpg,unlabeled,1.0,1.259,0.774,0.286,0.167,0.0,0.0
dataset/jpg/unlabeled/image_05623.jpg,jpg/image_05623.jpg,unlabeled,1.0,1.268,0.939,0.344,0.03,0.118,0.0
dataset/jpg/unlabeled/image_05630.jpg,jpg/image_05630.jpg,unlabeled,1.0,1.016,0.664,0.304,0.01,0.025,0.0
dataset/jpg/unlabeled/image_05634.jpg,jpg/image_05634.jpg,unlabeled,1.0,1.182,0.766,0.301,0.079,0.077,0.0
dataset/jpg/unlabeled/image_05635.jpg,jpg/image_05635.jpg,unlabeled,1.0,0.862,0.561,0.225,0.026,0.07,0.0
dataset/jpg/unlabeled/image_05641.jpg,jpg/image_05641.jpg,unlabeled,1.0,1.05,0.745,0.33,0.038,0.062,0.0
dataset/jpg/unlabeled/image_05642.jpg,jpg/image_05642.jpg,unlabeled,1.0,0.855,0.618,0.245,0.049,0.109,0.0
dataset/jpg/unlabeled/image_05643.jpg,jpg/image_05643.jpg,unlabeled,1.0,0.868,0.902,0.364,0.134,0.0,0.0
dataset/jpg/unlabeled/image_05650.jpg,jpg/image_05650.jpg,unlabeled,1.0,0.82,0.711,0.271,0.06,0.119,0.0
dataset/jpg/unlabeled/image_05655.jpg,jpg/image_05655.jpg,unlabeled,1.0,1.125,0.969,0.4,0.124,0.063,0.0
dataset/jpg/unlabeled/image_05656.jpg,jpg/image_05656.jpg,unlabeled,1.0,1.0,0.713,0.331,0.032,0.042,0.002
dataset/jpg/unlabeled/image_05658.jpg,jpg/image_05658.jpg,unlabeled,1.0,0.913,0.708,0.3,0.03,0.081,0.0
dataset/jpg/unlabeled/image_05660.jpg,jpg/image_05660.jpg,unlabeled,1.0,0.722,0.936,0.314,0.048,0.0,0.0
dataset/jpg/unlabeled/image_05663.jpg,jpg/image_05663.jpg,unlabeled,1.0,1.311,0.725,0.257,0.107,0.089,0.0
dataset/jpg/unlabeled/image_05669.jpg,jpg/image_05669.jpg,unlabeled,1.0,1.247,0.752,0.28,0.041,0.081,0.0
dataset/jpg/unlabeled/image_05671.jpg,jpg/image_05671.jpg,unlabeled,1.0,1.14,1.012,0.413,0.062,0.081,0.0
dataset/jpg/unlabeled/image_05674.jpg,jpg/image_05674.jpg,unlabeled,1.0,0.784,0.807,0.294,0.065,0.0,0.0
dataset/jpg/unlabeled/image_05677.jpg,jpg/image_05677.jpg,unlabeled,1.0,0.872,0.854,0.346,0.033,0.0,0.0
dataset/jpg/unlabeled/image_05678.jpg,jpg/image_05678.jpg,unlabeled,1.0,1.424,0.958,0.313,0.175,0.0,0.0
dataset/jpg/unlabeled/image_05679.jpg,jpg/image_05679.jpg,unlabeled,1.0,0.788,0.702,0.257,0.062,0.094,0.0
dataset/jpg/unlabeled/image_05684.jpg,jpg/image_05684.jpg,unlabeled,1.0,0.891,0.76,0.315,0.09,0.088,0.0
dataset/jpg/unlabeled/image_05686.jpg,jpg/image_05686.jpg,unlabeled,1.0,0.882,0.691,0.283,0.016,0.086,0.0
dataset/jpg/unlabeled/image_05687.jpg,jpg/image_05687.jpg,unlabeled,1.0,1.157,0.699,0.281,0.012,0.056,0.0
dataset/jpg/unlabeled/image_05688.jpg,jpg/image_05688.jpg,unlabeled,1.0,1.296,0.764,0.274,0.105,0.098,0.0
dataset/jpg/unlabeled/image_05689.jpg,jpg/image_05689.jpg,unlabeled,1.0,1.043,0.756,0.337,0.109,0.0,0.0
dataset/jpg/unlabeled/image_05690.jpg,jpg/image_05690.jpg,unlabeled,1.0,0.953,0.911,0.404,0.016,0.041,0.0
dataset/jpg/unlabeled/image_05692.jpg,jpg/image_05692.jpg,unlabeled,1.0,1.441,0.82,0.264,0.145,0.082,0.0
dataset/jpg/unlabeled/image_05694.jpg,jpg/image_05694.jpg,unlabeled,1.0,0.927,0.694,0.299,0.037,0.042,0.0
dataset/jpg/unlabeled/image_05696.jpg,jpg/image_05696.jpg,unlabeled,1.0,1.188,0.774,0.303,0.05,0.118,0.0
dataset/jpg/unlabeled/image_05698.jpg,jpg/image_05698.jpg,unlabeled,1.0,1.064,0.817,0.357,0.063,0.053,0.0
dataset/jpg/unlabeled/image_05700.jpg,jpg/image_05700.jpg,unlabeled,1.0,1.0,0.78,0.362,0.01,0.0,0.0
dataset/jpg/unlabeled/image_05701.jpg,jpg/image_05701.jpg,unlabeled,1.0,1.16,0.848,0.34,0.049,0.116,0.0
dataset/jpg/unlabeled/image_05702.jpg,jpg/image_05702.jpg,unlabeled,1.0,1.052,0.768,0.339,0.046,0.039,0.0
dataset/jpg/unlabeled/image_05703.jpg,jpg/image_05703.jpg,unlabeled,1.0,1.189,0.749,0.293,0.127,0.108,0.0
dataset/jpg/unlabeled/image_05704.jpg,jpg/image_05704.jpg,unlabeled,1.0,1.055,0.888,0.391,0.039,0.053,0.0
dataset/jpg/unlabeled/image_05706.jpg,jpg/image_05706.jpg,unlabeled,1.0,1.119,0.84,0.349,0.035,0.095,0.0
dataset/jpg/unlabeled/image_05707.jpg,jpg/image_05707.jpg,unlabeled,1.0,1.024,0.935,0.424,0.032,0.042,0.0
dataset/jpg/unlabeled/image_05708.jpg,jpg/image_05708.jpg,unlabeled,1.0,0.917,0.733,0.312,0.058,0.036,0.0
dataset/jpg/unlabeled/image_05709.jpg,jpg/image_05709.jpg,unlabeled,1.0,1.041,0.847,0.378,0.028,0.049,0.0
dataset/jpg/unlabeled/image_05710.jpg,jpg/image_05710.jpg,unlabeled,1.0,1.326,0.797,0.279,0.057,0.115,0.0
dataset/jpg/unlabeled/image_05711.jpg,jpg/image_05711.jpg,unlabeled,1.0,1.026,0.784,0.355,0.019,0.034,0.0
dataset/jpg/unlabeled/image_05713.jpg,jpg/image_05713.jpg,unlabeled,1.0,1.071,0.867,0.376,0.073,0.06,0.0
dataset/jpg/unlabeled/image_05714.jpg,jpg/image_05714.jpg,unlabeled,1.0,1.116,0.858,0.357,0.042,0.08,0.0
dataset/jpg/unlabeled/image_05715.jpg,jpg/image_05715.jpg,unlabeled,1.0,0.912,0.739,0.313,0.009,0.061,0.0
dataset/jpg/unlabeled/image_05716.jpg,jpg/image_05716.jpg,unlabeled,1.0,1.148,0.879,0.356,0.025,0.102,0.0
dataset/jpg/unlabeled/image_05719.jpg,jpg/image_05719.jpg,unlabeled,1.0,1.152,0.814,0.328,0.038,0.029,0.0
dataset/jpg/unlabeled/image_05720.jpg,jpg/image_05720.jpg,unlabeled,1.0,0.859,0.865,0.346,0.042,0.105,0.0
dataset/jpg/unlabeled/image_05721.jpg,jpg/image_05721.jpg,unlabeled,1.0,0.953,0.911,0.404,0.036,0.053,0.0
dataset/jpg/unlabeled/image_05722.jpg,jpg/image_05722.jpg,unlabeled,1.0,1.125,0.674,0.279,0.027,0.085,0.0
dataset/jpg/unlabeled/image_05723.jpg,jpg/image_05723.jpg,unlabeled,1.0,1.091,0.742,0.316,0.064,0.035,0.0
dataset/jpg/unlabeled/image_05724.jpg,jpg/image_05724.jpg,unlabeled,1.0,1.087,0.691,0.295,0.047,0.039,0.0
dataset/jpg/unlabeled/image_05726.jpg,jpg/image_05726.jpg,unlabeled,1.0,1.153,0.86,0.346,0.044,0.102,0.0
dataset/jpg/unlabeled/image_05727.jpg,jpg/image_05727.jpg,unlabeled,1.0,0.981,0.699,0.319,0.061,0.026,0.0
dataset/jpg/unlabeled/image_05728.jpg,jpg/image_05728.jpg,unlabeled,1.0,1.104,0.7,0.295,0.038,0.085,0.0
dataset/jpg/unlabeled/image_05731.jpg,jpg/image_05731.jpg,unlabeled,1.0,0.863,0.732,0.294,0.097,0.036,0.0
dataset/jpg/unlabeled/image_05732.jpg,jpg/image_05732.jpg,unlabeled,1.0,0.833,0.825,0.319,0.057,0.0,0.0
dataset/jpg/unlabeled/image_05734.jpg,jpg/image_05734.jpg,unlabeled,1.0,0.891,0.588,0.244,0.035,0.0,0.0
dataset/jpg/unlabeled/image_05736.jpg,jpg/image_05736.jpg,unlabeled,1.0,0.897,0.723,0.301,0.081,0.0,0.0
dataset/jpg/unlabeled/image_05737.jpg,jpg/image_05737.jpg,unlabeled,1.0,0.84,0.785,0.306,0.072,0.076,0.0
dataset/jpg/unlabeled/image_05740.jpg,jpg/image_05740.jpg,unlabeled,1.0,1.008,0.62,0.286,0.037,0.028,0.0
dataset/jpg/unlabeled/image_05742.jpg,jpg/image_05742.jpg,unlabeled,1.0,1.12,0.715,0.297,0.043,0.094,0.0
dataset/jpg/unlabeled/image_05743.jpg,jpg/image_05743.jpg,unlabeled,1.0,1.043,0.739,0.329,0.038,0.071,0.0
dataset/jpg/unlabeled/image_05744.jpg,jpg/image_05744.jpg,unlabeled,1.0,1.068,0.869,0.378,0.007,0.018,0.0
dataset/jpg/unlabeled/image_05745.jpg,jpg/image_05745.jpg,unlabeled,1.0,1.048,0.846,0.375,0.016,0.03,0.0
dataset/jpg/unlabeled/image_05746.jpg,jpg/image_05746.jpg,unlabeled,1.0,1.127,0.887,0.366,0.01,0.078,0.0
dataset/jpg/unlabeled/image_05747.jpg,jpg/image_05747.jpg,unlabeled,1.0,1.168,1.003,0.399,0.021,0.085,0.0
dataset/jpg/unlabeled/image_05748.jpg,jpg/image_05748.jpg,unlabeled,1.0,1.194,0.929,0.361,0.05,0.103,0.0
dataset/jpg/unlabeled/image_05750.jpg,jpg/image_05750.jpg,unlabeled,1.0,1.2,0.68,0.263,0.021,0.033,0.0
dataset/jpg/unlabeled/image_05751.jpg,jpg/image_05751.jpg,unlabeled,1.0,1.082,0.861,0.37,0.043,0.033,0.0
dataset/jpg/unlabeled/image_05753.jpg,jpg/image_05753.jpg,unlabeled,1.0,1.032,0.916,0.412,0.023,0.05,0.0
dataset/jpg/unlabeled/image_05754.jpg,jpg/image_05754.jpg,unlabeled,1.0,1.115,0.745,0.311,0.024,0.03,0.0
dataset/jpg/unlabeled/image_05757.jpg,jpg/image_05757.jpg,unlabeled,1.0,1.242,0.905,0.339,0.003,0.112,0.0
dataset/jpg/unlabeled/image_05758.jpg,jpg/image_05758.jpg,unlabeled,1.0,1.208,0.914,0.352,0.004,0.047,0.0
dataset/jpg/unlabeled/image_05759.jpg,jpg/image_05759.jpg,unlabeled,1.0,1.203,0.881,0.341,0.088,0.087,0.0
dataset/jpg/unlabeled/image_05760.jpg,jpg/image_05760.jpg,unlabeled,1.0,1.254,0.623,0.231,0.09,0.107,0.0
dataset/jpg/unlabeled/image_05763.jpg,jpg/image_05763.jpg,unlabeled,1.0,1.009,0.769,0.354,0.028,0.004,0.0
dataset/jpg/unlabeled/image_05766.jpg,jpg/image_05766.jpg,unlabeled,1.0,0.964,0.851,0.381,0.118,0.047,0.0
dataset/jpg/unlabeled/image_05767.jpg,jpg/image_05767.jpg,unlabeled,1.0,1.032,0.995,0.448,0.016,0.046,0.0
dataset/jpg/unlabeled/image_05769.jpg,jpg/image_05769.jpg,unlabeled,1.0,1.0,0.856,0.398,0.027,0.042,0.0
dataset/jpg/unlabeled/image_05772.jpg,jpg/image_05772.jpg,unlabeled,1.0,1.333,0.864,0.301,0.034,0.096,0.0
dataset/jpg/unlabeled/image_05775.jpg,jpg/image_05775.jpg,unlabeled,1.0,1.403,0.861,0.285,0.033,0.025,0.0
dataset/jpg/unlabeled/image_05776.jpg,jpg/image_05776.jpg,unlabeled,1.0,1.227,0.884,0.335,0.113,0.074,0.0
dataset/jpg/unlabeled/image_05778.jpg,jpg/image_05778.jpg,unlabeled,1.0,1.188,0.878,0.344,0.078,0.0,0.0
dataset/jpg/unlabeled/image_05779.jpg,jpg/image_05779.jpg,unlabeled,1.0,1.279,0.808,0.293,0.145,0.048,0.0
dataset/jpg/unlabeled/image_05780.jpg,jpg/image_05780.jpg,unlabeled,0.953,1.443,0.746,0.24,0.087,0.069,0.029
dataset/jpg/unlabeled/image_05781.jpg,jpg/image_05781.jpg,unlabeled,1.0,1.016,1.019,0.466,0.019,0.035,0.0
dataset/jpg/unlabeled/image_05782.jpg,jpg/image_05782.jpg,unlabeled,1.0,0.981,0.854,0.39,0.064,0.024,0.0
dataset/jpg/unlabeled/image_05784.jpg,jpg/image_05784.jpg,unlabeled,1.0,0.961,0.935,0.417,0.009,0.026,0.0
dataset/jpg/unlabeled/image_05785.jpg,jpg/image_05785.jpg,unlabeled,1.0,1.101,0.959,0.405,0.01,0.0,0.0
dataset/jpg/unlabeled/image_05787.jpg,jpg/image_05787.jpg,unlabeled,1.0,1.034,0.829,0.373,0.063,0.043,0.0
dataset/jpg/unlabeled/image_05788.jpg,jpg/image_05788.jpg,unlabeled,1.0,1.0,0.883,0.41,0.056,0.025,0.0
dataset/jpg/unlabeled/image_05789.jpg,jpg/image_05789.jpg,unlabeled,1.0,1.086,0.849,0.363,0.059,0.049,0.0
dataset/jpg/unlabeled/image_05790.jpg,jpg/image_05790.jpg,unlabeled,1.0,1.098,0.789,0.334,0.047,0.033,0.0
dataset/jpg/unlabeled/image_05794.jpg,jpg/image_05794.jpg,unlabeled,1.0,0.941,0.792,0.346,0.061,0.045,0.0
dataset/jpg/unlabeled/image_05795.jpg,jpg/image_05795.jpg,unlabeled,1.0,0.726,0.872,0.294,0.098,0.0,0.0
dataset/jpg/unlabeled/image_05797.jpg,jpg/image_05797.jpg,unlabeled,1.0,1.216,0.692,0.264,0.13,0.085,0.009
dataset/jpg/unlabeled/image_05798.jpg,jpg/image_05798.jpg,unlabeled,1.0,1.423,0.885,0.289,0.153,0.0,0.0
dataset/jpg/unlabeled/image_05800.jpg,jpg/image_05800.jpg,unlabeled,1.0,1.073,0.743,0.322,0.015,0.064,0.0
dataset/jpg/unlabeled/image_05801.jpg,jpg/image_05801.jpg,unlabeled,1.0,1.267,0.853,0.313,0.041,0.081,0.0
dataset/jpg/unlabeled/image_05802.jpg,jpg/image_05802.jpg,unlabeled,1.0,1.138,0.784,0.32,0.054,0.09,0.0
dataset/jpg/unlabeled/image_05803.jpg,jpg/image_05803.jpg,unlabeled,1.0,1.161,0.86,0.344,0.048,0.08,0.0
dataset/jpg/unlabeled/image_05807.jpg,jpg/image_05807.jpg,unlabeled,1.0,0.916,0.718,0.306,0.056,0.041,0.0
dataset/jpg/unlabeled/image_05808.jpg,jpg/image_05808.jpg,unlabeled,1.0,0.955,0.85,0.377,0.062,0.0,0.0
dataset/jpg/unlabeled/image_05811.jpg,jpg/image_05811.jpg,unlabeled,1.0,0.868,0.879,0.355,0.178,0.018,0.0
dataset/jpg/unlabeled/image_05812.jpg,jpg/image_05812.jpg,unlabeled,1.0,1.097,0.777,0.329,0.088,0.072,0.0
dataset/jpg/unlabeled/image_05813.jpg,jpg/image_05813.jpg,unlabeled,1.0,1.295,0.871,0.312,0.112,0.1,0.0
dataset/jpg/unlabeled/image_05818.jpg,jpg/image_05818.jpg,unlabeled,1.0,0.912,0.89,0.377,0.114,0.025,0.0
dataset/jpg/unlabeled/image_05819.jpg,jpg/image_05819.jpg,unlabeled,1.0,1.053,0.918,0.405,0.076,0.0,0.0
dataset/jpg/unlabeled/image_05820.jpg,jpg/image_05820.jpg,unlabeled,1.0,1.301,0.938,0.335,0.077,0.114,0.0
dataset/jpg/unlabeled/image_05822.jpg,jpg/image_05822.jpg,unlabeled,1.0,1.159,0.799,0.32,0.168,0.039,0.0
dataset/jpg/unlabeled/image_05826.jpg,jpg/image_05826.jpg,unlabeled,1.0,1.227,0.983,0.372,0.044,0.0,0.0
dataset/jpg/unlabeled/image_05829.jpg,jpg/image_05829.jpg,unlabeled,1.0,1.208,0.756,0.291,0.035,0.065,0.0
dataset/jpg/unlabeled/image_05831.jpg,jpg/image_05831.jpg,unlabeled,1.0,1.043,0.839,0.374,0.024,0.03,0.0
dataset/jpg/unlabeled/image_05833.jpg,jpg/image_05833.jpg,unlabeled,1.0,0.97,0.746,0.336,0.029,0.0,0.0
dataset/jpg/unlabeled/image_05834.jpg,jpg/image_05834.jpg,unlabeled,1.0,1.113,0.863,0.36,0.058,0.068,0.0
dataset/jpg/unlabeled/image_05835.jpg,jpg/image_05835.jpg,unlabeled,1.0,0.753,0.798,0.279,0.16,0.0,0.0
dataset/jpg/unlabeled/image_05837.jpg,jpg/image_05837.jpg,unlabeled,1.0,1.348,0.922,0.318,0.119,0.08,0.0
dataset/jpg/unlabeled/image_05838.jpg,jpg/image_05838.jpg,unlabeled,1.0,1.206,0.827,0.319,0.035,0.067,0.0
dataset/jpg/unlabeled/image_05839.jpg,jpg/image_05839.jpg,unlabeled,1.0,0.963,0.78,0.349,0.137,0.007,0.0
dataset/jpg/unlabeled/image_05840.jpg,jpg/image_05840.jpg,unlabeled,1.0,0.961,0.774,0.346,0.059,0.009,0.0
dataset/jpg/unlabeled/image_05842.jpg,jpg/image_05842.jpg,unlabeled,1.0,1.279,0.647,0.235,0.152,0.092,0.0
dataset/jpg/unlabeled/image_05843.jpg,jpg/image_05843.jpg,unlabeled,1.0,0.824,0.779,0.298,0.146,0.0,0.0
dataset/jpg/unlabeled/image_05848.jpg,jpg/image_05848.jpg,unlabeled,1.0,1.183,0.764,0.3,0.03,0.106,0.0
dataset/jpg/unlabeled/image_05849.jpg,jpg/image_05849.jpg,unlabeled,1.0,1.143,0.745,0.303,0.019,0.08,0.0
dataset/jpg/unlabeled/image_05850.jpg,jpg/image_05850.jpg,unlabeled,1.0,1.129,0.743,0.306,0.035,0.084,0.0
dataset/jpg/unlabeled/image_05852.jpg,jpg/image_05852.jpg,unlabeled,1.0,1.157,0.667,0.268,0.105,0.103,0.0
dataset/jpg/unlabeled/image_05853.jpg,jpg/image_05853.jpg,unlabeled,1.0,1.049,0.716,0.317,0.01,0.047,0.0
dataset/jpg/unlabeled/image_05854.jpg,jpg/image_05854.jpg,unlabeled,1.0,1.165,0.749,0.299,0.037,0.079,0.001
dataset/jpg/unlabeled/image_05855.jpg,jpg/image_05855.jpg,unlabeled,1.0,0.97,0.822,0.37,0.126,0.033,0.0
dataset/jpg/unlabeled/image_05856.jpg,jpg/image_05856.jpg,unlabeled,1.0,0.977,0.853,0.387,0.012,0.025,0.0
dataset/jpg/unlabeled/image_05857.jpg,jpg/image_05857.jpg,unlabeled,1.0,1.157,0.636,0.256,0.05,0.11,0.0
dataset/jpg/unlabeled/image_05858.jpg,jpg/image_05858.jpg,unlabeled,1.0,1.05,0.68,0.301,0.108,0.067,0.0
dataset/jpg/unlabeled/image_05860.jpg,jpg/image_05860.jpg,unlabeled,1.0,1.122,0.786,0.325,0.093,0.078,0.0
dataset/jpg/unlabeled/image_05861.jpg,jpg/image_05861.jpg,unlabeled,1.0,1.16,0.753,0.301,0.142,0.066,0.0
dataset/jpg/unlabeled/image_05863.jpg,jpg/image_05863.jpg,unlabeled,1.0,1.232,0.676,0.255,0.024,0.11,0.0
dataset/jpg/unlabeled/image_05865.jpg,jpg/image_05865.jpg,unlabeled,1.0,1.169,0.756,0.301,0.142,0.09,0.0
dataset/jpg/unlabeled/image_05868.jpg,jpg/image_05868.jpg,unlabeled,1.0,1.435,0.682,0.221,0.037,0.091,0.0
dataset/jpg/unlabeled/image_05869.jpg,jpg/image_05869.jpg,unlabeled,1.0,1.085,0.864,0.37,0.062,0.039,0.0
dataset/jpg/unlabeled/image_05872.jpg,jpg/image_05872.jpg,unlabeled,1.0,0.849,0.746,0.294,0.039,0.09,0.0
dataset/jpg/unlabeled/image_05873.jpg,jpg/image_05873.jpg,unlabeled,1.0,1.137,0.761,0.311,0.032,0.093,0.0
dataset/jpg/unlabeled/image_05875.jpg,jpg/image_05875.jpg,unlabeled,1.0,0.905,0.711,0.299,0.139,0.003,0.0
dataset/jpg/unlabeled/image_05877.jpg,jpg/image_05877.jpg,unlabeled,1.0,1.198,0.743,0.288,0.015,0.105,0.0
dataset/jpg/unlabeled/image_05879.jpg,jpg/image_05879.jpg,unlabeled,1.0,0.957,0.844,0.375,0.009,0.0,0.0
dataset/jpg/unlabeled/image_05880.jpg,jpg/image_05880.jpg,unlabeled,1.0,1.322,0.746,0.262,0.127,0.0,0.0
dataset/jpg/unlabeled/image_05881.jpg,jpg/image_05881.jpg,unlabeled,1.0,0.959,0.797,0.355,0.005,0.002,0.0
dataset/jpg/unlabeled/image_05882.jpg,jpg/image_05882.jpg,unlabeled,1.0,1.0,0.759,0.353,0.067,0.0,0.0
dataset/jpg/unlabeled/image_05884.jpg,jpg/image_05884.jpg,unlabeled,1.0,0.878,0.874,0.357,0.119,0.058,0.0
dataset/jpg/unlabeled/image_05886.jpg,jpg/image_05886.jpg,unlabeled,1.0,0.962,0.769,0.344,0.069,0.053,0.0
dataset/jpg/unlabeled/image_05887.jpg,jpg/image_05887.jpg,unlabeled,1.0,0.933,0.683,0.296,0.058,0.071,0.0
dataset/jpg/unlabeled/image_05888.jpg,jpg/image_05888.jpg,unlabeled,1.0,0.97,0.72,0.325,0.105,0.052,0.0
dataset/jpg/unlabeled/image_05890.jpg,jpg/image_05890.jpg,unlabeled,1.0,1.018,0.674,0.308,0.075,0.036,0.0
dataset/jpg/unlabeled/image_05891.jpg,jpg/image_05891.jpg,unlabeled,1.0,0.915,0.658,0.28,0.016,0.032,0.0
dataset/jpg/unlabeled/image_05894.jpg,jpg/image_05894.jpg,unlabeled,1.0,0.959,0.699,0.312,0.029,0.0,0.0
dataset/jpg/unlabeled/image_05895.jpg,jpg/image_05895.jpg,unlabeled,1.0,0.893,0.698,0.29,0.094,0.055,0.0
dataset/jpg/unlabeled/image_05896.jpg,jpg/image_05896.jpg,unlabeled,1.0,0.946,0.577,0.254,0.033,0.014,0.0
dataset/jpg/unlabeled/image_05897.jpg,jpg/image_05897.jpg,unlabeled,1.0,1.174,0.653,0.258,0.164,0.046,0.0
dataset/jpg/unlabeled/image_05898.jpg,jpg/image_05898.jpg,unlabeled,1.0,1.071,0.613,0.266,0.02,0.043,0.0
dataset/jpg/unlabeled/image_05899.jpg,jpg/image_05899.jpg,unlabeled,1.0,0.931,0.61,0.264,0.017,0.028,0.0
dataset/jpg/unlabeled/image_05902.jpg,jpg/image_05902.jpg,unlabeled,1.0,0.99,0.736,0.339,0.027,0.043,0.0
dataset/jpg/unlabeled/image_05904.jpg,jpg/image_05904.jpg,unlabeled,1.0,1.017,0.824,0.376,0.018,0.031,0.0
dataset/jpg/unlabeled/image_05905.jpg,jpg/image_05905.jpg,unlabeled,1.0,0.959,0.878,0.391,0.015,0.017,0.0
dataset/jpg/unlabeled/image_05906.jpg,jpg/image_05906.jpg,unlabeled,1.0,1.028,0.814,0.368,0.033,0.033,0.0
dataset/jpg/unlabeled/image_05907.jpg,jpg/image_05907.jpg,unlabeled,1.0,0.727,0.843,0.285,0.044,0.088,0.0
dataset/jpg/unlabeled/image_05908.jpg,jpg/image_05908.jpg,unlabeled,1.0,0.898,0.832,0.347,0.05,0.101,0.0
dataset/jpg/unlabeled/image_05909.jpg,jpg/image_05909.jpg,unlabeled,1.0,0.904,1.002,0.421,0.06,0.034,0.0
dataset/jpg/unlabeled/image_05911.jpg,jpg/image_05911.jpg,unlabeled,1.0,0.791,0.906,0.333,0.046,0.047,0.0
dataset/jpg/unlabeled/image_05912.jpg,jpg/image_05912.jpg,unlabeled,1.0,1.041,0.92,0.411,0.027,0.057,0.0
dataset/jpg/unlabeled/image_05913.jpg,jpg/image_05913.jpg,unlabeled,1.0,0.984,0.824,0.377,0.004,0.028,0.0
dataset/jpg/unlabeled/image_05914.jpg,jpg/image_05914.jpg,unlabeled,1.0,1.033,0.981,0.441,0.024,0.034,0.0
dataset/jpg/unlabeled/image_05915.jpg,jpg/image_05915.jpg,unlabeled,1.0,0.953,0.722,0.32,0.026,0.046,0.0
dataset/jpg/unlabeled/image_05916.jpg,jpg/image_05916.jpg,unlabeled,1.0,1.095,0.881,0.374,0.169,0.083,0.0
dataset/jpg/unlabeled/image_05917.jpg,jpg/image_05917.jpg,unlabeled,1.0,0.938,0.774,0.337,0.026,0.058,0.0
dataset/jpg/unlabeled/image_05918.jpg,jpg/image_05918.jpg,unlabeled,1.0,0.977,0.961,0.436,0.026,0.044,0.0
dataset/jpg/unlabeled/image_05921.jpg,jpg/image_05921.jpg,unlabeled,1.0,0.734,0.911,0.311,0.011,0.041,0.0
dataset/jpg/unlabeled/image_05922.jpg,jpg/image_05922.jpg,unlabeled,1.0,0.762,0.696,0.247,0.075,0.069,0.0
dataset/jpg/unlabeled/image_05923.jpg,jpg/image_05923.jpg,unlabeled,1.0,0.75,0.819,0.286,0.026,0.119,0.0
dataset/jpg/unlabeled/image_05924.jpg,jpg/image_05924.jpg,unlabeled,1.0,0.88,0.874,0.358,0.018,0.062,0.0
dataset/jpg/unlabeled/image_05925.jpg,jpg/image_05925.jpg,unlabeled,1.0,0.898,0.871,0.364,0.034,0.072,0.0
dataset/jpg/unlabeled/image_05926.jpg,jpg/image_05926.jpg,unlabeled,1.0,1.044,0.893,0.397,0.066,0.078,0.0
dataset/jpg/unlabeled/image_05927.jpg,jpg/image_05927.jpg,unlabeled,1.0,0.895,0.881,0.367,0.095,0.106,0.0
dataset/jpg/unlabeled/image_05928.jpg,jpg/image_05928.jpg,unlabeled,1.0,0.797,0.86,0.319,0.048,0.067,0.0
dataset/jpg/unlabeled/image_05929.jpg,jpg/image_05929.jpg,unlabeled,1.0,1.067,0.826,0.36,0.048,0.083,0.0
dataset/jpg/unlabeled/image_05931.jpg,jpg/image_05931.jpg,unlabeled,1.0,0.883,0.96,0.394,0.015,0.065,0.0
dataset/jpg/unlabeled/image_05932.jpg,jpg/image_05932.jpg,unlabeled,1.0,0.936,0.938,0.408,0.042,0.048,0.0
dataset/jpg/unlabeled/image_05933.jpg,jpg/image_05933.jpg,unlabeled,1.0,0.85,1.019,0.403,0.035,0.049,0.0
dataset/jpg/unlabeled/image_05934.jpg,jpg/image_05934.jpg,unlabeled,1.0,0.934,0.963,0.418,0.049,0.037,0.0
dataset/jpg/unlabeled/image_05935.jpg,jpg/image_05935.jpg,unlabeled,1.0,1.05,0.753,0.333,0.049,0.041,0.0
dataset/jpg/unlabeled/image_05936.jpg,jpg/image_05936.jpg,unlabeled,1.0,0.8,1.048,0.389,0.018,0.021,0.0
dataset/jpg/unlabeled/image_05937.jpg,jpg/image_05937.jpg,unlabeled,1.0,0.875,0.969,0.394,0.012,0.058,0.0
dataset/jpg/unlabeled/image_05938.jpg,jpg/image_05938.jpg,unlabeled,1.0,0.974,0.779,0.353,0.045,0.01,0.0
dataset/jpg/unlabeled/image_05939.jpg,jpg/image_05939.jpg,unlabeled,1.0,1.088,0.907,0.387,0.015,0.063,0.0
dataset/jpg/unlabeled/image_05941.jpg,jpg/image_05941.jpg,unlabeled,1.0,0.971,0.906,0.409,0.111,0.024,0.0
dataset/jpg/unlabeled/image_05942.jpg,jpg/image_05942.jpg,unlabeled,1.0,0.769,0.969,0.346,0.072,0.116,0.0
dataset/jpg/unlabeled/image_05943.jpg,jpg/image_05943.jpg,unlabeled,1.0,0.862,0.86,0.345,0.02,0.035,0.0
dataset/jpg/unlabeled/image_05945.jpg,jpg/image_05945.jpg,unlabeled,1.0,1.093,0.808,0.344,0.152,0.05,0.0
dataset/jpg/unlabeled/image_05946.jpg,jpg/image_05946.jpg,unlabeled,1.0,0.708,0.853,0.281,0.02,0.009,0.0
dataset/jpg/unlabeled/image_05947.jpg,jpg/image_05947.jpg,unlabeled,1.0,0.927,0.814,0.351,0.153,0.062,0.0
dataset/jpg/unlabeled/image_05948.jpg,jpg/image_05948.jpg,unlabeled,1.0,0.966,0.827,0.371,0.098,0.07,0.0
dataset/jpg/unlabeled/image_05949.jpg,jpg/image_05949.jpg,unlabeled,1.0,1.168,0.731,0.291,0.013,0.095,0.0
dataset/jpg/unlabeled/image_05950.jpg,jpg/image_05950.jpg,unlabeled,1.0,0.883,0.936,0.384,0.043,0.041,0.0
dataset/jpg/unlabeled/image_05951.jpg,jpg/image_05951.jpg,unlabeled,1.0,1.176,0.825,0.326,0.107,0.0,0.0
dataset/jpg/unlabeled/image_05952.jpg,jpg/image_05952.jpg,unlabeled,1.0,0.912,0.717,0.304,0.028,0.041,0.0
dataset/jpg/unlabeled/image_05953.jpg,jpg/image_05953.jpg,unlabeled,1.0,0.992,0.835,0.385,0.044,0.046,0.0
dataset/jpg/unlabeled/image_05954.jpg,jpg/image_05954.jpg,unlabeled,1.0,0.958,0.819,0.365,0.052,0.037,0.0
dataset/jpg/unlabeled/image_05957.jpg,jpg/image_05957.jpg,unlabeled,1.0,0.953,0.934,0.414,0.014,0.043,0.0
dataset/jpg/unlabeled/image_05959.jpg,jpg/image_05959.jpg,unlabeled,1.0,1.0,0.812,0.377,0.01,0.014,0.0
dataset/jpg/unlabeled/image_05960.jpg,jpg/image_05960.jpg,unlabeled,1.0,1.185,0.808,0.317,0.009,0.094,0.0
dataset/jpg/unlabeled/image_05962.jpg,jpg/image_05962.jpg,unlabeled,1.0,0.936,0.8,0.348,0.029,0.052,0.0
dataset/jpg/unlabeled/image_05963.jpg,jpg/image_05963.jpg,unlabeled,1.0,1.078,0.869,0.375,0.016,0.061,0.0
dataset/jpg/unlabeled/image_05964.jpg,jpg/image_05964.jpg,unlabeled,1.0,1.219,0.975,0.372,0.04,0.091,0.0
dataset/jpg/unlabeled/image_05965.jpg,jpg/image_05965.jpg,unlabeled,1.0,1.149,0.733,0.296,0.04,0.068,0.0
dataset/jpg/unlabeled/image_05966.jpg,jpg/image_05966.jpg,unlabeled,1.0,1.143,0.879,0.357,0.011,0.084,0.0
dataset/jpg/unlabeled/image_05967.jpg,jpg/image_05967.jpg,unlabeled,1.0,1.041,0.94,0.42,0.023,0.04,0.0
dataset/jpg/unlabeled/image_05968.jpg,jpg/image_05968.jpg,unlabeled,1.0,1.164,0.778,0.311,0.029,0.1,0.0
dataset/jpg/unlabeled/image_05969.jpg,jpg/image_05969.jpg,unlabeled,1.0,1.228,0.727,0.275,0.012,0.113,0.0
dataset/jpg/unlabeled/image_05971.jpg,jpg/image_05971.jpg,unlabeled,1.0,1.077,0.908,0.392,0.039,0.062,0.0
dataset/jpg/unlabeled/image_05972.jpg,jpg/image_05972.jpg,unlabeled,1.0,1.208,0.925,0.356,0.02,0.113,0.0
dataset/jpg/unlabeled/image_05973.jpg,jpg/image_05973.jpg,unlabeled,1.0,1.208,0.91,0.35,0.009,0.103,0.0
dataset/jpg/unlabeled/image_05975.jpg,jpg/image_05975.jpg,unlabeled,1.0,0.867,0.881,0.355,0.068,0.095,0.0
dataset/jpg/unlabeled/image_05976.jpg,jpg/image_05976.jpg,unlabeled,1.0,1.086,0.762,0.326,0.035,0.0,0.0
dataset/jpg/unlabeled/image_05977.jpg,jpg/image_05977.jpg,unlabeled,1.0,1.12,0.842,0.349,0.033,0.077,0.0
dataset/jpg/unlabeled/image_05980.jpg,jpg/image_05980.jpg,unlabeled,1.0,0.922,0.647,0.277,0.034,0.066,0.0
dataset/jpg/unlabeled/image_05982.jpg,jpg/image_05982.jpg,unlabeled,1.0,0.961,0.845,0.377,0.054,0.068,0.0
dataset/jpg/unlabeled/image_05983.jpg,jpg/image_05983.jpg,unlabeled,1.0,1.301,0.739,0.264,0.021,0.027,0.0
dataset/jpg/unlabeled/image_05984.jpg,jpg/image_05984.jpg,unlabeled,1.0,0.973,0.815,0.369,0.082,0.03,0.0
dataset/jpg/unlabeled/image_05986.jpg,jpg/image_05986.jpg,unlabeled,1.0,1.189,0.873,0.341,0.106,0.096,0.0
dataset/jpg/unlabeled/image_05987.jpg,jpg/image_05987.jpg,unlabeled,1.0,1.021,0.805,0.366,0.008,0.034,0.0
dataset/jpg/unlabeled/image_05988.jpg,jpg/image_05988.jpg,unlabeled,1.0,1.128,0.7,0.289,0.04,0.075,0.0
dataset/jpg/unlabeled/image_05989.jpg,jpg/image_05989.jpg,unlabeled,1.0,0.917,0.86,0.367,0.073,0.053,0.0
dataset/jpg/unlabeled/image_05990.jpg,jpg/image_05990.jpg,unlabeled,1.0,1.0,0.975,0.453,0.012,0.03,0.0
dataset/jpg/unlabeled/image_05992.jpg,jpg/image_05992.jpg,unlabeled,1.0,0.823,0.8,0.306,0.113,0.031,0.0
dataset/jpg/unlabeled/image_05993.jpg,jpg/image_05993.jpg,unlabeled,1.0,0.97,0.681,0.307,0.107,0.0,0.0
dataset/jpg/unlabeled/image_05994.jpg,jpg/image_05994.jpg,unlabeled,1.0,1.187,0.719,0.282,0.021,0.097,0.0
dataset/jpg/unlabeled/image_05995.jpg,jpg/image_05995.jpg,unlabeled,1.0,1.091,0.628,0.268,0.032,0.02,0.0
dataset/jpg/unlabeled/image_05996.jpg,jpg/image_05996.jpg,unlabeled,1.0,0.982,0.862,0.393,0.057,0.03,0.0
dataset/jpg/unlabeled/image_05998.jpg,jpg/image_05998.jpg,unlabeled,1.0,1.06,0.883,0.387,0.025,0.065,0.0
dataset/jpg/unlabeled/image_05999.jpg,jpg/image_05999.jpg,unlabeled,1.0,1.2,0.741,0.287,0.121,0.042,0.0
dataset/jpg/unlabeled/image_06000.jpg,jpg/image_06000.jpg,unlabeled,1.0,1.165,0.766,0.306,0.04,0.063,0.0
dataset/jpg/unlabeled/image_06002.jpg,jpg/image_06002.jpg,unlabeled,1.0,1.123,0.905,0.375,0.043,0.059,0.0
dataset/jpg/unlabeled/image_06010.jpg,jpg/image_06010.jpg,unlabeled,1.0,0.92,0.71,0.304,0.031,0.002,0.0
dataset/jpg/unlabeled/image_06011.jpg,jpg/image_06011.jpg,unlabeled,1.0,1.061,0.739,0.324,0.041,0.052,0.0
dataset/jpg/unlabeled/image_06013.jpg,jpg/image_06013.jpg,unlabeled,1.0,0.782,0.821,0.298,0.164,0.0,0.0
dataset/jpg/unlabeled/image_06016.jpg,jpg/image_06016.jpg,unlabeled,1.0,0.873,0.861,0.349,0.116,0.0,0.0
dataset/jpg/unlabeled/image_06018.jpg,jpg/image_06018.jpg,unlabeled,1.0,0.991,0.585,0.269,0.046,0.029,0.0
dataset/jpg/unlabeled/image_06019.jpg,jpg/image_06019.jpg,unlabeled,1.0,0.811,0.705,0.265,0.033,0.0,0.0
dataset/jpg/unlabeled/image_06027.jpg,jpg/image_06027.jpg,unlabeled,1.0,0.992,0.814,0.375,0.056,0.071,0.0
dataset/jpg/unlabeled/image_06029.jpg,jpg/image_06029.jpg,unlabeled,1.0,1.411,0.577,0.19,0.034,0.091,0.0
dataset/jpg/unlabeled/image_06030.jpg,jpg/image_06030.jpg,unlabeled,1.0,1.023,0.775,0.352,0.085,0.024,0.0
dataset/jpg/unlabeled/image_06032.jpg,jpg/image_06032.jpg,unlabeled,1.0,0.966,0.818,0.367,0.14,0.0,0.0
dataset/jpg/unlabeled/image_06036.jpg,jpg/image_06036.jpg,unlabeled,1.0,0.958,1.015,0.452,0.027,0.037,0.0
dataset/jpg/unlabeled/image_06042.jpg,jpg/image_06042.jpg,unlabeled,1.0,0.973,0.631,0.285,0.047,0.016,0.0
dataset/jpg/unlabeled/image_06044.jpg,jpg/image_06044.jpg,unlabeled,1.0,0.802,0.908,0.339,0.103,0.056,0.0
dataset/jpg/unlabeled/image_06045.jpg,jpg/image_06045.jpg,unlabeled,1.0,1.145,0.872,0.354,0.067,0.0,0.0
dataset/jpg/unlabeled/image_06048.jpg,jpg/image_06048.jpg,unlabeled,1.0,0.987,0.768,0.352,0.165,0.0,0.0
dataset/jpg/unlabeled/image_06055.jpg,jpg/image_06055.jpg,unlabeled,1.0,1.444,0.601,0.193,0.112,0.087,0.0
dataset/jpg/unlabeled/image_06064.jpg,jpg/image_06064.jpg,unlabeled,1.0,1.177,0.764,0.301,0.18,0.0,0.0
dataset/jpg/unlabeled/image_06079.jpg,jpg/image_06079.jpg,unlabeled,1.0,0.989,0.642,0.295,0.173,0.025,0.013
dataset/jpg/unlabeled/image_06080.jpg,jpg/image_06080.jpg,unlabeled,1.0,0.915,0.911,0.387,0.147,0.0,0.0
dataset/jpg/unlabeled/image_06086.jpg,jpg/image_06086.jpg,unlabeled,1.0,1.029,0.773,0.349,0.021,0.036,0.0
dataset/jpg/unlabeled/image_06088.jpg,jpg/image_06088.jpg,unlabeled,1.0,0.745,0.856,0.297,0.157,0.0,0.0
dataset/jpg/unlabeled/image_06089.jpg,jpg/image_06089.jpg,unlabeled,1.0,1.094,0.888,0.377,0.111,0.0,0.0
dataset/jpg/unlabeled/image_06094.jpg,jpg/image_06094.jpg,unlabeled,1.0,1.422,0.913,0.298,0.114,0.0,0.0
dataset/jpg/unlabeled/image_06104.jpg,jpg/image_06104.jpg,unlabeled,1.0,1.131,0.77,0.317,0.038,0.071,0.0
dataset/jpg/unlabeled/image_06105.jpg,jpg/image_06105.jpg,unlabeled,1.0,0.878,0.963,0.393,0.064,0.0,0.0
dataset/jpg/unlabeled/image_06106.jpg,jpg/image_06106.jpg,unlabeled,0.955,1.039,0.888,0.397,0.126,0.0,0.016
dataset/jpg/unlabeled/image_06107.jpg,jpg/image_06107.jpg,unlabeled,1.0,0.899,0.844,0.353,0.154,0.04,0.0
dataset/jpg/unlabeled/image_06108.jpg,jpg/image_06108.jpg,unlabeled,1.0,0.832,0.924,0.357,0.062,0.005,0.0
dataset/jpg/unlabeled/image_06110.jpg,jpg/image_06110.jpg,unlabeled,1.0,1.0,0.931,0.432,0.044,0.0,0.0
dataset/jpg/unlabeled/image_06111.jpg,jpg/image_06111.jpg,unlabeled,1.0,1.027,0.996,0.45,0.047,0.0,0.0
dataset/jpg/unlabeled/image_06112.jpg,jpg/image_06112.jpg,unlabeled,1.0,1.207,0.758,0.292,0.095,0.104,0.0
dataset/jpg/unlabeled/image_06113.jpg,jpg/image_06113.jpg,unlabeled,1.0,0.864,0.88,0.353,0.015,0.083,0.0
dataset/jpg/unlabeled/image_06114.jpg,jpg/image_06114.jpg,unlabeled,1.0,0.96,0.925,0.413,0.025,0.0,0.0
dataset/jpg/unlabeled/image_06119.jpg,jpg/image_06119.jpg,unlabeled,1.0,0.988,0.896,0.411,0.049,0.0,0.0
dataset/jpg/unlabeled/image_06120.jpg,jpg/image_06120.jpg,unlabeled,1.0,0.75,0.963,0.335,0.051,0.0,0.0
dataset/jpg/unlabeled/image_06121.jpg,jpg/image_06121.jpg,unlabeled,1.0,1.0,0.944,0.439,0.045,0.0,0.0
dataset/jpg/unlabeled/image_06122.jpg,jpg/image_06122.jpg,unlabeled,1.0,0.771,0.827,0.297,0.069,0.072,0.0
dataset/jpg/unlabeled/image_06123.jpg,jpg/image_06123.jpg,unlabeled,1.0,1.035,0.964,0.433,0.064,0.002,0.0
dataset/jpg/unlabeled/image_06124.jpg,jpg/image_06124.jpg,unlabeled,1.0,0.745,0.947,0.328,0.048,0.024,0.0
dataset/jpg/unlabeled/image_06125.jpg,jpg/image_06125.jpg,unlabeled,1.0,1.191,0.961,0.375,0.091,0.0,0.0
dataset/jpg/unlabeled/image_06127.jpg,jpg/image_06127.jpg,unlabeled,1.0,0.707,0.906,0.297,0.16,0.0,0.0
dataset/jpg/unlabeled/image_06131.jpg,jpg/image_06131.jpg,unlabeled,1.0,1.082,0.833,0.358,0.135,0.049,0.0
dataset/jpg/unlabeled/image_06132.jpg,jpg/image_06132.jpg,unlabeled,1.0,0.741,0.86,0.296,0.108,0.0,0.003
dataset/jpg/unlabeled/image_06134.jpg,jpg/image_06134.jpg,unlabeled,1.0,1.033,0.78,0.351,0.011,0.034,0.0
dataset/jpg/unlabeled/image_06135.jpg,jpg/image_06135.jpg,unlabeled,1.0,0.747,0.853,0.296,0.017,0.033,0.0
dataset/jpg/unlabeled/image_06138.jpg,jpg/image_06138.jpg,unlabeled,1.0,0.786,0.942,0.344,0.177,0.0,0.0
dataset/jpg/unlabeled/image_06140.jpg,jpg/image_06140.jpg,unlabeled,1.0,1.079,0.952,0.41,0.09,0.0,0.0
dataset/jpg/unlabeled/image_06143.jpg,jpg/image_06143.jpg,unlabeled,1.0,0.875,0.996,0.405,0.073,0.0,0.0
dataset/jpg/unlabeled/image_06144.jpg,jpg/image_06144.jpg,unlabeled,1.0,1.073,0.908,0.393,0.08,0.0,0.0
dataset/jpg/unlabeled/image_06148.jpg,jpg/image_06148.jpg,unlabeled,1.0,1.0,0.997,0.463,0.037,0.0,0.0
dataset/jpg/unlabeled/image_06149.jpg,jpg/image_06149.jpg,unlabeled,1.0,1.022,0.857,0.39,0.156,0.045,0.0
dataset/jpg/unlabeled/image_06153.jpg,jpg/image_06153.jpg,unlabeled,1.0,1.442,0.843,0.272,0.104,0.0,0.0
dataset/jpg/unlabeled/image_06154.jpg,jpg/image_06154.jpg,unlabeled,1.0,1.065,0.635,0.277,0.069,0.065,0.0
dataset/jpg/unlabeled/image_06156.jpg,jpg/image_06156.jpg,unlabeled,1.0,1.016,0.748,0.342,0.038,0.057,0.0
dataset/jpg/unlabeled/image_06158.jpg,jpg/image_06158.jpg,unlabeled,1.0,1.024,0.823,0.373,0.033,0.046,0.0
dataset/jpg/unlabeled/image_06161.jpg,jpg/image_06161.jpg,unlabeled,1.0,0.889,0.697,0.288,0.053,0.022,0.0
dataset/jpg/unlabeled/image_06162.jpg,jpg/image_06162.jpg,unlabeled,1.0,1.073,0.857,0.371,0.051,0.09,0.0
dataset/jpg/unlabeled/image_06163.jpg,jpg/image_06163.jpg,unlabeled,1.0,0.88,0.619,0.253,0.145,0.0,0.0
dataset/jpg/unlabeled/image_06165.jpg,jpg/image_06165.jpg,unlabeled,1.0,0.957,0.996,0.443,0.134,0.0,0.0
dataset/jpg/unlabeled/image_06166.jpg,jpg/image_06166.jpg,unlabeled,1.0,1.085,0.672,0.288,0.026,0.043,0.0
dataset/jpg/unlabeled/image_06168.jpg,jpg/image_06168.jpg,unlabeled,1.0,1.264,0.768,0.282,0.066,0.118,0.0
dataset/jpg/unlabeled/image_06170.jpg,jpg/image_06170.jpg,unlabeled,1.0,1.035,0.87,0.391,0.178,0.044,0.0
dataset/jpg/unlabeled/image_06172.jpg,jpg/image_06172.jpg,unlabeled,1.0,0.955,0.558,0.248,0.09,0.054,0.0
dataset/jpg/unlabeled/image_06173.jpg,jpg/image_06173.jpg,unlabeled,1.0,0.865,0.87,0.35,0.094,0.051,0.0
dataset/jpg/unlabeled/image_06174.jpg,jpg/image_06174.jpg,unlabeled,1.0,1.083,0.696,0.299,0.1,0.0,0.0
dataset/jpg/unlabeled/image_06177.jpg,jpg/image_06177.jpg,unlabeled,1.0,1.063,0.691,0.302,0.027,0.07,0.0
dataset/jpg/unlabeled/image_06179.jpg,jpg/image_06179.jpg,unlabeled,1.0,1.176,0.84,0.332,0.041,0.111,0.0
dataset/jpg/unlabeled/image_06180.jpg,jpg/image_06180.jpg,unlabeled,1.0,0.989,0.912,0.419,0.178,0.024,0.0
dataset/jpg/unlabeled/image_06182.jpg,jpg/image_06182.jpg,unlabeled,1.0,1.048,0.896,0.397,0.059,0.032,0.0
dataset/jpg/unlabeled/image_06186.jpg,jpg/image_06186.jpg,unlabeled,1.0,0.847,0.748,0.295,0.062,0.106,0.0
dataset/jpg/unlabeled/image_06187.jpg,jpg/image_06187.jpg,unlabeled,1.0,1.06,0.627,0.275,0.146,0.074,0.0
dataset/jpg/unlabeled/image_06189.jpg,jpg/image_06189.jpg,unlabeled,1.0,1.208,0.891,0.343,0.009,0.099,0.0
dataset/jpg/unlabeled/image_06190.jpg,jpg/image_06190.jpg,unlabeled,1.0,1.048,0.706,0.313,0.07,0.08,0.0
dataset/jpg/unlabeled/image_06195.jpg,jpg/image_06195.jpg,unlabeled,1.0,0.878,0.881,0.36,0.095,0.078,0.0
dataset/jpg/unlabeled/image_06196.jpg,jpg/image_06196.jpg,unlabeled,1.0,0.826,0.925,0.355,0.014,0.102,0.0
dataset/jpg/unlabeled/image_06198.jpg,jpg/image_06198.jpg,unlabeled,1.0,1.167,1.041,0.415,0.024,0.1,0.0
dataset/jpg/unlabeled/image_06201.jpg,jpg/image_06201.jpg,unlabeled,1.0,1.237,0.84,0.315,0.075,0.082,0.0
dataset/jpg/unlabeled/image_06203.jpg,jpg/image_06203.jpg,unlabeled,1.0,1.135,0.957,0.392,0.016,0.083,0.0
dataset/jpg/unlabeled/image_06205.jpg,jpg/image_06205.jpg,unlabeled,1.0,1.042,0.841,0.375,0.025,0.062,0.0
dataset/jpg/unlabeled/image_06206.jpg,jpg/image_06206.jpg,unlabeled,1.0,0.952,0.802,0.355,0.022,0.059,0.0
dataset/jpg/unlabeled/image_06208.jpg,jpg/image_06208.jpg,unlabeled,1.0,1.214,1.041,0.398,0.119,0.108,0.0
dataset/jpg/unlabeled/image_06209.jpg,jpg/image_06209.jpg,unlabeled,1.0,1.055,0.831,0.366,0.028,0.027,0.0
dataset/jpg/unlabeled/image_06210.jpg,jpg/image_06210.jpg,unlabeled,1.0,0.984,0.928,0.424,0.023,0.046,0.0
dataset/jpg/unlabeled/image_06212.jpg,jpg/image_06212.jpg,unlabeled,1.0,1.055,0.918,0.405,0.06,0.053,0.0
dataset/jpg/unlabeled/image_06213.jpg,jpg/image_06213.jpg,unlabeled,1.0,1.0,0.648,0.301,0.05,0.055,0.0
dataset/jpg/unlabeled/image_06215.jpg,jpg/image_06215.jpg,unlabeled,1.0,1.198,0.846,0.328,0.052,0.063,0.0
dataset/jpg/unlabeled/image_06216.jpg,jpg/image_06216.jpg,unlabeled,1.0,1.076,0.922,0.398,0.034,0.076,0.0
dataset/jpg/unlabeled/image_06217.jpg,jpg/image_06217.jpg,unlabeled,1.0,1.28,0.84,0.305,0.083,0.075,0.0
dataset/jpg/unlabeled/image_06218.jpg,jpg/image_06218.jpg,unlabeled,1.0,1.068,0.931,0.405,0.022,0.048,0.0
dataset/jpg/unlabeled/image_06219.jpg,jpg/image_06219.jpg,unlabeled,1.0,1.057,0.931,0.409,0.036,0.07,0.0
dataset/jpg/unlabeled/image_06220.jpg,jpg/image_06220.jpg,unlabeled,1.0,1.208,0.836,0.322,0.026,0.089,0.0
dataset/jpg/unlabeled/image_06221.jpg,jpg/image_06221.jpg,unlabeled,1.0,0.966,0.742,0.333,0.069,0.033,0.0
dataset/jpg/unlabeled/image_06222.jpg,jpg/image_06222.jpg,unlabeled,1.0,1.085,0.899,0.385,0.03,0.079,0.0
dataset/jpg/unlabeled/image_06223.jpg,jpg/image_06223.jpg,unlabeled,1.0,1.219,0.959,0.365,0.003,0.102,0.0
dataset/jpg/unlabeled/image_06224.jpg,jpg/image_06224.jpg,unlabeled,1.0,0.977,0.93,0.422,0.051,0.067,0.0
dataset/jpg/unlabeled/image_06225.jpg,jpg/image_06225.jpg,unlabeled,1.0,1.242,0.9,0.337,0.01,0.111,0.0
dataset/jpg/unlabeled/image_06226.jpg,jpg/image_06226.jpg,unlabeled,1.0,1.104,0.904,0.381,0.041,0.086,0.0
dataset/jpg/unlabeled/image_06227.jpg,jpg/image_06227.jpg,unlabeled,1.0,1.151,0.904,0.365,0.023,0.081,0.0
dataset/jpg/unlabeled/image_06228.jpg,jpg/image_06228.jpg,unlabeled,1.0,1.094,0.866,0.368,0.034,0.073,0.0
dataset/jpg/unlabeled/image_06229.jpg,jpg/image_06229.jpg,unlabeled,1.0,1.044,0.785,0.35,0.019,0.019,0.0
dataset/jpg/unlabeled/image_06230.jpg,jpg/image_06230.jpg,unlabeled,1.0,1.071,0.939,0.407,0.008,0.052,0.0
dataset/jpg/unlabeled/image_06231.jpg,jpg/image_06231.jpg,unlabeled,1.0,0.924,1.04,0.447,0.036,0.056,0.0
dataset/jpg/unlabeled/image_06232.jpg,jpg/image_06232.jpg,unlabeled,1.0,1.022,0.869,0.395,0.025,0.025,0.015
dataset/jpg/unlabeled/image_06233.jpg,jpg/image_06233.jpg,unlabeled,1.0,1.15,0.996,0.403,0.036,0.08,0.0
dataset/jpg/unlabeled/image_06234.jpg,jpg/image_06234.jpg,unlabeled,1.0,0.982,0.894,0.408,0.025,0.04,0.0
dataset/jpg/unlabeled/image_06236.jpg,jpg/image_06236.jpg,unlabeled,1.0,1.364,0.805,0.274,0.048,0.011,0.0
dataset/jpg/unlabeled/image_06238.jpg,jpg/image_06238.jpg,unlabeled,1.0,1.103,0.751,0.316,0.024,0.075,0.0
dataset/jpg/unlabeled/image_06239.jpg,jpg/image_06239.jpg,unlabeled,1.0,0.928,0.873,0.376,0.091,0.081,0.0
dataset/jpg/unlabeled/image_06244.jpg,jpg/image_06244.jpg,unlabeled,1.0,0.992,0.644,0.297,0.049,0.061,0.0
dataset/jpg/unlabeled/image_06245.jpg,jpg/image_06245.jpg,unlabeled,1.0,1.14,0.836,0.341,0.059,0.103,0.0
dataset/jpg/unlabeled/image_06246.jpg,jpg/image_06246.jpg,unlabeled,1.0,1.107,0.876,0.368,0.039,0.089,0.0
dataset/jpg/unlabeled/image_06253.jpg,jpg/image_06253.jpg,unlabeled,1.0,0.892,0.675,0.28,0.057,0.0,0.0
dataset/jpg/unlabeled/image_06258.jpg,jpg/image_06258.jpg,unlabeled,1.0,0.719,0.616,0.206,0.028,0.0,0.006
dataset/jpg/unlabeled/image_06277.jpg,jpg/image_06277.jpg,unlabeled,1.0,0.89,0.647,0.268,0.063,0.0,0.0
dataset/jpg/unlabeled/image_06289.jpg,jpg/image_06289.jpg,unlabeled,1.0,0.881,0.966,0.395,0.135,0.0,0.0
dataset/jpg/unlabeled/image_06298.jpg,jpg/image_06298.jpg,unlabeled,1.0,1.063,0.933,0.408,0.013,0.044,0.0
dataset/jpg/unlabeled/image_06300.jpg,jpg/image_06300.jpg,unlabeled,1.0,1.074,0.923,0.399,0.033,0.072,0.0
dataset/jpg/unlabeled/image_06303.jpg,jpg/image_06303.jpg,unlabeled,1.0,1.177,1.003,0.396,0.076,0.104,0.0
dataset/jpg/unlabeled/image_06306.jpg,jpg/image_06306.jpg,unlabeled,1.0,1.033,0.804,0.362,0.147,0.045,0.0
dataset/jpg/unlabeled/image_06308.jpg,jpg/image_06308.jpg,unlabeled,1.0,1.0,0.965,0.449,0.059,0.012,0.0
dataset/jpg/unlabeled/image_06311.jpg,jpg/image_06311.jpg,unlabeled,1.0,1.021,0.945,0.43,0.045,0.048,0.0
dataset/jpg/unlabeled/image_06312.jpg,jpg/image_06312.jpg,unlabeled,1.0,1.214,0.86,0.329,0.039,0.0,0.0
dataset/jpg/unlabeled/image_06314.jpg,jpg/image_06314.jpg,unlabeled,1.0,1.094,0.91,0.387,0.03,0.065,0.0
dataset/jpg/unlabeled/image_06315.jpg,jpg/image_06315.jpg,unlabeled,1.0,1.139,0.915,0.373,0.096,0.12,0.0
dataset/jpg/unlabeled/image_06316.jpg,jpg/image_06316.jpg,unlabeled,1.0,1.22,0.908,0.346,0.103,0.092,0.0
dataset/jpg/unlabeled/image_06317.jpg,jpg/image_06317.jpg,unlabeled,1.0,1.068,0.846,0.368,0.021,0.026,0.0
dataset/jpg/unlabeled/image_06318.jpg,jpg/image_06318.jpg,unlabeled,1.0,1.037,0.892,0.4,0.022,0.01,0.0
dataset/jpg/unlabeled/image_06319.jpg,jpg/image_06319.jpg,unlabeled,1.0,1.079,0.93,0.4,0.011,0.054,0.0
dataset/jpg/unlabeled/image_06323.jpg,jpg/image_06323.jpg,unlabeled,1.0,1.022,0.899,0.409,0.029,0.041,0.0
dataset/jpg/unlabeled/image_06324.jpg,jpg/image_06324.jpg,unlabeled,1.0,1.098,0.946,0.401,0.024,0.08,0.0
dataset/jpg/unlabeled/image_06325.jpg,jpg/image_06325.jpg,unlabeled,1.0,1.1,0.963,0.407,0.024,0.074,0.0
dataset/jpg/unlabeled/image_06326.jpg,jpg/image_06326.jpg,unlabeled,1.0,1.109,0.931,0.39,0.024,0.069,0.0
dataset/jpg/unlabeled/image_06328.jpg,jpg/image_06328.jpg,unlabeled,1.0,1.185,0.863,0.339,0.037,0.119,0.0
dataset/jpg/unlabeled/image_06330.jpg,jpg/image_06330.jpg,unlabeled,1.0,1.008,1.11,0.512,0.008,0.029,0.0
dataset/jpg/unlabeled/image_06331.jpg,jpg/image_06331.jpg,unlabeled,1.0,1.094,0.858,0.365,0.065,0.067,0.0
dataset/jpg/unlabeled/image_06333.jpg,jpg/image_06333.jpg,unlabeled,1.0,1.135,0.916,0.375,0.148,0.0,0.0
dataset/jpg/unlabeled/image_06335.jpg,jpg/image_06335.jpg,unlabeled,1.0,1.25,1.005,0.373,0.018,0.117,0.0
dataset/jpg/unlabeled/image_06336.jpg,jpg/image_06336.jpg,unlabeled,1.0,1.214,0.922,0.353,0.1,0.103,0.0
dataset/jpg/unlabeled/image_06338.jpg,jpg/image_06338.jpg,unlabeled,1.0,1.143,0.801,0.326,0.04,0.104,0.0
dataset/jpg/unlabeled/image_06339.jpg,jpg/image_06339.jpg,unlabeled,1.0,1.093,0.869,0.369,0.111,0.044,0.0
dataset/jpg/unlabeled/image_06340.jpg,jpg/image_06340.jpg,unlabeled,1.0,1.299,0.827,0.296,0.121,0.095,0.0
dataset/jpg/unlabeled/image_06342.jpg,jpg/image_06342.jpg,unlabeled,1.0,0.909,0.969,0.409,0.15,0.034,0.0
dataset/jpg/unlabeled/image_06344.jpg,jpg/image_06344.jpg,unlabeled,1.0,1.038,0.935,0.418,0.076,0.01,0.0
dataset/jpg/unlabeled/image_06345.jpg,jpg/image_06345.jpg,unlabeled,1.0,1.032,0.779,0.351,0.12,0.0,0.0
dataset/jpg/unlabeled/image_06347.jpg,jpg/image_06347.jpg,unlabeled,1.0,1.261,0.553,0.204,0.06,0.114,0.0
dataset/jpg/unlabeled/image_06350.jpg,jpg/image_06350.jpg,unlabeled,1.0,1.047,0.665,0.295,0.075,0.061,0.0
dataset/jpg/unlabeled/image_06351.jpg,jpg/image_06351.jpg,unlabeled,1.0,0.95,0.682,0.301,0.11,0.117,0.0
dataset/jpg/unlabeled/image_06352.jpg,jpg/image_06352.jpg,unlabeled,1.0,1.184,0.575,0.226,0.073,0.048,0.0
dataset/jpg/unlabeled/image_06353.jpg,jpg/image_06353.jpg,unlabeled,1.0,0.828,0.853,0.328,0.029,0.046,0.0
dataset/jpg/unlabeled/image_06354.jpg,jpg/image_06354.jpg,unlabeled,1.0,1.049,0.647,0.287,0.063,0.0,0.0
dataset/jpg/unlabeled/image_06355.jpg,jpg/image_06355.jpg,unlabeled,1.0,0.979,0.808,0.367,0.133,0.034,0.0
dataset/jpg/unlabeled/image_06356.jpg,jpg/image_06356.jpg,unlabeled,1.0,1.191,0.584,0.228,0.164,0.102,0.012
dataset/jpg/unlabeled/image_06359.jpg,jpg/image_06359.jpg,unlabeled,1.0,1.174,0.864,0.342,0.036,0.075,0.0
dataset/jpg/unlabeled/image_06361.jpg,jpg/image_06361.jpg,unlabeled,1.0,0.8,0.661,0.246,0.071,0.055,0.009
dataset/jpg/unlabeled/image_06364.jpg,jpg/image_06364.jpg,unlabeled,1.0,1.121,0.586,0.243,0.104,0.071,0.013
dataset/jpg/unlabeled/image_06365.jpg,jpg/image_06365.jpg,unlabeled,1.0,1.192,0.673,0.263,0.018,0.104,0.0
dataset/jpg/unlabeled/image_06366.jpg,jpg/image_06366.jpg,unlabeled,1.0,1.202,0.684,0.265,0.071,0.111,0.0
dataset/jpg/unlabeled/image_06369.jpg,jpg/image_06369.jpg,unlabeled,1.0,1.012,0.775,0.356,0.095,0.0,0.001
dataset/jpg/unlabeled/image_06371.jpg,jpg/image_06371.jpg,unlabeled,1.0,1.195,0.782,0.304,0.112,0.028,0.0
dataset/jpg/unlabeled/image_06372.jpg,jpg/image_06372.jpg,unlabeled,1.0,1.136,0.764,0.312,0.063,0.053,0.0
dataset/jpg/unlabeled/image_06376.jpg,jpg/image_06376.jpg,unlabeled,1.0,1.076,0.625,0.27,0.041,0.049,0.0
dataset/jpg/unlabeled/image_06378.jpg,jpg/image_06378.jpg,unlabeled,1.0,1.168,0.706,0.281,0.107,0.115,0.004
dataset/jpg/unlabeled/image_06379.jpg,jpg/image_06379.jpg,unlabeled,1.0,0.935,0.586,0.255,0.069,0.098,0.0
dataset/jpg/unlabeled/image_06381.jpg,jpg/image_06381.jpg,unlabeled,1.0,1.056,0.631,0.278,0.038,0.044,0.002
dataset/jpg/unlabeled/image_06382.jpg,jpg/image_06382.jpg,unlabeled,1.0,1.207,0.802,0.309,0.041,0.074,0.0
dataset/jpg/unlabeled/image_06383.jpg,jpg/image_06383.jpg,unlabeled,1.0,1.184,0.9,0.353,0.037,0.073,0.0
dataset/jpg/unlabeled/image_06384.jpg,jpg/image_06384.jpg,unlabeled,1.0,1.256,0.805,0.298,0.032,0.091,0.0
dataset/jpg/unlabeled/image_06387.jpg,jpg/image_06387.jpg,unlabeled,1.0,0.906,0.831,0.35,0.035,0.019,0.0
dataset/jpg/unlabeled/image_06388.jpg,jpg/image_06388.jpg,unlabeled,1.0,1.074,0.759,0.328,0.122,0.098,0.003
dataset/jpg/unlabeled/image_06390.jpg,jpg/image_06390.jpg,unlabeled,1.0,1.067,0.708,0.309,0.05,0.064,0.0
dataset/jpg/unlabeled/image_06394.jpg,jpg/image_06394.jpg,unlabeled,1.0,0.97,0.672,0.303,0.069,0.0,0.0
dataset/jpg/unlabeled/image_06404.jpg,jpg/image_06404.jpg,unlabeled,1.0,1.333,0.748,0.261,0.12,0.039,0.0
dataset/jpg/unlabeled/image_06408.jpg,jpg/image_06408.jpg,unlabeled,1.0,1.154,0.761,0.306,0.139,0.0,0.0
dataset/jpg/unlabeled/image_06411.jpg,jpg/image_06411.jpg,unlabeled,1.0,0.853,0.794,0.315,0.075,0.087,0.0
dataset/jpg/unlabeled/image_06425.jpg,jpg/image_06425.jpg,unlabeled,1.0,0.712,0.599,0.198,0.084,0.084,0.0
dataset/jpg/unlabeled/image_06428.jpg,jpg/image_06428.jpg,unlabeled,1.0,0.876,0.709,0.289,0.133,0.048,0.0
dataset/jpg/unlabeled/image_06432.jpg,jpg/image_06432.jpg,unlabeled,1.0,0.936,0.852,0.371,0.176,0.04,0.0
dataset/jpg/unlabeled/image_06441.jpg,jpg/image_06441.jpg,unlabeled,0.945,1.227,0.775,0.294,0.163,0.073,0.039
dataset/jpg/unlabeled/image_06442.jpg,jpg/image_06442.jpg,unlabeled,1.0,0.888,0.906,0.374,0.067,0.076,0.0
dataset/jpg/unlabeled/image_06443.jpg,jpg/image_06443.jpg,unlabeled,1.0,1.041,0.912,0.407,0.021,0.0,0.0
dataset/jpg/unlabeled/image_06444.jpg,jpg/image_06444.jpg,unlabeled,1.0,1.045,0.734,0.326,0.04,0.007,0.0
dataset/jpg/unlabeled/image_06445.jpg,jpg/image_06445.jpg,unlabeled,1.0,1.143,0.914,0.372,0.022,0.088,0.0
dataset/jpg/unlabeled/image_06446.jpg,jpg/image_06446.jpg,unlabeled,1.0,1.141,0.842,0.343,0.102,0.074,0.0
dataset/jpg/unlabeled/image_06447.jpg,jpg/image_06447.jpg,unlabeled,1.0,1.045,0.823,0.366,0.13,0.0,0.0
dataset/jpg/unlabeled/image_06449.jpg,jpg/image_06449.jpg,unlabeled,1.0,0.908,0.753,0.318,0.007,0.0,0.0
dataset/jpg/unlabeled/image_06450.jpg,jpg/image_06450.jpg,unlabeled,1.0,0.968,0.919,0.413,0.023,0.0,0.0
dataset/jpg/unlabeled/image_06452.jpg,jpg/image_06452.jpg,unlabeled,1.0,1.185,0.857,0.336,0.084,0.0,0.0
dataset/jpg/unlabeled/image_06454.jpg,jpg/image_06454.jpg,unlabeled,1.0,1.153,0.844,0.34,0.071,0.042,0.0
dataset/jpg/unlabeled/image_06455.jpg,jpg/image_06455.jpg,unlabeled,1.0,1.049,0.847,0.375,0.081,0.028,0.0
dataset/jpg/unlabeled/image_06456.jpg,jpg/image_06456.jpg,unlabeled,1.0,1.317,0.615,0.217,0.047,0.0,0.0
dataset/jpg/unlabeled/image_06457.jpg,jpg/image_06457.jpg,unlabeled,1.0,1.162,0.809,0.324,0.061,0.0,0.0
dataset/jpg/unlabeled/image_06460.jpg,jpg/image_06460.jpg,unlabeled,1.0,1.04,0.841,0.376,0.015,0.0,0.0
dataset/jpg/unlabeled/image_06462.jpg,jpg/image_06462.jpg,unlabeled,1.0,1.025,0.732,0.332,0.018,0.0,0.0
dataset/jpg/unlabeled/image_06463.jpg,jpg/image_06463.jpg,unlabeled,1.0,1.171,0.839,0.333,0.043,0.086,0.0
dataset/jpg/unlabeled/image_06465.jpg,jpg/image_06465.jpg,unlabeled,1.0,1.075,0.75,0.324,0.067,0.0,0.0
dataset/jpg/unlabeled/image_06467.jpg,jpg/image_06467.jpg,unlabeled,1.0,1.359,0.694,0.237,0.124,0.0,0.0
dataset/jpg/unlabeled/image_06468.jpg,jpg/image_06468.jpg,unlabeled,1.0,1.254,0.682,0.253,0.068,0.032,0.0
dataset/jpg/unlabeled/image_06469.jpg,jpg/image_06469.jpg,unlabeled,1.0,1.043,0.686,0.306,0.056,0.0,0.0
dataset/jpg/unlabeled/image_06470.jpg,jpg/image_06470.jpg,unlabeled,1.0,1.198,0.797,0.309,0.085,0.065,0.0
dataset/jpg/unlabeled/image_06472.jpg,jpg/image_06472.jpg,unlabeled,1.0,1.109,0.925,0.387,0.053,0.0,0.0
dataset/jpg/unlabeled/image_06475.jpg,jpg/image_06475.jpg,unlabeled,1.0,1.271,0.769,0.281,0.06,0.0,0.0
dataset/jpg/unlabeled/image_06476.jpg,jpg/image_06476.jpg,unlabeled,1.0,1.215,0.82,0.314,0.001,0.024,0.0
dataset/jpg/unlabeled/image_06477.jpg,jpg/image_06477.jpg,unlabeled,1.0,1.371,0.668,0.226,0.027,0.042,0.0
dataset/jpg/unlabeled/image_06480.jpg,jpg/image_06480.jpg,unlabeled,1.0,1.208,0.795,0.306,0.072,0.0,0.0
dataset/jpg/unlabeled/image_06485.jpg,jpg/image_06485.jpg,unlabeled,1.0,1.015,0.818,0.375,0.102,0.0,0.0
dataset/jpg/unlabeled/image_06487.jpg,jpg/image_06487.jpg,unlabeled,1.0,1.094,0.959,0.407,0.021,0.059,0.0
dataset/jpg/unlabeled/image_06488.jpg,jpg/image_06488.jpg,unlabeled,1.0,0.992,1.112,0.513,0.019,0.035,0.0
dataset/jpg/unlabeled/image_06489.jpg,jpg/image_06489.jpg,unlabeled,1.0,1.085,0.927,0.397,0.094,0.051,0.0
dataset/jpg/unlabeled/image_06491.jpg,jpg/image_06491.jpg,unlabeled,1.0,1.125,1.067,0.441,0.028,0.086,0.0
dataset/jpg/unlabeled/image_06492.jpg,jpg/image_06492.jpg,unlabeled,1.0,1.049,0.965,0.428,0.024,0.04,0.0
dataset/jpg/unlabeled/image_06494.jpg,jpg/image_06494.jpg,unlabeled,1.0,1.008,0.982,0.453,0.055,0.063,0.0
dataset/jpg/unlabeled/image_06496.jpg,jpg/image_06496.jpg,unlabeled,1.0,1.12,0.935,0.388,0.107,0.092,0.0
dataset/jpg/unlabeled/image_06499.jpg,jpg/image_06499.jpg,unlabeled,1.0,1.205,0.995,0.384,0.049,0.068,0.0
dataset/jpg/unlabeled/image_06500.jpg,jpg/image_06500.jpg,unlabeled,1.0,0.88,0.955,0.391,0.027,0.099,0.0
dataset/jpg/unlabeled/image_06501.jpg,jpg/image_06501.jpg,unlabeled,1.0,0.899,0.954,0.398,0.031,0.0,0.0
dataset/jpg/unlabeled/image_06503.jpg,jpg/image_06503.jpg,unlabeled,1.0,1.055,0.999,0.44,0.069,0.0,0.0
dataset/jpg/unlabeled/image_06504.jpg,jpg/image_06504.jpg,unlabeled,1.0,1.112,0.873,0.365,0.045,0.083,0.0
dataset/jpg/unlabeled/image_06505.jpg,jpg/image_06505.jpg,unlabeled,1.0,1.076,1.024,0.442,0.025,0.041,0.0
dataset/jpg/unlabeled/image_06506.jpg,jpg/image_06506.jpg,unlabeled,1.0,0.891,0.977,0.404,0.055,0.072,0.0
dataset/jpg/unlabeled/image_06508.jpg,jpg/image_06508.jpg,unlabeled,1.0,0.904,0.968,0.407,0.071,0.073,0.0
dataset/jpg/unlabeled/image_06510.jpg,jpg/image_06510.jpg,unlabeled,1.0,1.075,0.921,0.398,0.122,0.096,0.0
dataset/jpg/unlabeled/image_06512.jpg,jpg/image_06512.jpg,unlabeled,1.0,1.192,0.928,0.362,0.059,0.083,0.0
dataset/jpg/unlabeled/image_06513.jpg,jpg/image_06513.jpg,unlabeled,1.0,1.194,0.765,0.298,0.037,0.093,0.001
dataset/jpg/unlabeled/image_06514.jpg,jpg/image_06514.jpg,unlabeled,1.0,0.938,0.973,0.424,0.095,0.043,0.0
dataset/jpg/unlabeled/image_06515.jpg,jpg/image_06515.jpg,unlabeled,1.0,1.104,1.007,0.424,0.016,0.068,0.0
dataset/jpg/unlabeled/image_06516.jpg,jpg/image_06516.jpg,unlabeled,1.0,0.975,0.899,0.407,0.043,0.0,0.0
dataset/jpg/unlabeled/image_06517.jpg,jpg/image_06517.jpg,unlabeled,1.0,0.965,0.823,0.369,0.055,0.006,0.0
dataset/jpg/unlabeled/image_06519.jpg,jpg/image_06519.jpg,unlabeled,1.0,1.0,1.018,0.473,0.046,0.0,0.0
dataset/jpg/unlabeled/image_06521.jpg,jpg/image_06521.jpg,unlabeled,1.0,1.356,0.936,0.321,0.037,0.074,0.0
dataset/jpg/unlabeled/image_06522.jpg,jpg/image_06522.jpg,unlabeled,1.0,1.112,1.012,0.423,0.088,0.061,0.0
dataset/jpg/unlabeled/image_06523.jpg,jpg/image_06523.jpg,unlabeled,1.0,1.129,0.871,0.359,0.073,0.103,0.0
dataset/jpg/unlabeled/image_06524.jpg,jpg/image_06524.jpg,unlabeled,1.0,1.415,0.81,0.266,0.015,0.109,0.0
dataset/jpg/unlabeled/image_06528.jpg,jpg/image_06528.jpg,unlabeled,1.0,1.107,0.811,0.34,0.08,0.086,0.0
dataset/jpg/unlabeled/image_06531.jpg,jpg/image_06531.jpg,unlabeled,1.0,1.147,0.82,0.332,0.096,0.052,0.0
dataset/jpg/unlabeled/image_06532.jpg,jpg/image_06532.jpg,unlabeled,1.0,1.211,0.979,0.376,0.023,0.092,0.0
dataset/jpg/unlabeled/image_06533.jpg,jpg/image_06533.jpg,unlabeled,1.0,1.065,0.852,0.372,0.018,0.013,0.0
dataset/jpg/unlabeled/image_06534.jpg,jpg/image_06534.jpg,unlabeled,1.0,0.951,0.938,0.414,0.015,0.008,0.0
dataset/jpg/unlabeled/image_06535.jpg,jpg/image_06535.jpg,unlabeled,1.0,1.13,0.842,0.346,0.027,0.029,0.0
dataset/jpg/unlabeled/image_06537.jpg,jpg/image_06537.jpg,unlabeled,1.0,1.013,1.007,0.462,0.021,0.004,0.0
dataset/jpg/unlabeled/image_06538.jpg,jpg/image_06538.jpg,unlabeled,1.0,1.0,0.912,0.424,0.044,0.0,0.0
dataset/jpg/unlabeled/image_06539.jpg,jpg/image_06539.jpg,unlabeled,1.0,1.012,0.988,0.454,0.05,0.033,0.0
dataset/jpg/unlabeled/image_06540.jpg,jpg/image_06540.jpg,unlabeled,1.0,1.062,0.977,0.428,0.012,0.025,0.0
dataset/jpg/unlabeled/image_06541.jpg,jpg/image_06541.jpg,unlabeled,1.0,1.172,0.903,0.358,0.057,0.0,0.0
dataset/jpg/unlabeled/image_06542.jpg,jpg/image_06542.jpg,unlabeled,1.0,1.091,0.94,0.401,0.034,0.0,0.0
dataset/jpg/unlabeled/image_06543.jpg,jpg/image_06543.jpg,unlabeled,1.0,1.027,0.758,0.343,0.017,0.0,0.0
dataset/jpg/unlabeled/image_06544.jpg,jpg/image_06544.jpg,unlabeled,1.0,1.084,0.971,0.416,0.037,0.052,0.0
dataset/jpg/unlabeled/image_06545.jpg,jpg/image_06545.jpg,unlabeled,1.0,1.011,0.901,0.414,0.164,0.038,0.0
dataset/jpg/unlabeled/image_06546.jpg,jpg/image_06546.jpg,unlabeled,1.0,1.039,0.847,0.379,0.04,0.017,0.0
dataset/jpg/unlabeled/image_06547.jpg,jpg/image_06547.jpg,unlabeled,1.0,1.016,0.965,0.441,0.036,0.0,0.0
dataset/jpg/unlabeled/image_06548.jpg,jpg/image_06548.jpg,unlabeled,1.0,1.211,0.877,0.337,0.034,0.048,0.0
dataset/jpg/unlabeled/image_06549.jpg,jpg/image_06549.jpg,unlabeled,1.0,1.209,0.832,0.32,0.056,0.043,0.0
dataset/jpg/unlabeled/image_06550.jpg,jpg/image_06550.jpg,unlabeled,1.0,1.409,0.92,0.303,0.031,0.0,0.0
dataset/jpg/unlabeled/image_06551.jpg,jpg/image_06551.jpg,unlabeled,1.0,1.07,0.864,0.375,0.075,0.025,0.0
dataset/jpg/unlabeled/image_06552.jpg,jpg/image_06552.jpg,unlabeled,1.0,1.081,0.977,0.42,0.025,0.0,0.0
dataset/jpg/unlabeled/image_06553.jpg,jpg/image_06553.jpg,unlabeled,1.0,1.024,0.835,0.379,0.107,0.028,0.0
dataset/jpg/unlabeled/image_06554.jpg,jpg/image_06554.jpg,unlabeled,1.0,1.079,0.92,0.396,0.035,0.0,0.0
dataset/jpg/unlabeled/image_06555.jpg,jpg/image_06555.jpg,unlabeled,1.0,0.939,0.838,0.366,0.069,0.017,0.0
dataset/jpg/unlabeled/image_06558.jpg,jpg/image_06558.jpg,unlabeled,1.0,1.053,0.923,0.408,0.007,0.0,0.0
dataset/jpg/unlabeled/image_06559.jpg,jpg/image_06559.jpg,unlabeled,1.0,1.091,0.837,0.357,0.067,0.044,0.0
dataset/jpg/unlabeled/image_06561.jpg,jpg/image_06561.jpg,unlabeled,1.0,1.238,0.792,0.297,0.019,0.115,0.0
dataset/jpg/unlabeled/image_06562.jpg,jpg/image_06562.jpg,unlabeled,1.0,1.139,0.828,0.338,0.043,0.104,0.0
dataset/jpg/unlabeled/image_06565.jpg,jpg/image_06565.jpg,unlabeled,1.0,1.011,0.866,0.398,0.059,0.008,0.0
dataset/jpg/unlabeled/image_06566.jpg,jpg/image_06566.jpg,unlabeled,1.0,1.162,0.977,0.391,0.045,0.073,0.0
dataset/jpg/unlabeled/image_06567.jpg,jpg/image_06567.jpg,unlabeled,1.0,0.969,0.983,0.442,0.034,0.05,0.0
dataset/jpg/unlabeled/image_06569.jpg,jpg/image_06569.jpg,unlabeled,1.0,1.015,0.777,0.356,0.024,0.0,0.0
dataset/jpg/unlabeled/image_06570.jpg,jpg/image_06570.jpg,unlabeled,1.0,1.037,0.904,0.405,0.109,0.002,0.0
dataset/jpg/unlabeled/image_06574.jpg,jpg/image_06574.jpg,unlabeled,1.0,0.747,0.878,0.305,0.128,0.0,0.0
dataset/jpg/unlabeled/image_06583.jpg,jpg/image_06583.jpg,unlabeled,1.0,0.925,0.842,0.362,0.175,0.0,0.0
dataset/jpg/unlabeled/image_06586.jpg,jpg/image_06586.jpg,unlabeled,1.0,0.826,0.751,0.288,0.174,0.023,0.0
dataset/jpg/unlabeled/image_06589.jpg,jpg/image_06589.jpg,unlabeled,1.0,0.731,0.772,0.262,0.04,0.0,0.0
dataset/jpg/unlabeled/image_06593.jpg,jpg/image_06593.jpg,unlabeled,1.0,0.919,0.904,0.386,0.027,0.0,0.0
dataset/jpg/unlabeled/image_06597.jpg,jpg/image_06597.jpg,unlabeled,1.0,0.729,0.978,0.331,0.006,0.0,0.0
dataset/jpg/unlabeled/image_06601.jpg,jpg/image_06601.jpg,unlabeled,1.0,0.827,0.818,0.314,0.022,0.0,0.0
dataset/jpg/unlabeled/image_06603.jpg,jpg/image_06603.jpg,unlabeled,1.0,0.716,0.903,0.3,0.105,0.006,0.0
dataset/jpg/unlabeled/image_06606.jpg,jpg/image_06606.jpg,unlabeled,1.0,1.022,0.781,0.355,0.135,0.0,0.0
dataset/jpg/unlabeled/image_06612.jpg,jpg/image_06612.jpg,unlabeled,1.0,1.178,0.8,0.315,0.06,0.102,0.0
dataset/jpg/unlabeled/image_06616.jpg,jpg/image_06616.jpg,unlabeled,1.0,1.153,0.71,0.286,0.069,0.01,0.0
dataset/jpg/unlabeled/image_06620.jpg,jpg/image_06620.jpg,unlabeled,1.0,0.989,0.911,0.418,0.045,0.005,0.0
dataset/jpg/unlabeled/image_06621.jpg,jpg/image_06621.jpg,unlabeled,1.0,1.179,0.774,0.305,0.043,0.061,0.0
dataset/jpg/unlabeled/image_06630.jpg,jpg/image_06630.jpg,unlabeled,1.0,1.256,0.635,0.235,0.073,0.042,0.0
dataset/jpg/unlabeled/image_06632.jpg,jpg/image_06632.jpg,unlabeled,1.0,1.222,0.84,0.319,0.037,0.11,0.0
dataset/jpg/unlabeled/image_06646.jpg,jpg/image_06646.jpg,unlabeled,1.0,0.944,0.809,0.355,0.096,0.039,0.0
dataset/jpg/unlabeled/image_06652.jpg,jpg/image_06652.jpg,unlabeled,1.0,1.124,0.936,0.387,0.023,0.058,0.0
dataset/jpg/unlabeled/image_06654.jpg,jpg/image_06654.jpg,unlabeled,1.0,0.884,0.949,0.39,0.047,0.0,0.0
dataset/jpg/unlabeled/image_06655.jpg,jpg/image_06655.jpg,unlabeled,1.0,1.02,0.857,0.39,0.05,0.031,0.0
dataset/jpg/unlabeled/image_06657.jpg,jpg/image_06657.jpg,unlabeled,1.0,1.163,0.966,0.386,0.055,0.104,0.0
dataset/jpg/unlabeled/image_06658.jpg,jpg/image_06658.jpg,unlabeled,1.0,1.0,0.876,0.407,0.015,0.0,0.0
dataset/jpg/unlabeled/image_06659.jpg,jpg/image_06659.jpg,unlabeled,1.0,0.824,0.966,0.37,0.028,0.092,0.0
dataset/jpg/unlabeled/image_06661.jpg,jpg/image_06661.jpg,unlabeled,1.0,0.804,0.644,0.241,0.099,0.051,0.01
dataset/jpg/unlabeled/image_06664.jpg,jpg/image_06664.jpg,unlabeled,1.0,1.196,1.057,0.411,0.075,0.117,0.0
dataset/jpg/unlabeled/image_06666.jpg,jpg/image_06666.jpg,unlabeled,1.0,0.832,0.714,0.276,0.076,0.103,0.0
dataset/jpg/unlabeled/image_06667.jpg,jpg/image_06667.jpg,unlabeled,1.0,0.99,0.91,0.418,0.141,0.018,0.0
dataset/jpg/unlabeled/image_06668.jpg,jpg/image_06668.jpg,unlabeled,1.0,1.39,0.84,0.281,0.14,0.0,0.0
dataset/jpg/unlabeled/image_06670.jpg,jpg/image_06670.jpg,unlabeled,1.0,1.143,0.703,0.286,0.158,0.071,0.0
dataset/jpg/unlabeled/image_06675.jpg,jpg/image_06675.jpg,unlabeled,1.0,1.186,1.01,0.396,0.132,0.098,0.0
dataset/jpg/unlabeled/image_06676.jpg,jpg/image_06676.jpg,unlabeled,1.0,1.164,1.063,0.424,0.024,0.104,0.0
dataset/jpg/unlabeled/image_06677.jpg,jpg/image_06677.jpg,unlabeled,1.0,1.083,1.008,0.433,0.045,0.019,0.0
dataset/jpg/unlabeled/image_06679.jpg,jpg/image_06679.jpg,unlabeled,1.0,1.343,0.869,0.301,0.154,0.058,0.0
dataset/jpg/unlabeled/image_06680.jpg,jpg/image_06680.jpg,unlabeled,1.0,1.212,0.899,0.345,0.107,0.088,0.0
dataset/jpg/unlabeled/image_06685.jpg,jpg/image_06685.jpg,unlabeled,1.0,1.094,0.967,0.411,0.008,0.055,0.0
dataset/jpg/unlabeled/image_06686.jpg,jpg/image_06686.jpg,unlabeled,1.0,0.952,0.98,0.434,0.065,0.0,0.006
dataset/jpg/unlabeled/image_06687.jpg,jpg/image_06687.jpg,unlabeled,1.0,0.932,0.924,0.4,0.108,0.0,0.0
dataset/jpg/unlabeled/image_06689.jpg,jpg/image_06689.jpg,unlabeled,1.0,1.06,1.004,0.44,0.133,0.0,0.0
dataset/jpg/unlabeled/image_06690.jpg,jpg/image_06690.jpg,unlabeled,1.0,1.318,0.83,0.293,0.034,0.117,0.0
dataset/jpg/unlabeled/image_06692.jpg,jpg/image_06692.jpg,unlabeled,1.0,0.96,0.882,0.393,0.143,0.053,0.0
dataset/jpg/unlabeled/image_06694.jpg,jpg/image_06694.jpg,unlabeled,1.0,0.748,0.608,0.211,0.093,0.023,0.0
dataset/jpg/unlabeled/image_06696.jpg,jpg/image_06696.jpg,unlabeled,1.0,1.192,0.574,0.224,0.037,0.0,0.0
dataset/jpg/unlabeled/image_06699.jpg,jpg/image_06699.jpg,unlabeled,1.0,1.058,0.602,0.265,0.056,0.049,0.0
dataset/jpg/unlabeled/image_06702.jpg,jpg/image_06702.jpg,unlabeled,1.0,1.414,0.574,0.189,0.067,0.0,0.0
dataset/jpg/unlabeled/image_06704.jpg,jpg/image_06704.jpg,unlabeled,1.0,1.197,0.618,0.24,0.044,0.0,0.0
dataset/jpg/unlabeled/image_06705.jpg,jpg/image_06705.jpg,unlabeled,1.0,0.962,0.569,0.254,0.066,0.0,0.0
dataset/jpg/unlabeled/image_06706.jpg,jpg/image_06706.jpg,unlabeled,1.0,1.152,0.636,0.256,0.071,0.043,0.0
dataset/jpg/unlabeled/image_06707.jpg,jpg/image_06707.jpg,unlabeled,1.0,1.12,0.551,0.229,0.05,0.091,0.0
dataset/jpg/unlabeled/image_06711.jpg,jpg/image_06711.jpg,unlabeled,1.0,0.783,0.643,0.234,0.092,0.021,0.003
dataset/jpg/unlabeled/image_06712.jpg,jpg/image_06712.jpg,unlabeled,1.0,0.862,0.619,0.248,0.062,0.046,0.0
dataset/jpg/unlabeled/image_06713.jpg,jpg/image_06713.jpg,unlabeled,1.0,1.212,0.698,0.268,0.044,0.0,0.0
dataset/jpg/unlabeled/image_06714.jpg,jpg/image_06714.jpg,unlabeled,1.0,1.115,0.582,0.242,0.105,0.0,0.0
dataset/jpg/unlabeled/image_06716.jpg,jpg/image_06716.jpg,unlabeled,1.0,1.056,0.594,0.262,0.067,0.058,0.0
dataset/jpg/unlabeled/image_06717.jpg,jpg/image_06717.jpg,unlabeled,1.0,1.238,0.591,0.222,0.059,0.075,0.0
dataset/jpg/unlabeled/image_06719.jpg,jpg/image_06719.jpg,unlabeled,1.0,1.372,0.744,0.252,0.036,0.071,0.0
dataset/jpg/unlabeled/image_06720.jpg,jpg/image_06720.jpg,unlabeled,1.0,1.386,0.636,0.213,0.103,0.11,0.0
dataset/jpg/unlabeled/image_06722.jpg,jpg/image_06722.jpg,unlabeled,1.0,1.052,0.657,0.29,0.05,0.023,0.0
dataset/jpg/unlabeled/image_06724.jpg,jpg/image_06724.jpg,unlabeled,1.0,1.206,0.68,0.262,0.039,0.001,0.0
dataset/jpg/unlabeled/image_06726.jpg,jpg/image_06726.jpg,unlabeled,1.0,0.984,0.908,0.415,0.135,0.0,0.0
dataset/jpg/unlabeled/image_06727.jpg,jpg/image_06727.jpg,unlabeled,1.0,1.137,0.632,0.259,0.034,0.077,0.0
dataset/jpg/unlabeled/image_06728.jpg,jpg/image_06728.jpg,unlabeled,1.0,1.103,0.592,0.249,0.045,0.029,0.0
dataset/jpg/unlabeled/image_06730.jpg,jpg/image_06730.jpg,unlabeled,1.0,0.802,0.602,0.224,0.118,0.001,0.0
dataset/jpg/unlabeled/image_06732.jpg,jpg/image_06732.jpg,unlabeled,1.0,1.067,0.709,0.309,0.003,0.0,0.0
dataset/jpg/unlabeled/image_06734.jpg,jpg/image_06734.jpg,unlabeled,1.0,0.881,0.871,0.357,0.011,0.003,0.0
dataset/jpg/unlabeled/image_06736.jpg,jpg/image_06736.jpg,unlabeled,1.0,1.155,0.953,0.384,0.068,0.103,0.0
dataset/jpg/unlabeled/image_06738.jpg,jpg/image_06738.jpg,unlabeled,1.0,1.182,0.984,0.387,0.132,0.031,0.0
dataset/jpg/unlabeled/image_06739.jpg,jpg/image_06739.jpg,unlabeled,1.0,0.821,0.94,0.359,0.022,0.115,0.0
dataset/jpg/unlabeled/image_06740.jpg,jpg/image_06740.jpg,unlabeled,1.0,1.219,1.116,0.426,0.049,0.117,0.0
dataset/jpg/unlabeled/image_06741.jpg,jpg/image_06741.jpg,unlabeled,1.0,0.96,0.977,0.436,0.133,0.036,0.0
dataset/jpg/unlabeled/image_06742.jpg,jpg/image_06742.jpg,unlabeled,1.0,1.113,0.989,0.413,0.009,0.07,0.0
dataset/jpg/unlabeled/image_06743.jpg,jpg/image_06743.jpg,unlabeled,1.0,0.991,1.04,0.479,0.114,0.029,0.0
dataset/jpg/unlabeled/image_06745.jpg,jpg/image_06745.jpg,unlabeled,1.0,1.137,0.897,0.367,0.01,0.067,0.0
dataset/jpg/unlabeled/image_06746.jpg,jpg/image_06746.jpg,unlabeled,1.0,1.171,1.009,0.4,0.051,0.068,0.0
dataset/jpg/unlabeled/image_06747.jpg,jpg/image_06747.jpg,unlabeled,1.0,1.133,0.823,0.338,0.046,0.083,0.0
dataset/jpg/unlabeled/image_06748.jpg,jpg/image_06748.jpg,unlabeled,1.0,1.123,0.884,0.366,0.011,0.072,0.0
dataset/jpg/unlabeled/image_06751.jpg,jpg/image_06751.jpg,unlabeled,1.0,0.885,0.934,0.384,0.079,0.038,0.0
dataset/jpg/unlabeled/image_06753.jpg,jpg/image_06753.jpg,unlabeled,1.0,1.143,1.006,0.409,0.041,0.088,0.0
dataset/jpg/unlabeled/image_06754.jpg,jpg/image_06754.jpg,unlabeled,1.0,1.168,0.928,0.369,0.06,0.115,0.0
dataset/jpg/unlabeled/image_06755.jpg,jpg/image_06755.jpg,unlabeled,1.0,1.098,0.968,0.41,0.005,0.064,0.0
dataset/jpg/unlabeled/image_06756.jpg,jpg/image_06756.jpg,unlabeled,1.0,1.062,0.934,0.408,0.068,0.053,0.0
dataset/jpg/unlabeled/image_06757.jpg,jpg/image_06757.jpg,unlabeled,1.0,0.959,1.01,0.45,0.031,0.041,0.0
dataset/jpg/unlabeled/image_06759.jpg,jpg/image_06759.jpg,unlabeled,1.0,0.936,0.92,0.4,0.01,0.019,0.0
dataset/jpg/unlabeled/image_06762.jpg,jpg/image_06762.jpg,unlabeled,1.0,1.169,0.766,0.304,0.042,0.0,0.0
dataset/jpg/unlabeled/image_06764.jpg,jpg/image_06764.jpg,unlabeled,1.0,0.989,0.934,0.429,0.057,0.029,0.0
dataset/jpg/unlabeled/image_06765.jpg,jpg/image_06765.jpg,unlabeled,1.0,0.946,1.005,0.442,0.114,0.0,0.0
dataset/jpg/unlabeled/image_06769.jpg,jpg/image_06769.jpg,unlabeled,1.0,1.049,0.909,0.403,0.02,0.044,0.0
dataset/jpg/unlabeled/image_06770.jpg,jpg/image_06770.jpg,unlabeled,1.0,0.931,0.852,0.369,0.036,0.0,0.0
dataset/jpg/unlabeled/image_06772.jpg,jpg/image_06772.jpg,unlabeled,1.0,1.085,0.947,0.406,0.038,0.047,0.0
dataset/jpg/unlabeled/image_06773.jpg,jpg/image_06773.jpg,unlabeled,1.0,1.038,0.801,0.358,0.007,0.039,0.0
dataset/jpg/unlabeled/image_06774.jpg,jpg/image_06774.jpg,unlabeled,1.0,0.732,0.968,0.329,0.063,0.0,0.0
dataset/jpg/unlabeled/image_06777.jpg,jpg/image_06777.jpg,unlabeled,1.0,0.822,0.805,0.307,0.097,0.001,0.001
dataset/jpg/unlabeled/image_06778.jpg,jpg/image_06778.jpg,unlabeled,1.0,0.872,0.838,0.34,0.121,0.0,0.0
dataset/jpg/unlabeled/image_06779.jpg,jpg/image_06779.jpg,unlabeled,1.0,0.835,0.768,0.298,0.078,0.037,0.0
dataset/jpg/unlabeled/image_06780.jpg,jpg/image_06780.jpg,unlabeled,1.0,0.949,0.75,0.331,0.08,0.0,0.009
dataset/jpg/unlabeled/image_06784.jpg,jpg/image_06784.jpg,unlabeled,1.0,0.843,0.927,0.363,0.113,0.0,0.0
dataset/jpg/unlabeled/image_06786.jpg,jpg/image_06786.jpg,unlabeled,1.0,0.804,0.749,0.28,0.092,0.104,0.004
dataset/jpg/unlabeled/image_06788.jpg,jpg/image_06788.jpg,unlabeled,1.0,0.968,0.778,0.35,0.048,0.045,0.0
dataset/jpg/unlabeled/image_06790.jpg,jpg/image_06790.jpg,unlabeled,1.0,1.038,0.855,0.383,0.066,0.0,0.0
dataset/jpg/unlabeled/image_06793.jpg,jpg/image_06793.jpg,unlabeled,1.0,0.832,0.744,0.288,0.054,0.013,0.0
dataset/jpg/unlabeled/image_06794.jpg,jpg/image_06794.jpg,unlabeled,1.0,1.064,0.584,0.255,0.145,0.048,0.033
dataset/jpg/unlabeled/image_06795.jpg,jpg/image_06795.jpg,unlabeled,1.0,1.173,0.737,0.292,0.09,0.057,0.002
dataset/jpg/unlabeled/image_06796.jpg,jpg/image_06796.jpg,unlabeled,1.0,1.183,0.67,0.263,0.05,0.082,0.0
dataset/jpg/unlabeled/image_06800.jpg,jpg/image_06800.jpg,unlabeled,1.0,1.443,0.82,0.264,0.142,0.102,0.0
dataset/jpg/unlabeled/image_06802.jpg,jpg/image_06802.jpg,unlabeled,1.0,0.903,0.72,0.302,0.084,0.043,0.0
dataset/jpg/unlabeled/image_06803.jpg,jpg/image_06803.jpg,unlabeled,1.0,0.955,0.853,0.379,0.086,0.0,0.0
dataset/jpg/unlabeled/image_06805.jpg,jpg/image_06805.jpg,unlabeled,1.0,1.011,0.665,0.306,0.145,0.0,0.0
dataset/jpg/unlabeled/image_06806.jpg,jpg/image_06806.jpg,unlabeled,1.0,0.739,0.73,0.251,0.069,0.065,0.0
dataset/jpg/unlabeled/image_06808.jpg,jpg/image_06808.jpg,unlabeled,1.0,0.75,0.8,0.279,0.067,0.074,0.0
dataset/jpg/unlabeled/image_06809.jpg,jpg/image_06809.jpg,unlabeled,1.0,1.092,0.691,0.294,0.085,0.031,0.001
dataset/jpg/unlabeled/image_06811.jpg,jpg/image_06811.jpg,unlabeled,1.0,1.094,0.696,0.296,0.094,0.071,0.0
dataset/jpg/unlabeled/image_06812.jpg,jpg/image_06812.jpg,unlabeled,1.0,0.971,0.89,0.401,0.18,0.0,0.0
dataset/jpg/unlabeled/image_06813.jpg,jpg/image_06813.jpg,unlabeled,1.0,1.055,0.823,0.362,0.107,0.096,0.0
dataset/jpg/unlabeled/image_06855.jpg,jpg/image_06855.jpg,unlabeled,1.0,1.0,0.879,0.408,0.066,0.006,0.0
dataset/jpg/unlabeled/image_06856.jpg,jpg/image_06856.jpg,unlabeled,1.0,0.854,0.732,0.29,0.039,0.035,0.0
dataset/jpg/unlabeled/image_06857.jpg,jpg/image_06857.jpg,unlabeled,1.0,1.173,0.912,0.361,0.147,0.094,0.0
dataset/jpg/unlabeled/image_06858.jpg,jpg/image_06858.jpg,unlabeled,1.0,1.013,0.804,0.369,0.107,0.021,0.0
dataset/jpg/unlabeled/image_06860.jpg,jpg/image_06860.jpg,unlabeled,1.0,0.929,0.749,0.323,0.04,0.044,0.0
dataset/jpg/unlabeled/image_06861.jpg,jpg/image_06861.jpg,unlabeled,1.0,0.726,0.786,0.265,0.014,0.015,0.0
dataset/jpg/unlabeled/image_06863.jpg,jpg/image_06863.jpg,unlabeled,1.0,1.141,0.617,0.251,0.11,0.075,0.0
dataset/jpg/unlabeled/image_06865.jpg,jpg/image_06865.jpg,unlabeled,1.0,0.88,0.637,0.26,0.154,0.083,0.003
dataset/jpg/unlabeled/image_06867.jpg,jpg/image_06867.jpg,unlabeled,1.0,0.974,0.828,0.375,0.127,0.0,0.0
dataset/jpg/unlabeled/image_06869.jpg,jpg/image_06869.jpg,unlabeled,1.0,0.918,0.789,0.337,0.132,0.0,0.0
dataset/jpg/unlabeled/image_06870.jpg,jpg/image_06870.jpg,unlabeled,1.0,0.931,0.776,0.335,0.059,0.0,0.0
dataset/jpg/unlabeled/image_06873.jpg,jpg/image_06873.jpg,unlabeled,0.883,0.72,0.642,0.215,0.046,0.037,0.05
dataset/jpg/unlabeled/image_06876.jpg,jpg/image_06876.jpg,unlabeled,1.0,0.846,0.684,0.269,0.015,0.0,0.0
dataset/jpg/unlabeled/image_06877.jpg,jpg/image_06877.jpg,unlabeled,1.0,0.987,0.951,0.436,0.04,0.0,0.0
dataset/jpg/unlabeled/image_06878.jpg,jpg/image_06878.jpg,unlabeled,1.0,0.779,0.936,0.339,0.093,0.011,0.0
dataset/jpg/unlabeled/image_06879.jpg,jpg/image_06879.jpg,unlabeled,0.957,0.774,0.909,0.327,0.064,0.035,0.001
dataset/jpg/unlabeled/image_06882.jpg,jpg/image_06882.jpg,unlabeled,1.0,1.15,0.81,0.327,0.098,0.06,0.0
dataset/jpg/unlabeled/image_06883.jpg,jpg/image_06883.jpg,unlabeled,1.0,1.181,0.863,0.34,0.033,0.105,0.0
dataset/jpg/unlabeled/image_06885.jpg,jpg/image_06885.jpg,unlabeled,1.0,0.944,0.763,0.334,0.045,0.0,0.0
dataset/jpg/unlabeled/image_06886.jpg,jpg/image_06886.jpg,unlabeled,1.0,0.884,0.635,0.261,0.038,0.0,0.0
dataset/jpg/unlabeled/image_06887.jpg,jpg/image_06887.jpg,unlabeled,1.0,0.935,0.821,0.357,0.159,0.006,0.0
dataset/jpg/unlabeled/image_06889.jpg,jpg/image_06889.jpg,unlabeled,1.0,1.163,0.674,0.269,0.034,0.051,0.0
dataset/jpg/unlabeled/image_06890.jpg,jpg/image_06890.jpg,unlabeled,1.0,0.932,0.8,0.347,0.069,0.072,0.0
dataset/jpg/unlabeled/image_06893.jpg,jpg/image_06893.jpg,unlabeled,1.0,1.286,0.868,0.314,0.166,0.106,0.0
dataset/jpg/unlabeled/image_06897.jpg,jpg/image_06897.jpg,unlabeled,1.0,1.365,0.568,0.193,0.098,0.071,0.008
dataset/jpg/unlabeled/image_06898.jpg,jpg/image_06898.jpg,unlabeled,1.0,1.105,1.019,0.429,0.048,0.067,0.0
dataset/jpg/unlabeled/image_06901.jpg,jpg/image_06901.jpg,unlabeled,1.0,0.829,0.845,0.326,0.117,0.111,0.002
dataset/jpg/unlabeled/image_06905.jpg,jpg/image_06905.jpg,unlabeled,1.0,0.896,1.143,0.476,0.047,0.068,0.0
dataset/jpg/unlabeled/image_06907.jpg,jpg/image_06907.jpg,unlabeled,1.0,1.187,0.825,0.323,0.06,0.087,0.0
dataset/jpg/unlabeled/image_06908.jpg,jpg/image_06908.jpg,unlabeled,1.0,1.055,0.858,0.378,0.051,0.064,0.0
dataset/jpg/unlabeled/image_06909.jpg,jpg/image_06909.jpg,unlabeled,1.0,1.0,0.955,0.444,0.039,0.0,0.0
dataset/jpg/unlabeled/image_06910.jpg,jpg/image_06910.jpg,unlabeled,1.0,1.312,0.807,0.286,0.073,0.107,0.0
dataset/jpg/unlabeled/image_06911.jpg,jpg/image_06911.jpg,unlabeled,1.0,1.14,0.953,0.388,0.055,0.076,0.0
dataset/jpg/unlabeled/image_06912.jpg,jpg/image_06912.jpg,unlabeled,1.0,1.17,1.057,0.42,0.076,0.067,0.0
dataset/jpg/unlabeled/image_06913.jpg,jpg/image_06913.jpg,unlabeled,1.0,1.187,0.933,0.365,0.035,0.089,0.0
dataset/jpg/unlabeled/image_06914.jpg,jpg/image_06914.jpg,unlabeled,1.0,1.108,0.92,0.386,0.164,0.031,0.0
dataset/jpg/unlabeled/image_06915.jpg,jpg/image_06915.jpg,unlabeled,1.0,1.265,0.67,0.246,0.042,0.073,0.0
dataset/jpg/unlabeled/image_06916.jpg,jpg/image_06916.jpg,unlabeled,1.0,0.883,0.991,0.407,0.031,0.093,0.0
dataset/jpg/unlabeled/image_06917.jpg,jpg/image_06917.jpg,unlabeled,1.0,1.049,0.855,0.379,0.129,0.058,0.0
dataset/jpg/unlabeled/image_06918.jpg,jpg/image_06918.jpg,unlabeled,1.0,1.036,0.88,0.395,0.074,0.0,0.0
dataset/jpg/unlabeled/image_06920.jpg,jpg/image_06920.jpg,unlabeled,1.0,1.284,0.698,0.253,0.129,0.091,0.0
dataset/jpg/unlabeled/image_06921.jpg,jpg/image_06921.jpg,unlabeled,1.0,1.074,0.838,0.363,0.048,0.013,0.0
dataset/jpg/unlabeled/image_06922.jpg,jpg/image_06922.jpg,unlabeled,1.0,1.143,0.943,0.384,0.017,0.076,0.0
dataset/jpg/unlabeled/image_06923.jpg,jpg/image_06923.jpg,unlabeled,0.856,1.082,0.726,0.312,0.178,0.0,0.012
dataset/jpg/unlabeled/image_06925.jpg,jpg/image_06925.jpg,unlabeled,1.0,1.095,0.948,0.402,0.03,0.014,0.0
dataset/jpg/unlabeled/image_06929.jpg,jpg/image_06929.jpg,unlabeled,1.0,0.971,0.971,0.438,0.071,0.0,0.0
dataset/jpg/unlabeled/image_06931.jpg,jpg/image_06931.jpg,unlabeled,1.0,0.971,0.945,0.426,0.132,0.034,0.0
dataset/jpg/unlabeled/image_06933.jpg,jpg/image_06933.jpg,unlabeled,1.0,1.052,1.018,0.45,0.051,0.056,0.0
dataset/jpg/unlabeled/image_06934.jpg,jpg/image_06934.jpg,unlabeled,1.0,1.165,0.956,0.381,0.053,0.076,0.0
dataset/jpg/unlabeled/image_06935.jpg,jpg/image_06935.jpg,unlabeled,1.0,1.098,0.832,0.352,0.071,0.111,0.0
dataset/jpg/unlabeled/image_06937.jpg,jpg/image_06937.jpg,unlabeled,1.0,1.028,0.879,0.397,0.034,0.0,0.0
dataset/jpg/unlabeled/image_06938.jpg,jpg/image_06938.jpg,unlabeled,1.0,1.0,0.95,0.442,0.065,0.031,0.0
dataset/jpg/unlabeled/image_06939.jpg,jpg/image_06939.jpg,unlabeled,1.0,1.032,0.823,0.371,0.057,0.043,0.007
dataset/jpg/unlabeled/image_06940.jpg,jpg/image_06940.jpg,unlabeled,1.0,1.2,0.85,0.329,0.101,0.089,0.0
dataset/jpg/unlabeled/image_06941.jpg,jpg/image_06941.jpg,unlabeled,1.0,1.104,0.956,0.402,0.015,0.077,0.0
dataset/jpg/unlabeled/image_06943.jpg,jpg/image_06943.jpg,unlabeled,1.0,0.94,1.014,0.443,0.146,0.06,0.0
dataset/jpg/unlabeled/image_06944.jpg,jpg/image_06944.jpg,unlabeled,1.0,1.104,0.962,0.405,0.129,0.066,0.0
dataset/jpg/unlabeled/image_06945.jpg,jpg/image_06945.jpg,unlabeled,1.0,0.962,0.989,0.442,0.019,0.0,0.0
dataset/jpg/unlabeled/image_06946.jpg,jpg/image_06946.jpg,unlabeled,1.0,1.103,0.95,0.4,0.102,0.064,0.0
dataset/jpg/unlabeled/image_06947.jpg,jpg/image_06947.jpg,unlabeled,1.0,1.032,1.04,0.468,0.032,0.049,0.0
dataset/jpg/unlabeled/image_06950.jpg,jpg/image_06950.jpg,unlabeled,1.0,1.211,1.017,0.391,0.058,0.117,0.0
dataset/jpg/unlabeled/image_06954.jpg,jpg/image_06954.jpg,unlabeled,1.0,1.26,0.867,0.32,0.05,0.075,0.0
dataset/jpg/unlabeled/image_06957.jpg,jpg/image_06957.jpg,unlabeled,1.0,1.203,0.909,0.351,0.132,0.075,0.0
dataset/jpg/unlabeled/image_06959.jpg,jpg/image_06959.jpg,unlabeled,1.0,1.059,0.768,0.337,0.031,0.06,0.0
dataset/jpg/unlabeled/image_06960.jpg,jpg/image_06960.jpg,unlabeled,1.0,1.105,0.878,0.369,0.033,0.072,0.0
dataset/jpg/unlabeled/image_06961.jpg,jpg/image_06961.jpg,unlabeled,1.0,1.111,0.669,0.28,0.003,0.066,0.0
dataset/jpg/unlabeled/image_06963.jpg,jpg/image_06963.jpg,unlabeled,1.0,1.039,0.829,0.371,0.027,0.047,0.0
dataset/jpg/unlabeled/image_06964.jpg,jpg/image_06964.jpg,unlabeled,1.0,1.099,0.788,0.333,0.021,0.066,0.0
dataset/jpg/unlabeled/image_06965.jpg,jpg/image_06965.jpg,unlabeled,1.0,1.147,0.761,0.308,0.047,0.099,0.0
dataset/jpg/unlabeled/image_06966.jpg,jpg/image_06966.jpg,unlabeled,1.0,0.97,0.708,0.319,0.02,0.03,0.0
dataset/jpg/unlabeled/image_06972.jpg,jpg/image_06972.jpg,unlabeled,1.0,1.117,0.822,0.342,0.076,0.08,0.0
dataset/jpg/unlabeled/image_06996.jpg,jpg/image_06996.jpg,unlabeled,1.0,1.189,0.816,0.319,0.114,0.056,0.0
dataset/jpg/unlabeled/image_07007.jpg,jpg/image_07007.jpg,unlabeled,1.0,0.792,0.788,0.29,0.077,0.0,0.0
dataset/jpg/unlabeled/image_07009.jpg,jpg/image_07009.jpg,unlabeled,1.0,0.771,0.687,0.246,0.143,0.079,0.0
dataset/jpg/unlabeled/image_07010.jpg,jpg/image_07010.jpg,unlabeled,1.0,0.865,0.664,0.267,0.123,0.091,0.0
dataset/jpg/unlabeled/image_07011.jpg,jpg/image_07011.jpg,unlabeled,1.0,0.967,0.822,0.369,0.163,0.042,0.0
dataset/jpg/unlabeled/image_07012.jpg,jpg/image_07012.jpg,unlabeled,1.0,0.766,0.865,0.308,0.029,0.095,0.0
dataset/jpg/unlabeled/image_07014.jpg,jpg/image_07014.jpg,unlabeled,1.0,0.924,0.857,0.368,0.058,0.054,0.0
dataset/jpg/unlabeled/image_07015.jpg,jpg/image_07015.jpg,unlabeled,1.0,0.824,0.886,0.339,0.091,0.082,0.0
dataset/jpg/unlabeled/image_07017.jpg,jpg/image_07017.jpg,unlabeled,1.0,0.899,0.567,0.237,0.109,0.0,0.008
dataset/jpg/unlabeled/image_07018.jpg,jpg/image_07018.jpg,unlabeled,1.0,1.0,0.641,0.298,0.038,0.045,0.0
dataset/jpg/unlabeled/image_07019.jpg,jpg/image_07019.jpg,unlabeled,1.0,1.276,0.649,0.236,0.101,0.049,0.0
dataset/jpg/unlabeled/image_07024.jpg,jpg/image_07024.jpg,unlabeled,1.0,1.185,0.738,0.289,0.086,0.088,0.0
dataset/jpg/unlabeled/image_07025.jpg,jpg/image_07025.jpg,unlabeled,1.0,0.988,1.003,0.461,0.036,0.0,0.0
dataset/jpg/unlabeled/image_07026.jpg,jpg/image_07026.jpg,unlabeled,1.0,0.871,0.88,0.356,0.034,0.0,0.0
dataset/jpg/unlabeled/image_07027.jpg,jpg/image_07027.jpg,unlabeled,1.0,0.936,0.831,0.362,0.06,0.056,0.0
dataset/jpg/unlabeled/image_07028.jpg,jpg/image_07028.jpg,unlabeled,1.0,0.73,0.911,0.309,0.058,0.113,0.0
dataset/jpg/unlabeled/image_07031.jpg,jpg/image_07031.jpg,unlabeled,1.0,1.059,0.833,0.366,0.073,0.003,0.0
dataset/jpg/unlabeled/image_07035.jpg,jpg/image_07035.jpg,unlabeled,1.0,0.895,0.601,0.25,0.037,0.05,0.0
dataset/jpg/unlabeled/image_07037.jpg,jpg/image_07037.jpg,unlabeled,1.0,1.049,0.831,0.368,0.081,0.023,0.0
dataset/jpg/unlabeled/image_07038.jpg,jpg/image_07038.jpg,unlabeled,0.939,0.838,0.764,0.298,0.138,0.051,0.025
dataset/jpg/unlabeled/image_07043.jpg,jpg/image_07043.jpg,unlabeled,1.0,1.0,0.753,0.35,0.171,0.0,0.0
dataset/jpg/unlabeled/image_07046.jpg,jpg/image_07046.jpg,unlabeled,1.0,1.171,0.908,0.36,0.121,0.065,0.0
dataset/jpg/unlabeled/image_07048.jpg,jpg/image_07048.jpg,unlabeled,1.0,1.061,0.846,0.371,0.063,0.0,0.0
dataset/jpg/unlabeled/image_07050.jpg,jpg/image_07050.jpg,unlabeled,1.0,1.156,0.845,0.34,0.021,0.031,0.0
dataset/jpg/unlabeled/image_07052.jpg,jpg/image_07052.jpg,unlabeled,1.0,1.163,0.99,0.396,0.098,0.06,0.0
dataset/jpg/unlabeled/image_07054.jpg,jpg/image_07054.jpg,unlabeled,1.0,0.883,0.826,0.339,0.041,0.071,0.0
dataset/jpg/unlabeled/image_07058.jpg,jpg/image_07058.jpg,unlabeled,1.0,1.047,0.956,0.424,0.088,0.012,0.0
dataset/jpg/unlabeled/image_07060.jpg,jpg/image_07060.jpg,unlabeled,1.0,0.938,0.873,0.381,0.096,0.0,0.0
dataset/jpg/unlabeled/image_07064.jpg,jpg/image_07064.jpg,unlabeled,1.0,0.906,1.011,0.426,0.02,0.08,0.0
dataset/jpg/unlabeled/image_07066.jpg,jpg/image_07066.jpg,unlabeled,1.0,0.939,0.613,0.268,0.147,0.04,0.0
dataset/jpg/unlabeled/image_07067.jpg,jpg/image_07067.jpg,unlabeled,1.0,0.95,0.944,0.417,0.031,0.033,0.0
dataset/jpg/unlabeled/image_07068.jpg,jpg/image_07068.jpg,unlabeled,1.0,1.012,0.959,0.44,0.074,0.0,0.0
dataset/jpg/unlabeled/image_07070.jpg,jpg/image_07070.jpg,unlabeled,1.0,0.894,0.638,0.265,0.044,0.0,0.0
dataset/jpg/unlabeled/image_07074.jpg,jpg/image_07074.jpg,unlabeled,1.0,1.241,0.905,0.339,0.091,0.0,0.0
dataset/jpg/unlabeled/image_07075.jpg,jpg/image_07075.jpg,unlabeled,1.0,0.966,0.724,0.325,0.075,0.0,0.0
dataset/jpg/unlabeled/image_07076.jpg,jpg/image_07076.jpg,unlabeled,1.0,0.948,0.626,0.276,0.146,0.042,0.0
dataset/jpg/unlabeled/image_07077.jpg,jpg/image_07077.jpg,unlabeled,1.0,1.223,0.735,0.279,0.035,0.1,0.0
dataset/jpg/unlabeled/image_07078.jpg,jpg/image_07078.jpg,unlabeled,1.0,1.0,0.753,0.35,0.077,0.058,0.0
dataset/jpg/unlabeled/image_07080.jpg,jpg/image_07080.jpg,unlabeled,1.0,1.114,0.88,0.367,0.093,0.0,0.005
dataset/jpg/unlabeled/image_07082.jpg,jpg/image_07082.jpg,unlabeled,1.0,0.905,0.72,0.303,0.141,0.058,0.0
dataset/jpg/unlabeled/image_07083.jpg,jpg/image_07083.jpg,unlabeled,1.0,1.076,0.784,0.339,0.049,0.0,0.0
dataset/jpg/unlabeled/image_07086.jpg,jpg/image_07086.jpg,unlabeled,1.0,1.081,0.984,0.423,0.06,0.059,0.0
dataset/jpg/unlabeled/image_07087.jpg,jpg/image_07087.jpg,unlabeled,1.0,1.01,0.943,0.434,0.074,0.0,0.0
dataset/jpg/unlabeled/image_07089.jpg,jpg/image_07089.jpg,unlabeled,1.0,1.0,0.979,0.455,0.114,0.0,0.0
dataset/jpg/unlabeled/image_07092.jpg,jpg/image_07092.jpg,unlabeled,1.0,1.093,0.924,0.393,0.076,0.077,0.0
dataset/jpg/unlabeled/image_07093.jpg,jpg/image_07093.jpg,unlabeled,1.0,0.94,0.853,0.373,0.011,0.0,0.0
dataset/jpg/unlabeled/image_07094.jpg,jpg/image_07094.jpg,unlabeled,1.0,1.109,0.96,0.402,0.074,0.07,0.0
dataset/jpg/unlabeled/image_07095.jpg,jpg/image_07095.jpg,unlabeled,1.0,1.0,0.882,0.41,0.068,0.0,0.0
dataset/jpg/unlabeled/image_07096.jpg,jpg/image_07096.jpg,unlabeled,1.0,1.135,0.864,0.354,0.034,0.0,0.0
dataset/jpg/unlabeled/image_07097.jpg,jpg/image_07097.jpg,unlabeled,1.0,1.068,0.927,0.403,0.068,0.0,0.0
dataset/jpg/unlabeled/image_07098.jpg,jpg/image_07098.jpg,unlabeled,1.0,1.153,0.958,0.386,0.146,0.079,0.0
dataset/jpg/unlabeled/image_07099.jpg,jpg/image_07099.jpg,unlabeled,1.0,1.056,0.929,0.409,0.01,0.028,0.0
dataset/jpg/unlabeled/image_07100.jpg,jpg/image_07100.jpg,unlabeled,1.0,1.159,0.965,0.387,0.149,0.018,0.0
dataset/jpg/unlabeled/image_07101.jpg,jpg/image_07101.jpg,unlabeled,1.0,0.925,0.801,0.344,0.073,0.049,0.0
dataset/jpg/unlabeled/image_07102.jpg,jpg/image_07102.jpg,unlabeled,1.0,1.0,0.914,0.425,0.134,0.0,0.0
dataset/jpg/unlabeled/image_07103.jpg,jpg/image_07103.jpg,unlabeled,1.0,0.93,0.852,0.368,0.076,0.024,0.0
dataset/jpg/unlabeled/image_07104.jpg,jpg/image_07104.jpg,unlabeled,1.0,0.95,0.946,0.418,0.068,0.01,0.0
dataset/jpg/unlabeled/image_07106.jpg,jpg/image_07106.jpg,unlabeled,1.0,0.925,0.829,0.357,0.021,0.0,0.0
dataset/jpg/unlabeled/image_07107.jpg,jpg/image_07107.jpg,unlabeled,1.0,0.929,0.921,0.398,0.059,0.0,0.0
dataset/jpg/unlabeled/image_07110.jpg,jpg/image_07110.jpg,unlabeled,1.0,0.788,0.837,0.306,0.033,0.025,0.0
dataset/jpg/unlabeled/image_07111.jpg,jpg/image_07111.jpg,unlabeled,1.0,0.888,0.967,0.399,0.014,0.082,0.0
dataset/jpg/unlabeled/image_07112.jpg,jpg/image_07112.jpg,unlabeled,1.0,1.0,0.973,0.452,0.043,0.026,0.0
dataset/jpg/unlabeled/image_07113.jpg,jpg/image_07113.jpg,unlabeled,1.0,1.067,0.906,0.394,0.026,0.066,0.0
dataset/jpg/unlabeled/image_07114.jpg,jpg/image_07114.jpg,unlabeled,1.0,0.989,0.937,0.431,0.146,0.0,0.0
dataset/jpg/unlabeled/image_07115.jpg,jpg/image_07115.jpg,unlabeled,1.0,0.982,0.943,0.43,0.007,0.0,0.0
dataset/jpg/unlabeled/image_07117.jpg,jpg/image_07117.jpg,unlabeled,1.0,1.042,0.85,0.379,0.021,0.038,0.0
dataset/jpg/unlabeled/image_07118.jpg,jpg/image_07118.jpg,unlabeled,1.0,0.88,0.914,0.374,0.111,0.097,0.0
dataset/jpg/unlabeled/image_07119.jpg,jpg/image_07119.jpg,unlabeled,1.0,1.017,0.882,0.403,0.012,0.012,0.0
dataset/jpg/unlabeled/image_07120.jpg,jpg/image_07120.jpg,unlabeled,1.0,1.011,0.998,0.459,0.162,0.023,0.0
dataset/jpg/unlabeled/image_07123.jpg,jpg/image_07123.jpg,unlabeled,1.0,1.073,0.984,0.426,0.043,0.06,0.0
dataset/jpg/unlabeled/image_07125.jpg,jpg/image_07125.jpg,unlabeled,1.0,1.0,0.948,0.441,0.165,0.0,0.0
dataset/jpg/unlabeled/image_07127.jpg,jpg/image_07127.jpg,unlabeled,1.0,1.078,0.8,0.345,0.065,0.069,0.0
dataset/jpg/unlabeled/image_07129.jpg,jpg/image_07129.jpg,unlabeled,1.0,1.058,0.929,0.408,0.024,0.025,0.0
dataset/jpg/unlabeled/image_07130.jpg,jpg/image_07130.jpg,unlabeled,1.0,1.067,0.908,0.395,0.124,0.017,0.0
dataset/jpg/unlabeled/image_07131.jpg,jpg/image_07131.jpg,unlabeled,1.0,0.929,0.815,0.352,0.081,0.0,0.013
dataset/jpg/unlabeled/image_07133.jpg,jpg/image_07133.jpg,unlabeled,1.0,1.062,0.9,0.394,0.051,0.0,0.0
dataset/jpg/unlabeled/image_07134.jpg,jpg/image_07134.jpg,unlabeled,1.0,1.115,0.961,0.401,0.012,0.076,0.0
dataset/jpg/unlabeled/image_07138.jpg,jpg/image_07138.jpg,unlabeled,1.0,1.01,0.908,0.418,0.023,0.005,0.0
dataset/jpg/unlabeled/image_07140.jpg,jpg/image_07140.jpg,unlabeled,1.0,1.222,0.861,0.327,0.176,0.082,0.0
dataset/jpg/unlabeled/image_07143.jpg,jpg/image_07143.jpg,unlabeled,1.0,0.956,0.898,0.399,0.026,0.0,0.0
dataset/jpg/unlabeled/image_07146.jpg,jpg/image_07146.jpg,unlabeled,1.0,1.008,0.92,0.424,0.032,0.052,0.0
dataset/jpg/unlabeled/image_07148.jpg,jpg/image_07148.jpg,unlabeled,1.0,0.88,0.857,0.35,0.104,0.0,0.0
dataset/jpg/unlabeled/image_07149.jpg,jpg/image_07149.jpg,unlabeled,1.0,1.235,0.816,0.307,0.088,0.063,0.0
dataset/jpg/unlabeled/image_07153.jpg,jpg/image_07153.jpg,unlabeled,1.0,1.198,1.01,0.392,0.044,0.105,0.0
dataset/jpg/unlabeled/image_07154.jpg,jpg/image_07154.jpg,unlabeled,1.0,0.933,0.883,0.383,0.053,0.067,0.0
dataset/jpg/unlabeled/image_07155.jpg,jpg/image_07155.jpg,unlabeled,1.0,0.927,0.98,0.422,0.033,0.065,0.0
dataset/jpg/unlabeled/image_07156.jpg,jpg/image_07156.jpg,unlabeled,1.0,0.943,0.94,0.412,0.177,0.0,0.0
dataset/jpg/unlabeled/image_07160.jpg,jpg/image_07160.jpg,unlabeled,1.0,1.11,0.872,0.365,0.095,0.108,0.0
dataset/jpg/unlabeled/image_07162.jpg,jpg/image_07162.jpg,unlabeled,1.0,1.312,0.779,0.276,0.138,0.052,0.0
dataset/jpg/unlabeled/image_07163.jpg,jpg/image_07163.jpg,unlabeled,1.0,0.959,0.777,0.346,0.171,0.07,0.004
dataset/jpg/unlabeled/image_07169.jpg,jpg/image_07169.jpg,unlabeled,1.0,1.377,0.931,0.314,0.165,0.039,0.0
dataset/jpg/unlabeled/image_07173.jpg,jpg/image_07173.jpg,unlabeled,1.0,1.061,0.707,0.31,0.11,0.104,0.001
dataset/jpg/unlabeled/image_07179.jpg,jpg/image_07179.jpg,unlabeled,1.0,0.787,0.767,0.28,0.107,0.095,0.0
dataset/jpg/unlabeled/image_07180.jpg,jpg/image_07180.jpg,unlabeled,1.0,0.965,0.706,0.317,0.047,0.018,0.0
dataset/jpg/unlabeled/image_07181.jpg,jpg/image_07181.jpg,unlabeled,1.0,0.764,0.842,0.299,0.158,0.089,0.0
dataset/jpg/unlabeled/image_07182.jpg,jpg/image_07182.jpg,unlabeled,1.0,0.888,0.762,0.314,0.1,0.053,0.013
dataset/jpg/unlabeled/image_07188.jpg,jpg/image_07188.jpg,unlabeled,1.0,1.275,0.782,0.285,0.144,0.056,0.0
dataset/jpg/unlabeled/image_07189.jpg,jpg/image_07189.jpg,unlabeled,1.0,0.832,0.633,0.245,0.167,0.069,0.004
dataset/jpg/unlabeled/image_07190.jpg,jpg/image_07190.jpg,unlabeled,1.0,1.225,0.655,0.248,0.136,0.049,0.0
dataset/jpg/unlabeled/image_07191.jpg,jpg/image_07191.jpg,unlabeled,1.0,1.137,0.783,0.32,0.163,0.099,0.0
dataset/jpg/unlabeled/image_07195.jpg,jpg/image_07195.jpg,unlabeled,1.0,0.875,0.636,0.259,0.074,0.076,0.0
dataset/jpg/unlabeled/image_07202.jpg,jpg/image_07202.jpg,unlabeled,1.0,0.882,0.931,0.381,0.043,0.077,0.0
dataset/jpg/unlabeled/image_07210.jpg,jpg/image_07210.jpg,unlabeled,1.0,1.198,0.751,0.291,0.008,0.096,0.0
dataset/jpg/unlabeled/image_07213.jpg,jpg/image_07213.jpg,unlabeled,1.0,1.244,0.75,0.28,0.127,0.069,0.0
dataset/jpg/unlabeled/image_07219.jpg,jpg/image_07219.jpg,unlabeled,1.0,1.098,0.886,0.375,0.132,0.0,0.0
dataset/jpg/unlabeled/image_07222.jpg,jpg/image_07222.jpg,unlabeled,1.0,1.239,0.894,0.335,0.044,0.108,0.0
dataset/jpg/unlabeled/image_07223.jpg,jpg/image_07223.jpg,unlabeled,1.0,1.121,0.952,0.395,0.021,0.081,0.0
dataset/jpg/unlabeled/image_07226.jpg,jpg/image_07226.jpg,unlabeled,1.0,1.127,0.756,0.312,0.085,0.053,0.0
dataset/jpg/unlabeled/image_07231.jpg,jpg/image_07231.jpg,unlabeled,1.0,1.272,0.711,0.26,0.11,0.099,0.0
dataset/jpg/unlabeled/image_07232.jpg,jpg/image_07232.jpg,unlabeled,1.0,1.094,0.704,0.299,0.055,0.09,0.0
dataset/jpg/unlabeled/image_07234.jpg,jpg/image_07234.jpg,unlabeled,1.0,0.885,0.678,0.279,0.126,0.0,0.0
dataset/jpg/unlabeled/image_07235.jpg,jpg/image_07235.jpg,unlabeled,1.0,0.788,0.81,0.297,0.02,0.0,0.0
dataset/jpg/unlabeled/image_07237.jpg,jpg/image_07237.jpg,unlabeled,1.0,1.043,0.595,0.265,0.137,0.0,0.026
dataset/jpg/unlabeled/image_07243.jpg,jpg/image_07243.jpg,unlabeled,1.0,1.193,0.611,0.238,0.034,0.0,0.0
dataset/jpg/unlabeled/image_07246.jpg,jpg/image_07246.jpg,unlabeled,1.0,0.905,0.556,0.234,0.059,0.0,0.0
dataset/jpg/unlabeled/image_07248.jpg,jpg/image_07248.jpg,unlabeled,1.0,0.718,0.67,0.224,0.026,0.0,0.0
dataset/jpg/unlabeled/image_07249.jpg,jpg/image_07249.jpg,unlabeled,1.0,1.36,0.807,0.276,0.013,0.0,0.0
dataset/jpg/unlabeled/image_07250.jpg,jpg/image_07250.jpg,unlabeled,1.0,1.091,0.678,0.289,0.038,0.0,0.008
dataset/jpg/unlabeled/image_07252.jpg,jpg/image_07252.jpg,unlabeled,1.0,1.184,0.564,0.221,0.013,0.0,0.0
dataset/jpg/unlabeled/image_07253.jpg,jpg/image_07253.jpg,unlabeled,1.0,0.971,0.618,0.279,0.164,0.0,0.0
dataset/jpg/unlabeled/image_07254.jpg,jpg/image_07254.jpg,unlabeled,1.0,0.744,0.715,0.247,0.062,0.0,0.042
dataset/jpg/unlabeled/image_07258.jpg,jpg/image_07258.jpg,unlabeled,1.0,1.029,0.682,0.308,0.041,0.0,0.0
dataset/jpg/unlabeled/image_07259.jpg,jpg/image_07259.jpg,unlabeled,1.0,0.836,0.591,0.229,0.066,0.0,0.0
dataset/jpg/unlabeled/image_07261.jpg,jpg/image_07261.jpg,unlabeled,1.0,1.246,0.647,0.241,0.067,0.0,0.0
dataset/jpg/unlabeled/image_07262.jpg,jpg/image_07262.jpg,unlabeled,1.0,1.158,0.586,0.235,0.038,0.0,0.002
dataset/jpg/unlabeled/image_07264.jpg,jpg/image_07264.jpg,unlabeled,1.0,1.245,0.752,0.281,0.054,0.0,0.0
dataset/jpg/unlabeled/image_07266.jpg,jpg/image_07266.jpg,unlabeled,1.0,0.889,0.557,0.23,0.062,0.0,0.035
dataset/jpg/unlabeled/image_07267.jpg,jpg/image_07267.jpg,unlabeled,1.0,1.0,0.67,0.312,0.1,0.0,0.0
dataset/jpg/unlabeled/image_07268.jpg,jpg/image_07268.jpg,unlabeled,1.0,1.377,0.811,0.274,0.038,0.0,0.0
dataset/jpg/unlabeled/image_07269.jpg,jpg/image_07269.jpg,unlabeled,1.0,0.981,0.711,0.324,0.041,0.0,0.0
dataset/jpg/unlabeled/image_07270.jpg,jpg/image_07270.jpg,unlabeled,1.0,0.91,0.774,0.327,0.061,0.0,0.0
dataset/jpg/unlabeled/image_07271.jpg,jpg/image_07271.jpg,unlabeled,1.0,1.169,0.777,0.309,0.013,0.018,0.0
dataset/jpg/unlabeled/image_07273.jpg,jpg/image_07273.jpg,unlabeled,1.0,1.173,0.828,0.328,0.127,0.0,0.0
dataset/jpg/unlabeled/image_07274.jpg,jpg/image_07274.jpg,unlabeled,1.0,1.28,0.83,0.301,0.027,0.0,0.0
dataset/jpg/unlabeled/image_07275.jpg,jpg/image_07275.jpg,unlabeled,1.0,0.952,0.646,0.286,0.084,0.059,0.0
dataset/jpg/unlabeled/image_07277.jpg,jpg/image_07277.jpg,unlabeled,1.0,1.02,0.829,0.378,0.039,0.0,0.0
dataset/jpg/unlabeled/image_07278.jpg,jpg/image_07278.jpg,unlabeled,1.0,1.112,0.582,0.243,0.073,0.079,0.0
dataset/jpg/unlabeled/image_07279.jpg,jpg/image_07279.jpg,unlabeled,1.0,0.988,0.578,0.265,0.054,0.055,0.0
dataset/jpg/unlabeled/image_07281.jpg,jpg/image_07281.jpg,unlabeled,1.0,0.857,0.762,0.304,0.066,0.0,0.0
dataset/jpg/unlabeled/image_07283.jpg,jpg/image_07283.jpg,unlabeled,1.0,0.75,0.775,0.27,0.023,0.0,0.006
dataset/jpg/unlabeled/image_07288.jpg,jpg/image_07288.jpg,unlabeled,1.0,0.805,0.593,0.222,0.025,0.075,0.0
dataset/jpg/unlabeled/image_07301.jpg,jpg/image_07301.jpg,unlabeled,1.0,0.856,0.913,0.363,0.08,0.112,0.0
dataset/jpg/unlabeled/image_07305.jpg,jpg/image_07305.jpg,unlabeled,1.0,0.901,0.783,0.328,0.13,0.021,0.0
dataset/jpg/unlabeled/image_07310.jpg,jpg/image_07310.jpg,unlabeled,1.0,0.889,0.729,0.301,0.096,0.0,0.0
dataset/jpg/unlabeled/image_07311.jpg,jpg/image_07311.jpg,unlabeled,1.0,0.909,0.751,0.317,0.112,0.019,0.0
dataset/jpg/unlabeled/image_07313.jpg,jpg/image_07313.jpg,unlabeled,1.0,0.736,0.803,0.275,0.065,0.0,0.0
dataset/jpg/unlabeled/image_07316.jpg,jpg/image_07316.jpg,unlabeled,1.0,0.908,0.561,0.237,0.024,0.081,0.0
dataset/jpg/unlabeled/image_07317.jpg,jpg/image_07317.jpg,unlabeled,1.0,0.807,0.699,0.262,0.022,0.112,0.0
dataset/jpg/unlabeled/image_07320.jpg,jpg/image_07320.jpg,unlabeled,1.0,0.875,1.017,0.413,0.074,0.029,0.0
dataset/jpg/unlabeled/image_07322.jpg,jpg/image_07322.jpg,unlabeled,1.0,0.911,0.652,0.276,0.088,0.074,0.0
dataset/jpg/unlabeled/image_07326.jpg,jpg/image_07326.jpg,unlabeled,1.0,0.846,0.901,0.354,0.098,0.0,0.0
dataset/jpg/unlabeled/image_07329.jpg,jpg/image_07329.jpg,unlabeled,1.0,1.044,0.803,0.357,0.058,0.061,0.0
dataset/jpg/unlabeled/image_07330.jpg,jpg/image_07330.jpg,unlabeled,1.0,1.189,0.792,0.31,0.061,0.0,0.0
dataset/jpg/unlabeled/image_07333.jpg,jpg/image_07333.jpg,unlabeled,1.0,1.0,0.759,0.353,0.156,0.021,0.0
dataset/jpg/unlabeled/image_07337.jpg,jpg/image_07337.jpg,unlabeled,1.0,0.744,0.914,0.316,0.047,0.049,0.0
dataset/jpg/unlabeled/image_07338.jpg,jpg/image_07338.jpg,unlabeled,1.0,0.734,0.852,0.291,0.03,0.065,0.0
dataset/jpg/unlabeled/image_07347.jpg,jpg/image_07347.jpg,unlabeled,1.0,0.929,0.652,0.281,0.046,0.0,0.0
dataset/jpg/unlabeled/image_07348.jpg,jpg/image_07348.jpg,unlabeled,1.0,0.778,0.867,0.313,0.033,0.0,0.0
dataset/jpg/unlabeled/image_07350.jpg,jpg/image_07350.jpg,unlabeled,1.0,0.758,0.937,0.33,0.033,0.002,0.0
dataset/jpg/unlabeled/image_07355.jpg,jpg/image_07355.jpg,unlabeled,1.0,0.892,0.745,0.309,0.177,0.1,0.0
dataset/jpg/unlabeled/image_07356.jpg,jpg/image_07356.jpg,unlabeled,1.0,0.816,0.72,0.273,0.099,0.096,0.0
dataset/jpg/unlabeled/image_07362.jpg,jpg/image_07362.jpg,unlabeled,1.0,1.126,0.789,0.325,0.127,0.075,0.0
dataset/jpg/unlabeled/image_07363.jpg,jpg/image_07363.jpg,unlabeled,1.0,0.7,0.762,0.248,0.108,0.059,0.0
dataset/jpg/unlabeled/image_07366.jpg,jpg/image_07366.jpg,unlabeled,1.0,1.113,0.931,0.389,0.021,0.0,0.0
dataset/jpg/unlabeled/image_07369.jpg,jpg/image_07369.jpg,unlabeled,1.0,1.0,0.581,0.27,0.052,0.0,0.001
dataset/jpg/unlabeled/image_07371.jpg,jpg/image_07371.jpg,unlabeled,1.0,1.154,0.68,0.274,0.127,0.056,0.005
dataset/jpg/unlabeled/image_07374.jpg,jpg/image_07374.jpg,unlabeled,1.0,0.863,0.834,0.335,0.071,0.039,0.0
dataset/jpg/unlabeled/image_07378.jpg,jpg/image_07378.jpg,unlabeled,1.0,0.99,0.78,0.359,0.054,0.0,0.0
dataset/jpg/unlabeled/image_07379.jpg,jpg/image_07379.jpg,unlabeled,1.0,1.0,0.846,0.393,0.113,0.0,0.0
dataset/jpg/unlabeled/image_07380.jpg,jpg/image_07380.jpg,unlabeled,1.0,0.847,0.862,0.339,0.055,0.021,0.0
dataset/jpg/unlabeled/image_07382.jpg,jpg/image_07382.jpg,unlabeled,1.0,1.065,0.757,0.331,0.139,0.046,0.0
dataset/jpg/unlabeled/image_07383.jpg,jpg/image_07383.jpg,unlabeled,1.0,0.899,0.952,0.398,0.066,0.048,0.0
dataset/jpg/unlabeled/image_07385.jpg,jpg/image_07385.jpg,unlabeled,1.0,0.843,0.643,0.252,0.083,0.096,0.0
dataset/jpg/unlabeled/image_07395.jpg,jpg/image_07395.jpg,unlabeled,1.0,0.75,0.906,0.316,0.104,0.105,0.0
dataset/jpg/unlabeled/image_07399.jpg,jpg/image_07399.jpg,unlabeled,1.0,0.951,0.709,0.313,0.15,0.06,0.0
dataset/jpg/unlabeled/image_07400.jpg,jpg/image_07400.jpg,unlabeled,1.0,0.927,0.8,0.344,0.037,0.006,0.0
dataset/jpg/unlabeled/image_07404.jpg,jpg/image_07404.jpg,unlabeled,1.0,1.126,0.879,0.363,0.112,0.074,0.0
dataset/jpg/unlabeled/image_07410.jpg,jpg/image_07410.jpg,unlabeled,1.0,0.818,0.715,0.272,0.075,0.0,0.0
dataset/jpg/unlabeled/image_07412.jpg,jpg/image_07412.jpg,unlabeled,1.0,0.927,0.885,0.381,0.045,0.041,0.0
dataset/jpg/unlabeled/image_07414.jpg,jpg/image_07414.jpg,unlabeled,1.0,0.805,0.872,0.326,0.048,0.116,0.0
dataset/jpg/unlabeled/image_07418.jpg,jpg/image_07418.jpg,unlabeled,1.0,0.947,0.664,0.292,0.092,0.099,0.009
dataset/jpg/unlabeled/image_07419.jpg,jpg/image_07419.jpg,unlabeled,1.0,0.713,0.844,0.28,0.054,0.0,0.003
dataset/jpg/unlabeled/image_07422.jpg,jpg/image_07422.jpg,unlabeled,1.0,1.375,0.717,0.242,0.095,0.116,0.0
dataset/jpg/unlabeled/image_07424.jpg,jpg/image_07424.jpg,unlabeled,1.0,1.111,0.824,0.345,0.104,0.0,0.0
dataset/jpg/unlabeled/image_07426.jpg,jpg/image_07426.jpg,unlabeled,1.0,0.828,0.775,0.298,0.081,0.074,0.0
dataset/jpg/unlabeled/image_07427.jpg,jpg/image_07427.jpg,unlabeled,1.0,1.021,0.894,0.407,0.005,0.032,0.0
dataset/jpg/unlabeled/image_07433.jpg,jpg/image_07433.jpg,unlabeled,1.0,0.984,0.748,0.342,0.178,0.0,0.0
dataset/jpg/unlabeled/image_07438.jpg,jpg/image_07438.jpg,unlabeled,1.0,1.12,0.686,0.285,0.023,0.069,0.0
dataset/jpg/unlabeled/image_07439.jpg,jpg/image_07439.jpg,unlabeled,1.0,1.304,0.886,0.316,0.106,0.064,0.0
dataset/jpg/unlabeled/image_07442.jpg,jpg/image_07442.jpg,unlabeled,67.0,0.818,0.862,0.328,0.083,0.0,0.031
dataset/jpg/unlabeled/image_07444.jpg,jpg/image_07444.jpg,unlabeled,1.0,0.862,0.734,0.294,0.042,0.046,0.0
dataset/jpg/unlabeled/image_07445.jpg,jpg/image_07445.jpg,unlabeled,1.0,0.885,0.805,0.331,0.144,0.0,0.0
dataset/jpg/unlabeled/image_07449.jpg,jpg/image_07449.jpg,unlabeled,1.0,1.0,0.96,0.446,0.07,0.0,0.0
dataset/jpg/unlabeled/image_07451.jpg,jpg/image_07451.jpg,unlabeled,1.0,1.116,0.923,0.384,0.006,0.07,0.0
dataset/jpg/unlabeled/image_07457.jpg,jpg/image_07457.jpg,unlabeled,1.0,0.817,0.761,0.289,0.101,0.018,0.0
dataset/jpg/unlabeled/image_07462.jpg,jpg/image_07462.jpg,unlabeled,1.0,1.011,0.704,0.324,0.157,0.049,0.0
dataset/jpg/unlabeled/image_07467.jpg,jpg/image_07467.jpg,unlabeled,1.0,1.11,0.84,0.352,0.106,0.064,0.0
dataset/jpg/unlabeled/image_07468.jpg,jpg/image_07468.jpg,unlabeled,1.0,1.214,0.798,0.305,0.026,0.069,0.0
dataset/jpg/unlabeled/image_07469.jpg,jpg/image_07469.jpg,unlabeled,1.0,1.344,0.884,0.306,0.014,0.107,0.0
dataset/jpg/unlabeled/image_07470.jpg,jpg/image_07470.jpg,unlabeled,1.0,1.009,0.613,0.282,0.058,0.043,0.0
dataset/jpg/unlabeled/image_07471.jpg,jpg/image_07471.jpg,unlabeled,1.0,0.78,0.761,0.276,0.034,0.0,0.0
dataset/jpg/unlabeled/image_07474.jpg,jpg/image_07474.jpg,unlabeled,1.0,0.962,0.874,0.39,0.169,0.0,0.0
dataset/jpg/unlabeled/image_07476.jpg,jpg/image_07476.jpg,unlabeled,1.0,0.99,0.91,0.419,0.076,0.0,0.0
dataset/jpg/unlabeled/image_07477.jpg,jpg/image_07477.jpg,unlabeled,1.0,1.103,0.76,0.32,0.1,0.062,0.0
dataset/jpg/unlabeled/image_07478.jpg,jpg/image_07478.jpg,unlabeled,1.0,0.829,1.057,0.407,0.133,0.115,0.0
dataset/jpg/unlabeled/image_07483.jpg,jpg/image_07483.jpg,unlabeled,1.0,0.992,0.64,0.295,0.041,0.05,0.0
dataset/jpg/unlabeled/image_07484.jpg,jpg/image_07484.jpg,unlabeled,1.0,1.253,0.839,0.311,0.088,0.099,0.0
dataset/jpg/unlabeled/image_07486.jpg,jpg/image_07486.jpg,unlabeled,1.0,0.946,0.907,0.399,0.048,0.035,0.0
dataset/jpg/unlabeled/image_07488.jpg,jpg/image_07488.jpg,unlabeled,1.0,1.011,0.897,0.412,0.031,0.022,0.0
dataset/jpg/unlabeled/image_07490.jpg,jpg/image_07490.jpg,unlabeled,1.0,1.245,0.797,0.297,0.106,0.113,0.0
dataset/jpg/unlabeled/image_07491.jpg,jpg/image_07491.jpg,unlabeled,1.0,1.115,0.731,0.304,0.173,0.016,0.0
dataset/jpg/unlabeled/image_07495.jpg,jpg/image_07495.jpg,unlabeled,1.0,1.196,0.934,0.363,0.015,0.053,0.0
dataset/jpg/unlabeled/image_07498.jpg,jpg/image_07498.jpg,unlabeled,1.0,1.079,0.771,0.332,0.127,0.031,0.0
dataset/jpg/unlabeled/image_07499.jpg,jpg/image_07499.jpg,unlabeled,1.0,1.011,0.698,0.321,0.021,0.033,0.005
dataset/jpg/unlabeled/image_07501.jpg,jpg/image_07501.jpg,unlabeled,1.0,1.272,0.668,0.244,0.015,0.115,0.0
dataset/jpg/unlabeled/image_07503.jpg,jpg/image_07503.jpg,unlabeled,1.0,0.891,0.875,0.362,0.158,0.011,0.0
dataset/jpg/unlabeled/image_07504.jpg,jpg/image_07504.jpg,unlabeled,195.0,0.882,0.974,0.399,0.067,0.0,0.0
dataset/jpg/unlabeled/image_07505.jpg,jpg/image_07505.jpg,unlabeled,1.0,0.835,0.673,0.261,0.131,0.0,0.0
dataset/jpg/unlabeled/image_07510.jpg,jpg/image_07510.jpg,unlabeled,1.0,1.291,0.875,0.315,0.106,0.098,0.0
dataset/jpg/unlabeled/image_07511.jpg,jpg/image_07511.jpg,unlabeled,1.0,1.238,0.681,0.256,0.05,0.081,0.0
dataset/jpg/unlabeled/image_07512.jpg,jpg/image_07512.jpg,unlabeled,1.0,1.153,0.783,0.316,0.064,0.042,0.0
dataset/jpg/unlabeled/image_07513.jpg,jpg/image_07513.jpg,unlabeled,1.0,1.2,0.639,0.247,0.06,0.11,0.0
dataset/jpg/unlabeled/image_07514.jpg,jpg/image_07514.jpg,unlabeled,1.0,1.15,0.815,0.33,0.078,0.119,0.0
dataset/jpg/unlabeled/image_07516.jpg,jpg/image_07516.jpg,unlabeled,1.0,1.351,0.78,0.268,0.082,0.105,0.001
dataset/jpg/unlabeled/image_07521.jpg,jpg/image_07521.jpg,unlabeled,1.0,0.945,0.687,0.302,0.133,0.051,0.0
dataset/jpg/unlabeled/image_07522.jpg,jpg/image_07522.jpg,unlabeled,1.0,1.316,0.885,0.312,0.11,0.0,0.0
dataset/jpg/unlabeled/image_07523.jpg,jpg/image_07523.jpg,unlabeled,1.0,1.176,0.736,0.291,0.031,0.086,0.0
dataset/jpg/unlabeled/image_07524.jpg,jpg/image_07524.jpg,unlabeled,1.0,0.926,0.757,0.326,0.019,0.027,0.0
dataset/jpg/unlabeled/image_07526.jpg,jpg/image_07526.jpg,unlabeled,1.0,1.239,0.864,0.324,0.177,0.084,0.0
dataset/jpg/unlabeled/image_07527.jpg,jpg/image_07527.jpg,unlabeled,1.0,1.0,0.82,0.381,0.169,0.02,0.001
dataset/jpg/unlabeled/image_07529.jpg,jpg/image_07529.jpg,unlabeled,1.0,1.062,0.679,0.297,0.083,0.057,0.0
dataset/jpg/unlabeled/image_07530.jpg,jpg/image_07530.jpg,unlabeled,1.0,1.276,0.704,0.256,0.16,0.0,0.0
dataset/jpg/unlabeled/image_07532.jpg,jpg/image_07532.jpg,unlabeled,1.0,0.773,0.692,0.249,0.08,0.001,0.0
dataset/jpg/unlabeled/image_07535.jpg,jpg/image_07535.jpg,unlabeled,1.0,1.198,0.915,0.355,0.067,0.07,0.0
dataset/jpg/unlabeled/image_07538.jpg,jpg/image_07538.jpg,unlabeled,1.0,1.255,0.652,0.241,0.053,0.112,0.0
dataset/jpg/unlabeled/image_07539.jpg,jpg/image_07539.jpg,unlabeled,1.0,1.086,0.751,0.321,0.017,0.062,0.0
dataset/jpg/unlabeled/image_07541.jpg,jpg/image_07541.jpg,unlabeled,1.0,1.208,0.736,0.283,0.144,0.038,0.0
dataset/jpg/unlabeled/image_07543.jpg,jpg/image_07543.jpg,unlabeled,1.0,1.138,0.816,0.333,0.15,0.0,0.006
dataset/jpg/unlabeled/image_07547.jpg,jpg/image_07547.jpg,unlabeled,1.0,0.989,0.704,0.324,0.136,0.011,0.003
dataset/jpg/unlabeled/image_07548.jpg,jpg/image_07548.jpg,unlabeled,1.0,0.795,0.825,0.305,0.038,0.118,0.0
dataset/jpg/unlabeled/image_07551.jpg,jpg/image_07551.jpg,unlabeled,1.0,0.915,0.799,0.34,0.059,0.0,0.0
dataset/jpg/unlabeled/image_07552.jpg,jpg/image_07552.jpg,unlabeled,1.0,1.19,0.886,0.346,0.076,0.094,0.0
dataset/jpg/unlabeled/image_07553.jpg,jpg/image_07553.jpg,unlabeled,165.0,0.933,1.0,0.434,0.077,0.0,0.0
dataset/jpg/unlabeled/image_07554.jpg,jpg/image_07554.jpg,unlabeled,1.0,1.196,0.635,0.247,0.016,0.061,0.0
dataset/jpg/unlabeled/image_07555.jpg,jpg/image_07555.jpg,unlabeled,1.0,1.147,0.879,0.356,0.077,0.088,0.0
dataset/jpg/unlabeled/image_07556.jpg,jpg/image_07556.jpg,unlabeled,1.0,0.913,0.729,0.309,0.122,0.026,0.0
dataset/jpg/unlabeled/image_07559.jpg,jpg/image_07559.jpg,unlabeled,1.0,1.226,0.703,0.267,0.031,0.118,0.0
dataset/jpg/unlabeled/image_07560.jpg,jpg/image_07560.jpg,unlabeled,1.0,1.196,0.849,0.33,0.096,0.096,0.0
dataset/jpg/unlabeled/image_07561.jpg,jpg/image_07561.jpg,unlabeled,1.0,1.333,0.976,0.34,0.086,0.0,0.0
dataset/jpg/unlabeled/image_07563.jpg,jpg/image_07563.jpg,unlabeled,1.0,1.024,0.913,0.414,0.109,0.019,0.0
dataset/jpg/unlabeled/image_07564.jpg,jpg/image_07564.jpg,unlabeled,1.0,0.841,0.903,0.353,0.085,0.0,0.0
dataset/jpg/unlabeled/image_07565.jpg,jpg/image_07565.jpg,unlabeled,1.0,1.274,0.958,0.35,0.013,0.074,0.0
dataset/jpg/unlabeled/image_07568.jpg,jpg/image_07568.jpg,unlabeled,1.0,1.232,0.879,0.332,0.017,0.117,0.0
dataset/jpg/unlabeled/image_07570.jpg,jpg/image_07570.jpg,unlabeled,1.0,1.147,0.84,0.34,0.024,0.077,0.0
dataset/jpg/unlabeled/image_07572.jpg,jpg/image_07572.jpg,unlabeled,1.0,1.126,0.707,0.292,0.046,0.108,0.0
dataset/jpg/unlabeled/image_07574.jpg,jpg/image_07574.jpg,unlabeled,1.0,0.852,0.736,0.291,0.07,0.074,0.0
dataset/jpg/unlabeled/image_07575.jpg,jpg/image_07575.jpg,unlabeled,1.0,1.087,0.707,0.302,0.023,0.063,0.0
dataset/jpg/unlabeled/image_07577.jpg,jpg/image_07577.jpg,unlabeled,1.0,1.054,0.695,0.306,0.069,0.0,0.0
dataset/jpg/unlabeled/image_07579.jpg,jpg/image_07579.jpg,unlabeled,1.0,1.053,0.773,0.341,0.102,0.099,0.0
dataset/jpg/unlabeled/image_07580.jpg,jpg/image_07580.jpg,unlabeled,1.0,1.171,0.71,0.282,0.026,0.07,0.0
dataset/jpg/unlabeled/image_07585.jpg,jpg/image_07585.jpg,unlabeled,1.0,1.059,0.986,0.433,0.136,0.0,0.0
dataset/jpg/unlabeled/image_07586.jpg,jpg/image_07586.jpg,unlabeled,1.0,0.8,0.914,0.34,0.028,0.0,0.0
dataset/jpg/unlabeled/image_07589.jpg,jpg/image_07589.jpg,unlabeled,1.0,1.0,0.827,0.384,0.079,0.017,0.0
dataset/jpg/unlabeled/image_07593.jpg,jpg/image_07593.jpg,unlabeled,1.0,1.069,0.865,0.376,0.018,0.033,0.0
dataset/jpg/unlabeled/image_07594.jpg,jpg/image_07594.jpg,unlabeled,1.0,1.029,0.939,0.424,0.015,0.0,0.0
dataset/jpg/unlabeled/image_07595.jpg,jpg/image_07595.jpg,unlabeled,1.0,0.894,0.841,0.349,0.119,0.093,0.0
dataset/jpg/unlabeled/image_07597.jpg,jpg/image_07597.jpg,unlabeled,1.0,0.867,1.001,0.403,0.143,0.025,0.0
dataset/jpg/unlabeled/image_07598.jpg,jpg/image_07598.jpg,unlabeled,1.0,1.088,0.878,0.375,0.118,0.066,0.0
dataset/jpg/unlabeled/image_07599.jpg,jpg/image_07599.jpg,unlabeled,1.0,1.085,0.988,0.423,0.095,0.089,0.0
dataset/jpg/unlabeled/image_07600.jpg,jpg/image_07600.jpg,unlabeled,1.0,1.2,1.054,0.408,0.054,0.096,0.0
dataset/jpg/unlabeled/image_07601.jpg,jpg/image_07601.jpg,unlabeled,1.0,1.122,0.88,0.364,0.139,0.078,0.0
dataset/jpg/unlabeled/image_07602.jpg,jpg/image_07602.jpg,unlabeled,1.0,1.024,0.998,0.453,0.097,0.057,0.0
dataset/jpg/unlabeled/image_07603.jpg,jpg/image_07603.jpg,unlabeled,1.0,1.032,1.007,0.454,0.053,0.041,0.0
dataset/jpg/unlabeled/image_07604.jpg,jpg/image_07604.jpg,unlabeled,1.0,1.126,0.794,0.328,0.037,0.076,0.0
dataset/jpg/unlabeled/image_07606.jpg,jpg/image_07606.jpg,unlabeled,1.0,1.188,0.897,0.351,0.068,0.056,0.0
dataset/jpg/unlabeled/image_07607.jpg,jpg/image_07607.jpg,unlabeled,1.0,1.034,0.867,0.39,0.056,0.03,0.0
dataset/jpg/unlabeled/image_07609.jpg,jpg/image_07609.jpg,unlabeled,1.0,1.205,1.006,0.388,0.018,0.045,0.0
dataset/jpg/unlabeled/image_07610.jpg,jpg/image_07610.jpg,unlabeled,1.0,1.103,0.88,0.371,0.145,0.0,0.0
dataset/jpg/unlabeled/image_07611.jpg,jpg/image_07611.jpg,unlabeled,1.0,0.821,0.958,0.366,0.056,0.006,0.0
dataset/jpg/unlabeled/image_07614.jpg,jpg/image_07614.jpg,unlabeled,1.0,1.081,0.826,0.355,0.029,0.032,0.0
dataset/jpg/unlabeled/image_07616.jpg,jpg/image_07616.jpg,unlabeled,1.0,1.0,0.977,0.454,0.046,0.0,0.0
dataset/jpg/unlabeled/image_07617.jpg,jpg/image_07617.jpg,unlabeled,1.0,1.202,0.975,0.377,0.036,0.096,0.0
dataset/jpg/unlabeled/image_07618.jpg,jpg/image_07618.jpg,unlabeled,1.0,1.012,1.023,0.47,0.054,0.025,0.0
dataset/jpg/unlabeled/image_07619.jpg,jpg/image_07619.jpg,unlabeled,1.0,1.095,1.017,0.432,0.059,0.072,0.0
dataset/jpg/unlabeled/image_07622.jpg,jpg/image_07622.jpg,unlabeled,1.0,1.048,0.957,0.424,0.139,0.023,0.0
dataset/jpg/unlabeled/image_07623.jpg,jpg/image_07623.jpg,unlabeled,1.0,1.179,0.933,0.368,0.061,0.118,0.0
dataset/jpg/unlabeled/image_07624.jpg,jpg/image_07624.jpg,unlabeled,1.0,0.967,0.839,0.377,0.116,0.0,0.0
dataset/jpg/unlabeled/image_07625.jpg,jpg/image_07625.jpg,unlabeled,1.0,1.032,0.957,0.431,0.078,0.075,0.0
dataset/jpg/unlabeled/image_07626.jpg,jpg/image_07626.jpg,unlabeled,1.0,1.011,0.746,0.343,0.061,0.0,0.0
dataset/jpg/unlabeled/image_07627.jpg,jpg/image_07627.jpg,unlabeled,1.0,1.053,0.956,0.422,0.051,0.048,0.0
dataset/jpg/unlabeled/image_07628.jpg,jpg/image_07628.jpg,unlabeled,1.0,1.103,1.066,0.449,0.016,0.075,0.0
dataset/jpg/unlabeled/image_07629.jpg,jpg/image_07629.jpg,unlabeled,1.0,0.944,0.981,0.43,0.102,0.031,0.0
dataset/jpg/unlabeled/image_07630.jpg,jpg/image_07630.jpg,unlabeled,1.0,1.053,0.93,0.41,0.077,0.085,0.0
dataset/jpg/unlabeled/image_07631.jpg,jpg/image_07631.jpg,unlabeled,1.0,0.744,0.955,0.33,0.034,0.092,0.0
dataset/jpg/unlabeled/image_07632.jpg,jpg/image_07632.jpg,unlabeled,1.0,1.114,0.929,0.387,0.125,0.074,0.013
dataset/jpg/unlabeled/image_07633.jpg,jpg/image_07633.jpg,unlabeled,1.0,1.094,1.027,0.437,0.097,0.08,0.0
dataset/jpg/unlabeled/image_07634.jpg,jpg/image_07634.jpg,unlabeled,1.0,1.012,0.801,0.368,0.123,0.081,0.0
dataset/jpg/unlabeled/image_07635.jpg,jpg/image_07635.jpg,unlabeled,1.0,0.977,0.953,0.433,0.066,0.0,0.0
dataset/jpg/unlabeled/image_07636.jpg,jpg/image_07636.jpg,unlabeled,1.0,0.944,0.91,0.399,0.044,0.029,0.0
dataset/jpg/unlabeled/image_07637.jpg,jpg/image_07637.jpg,unlabeled,1.0,0.877,0.92,0.375,0.069,0.077,0.0
dataset/jpg/unlabeled/image_07639.jpg,jpg/image_07639.jpg,unlabeled,1.0,0.988,0.936,0.43,0.031,0.0,0.0
dataset/jpg/unlabeled/image_07640.jpg,jpg/image_07640.jpg,unlabeled,1.0,1.12,1.068,0.443,0.134,0.078,0.0
dataset/jpg/unlabeled/image_07641.jpg,jpg/image_07641.jpg,unlabeled,1.0,1.097,0.893,0.378,0.019,0.073,0.0
dataset/jpg/unlabeled/image_07642.jpg,jpg/image_07642.jpg,unlabeled,1.0,1.011,0.901,0.415,0.039,0.061,0.0
dataset/jpg/unlabeled/image_07643.jpg,jpg/image_07643.jpg,unlabeled,1.0,1.044,0.85,0.379,0.077,0.073,0.0
dataset/jpg/unlabeled/image_07644.jpg,jpg/image_07644.jpg,unlabeled,1.0,1.053,0.916,0.405,0.049,0.068,0.0
dataset/jpg/unlabeled/image_07645.jpg,jpg/image_07645.jpg,unlabeled,1.0,1.079,1.034,0.445,0.176,0.065,0.0
dataset/jpg/unlabeled/image_07646.jpg,jpg/image_07646.jpg,unlabeled,1.0,1.032,0.944,0.425,0.078,0.054,0.0
dataset/jpg/unlabeled/image_07647.jpg,jpg/image_07647.jpg,unlabeled,1.0,1.14,0.988,0.403,0.071,0.061,0.0
dataset/jpg/unlabeled/image_07648.jpg,jpg/image_07648.jpg,unlabeled,1.0,1.147,0.951,0.385,0.045,0.113,0.0
dataset/jpg/unlabeled/image_07650.jpg,jpg/image_07650.jpg,unlabeled,1.0,1.09,0.944,0.403,0.042,0.061,0.0
dataset/jpg/unlabeled/image_07651.jpg,jpg/image_07651.jpg,unlabeled,1.0,1.019,0.809,0.369,0.084,0.026,0.0
dataset/jpg/unlabeled/image_07652.jpg,jpg/image_07652.jpg,unlabeled,1.0,0.709,0.852,0.281,0.07,0.0,0.0
dataset/jpg/unlabeled/image_07653.jpg,jpg/image_07653.jpg,unlabeled,1.0,1.011,0.946,0.435,0.116,0.0,0.0
dataset/jpg/unlabeled/image_07654.jpg,jpg/image_07654.jpg,unlabeled,1.0,1.0,0.95,0.442,0.07,0.0,0.0
dataset/jpg/unlabeled/image_07655.jpg,jpg/image_07655.jpg,unlabeled,1.0,1.101,0.96,0.405,0.076,0.068,0.0
dataset/jpg/unlabeled/image_07656.jpg,jpg/image_07656.jpg,unlabeled,1.0,1.0,0.931,0.433,0.029,0.006,0.0
dataset/jpg/unlabeled/image_07658.jpg,jpg/image_07658.jpg,unlabeled,1.0,1.011,0.965,0.443,0.023,0.0,0.021
dataset/jpg/unlabeled/image_07660.jpg,jpg/image_07660.jpg,unlabeled,1.0,1.043,0.968,0.431,0.064,0.049,0.0
dataset/jpg/unlabeled/image_07663.jpg,jpg/image_07663.jpg,unlabeled,1.0,0.978,0.904,0.411,0.028,0.024,0.0
dataset/jpg/unlabeled/image_07665.jpg,jpg/image_07665.jpg,unlabeled,1.0,1.025,0.905,0.411,0.018,0.016,0.0
dataset/jpg/unlabeled/image_07667.jpg,jpg/image_07667.jpg,unlabeled,1.0,0.896,0.931,0.387,0.098,0.012,0.0
dataset/jpg/unlabeled/image_07668.jpg,jpg/image_07668.jpg,unlabeled,1.0,1.196,1.012,0.393,0.066,0.083,0.0
dataset/jpg/unlabeled/image_07669.jpg,jpg/image_07669.jpg,unlabeled,1.0,1.264,0.968,0.356,0.013,0.075,0.0
dataset/jpg/unlabeled/image_07671.jpg,jpg/image_07671.jpg,unlabeled,1.0,1.132,0.912,0.374,0.07,0.068,0.0
dataset/jpg/unlabeled/image_07672.jpg,jpg/image_07672.jpg,unlabeled,1.0,1.0,0.961,0.446,0.036,0.0,0.0
dataset/jpg/unlabeled/image_07673.jpg,jpg/image_07673.jpg,unlabeled,1.0,1.141,0.89,0.362,0.072,0.018,0.0
dataset/jpg/unlabeled/image_07675.jpg,jpg/image_07675.jpg,unlabeled,1.0,1.108,0.849,0.356,0.107,0.011,0.0
dataset/jpg/unlabeled/image_07676.jpg,jpg/image_07676.jpg,unlabeled,1.0,1.218,0.776,0.296,0.102,0.016,0.0
dataset/jpg/unlabeled/image_07679.jpg,jpg/image_07679.jpg,unlabeled,1.0,1.095,0.774,0.328,0.09,0.086,0.0
dataset/jpg/unlabeled/image_07680.jpg,jpg/image_07680.jpg,unlabeled,1.0,1.038,0.967,0.433,0.073,0.0,0.0
dataset/jpg/unlabeled/image_07681.jpg,jpg/image_07681.jpg,unlabeled,1.0,1.051,0.961,0.425,0.05,0.05,0.0
dataset/jpg/unlabeled/image_07682.jpg,jpg/image_07682.jpg,unlabeled,1.0,1.168,0.93,0.37,0.088,0.063,0.0
dataset/jpg/unlabeled/image_07683.jpg,jpg/image_07683.jpg,unlabeled,1.0,0.968,0.901,0.406,0.063,0.0,0.0
dataset/jpg/unlabeled/image_07684.jpg,jpg/image_07684.jpg,unlabeled,1.0,0.74,1.039,0.357,0.129,0.036,0.0
dataset/jpg/unlabeled/image_07686.jpg,jpg/image_07686.jpg,unlabeled,1.0,0.87,0.839,0.34,0.044,0.01,0.0
dataset/jpg/unlabeled/image_07687.jpg,jpg/image_07687.jpg,unlabeled,1.0,1.229,0.978,0.37,0.124,0.1,0.0
dataset/jpg/unlabeled/image_07688.jpg,jpg/image_07688.jpg,unlabeled,1.0,0.978,0.835,0.38,0.177,0.005,0.0
dataset/jpg/unlabeled/image_07690.jpg,jpg/image_07690.jpg,unlabeled,1.0,1.282,0.892,0.323,0.155,0.084,0.0
dataset/jpg/unlabeled/image_07692.jpg,jpg/image_07692.jpg,unlabeled,1.0,0.933,0.957,0.415,0.1,0.065,0.0
dataset/jpg/unlabeled/image_07693.jpg,jpg/image_07693.jpg,unlabeled,1.0,0.919,1.004,0.429,0.172,0.044,0.0
dataset/jpg/unlabeled/image_07695.jpg,jpg/image_07695.jpg,unlabeled,1.0,1.059,0.944,0.414,0.027,0.0,0.0
dataset/jpg/unlabeled/image_07696.jpg,jpg/image_07696.jpg,unlabeled,1.0,1.035,0.863,0.388,0.025,0.024,0.0
dataset/jpg/unlabeled/image_07697.jpg,jpg/image_07697.jpg,unlabeled,1.0,1.0,0.901,0.419,0.129,0.0,0.0
dataset/jpg/unlabeled/image_07698.jpg,jpg/image_07698.jpg,unlabeled,1.0,1.076,0.997,0.431,0.01,0.055,0.0
dataset/jpg/unlabeled/image_07699.jpg,jpg/image_07699.jpg,unlabeled,1.0,0.973,0.89,0.402,0.056,0.0,0.0
dataset/jpg/unlabeled/image_07700.jpg,jpg/image_07700.jpg,unlabeled,1.0,1.231,0.85,0.321,0.029,0.074,0.0
dataset/jpg/unlabeled/image_07701.jpg,jpg/image_07701.jpg,unlabeled,1.0,1.052,0.976,0.431,0.08,0.0,0.0
dataset/jpg/unlabeled/image_07702.jpg,jpg/image_07702.jpg,unlabeled,1.0,0.818,0.873,0.332,0.165,0.0,0.0
dataset/jpg/unlabeled/image_07703.jpg,jpg/image_07703.jpg,unlabeled,1.0,0.988,0.933,0.428,0.093,0.0,0.0
dataset/jpg/unlabeled/image_07704.jpg,jpg/image_07704.jpg,unlabeled,1.0,1.0,0.792,0.368,0.057,0.003,0.0
dataset/jpg/unlabeled/image_07705.jpg,jpg/image_07705.jpg,unlabeled,1.0,1.383,0.755,0.254,0.022,0.0,0.0
dataset/jpg/unlabeled/image_07706.jpg,jpg/image_07706.jpg,unlabeled,1.0,0.747,0.731,0.254,0.057,0.048,0.002
dataset/jpg/unlabeled/image_07707.jpg,jpg/image_07707.jpg,unlabeled,1.0,0.928,0.834,0.36,0.034,0.005,0.0
dataset/jpg/unlabeled/image_07708.jpg,jpg/image_07708.jpg,unlabeled,1.0,1.17,0.831,0.33,0.119,0.02,0.0
dataset/jpg/unlabeled/image_07710.jpg,jpg/image_07710.jpg,unlabeled,1.0,0.843,0.582,0.228,0.039,0.036,0.001
dataset/jpg/unlabeled/image_07714.jpg,jpg/image_07714.jpg,unlabeled,1.0,1.037,0.874,0.392,0.084,0.027,0.0
dataset/jpg/unlabeled/image_07715.jpg,jpg/image_07715.jpg,unlabeled,1.0,1.032,0.923,0.416,0.032,0.033,0.0
dataset/jpg/unlabeled/image_07717.jpg,jpg/image_07717.jpg,unlabeled,1.0,0.89,0.92,0.38,0.128,0.063,0.0
dataset/jpg/unlabeled/image_07720.jpg,jpg/image_07720.jpg,unlabeled,1.0,0.876,0.917,0.373,0.058,0.038,0.0
dataset/jpg/unlabeled/image_07721.jpg,jpg/image_07721.jpg,unlabeled,1.0,0.795,0.915,0.338,0.163,0.058,0.001
dataset/jpg/unlabeled/image_07722.jpg,jpg/image_07722.jpg,unlabeled,1.0,1.036,0.949,0.425,0.139,0.041,0.0
dataset/jpg/unlabeled/image_07725.jpg,jpg/image_07725.jpg,unlabeled,1.0,1.183,0.91,0.357,0.056,0.0,0.0
dataset/jpg/unlabeled/image_07726.jpg,jpg/image_07726.jpg,unlabeled,1.0,0.79,0.869,0.319,0.083,0.072,0.0
dataset/jpg/unlabeled/image_07727.jpg,jpg/image_07727.jpg,unlabeled,1.0,1.187,0.876,0.343,0.106,0.023,0.0
dataset/jpg/unlabeled/image_07728.jpg,jpg/image_07728.jpg,unlabeled,1.0,0.928,1.007,0.434,0.171,0.064,0.0
dataset/jpg/unlabeled/image_07730.jpg,jpg/image_07730.jpg,unlabeled,1.0,0.931,0.837,0.362,0.15,0.0,0.0
dataset/jpg/unlabeled/image_07731.jpg,jpg/image_07731.jpg,unlabeled,1.0,1.218,0.967,0.369,0.064,0.027,0.0
dataset/jpg/unlabeled/image_07734.jpg,jpg/image_07734.jpg,unlabeled,1.0,1.026,0.777,0.352,0.045,0.0,0.0
dataset/jpg/unlabeled/image_07737.jpg,jpg/image_07737.jpg,unlabeled,1.0,0.764,0.859,0.305,0.058,0.068,0.002
dataset/jpg/unlabeled/image_07740.jpg,jpg/image_07740.jpg,unlabeled,1.0,1.169,0.977,0.388,0.11,0.089,0.0
dataset/jpg/unlabeled/image_07742.jpg,jpg/image_07742.jpg,unlabeled,1.0,1.0,0.981,0.456,0.117,0.0,0.0
dataset/jpg/unlabeled/image_07744.jpg,jpg/image_07744.jpg,unlabeled,1.0,1.226,0.888,0.337,0.142,0.0,0.0
dataset/jpg/unlabeled/image_07745.jpg,jpg/image_07745.jpg,unlabeled,1.0,1.114,0.886,0.37,0.071,0.086,0.0
dataset/jpg/unlabeled/image_07746.jpg,jpg/image_07746.jpg,unlabeled,1.0,0.992,0.861,0.397,0.021,0.016,0.0
dataset/jpg/unlabeled/image_07748.jpg,jpg/image_07748.jpg,unlabeled,1.0,0.81,0.805,0.303,0.038,0.117,0.0
dataset/jpg/unlabeled/image_07749.jpg,jpg/image_07749.jpg,unlabeled,1.0,0.887,0.829,0.342,0.176,0.076,0.0
dataset/jpg/unlabeled/image_07750.jpg,jpg/image_07750.jpg,unlabeled,1.0,1.405,0.796,0.263,0.165,0.116,0.0
dataset/jpg/unlabeled/image_07751.jpg,jpg/image_07751.jpg,unlabeled,1.0,1.243,0.71,0.266,0.016,0.119,0.0
dataset/jpg/unlabeled/image_07752.jpg,jpg/image_07752.jpg,unlabeled,1.0,1.158,0.977,0.392,0.104,0.087,0.0
dataset/jpg/unlabeled/image_07754.jpg,jpg/image_07754.jpg,unlabeled,1.0,0.849,0.858,0.338,0.026,0.0,0.0
dataset/jpg/unlabeled/image_07755.jpg,jpg/image_07755.jpg,unlabeled,1.0,0.9,0.687,0.287,0.101,0.0,0.0
dataset/jpg/unlabeled/image_07756.jpg,jpg/image_07756.jpg,unlabeled,1.0,0.923,0.885,0.38,0.121,0.013,0.0
dataset/jpg/unlabeled/image_07757.jpg,jpg/image_07757.jpg,unlabeled,1.0,1.178,0.957,0.378,0.165,0.072,0.0
dataset/jpg/unlabeled/image_07758.jpg,jpg/image_07758.jpg,unlabeled,1.0,0.885,0.822,0.338,0.12,0.0,0.0
dataset/jpg/unlabeled/image_07759.jpg,jpg/image_07759.jpg,unlabeled,1.0,0.979,0.717,0.326,0.062,0.048,0.0
dataset/jpg/unlabeled/image_07760.jpg,jpg/image_07760.jpg,unlabeled,1.0,0.987,0.927,0.425,0.025,0.0,0.0
dataset/jpg/unlabeled/image_07761.jpg,jpg/image_07761.jpg,unlabeled,1.0,0.941,0.932,0.408,0.138,0.064,0.0
dataset/jpg/unlabeled/image_07763.jpg,jpg/image_07763.jpg,unlabeled,1.0,1.203,0.789,0.305,0.175,0.041,0.0
dataset/jpg/unlabeled/image_07767.jpg,jpg/image_07767.jpg,unlabeled,1.0,1.105,0.872,0.367,0.032,0.091,0.0
dataset/jpg/unlabeled/image_07768.jpg,jpg/image_07768.jpg,unlabeled,1.0,0.852,0.8,0.317,0.042,0.0,0.0
dataset/jpg/unlabeled/image_07771.jpg,jpg/image_07771.jpg,unlabeled,1.0,1.161,0.929,0.372,0.116,0.119,0.0
dataset/jpg/unlabeled/image_07774.jpg,jpg/image_07774.jpg,unlabeled,1.0,0.875,0.903,0.367,0.078,0.045,0.0
dataset/jpg/unlabeled/image_07775.jpg,jpg/image_07775.jpg,unlabeled,1.0,0.947,0.885,0.39,0.064,0.0,0.0
dataset/jpg/unlabeled/image_07776.jpg,jpg/image_07776.jpg,unlabeled,1.0,1.086,0.942,0.403,0.057,0.033,0.0
dataset/jpg/unlabeled/image_07777.jpg,jpg/image_07777.jpg,unlabeled,1.0,1.137,1.001,0.409,0.092,0.074,0.0
dataset/jpg/unlabeled/image_07778.jpg,jpg/image_07778.jpg,unlabeled,1.0,1.012,0.801,0.368,0.025,0.0,0.0
dataset/jpg/unlabeled/image_07779.jpg,jpg/image_07779.jpg,unlabeled,1.0,1.069,0.702,0.305,0.174,0.043,0.0
dataset/jpg/unlabeled/image_07780.jpg,jpg/image_07780.jpg,unlabeled,1.0,1.286,0.671,0.243,0.096,0.072,0.0
dataset/jpg/unlabeled/image_07781.jpg,jpg/image_07781.jpg,unlabeled,1.0,1.041,0.78,0.348,0.085,0.001,0.0
dataset/jpg/unlabeled/image_07782.jpg,jpg/image_07782.jpg,unlabeled,1.0,0.938,0.808,0.352,0.048,0.06,0.0
dataset/jpg/unlabeled/image_07785.jpg,jpg/image_07785.jpg,unlabeled,1.0,1.133,0.984,0.403,0.171,0.067,0.0
dataset/jpg/unlabeled/image_07786.jpg,jpg/image_07786.jpg,unlabeled,1.0,1.174,0.721,0.285,0.052,0.083,0.0
dataset/jpg/unlabeled/image_07790.jpg,jpg/image_07790.jpg,unlabeled,1.0,1.023,0.857,0.389,0.126,0.019,0.0
dataset/jpg/unlabeled/image_07791.jpg,jpg/image_07791.jpg,unlabeled,1.0,0.959,0.856,0.382,0.049,0.0,0.0
dataset/jpg/unlabeled/image_07792.jpg,jpg/image_07792.jpg,unlabeled,1.0,1.188,0.852,0.333,0.055,0.055,0.0
dataset/jpg/unlabeled/image_07795.jpg,jpg/image_07795.jpg,unlabeled,1.0,1.238,0.727,0.273,0.041,0.094,0.0
dataset/jpg/unlabeled/image_07796.jpg,jpg/image_07796.jpg,unlabeled,1.0,0.931,0.885,0.383,0.086,0.0,0.0
dataset/jpg/unlabeled/image_07797.jpg,jpg/image_07797.jpg,unlabeled,1.0,0.945,0.86,0.378,0.045,0.0,0.0
dataset/jpg/unlabeled/image_07798.jpg,jpg/image_07798.jpg,unlabeled,1.0,1.011,0.679,0.312,0.064,0.0,0.0
dataset/jpg/unlabeled/image_07801.jpg,jpg/image_07801.jpg,unlabeled,1.0,1.054,0.835,0.368,0.032,0.048,0.0
dataset/jpg/unlabeled/image_07802.jpg,jpg/image_07802.jpg,unlabeled,1.0,0.867,0.842,0.34,0.097,0.015,0.0
dataset/jpg/unlabeled/image_07803.jpg,jpg/image_07803.jpg,unlabeled,1.0,0.859,0.806,0.322,0.01,0.043,0.0
dataset/jpg/unlabeled/image_07804.jpg,jpg/image_07804.jpg,unlabeled,1.0,0.916,0.841,0.358,0.022,0.0,0.0
dataset/jpg/unlabeled/image_07805.jpg,jpg/image_07805.jpg,unlabeled,1.0,1.032,0.91,0.41,0.036,0.031,0.0
dataset/jpg/unlabeled/image_07807.jpg,jpg/image_07807.jpg,unlabeled,1.0,1.043,0.887,0.395,0.177,0.063,0.0
dataset/jpg/unlabeled/image_07808.jpg,jpg/image_07808.jpg,unlabeled,1.0,1.239,0.822,0.308,0.115,0.083,0.0
dataset/jpg/unlabeled/image_07809.jpg,jpg/image_07809.jpg,unlabeled,1.0,1.033,0.882,0.397,0.177,0.084,0.0
dataset/jpg/unlabeled/image_07812.jpg,jpg/image_07812.jpg,unlabeled,1.0,1.189,0.784,0.306,0.044,0.109,0.0
dataset/jpg/unlabeled/image_07814.jpg,jpg/image_07814.jpg,unlabeled,1.0,1.119,0.792,0.329,0.098,0.077,0.0
dataset/jpg/unlabeled/image_07816.jpg,jpg/image_07816.jpg,unlabeled,1.0,1.103,0.877,0.369,0.059,0.084,0.0
dataset/jpg/unlabeled/image_07817.jpg,jpg/image_07817.jpg,unlabeled,1.0,1.108,0.89,0.373,0.068,0.061,0.0
dataset/jpg/unlabeled/image_07819.jpg,jpg/image_07819.jpg,unlabeled,1.0,1.356,0.838,0.287,0.091,0.101,0.0
dataset/jpg/unlabeled/image_07821.jpg,jpg/image_07821.jpg,unlabeled,1.0,1.407,0.737,0.244,0.012,0.06,0.0
dataset/jpg/unlabeled/image_07822.jpg,jpg/image_07822.jpg,unlabeled,1.0,0.888,0.775,0.32,0.079,0.024,0.0
dataset/jpg/unlabeled/image_07825.jpg,jpg/image_07825.jpg,unlabeled,1.0,1.053,0.886,0.391,0.069,0.082,0.0
dataset/jpg/unlabeled/image_07828.jpg,jpg/image_07828.jpg,unlabeled,1.0,1.16,0.87,0.348,0.093,0.094,0.0
dataset/jpg/unlabeled/image_07830.jpg,jpg/image_07830.jpg,unlabeled,1.0,1.139,0.931,0.38,0.037,0.018,0.0
dataset/jpg/unlabeled/image_07831.jpg,jpg/image_07831.jpg,unlabeled,1.0,0.96,0.828,0.369,0.147,0.033,0.0
dataset/jpg/unlabeled/image_07834.jpg,jpg/image_07834.jpg,unlabeled,1.0,1.178,0.593,0.234,0.018,0.089,0.0
dataset/jpg/unlabeled/image_07835.jpg,jpg/image_07835.jpg,unlabeled,1.0,0.991,0.652,0.3,0.047,0.055,0.0
dataset/jpg/unlabeled/image_07836.jpg,jpg/image_07836.jpg,unlabeled,1.0,1.202,0.767,0.297,0.032,0.088,0.0
dataset/jpg/unlabeled/image_07837.jpg,jpg/image_07837.jpg,unlabeled,1.0,1.042,0.776,0.346,0.026,0.059,0.0
dataset/jpg/unlabeled/image_07838.jpg,jpg/image_07838.jpg,unlabeled,1.0,1.14,0.614,0.25,0.032,0.081,0.0
dataset/jpg/unlabeled/image_07841.jpg,jpg/image_07841.jpg,unlabeled,1.0,0.929,0.805,0.348,0.025,0.023,0.0
dataset/jpg/unlabeled/image_07842.jpg,jpg/image_07842.jpg,unlabeled,1.0,1.028,0.753,0.341,0.035,0.011,0.0
dataset/jpg/unlabeled/image_07843.jpg,jpg/image_07843.jpg,unlabeled,1.0,0.941,0.859,0.375,0.057,0.05,0.0
dataset/jpg/unlabeled/image_07844.jpg,jpg/image_07844.jpg,unlabeled,1.0,1.165,0.727,0.29,0.035,0.0,0.0
dataset/jpg/unlabeled/image_07846.jpg,jpg/image_07846.jpg,unlabeled,1.0,1.051,0.684,0.303,0.005,0.03,0.0
dataset/jpg/unlabeled/image_07848.jpg,jpg/image_07848.jpg,unlabeled,98.0,1.333,0.65,0.227,0.141,0.0,0.0
dataset/jpg/unlabeled/image_07849.jpg,jpg/image_07849.jpg,unlabeled,1.0,1.106,0.773,0.325,0.076,0.074,0.0
dataset/jpg/unlabeled/image_07850.jpg,jpg/image_07850.jpg,unlabeled,1.0,1.021,0.823,0.375,0.019,0.026,0.0
dataset/jpg/unlabeled/image_07852.jpg,jpg/image_07852.jpg,unlabeled,1.0,1.096,0.614,0.26,0.025,0.08,0.001
dataset/jpg/unlabeled/image_07855.jpg,jpg/image_07855.jpg,unlabeled,1.0,0.962,0.676,0.302,0.053,0.053,0.0
dataset/jpg/unlabeled/image_07856.jpg,jpg/image_07856.jpg,unlabeled,1.0,1.086,0.736,0.315,0.095,0.065,0.0
dataset/jpg/unlabeled/image_07857.jpg,jpg/image_07857.jpg,unlabeled,1.0,1.2,0.646,0.25,0.014,0.097,0.0
dataset/jpg/unlabeled/image_07858.jpg,jpg/image_07858.jpg,unlabeled,1.0,0.984,0.608,0.278,0.02,0.033,0.0
dataset/jpg/unlabeled/image_07859.jpg,jpg/image_07859.jpg,unlabeled,1.0,0.991,0.712,0.328,0.05,0.063,0.0
dataset/jpg/unlabeled/image_07862.jpg,jpg/image_07862.jpg,unlabeled,1.0,0.871,0.595,0.241,0.045,0.102,0.0
dataset/jpg/unlabeled/image_07864.jpg,jpg/image_07864.jpg,unlabeled,1.0,1.326,0.698,0.245,0.139,0.109,0.004
dataset/jpg/unlabeled/image_07865.jpg,jpg/image_07865.jpg,unlabeled,1.0,1.012,0.654,0.301,0.041,0.009,0.002
dataset/jpg/unlabeled/image_07866.jpg,jpg/image_07866.jpg,unlabeled,1.0,1.093,0.708,0.301,0.089,0.046,0.0
dataset/jpg/unlabeled/image_07867.jpg,jpg/image_07867.jpg,unlabeled,1.0,1.179,0.65,0.256,0.08,0.109,0.0
dataset/jpg/unlabeled/image_07868.jpg,jpg/image_07868.jpg,unlabeled,1.0,1.116,0.674,0.281,0.045,0.093,0.0
dataset/jpg/unlabeled/image_07869.jpg,jpg/image_07869.jpg,unlabeled,1.0,1.154,0.947,0.381,0.055,0.0,0.014
dataset/jpg/unlabeled/image_07870.jpg,jpg/image_07870.jpg,unlabeled,1.0,1.026,0.831,0.376,0.027,0.029,0.0
dataset/jpg/unlabeled/image_07873.jpg,jpg/image_07873.jpg,unlabeled,1.0,0.884,0.772,0.317,0.035,0.104,0.0
dataset/jpg/unlabeled/image_07874.jpg,jpg/image_07874.jpg,unlabeled,1.0,1.06,0.804,0.353,0.066,0.055,0.0
dataset/jpg/unlabeled/image_07875.jpg,jpg/image_07875.jpg,unlabeled,1.0,1.095,0.681,0.289,0.036,0.081,0.001
dataset/jpg/unlabeled/image_07879.jpg,jpg/image_07879.jpg,unlabeled,1.0,1.09,0.699,0.298,0.06,0.029,0.0
dataset/jpg/unlabeled/image_07883.jpg,jpg/image_07883.jpg,unlabeled,1.0,1.116,0.63,0.262,0.031,0.049,0.0
dataset/jpg/unlabeled/image_07887.jpg,jpg/image_07887.jpg,unlabeled,1.0,1.2,0.665,0.258,0.021,0.094,0.0
dataset/jpg/unlabeled/image_07888.jpg,jpg/image_07888.jpg,unlabeled,1.0,0.983,0.685,0.313,0.057,0.05,0.0
dataset/jpg/unlabeled/image_07889.jpg,jpg/image_07889.jpg,unlabeled,1.0,1.185,0.576,0.226,0.051,0.118,0.0
dataset/jpg/unlabeled/image_07890.jpg,jpg/image_07890.jpg,unlabeled,1.0,1.141,0.798,0.325,0.038,0.08,0.0
dataset/jpg/unlabeled/image_07891.jpg,jpg/image_07891.jpg,unlabeled,0.923,1.125,0.781,0.323,0.163,0.004,0.0
dataset/jpg/unlabeled/image_07894.jpg,jpg/image_07894.jpg,unlabeled,1.0,1.044,0.88,0.391,0.112,0.058,0.0
dataset/jpg/unlabeled/image_07896.jpg,jpg/image_07896.jpg,unlabeled,1.0,1.267,0.862,0.316,0.023,0.115,0.0
dataset/jpg/unlabeled/image_07897.jpg,jpg/image_07897.jpg,unlabeled,1.0,1.2,0.996,0.386,0.026,0.106,0.0
dataset/jpg/unlabeled/image_07899.jpg,jpg/image_07899.jpg,unlabeled,1.0,1.06,0.863,0.378,0.053,0.054,0.0
dataset/jpg/unlabeled/image_07902.jpg,jpg/image_07902.jpg,unlabeled,1.0,1.053,0.739,0.326,0.056,0.075,0.0
dataset/jpg/unlabeled/image_07904.jpg,jpg/image_07904.jpg,unlabeled,1.0,1.137,0.827,0.338,0.041,0.098,0.0
dataset/jpg/unlabeled/image_07905.jpg,jpg/image_07905.jpg,unlabeled,1.0,1.128,0.733,0.302,0.09,0.054,0.0
dataset/jpg/unlabeled/image_07907.jpg,jpg/image_07907.jpg,unlabeled,1.0,0.992,1.023,0.472,0.02,0.041,0.0
dataset/jpg/unlabeled/image_07909.jpg,jpg/image_07909.jpg,unlabeled,1.0,1.048,0.931,0.413,0.109,0.029,0.0
dataset/jpg/unlabeled/image_07911.jpg,jpg/image_07911.jpg,unlabeled,1.0,1.012,0.891,0.409,0.047,0.0,0.0
dataset/jpg/unlabeled/image_07913.jpg,jpg/image_07913.jpg,unlabeled,1.0,1.216,1.004,0.384,0.065,0.112,0.0
dataset/jpg/unlabeled/image_07916.jpg,jpg/image_07916.jpg,unlabeled,1.0,0.837,1.024,0.398,0.165,0.11,0.0
dataset/jpg/unlabeled/image_07918.jpg,jpg/image_07918.jpg,unlabeled,1.0,1.051,0.896,0.396,0.037,0.0,0.0
dataset/jpg/unlabeled/image_07920.jpg,jpg/image_07920.jpg,unlabeled,1.0,1.432,0.75,0.243,0.103,0.104,0.0
dataset/jpg/unlabeled/image_07922.jpg,jpg/image_07922.jpg,unlabeled,1.0,1.118,0.9,0.374,0.154,0.069,0.0
dataset/jpg/unlabeled/image_07924.jpg,jpg/image_07924.jpg,unlabeled,1.0,1.215,0.725,0.277,0.068,0.115,0.0
dataset/jpg/unlabeled/image_07925.jpg,jpg/image_07925.jpg,unlabeled,1.0,1.024,1.057,0.48,0.006,0.036,0.0
dataset/jpg/unlabeled/image_07926.jpg,jpg/image_07926.jpg,unlabeled,1.0,1.235,0.876,0.33,0.14,0.046,0.0
dataset/jpg/unlabeled/image_07928.jpg,jpg/image_07928.jpg,unlabeled,1.0,1.133,0.743,0.305,0.137,0.034,0.0
dataset/jpg/unlabeled/image_07929.jpg,jpg/image_07929.jpg,unlabeled,1.0,1.083,0.991,0.425,0.122,0.093,0.0
dataset/jpg/unlabeled/image_07932.jpg,jpg/image_07932.jpg,unlabeled,1.0,1.0,0.905,0.421,0.078,0.021,0.0
dataset/jpg/unlabeled/image_07933.jpg,jpg/image_07933.jpg,unlabeled,1.0,1.351,0.837,0.288,0.134,0.101,0.0
dataset/jpg/unlabeled/image_07934.jpg,jpg/image_07934.jpg,unlabeled,1.0,1.022,0.891,0.405,0.063,0.032,0.0
dataset/jpg/unlabeled/image_07935.jpg,jpg/image_07935.jpg,unlabeled,1.0,1.208,0.94,0.362,0.149,0.103,0.0
dataset/jpg/unlabeled/image_07937.jpg,jpg/image_07937.jpg,unlabeled,1.0,0.976,0.908,0.412,0.027,0.041,0.0
dataset/jpg/unlabeled/image_07938.jpg,jpg/image_07938.jpg,unlabeled,1.0,1.093,0.859,0.365,0.019,0.011,0.0
dataset/jpg/unlabeled/image_07939.jpg,jpg/image_07939.jpg,unlabeled,1.0,1.011,0.959,0.44,0.167,0.042,0.0
dataset/jpg/unlabeled/image_07940.jpg,jpg/image_07940.jpg,unlabeled,1.0,0.947,1.06,0.467,0.157,0.027,0.0
dataset/jpg/unlabeled/image_07941.jpg,jpg/image_07941.jpg,unlabeled,1.0,1.0,0.801,0.372,0.02,0.014,0.0
dataset/jpg/unlabeled/image_07942.jpg,jpg/image_07942.jpg,unlabeled,1.0,1.036,0.573,0.257,0.116,0.082,0.0
dataset/jpg/unlabeled/image_07943.jpg,jpg/image_07943.jpg,unlabeled,1.0,1.111,0.707,0.296,0.103,0.088,0.005
dataset/jpg/unlabeled/image_07945.jpg,jpg/image_07945.jpg,unlabeled,1.0,1.326,0.635,0.223,0.09,0.087,0.002
dataset/jpg/unlabeled/image_07946.jpg,jpg/image_07946.jpg,unlabeled,1.0,1.056,0.934,0.411,0.138,0.037,0.0
dataset/jpg/unlabeled/image_07947.jpg,jpg/image_07947.jpg,unlabeled,1.0,1.143,0.688,0.28,0.064,0.047,0.0
dataset/jpg/unlabeled/image_07948.jpg,jpg/image_07948.jpg,unlabeled,1.0,1.076,0.866,0.374,0.036,0.052,0.0
dataset/jpg/unlabeled/image_07949.jpg,jpg/image_07949.jpg,unlabeled,1.0,1.219,0.854,0.325,0.04,0.055,0.0
dataset/jpg/unlabeled/image_07950.jpg,jpg/image_07950.jpg,unlabeled,1.0,1.241,0.849,0.318,0.086,0.017,0.0
dataset/jpg/unlabeled/image_07952.jpg,jpg/image_07952.jpg,unlabeled,1.0,1.021,0.938,0.427,0.06,0.0,0.0
dataset/jpg/unlabeled/image_07955.jpg,jpg/image_07955.jpg,unlabeled,1.0,1.219,0.945,0.361,0.009,0.109,0.0
dataset/jpg/unlabeled/image_07957.jpg,jpg/image_07957.jpg,unlabeled,1.0,1.224,0.835,0.317,0.033,0.0,0.0
dataset/jpg/unlabeled/image_07962.jpg,jpg/image_07962.jpg,unlabeled,1.0,0.861,0.713,0.286,0.175,0.089,0.005
dataset/jpg/unlabeled/image_07964.jpg,jpg/image_07964.jpg,unlabeled,1.0,1.062,0.959,0.42,0.148,0.063,0.0
dataset/jpg/unlabeled/image_07965.jpg,jpg/image_07965.jpg,unlabeled,1.0,1.228,0.969,0.367,0.039,0.089,0.0
dataset/jpg/unlabeled/image_07966.jpg,jpg/image_07966.jpg,unlabeled,1.0,1.26,0.938,0.346,0.037,0.075,0.0
dataset/jpg/unlabeled/image_07969.jpg,jpg/image_07969.jpg,unlabeled,1.0,0.907,0.701,0.296,0.051,0.041,0.0
dataset/jpg/unlabeled/image_07971.jpg,jpg/image_07971.jpg,unlabeled,1.0,0.765,0.63,0.224,0.172,0.073,0.0
dataset/jpg/unlabeled/image_07976.jpg,jpg/image_07976.jpg,unlabeled,1.0,1.198,0.591,0.229,0.025,0.0,0.0
dataset/jpg/unlabeled/image_07977.jpg,jpg/image_07977.jpg,unlabeled,1.0,0.839,0.75,0.292,0.006,0.085,0.0
dataset/jpg/unlabeled/image_07979.jpg,jpg/image_07979.jpg,unlabeled,1.0,1.202,0.659,0.255,0.09,0.018,0.0
dataset/jpg/unlabeled/image_07981.jpg,jpg/image_07981.jpg,unlabeled,1.0,1.088,0.846,0.361,0.062,0.082,0.0
dataset/jpg/unlabeled/image_07986.jpg,jpg/image_07986.jpg,unlabeled,0.958,0.851,0.811,0.321,0.163,0.052,0.0
dataset/jpg/unlabeled/image_07990.jpg,jpg/image_07990.jpg,unlabeled,1.0,1.237,0.916,0.344,0.097,0.106,0.0
dataset/jpg/unlabeled/image_07992.jpg,jpg/image_07992.jpg,unlabeled,1.0,1.444,0.915,0.294,0.076,0.013,0.0
dataset/jpg/unlabeled/image_07995.jpg,jpg/image_07995.jpg,unlabeled,1.0,1.146,0.803,0.326,0.111,0.082,0.0
dataset/jpg/unlabeled/image_07996.jpg,jpg/image_07996.jpg,unlabeled,1.0,0.906,0.802,0.338,0.051,0.068,0.0
dataset/jpg/unlabeled/image_07998.jpg,jpg/image_07998.jpg,unlabeled,1.0,0.943,0.87,0.381,0.078,0.065,0.0
dataset/jpg/unlabeled/image_08008.jpg,jpg/image_08008.jpg,unlabeled,1.0,0.989,0.575,0.264,0.063,0.0,0.0
dataset/jpg/unlabeled/image_08009.jpg,jpg/image_08009.jpg,unlabeled,1.0,0.846,0.63,0.248,0.174,0.082,0.0
dataset/jpg/unlabeled/image_08010.jpg,jpg/image_08010.jpg,unlabeled,1.0,0.952,0.672,0.297,0.104,0.108,0.0
dataset/jpg/unlabeled/image_08012.jpg,jpg/image_08012.jpg,unlabeled,1.0,1.135,0.554,0.227,0.15,0.04,0.0
dataset/jpg/unlabeled/image_08016.jpg,jpg/image_08016.jpg,unlabeled,1.0,1.056,0.754,0.332,0.1,0.056,0.0
dataset/jpg/unlabeled/image_08018.jpg,jpg/image_08018.jpg,unlabeled,1.0,0.845,0.591,0.232,0.14,0.027,0.0
dataset/jpg/unlabeled/image_08021.jpg,jpg/image_08021.jpg,unlabeled,1.0,1.054,0.62,0.273,0.092,0.0,0.0
dataset/jpg/unlabeled/image_08023.jpg,jpg/image_08023.jpg,unlabeled,1.0,1.102,0.615,0.259,0.015,0.0,0.0
dataset/jpg/unlabeled/image_08024.jpg,jpg/image_08024.jpg,unlabeled,1.0,0.788,0.709,0.26,0.024,0.116,0.0
dataset/jpg/unlabeled/image_08026.jpg,jpg/image_08026.jpg,unlabeled,1.0,1.274,0.65,0.237,0.039,0.043,0.0
dataset/jpg/unlabeled/image_08029.jpg,jpg/image_08029.jpg,unlabeled,1.0,0.778,0.683,0.247,0.029,0.104,0.0
dataset/jpg/unlabeled/image_08031.jpg,jpg/image_08031.jpg,unlabeled,1.0,1.358,0.729,0.249,0.156,0.096,0.002
dataset/jpg/unlabeled/image_08033.jpg,jpg/image_08033.jpg,unlabeled,1.0,0.818,0.8,0.304,0.105,0.107,0.0
dataset/jpg/unlabeled/image_08034.jpg,jpg/image_08034.jpg,unlabeled,1.0,0.869,0.729,0.295,0.04,0.0,0.0
dataset/jpg/unlabeled/image_08036.jpg,jpg/image_08036.jpg,unlabeled,1.0,1.096,0.823,0.349,0.025,0.0,0.0
dataset/jpg/unlabeled/image_08040.jpg,jpg/image_08040.jpg,unlabeled,1.0,1.025,0.598,0.271,0.043,0.043,0.0
dataset/jpg/unlabeled/image_08041.jpg,jpg/image_08041.jpg,unlabeled,1.0,0.906,0.636,0.268,0.04,0.093,0.0
dataset/jpg/unlabeled/image_08042.jpg,jpg/image_08042.jpg,unlabeled,1.0,1.067,0.713,0.311,0.147,0.067,0.0
dataset/jpg/unlabeled/image_08043.jpg,jpg/image_08043.jpg,unlabeled,1.0,1.028,0.594,0.269,0.079,0.057,0.0
dataset/jpg/unlabeled/image_08044.jpg,jpg/image_08044.jpg,unlabeled,1.0,1.147,0.665,0.27,0.132,0.0,0.004
dataset/jpg/unlabeled/image_08045.jpg,jpg/image_08045.jpg,unlabeled,1.0,1.148,0.656,0.266,0.014,0.023,0.0
dataset/jpg/unlabeled/image_08046.jpg,jpg/image_08046.jpg,unlabeled,1.0,1.268,0.715,0.262,0.114,0.06,0.0
dataset/jpg/unlabeled/image_08047.jpg,jpg/image_08047.jpg,unlabeled,1.0,1.071,0.847,0.367,0.077,0.099,0.0
dataset/jpg/unlabeled/image_08056.jpg,jpg/image_08056.jpg,unlabeled,1.0,1.168,1.012,0.403,0.064,0.11,0.0
dataset/jpg/unlabeled/image_08059.jpg,jpg/image_08059.jpg,unlabeled,1.0,0.798,0.892,0.331,0.067,0.118,0.0
dataset/jpg/unlabeled/image_08060.jpg,jpg/image_08060.jpg,unlabeled,1.0,1.105,0.956,0.402,0.127,0.083,0.0
dataset/jpg/unlabeled/image_08062.jpg,jpg/image_08062.jpg,unlabeled,1.0,0.935,0.683,0.297,0.032,0.062,0.0
dataset/jpg/unlabeled/image_08063.jpg,jpg/image_08063.jpg,unlabeled,1.0,0.874,0.632,0.257,0.07,0.085,0.0
dataset/jpg/unlabeled/image_08065.jpg,jpg/image_08065.jpg,unlabeled,1.0,1.195,1.055,0.411,0.084,0.037,0.0
dataset/jpg/unlabeled/image_08066.jpg,jpg/image_08066.jpg,unlabeled,1.0,1.168,0.929,0.369,0.114,0.11,0.0
dataset/jpg/unlabeled/image_08067.jpg,jpg/image_08067.jpg,unlabeled,1.0,1.253,1.048,0.389,0.023,0.114,0.0
dataset/jpg/unlabeled/image_08069.jpg,jpg/image_08069.jpg,unlabeled,1.0,1.144,1.011,0.411,0.052,0.092,0.0
dataset/jpg/unlabeled/image_08070.jpg,jpg/image_08070.jpg,unlabeled,1.0,0.935,0.746,0.324,0.123,0.062,0.0
dataset/jpg/unlabeled/image_08071.jpg,jpg/image_08071.jpg,unlabeled,1.0,0.777,0.902,0.326,0.094,0.0,0.0
dataset/jpg/unlabeled/image_08073.jpg,jpg/image_08073.jpg,unlabeled,1.0,1.032,1.014,0.456,0.011,0.035,0.0
dataset/jpg/unlabeled/image_08074.jpg,jpg/image_08074.jpg,unlabeled,1.0,1.084,0.89,0.381,0.155,0.066,0.0
dataset/jpg/unlabeled/image_08075.jpg,jpg/image_08075.jpg,unlabeled,1.0,0.92,0.88,0.376,0.12,0.071,0.0
dataset/jpg/unlabeled/image_08076.jpg,jpg/image_08076.jpg,unlabeled,1.0,1.217,0.865,0.33,0.055,0.119,0.0
dataset/jpg/unlabeled/image_08078.jpg,jpg/image_08078.jpg,unlabeled,1.0,0.921,0.772,0.33,0.018,0.073,0.0
dataset/jpg/unlabeled/image_08079.jpg,jpg/image_08079.jpg,unlabeled,1.0,0.856,0.926,0.368,0.034,0.045,0.0
dataset/jpg/unlabeled/image_08081.jpg,jpg/image_08081.jpg,unlabeled,1.0,0.911,0.832,0.352,0.113,0.058,0.0
dataset/jpg/unlabeled/image_08082.jpg,jpg/image_08082.jpg,unlabeled,1.0,0.733,0.701,0.239,0.064,0.066,0.0
dataset/jpg/unlabeled/image_08090.jpg,jpg/image_08090.jpg,unlabeled,1.0,1.047,0.938,0.416,0.163,0.008,0.0
dataset/jpg/unlabeled/image_08091.jpg,jpg/image_08091.jpg,unlabeled,1.0,1.019,0.913,0.417,0.025,0.009,0.0
dataset/jpg/unlabeled/image_08093.jpg,jpg/image_08093.jpg,unlabeled,1.0,0.968,0.888,0.4,0.06,0.053,0.0
dataset/jpg/unlabeled/image_08094.jpg,jpg/image_08094.jpg,unlabeled,1.0,1.022,0.939,0.427,0.037,0.029,0.0
dataset/jpg/unlabeled/image_08096.jpg,jpg/image_08096.jpg,unlabeled,1.0,0.958,0.939,0.418,0.143,0.0,0.0
dataset/jpg/unlabeled/image_08098.jpg,jpg/image_08098.jpg,unlabeled,1.0,1.131,0.999,0.411,0.029,0.072,0.0
dataset/jpg/unlabeled/image_08100.jpg,jpg/image_08100.jpg,unlabeled,1.0,1.125,1.074,0.444,0.175,0.057,0.0
dataset/jpg/unlabeled/image_08101.jpg,jpg/image_08101.jpg,unlabeled,1.0,1.067,0.996,0.434,0.019,0.065,0.0
dataset/jpg/unlabeled/image_08107.jpg,jpg/image_08107.jpg,unlabeled,1.0,1.073,0.895,0.388,0.067,0.045,0.0
dataset/jpg/unlabeled/image_08110.jpg,jpg/image_08110.jpg,unlabeled,1.0,1.403,0.795,0.263,0.159,0.067,0.0
dataset/jpg/unlabeled/image_08111.jpg,jpg/image_08111.jpg,unlabeled,1.0,1.118,0.841,0.349,0.061,0.067,0.0
dataset/jpg/unlabeled/image_08112.jpg,jpg/image_08112.jpg,unlabeled,1.0,0.991,0.732,0.337,0.015,0.032,0.0
dataset/jpg/unlabeled/image_08113.jpg,jpg/image_08113.jpg,unlabeled,1.0,1.405,0.621,0.205,0.026,0.08,0.003
dataset/jpg/unlabeled/image_08114.jpg,jpg/image_08114.jpg,unlabeled,1.0,0.795,0.602,0.222,0.028,0.022,0.0
dataset/jpg/unlabeled/image_08115.jpg,jpg/image_08115.jpg,unlabeled,1.0,0.724,0.667,0.224,0.162,0.072,0.0
dataset/jpg/unlabeled/image_08116.jpg,jpg/image_08116.jpg,unlabeled,1.0,0.856,0.7,0.278,0.03,0.031,0.0
dataset/jpg/unlabeled/image_08119.jpg,jpg/image_08119.jpg,unlabeled,1.0,1.221,0.78,0.297,0.083,0.045,0.0
dataset/jpg/unlabeled/image_08121.jpg,jpg/image_08121.jpg,unlabeled,1.0,0.821,0.597,0.228,0.029,0.078,0.0
dataset/jpg/unlabeled/image_08123.jpg,jpg/image_08123.jpg,unlabeled,1.0,0.917,0.797,0.339,0.144,0.0,0.008
dataset/jpg/unlabeled/image_08127.jpg,jpg/image_08127.jpg,unlabeled,1.0,0.981,0.662,0.302,0.007,0.0,0.0
dataset/jpg/unlabeled/image_08128.jpg,jpg/image_08128.jpg,unlabeled,1.0,1.422,0.815,0.266,0.091,0.104,0.0
dataset/jpg/unlabeled/image_08129.jpg,jpg/image_08129.jpg,unlabeled,1.0,1.273,0.736,0.269,0.015,0.0,0.0
dataset/jpg/unlabeled/image_08132.jpg,jpg/image_08132.jpg,unlabeled,1.0,1.318,0.76,0.268,0.142,0.0,0.0
dataset/jpg/unlabeled/image_08133.jpg,jpg/image_08133.jpg,unlabeled,1.0,0.818,0.613,0.233,0.098,0.0,0.0
dataset/jpg/unlabeled/image_08134.jpg,jpg/image_08134.jpg,unlabeled,1.0,1.154,0.736,0.296,0.017,0.0,0.0
dataset/jpg/unlabeled/image_08135.jpg,jpg/image_08135.jpg,unlabeled,1.0,0.923,0.608,0.261,0.11,0.0,0.0
dataset/jpg/unlabeled/image_08136.jpg,jpg/image_08136.jpg,unlabeled,1.0,0.913,0.617,0.262,0.1,0.0,0.01
dataset/jpg/unlabeled/image_08138.jpg,jpg/image_08138.jpg,unlabeled,1.0,1.135,0.71,0.291,0.119,0.002,0.0
dataset/jpg/unlabeled/image_08139.jpg,jpg/image_08139.jpg,unlabeled,1.0,0.984,0.691,0.316,0.126,0.0,0.0
dataset/jpg/unlabeled/image_08141.jpg,jpg/image_08141.jpg,unlabeled,1.0,0.931,0.65,0.281,0.117,0.007,0.0
dataset/jpg/unlabeled/image_08143.jpg,jpg/image_08143.jpg,unlabeled,1.0,0.847,0.62,0.244,0.013,0.0,0.0
dataset/jpg/unlabeled/image_08144.jpg,jpg/image_08144.jpg,unlabeled,1.0,1.169,0.666,0.265,0.064,0.087,0.0
dataset/jpg/unlabeled/image_08147.jpg,jpg/image_08147.jpg,unlabeled,1.0,0.7,0.598,0.194,0.104,0.104,0.0
dataset/jpg/unlabeled/image_08148.jpg,jpg/image_08148.jpg,unlabeled,1.0,1.034,0.774,0.348,0.058,0.06,0.0
dataset/jpg/unlabeled/image_08152.jpg,jpg/image_08152.jpg,unlabeled,1.0,0.902,0.817,0.343,0.039,0.04,0.0
dataset/jpg/unlabeled/image_08153.jpg,jpg/image_08153.jpg,unlabeled,1.0,1.09,0.846,0.361,0.02,0.033,0.0
dataset/jpg/unlabeled/image_08154.jpg,jpg/image_08154.jpg,unlabeled,1.0,1.277,0.878,0.319,0.133,0.018,0.0
dataset/jpg/unlabeled/image_08155.jpg,jpg/image_08155.jpg,unlabeled,1.0,1.058,0.732,0.322,0.1,0.02,0.0
dataset/jpg/unlabeled/image_08157.jpg,jpg/image_08157.jpg,unlabeled,1.0,1.429,0.757,0.246,0.073,0.01,0.0
dataset/jpg/unlabeled/image_08158.jpg,jpg/image_08158.jpg,unlabeled,1.0,1.268,0.76,0.278,0.031,0.045,0.0
dataset/jpg/unlabeled/image_08159.jpg,jpg/image_08159.jpg,unlabeled,1.0,1.041,0.822,0.367,0.013,0.0,0.0
dataset/jpg/unlabeled/image_08163.jpg,jpg/image_08163.jpg,unlabeled,1.0,1.096,0.828,0.351,0.047,0.071,0.0
dataset/jpg/unlabeled/image_08164.jpg,jpg/image_08164.jpg,unlabeled,1.0,0.948,0.855,0.377,0.175,0.0,0.0
dataset/jpg/unlabeled/image_08165.jpg,jpg/image_08165.jpg,unlabeled,1.0,1.157,0.835,0.335,0.06,0.021,0.0
dataset/jpg/unlabeled/image_08167.jpg,jpg/image_08167.jpg,unlabeled,1.0,1.092,0.792,0.337,0.072,0.052,0.0
dataset/jpg/unlabeled/image_08168.jpg,jpg/image_08168.jpg,unlabeled,1.0,0.947,0.719,0.317,0.047,0.032,0.0
dataset/jpg/unlabeled/image_08170.jpg,jpg/image_08170.jpg,unlabeled,1.0,0.909,0.701,0.296,0.083,0.0,0.021
dataset/jpg/unlabeled/image_08171.jpg,jpg/image_08171.jpg,unlabeled,1.0,1.134,1.093,0.448,0.102,0.096,0.0
dataset/jpg/unlabeled/image_08173.jpg,jpg/image_08173.jpg,unlabeled,1.0,1.167,0.913,0.364,0.076,0.102,0.0
dataset/jpg/unlabeled/image_08174.jpg,jpg/image_08174.jpg,unlabeled,1.0,1.198,1.012,0.392,0.023,0.117,0.0
dataset/jpg/unlabeled/image_08175.jpg,jpg/image_08175.jpg,unlabeled,1.0,1.167,0.883,0.352,0.044,0.105,0.0
dataset/jpg/unlabeled/image_08177.jpg,jpg/image_08177.jpg,unlabeled,1.0,1.16,0.817,0.327,0.015,0.087,0.0
dataset/jpg/unlabeled/image_08179.jpg,jpg/image_08179.jpg,unlabeled,1.0,1.232,0.971,0.366,0.037,0.115,0.0
dataset/jpg/unlabeled/image_08181.jpg,jpg/image_08181.jpg,unlabeled,1.0,1.07,0.855,0.371,0.023,0.024,0.0
dataset/jpg/unlabeled/image_08182.jpg,jpg/image_08182.jpg,unlabeled,1.0,1.0,0.839,0.39,0.091,0.0,0.0
dataset/jpg/unlabeled/image_08183.jpg,jpg/image_08183.jpg,unlabeled,1.0,0.98,0.878,0.4,0.074,0.0,0.0
dataset/jpg/unlabeled/image_08184.jpg,jpg/image_08184.jpg,unlabeled,1.0,1.121,0.871,0.361,0.058,0.063,0.0
dataset/jpg/unlabeled/image_08185.jpg,jpg/image_08185.jpg,unlabeled,1.0,1.186,0.854,0.334,0.034,0.086,0.0
dataset/jpg/unlabeled/image_08186.jpg,jpg/image_08186.jpg,unlabeled,1.0,1.135,1.058,0.434,0.036,0.092,0.0
dataset/jpg/unlabeled/image_08187.jpg,jpg/image_08187.jpg,unlabeled,1.0,1.113,0.963,0.402,0.003,0.069,0.0
dataset/jpg/unlabeled/image_08189.jpg,jpg/image_08189.jpg,unlabeled,1.0,1.043,0.934,0.416,0.025,0.044,0.0
