path,reason,main_ratio,aspect,fill,area_ratio,off,over,border
flowers/daisy/10172379554_b296050f82_n.jpg,khong_thay_hoa,,,,,,,
flowers/daisy/10172567486_2748826a8b.jpg,khong_thay_hoa,,,,,,,
flowers/daisy/10172636503_21bededa75_n.jpg,lech_tam,1.0,0.92,0.717,0.307,0.412,0.0,0.0
flowers/daisy/102841525_bd6628ae3c.jpg,lech_tam,1.0,1.167,0.836,0.333,0.315,0.0,0.0
flowers/daisy/10300722094_28fa978807_n.jpg,anh_nho,,,,,,,
flowers/daisy/1031799732_e7f4008c03.jpg,hoa_sat_bien_khong_crop_duoc,1.0,1.725,0.874,0.236,0.153,0.221,0.0
flowers/daisy/10391248763_1d16681106_n.jpg,khong_thay_hoa,,,,,,,
flowers/daisy/10437754174_22ec990b77_m.jpg,anh_nho,,,,,,,
flowers/daisy/10555749515_13a12a026e.jpg,lech_tam,1.0,0.906,0.814,0.343,0.323,0.0,0.0
flowers/daisy/10555815624_dc211569b0.jpg,hoa_sat_bien_khong_crop_duoc,1.0,1.652,0.643,0.181,0.097,0.16,0.0
flowers/daisy/10555826524_423eb8bf71_n.jpg,khong_thay_hoa,,,,,,,
flowers/daisy/10559679065_50d2b16f6d.jpg,lech_tam,1.0,1.162,0.913,0.365,0.298,0.0,0.0
flowers/daisy/105806915_a9c13e2106_n.jpg,nhieu_hoa_hoac_nen_roi,0.407,1.96,0.537,0.127,0.226,0.03,0.036
flowers/daisy/10712722853_5632165b04.jpg,khong_phai_goc_nhin_tren_xuong(dai),1.0,1.972,0.905,0.213,0.153,0.0,0.0
flowers/daisy/107592979_aaa9cdfe78_m.jpg,khong_thay_hoa,,,,,,,
flowers/daisy/10841136265_af473efc60.jpg,hoa_sat_bien_khong_crop_duoc,1.0,1.337,0.613,0.213,0.126,0.225,0.0
flowers/daisy/10993710036_2033222c91.jpg,nhieu_hoa_hoac_nen_roi,0.43,1.065,0.872,0.381,0.04,0.0,0.046
flowers/daisy/10993818044_4c19b86c82.jpg,nhieu_hoa_hoac_nen_roi,0.439,1.065,0.872,0.381,0.04,0.0,0.046
flowers/daisy/10994032453_ac7f8d9e2e.jpg,trung_lap,0.824,0.908,0.704,0.297,0.107,0.0,0.0
flowers/daisy/11023214096_b5b39fab08.jpg,khong_thay_hoa,,,,,,,
flowers/daisy/11023272144_fce94401f2_m.jpg,anh_nho,,,,,,,
flowers/daisy/11023277956_8980d53169_m.jpg,anh_nho,,,,,,,
flowers/daisy/11124324295_503f3a0804.jpg,lech_tam,1.0,1.154,0.854,0.344,0.318,0.0,0.0
flowers/daisy/1140299375_3aa7024466.jpg,lech_tam,1.0,0.954,0.821,0.364,0.262,0.0,0.0
flowers/daisy/11642632_1e7627a2cc.jpg,khong_phai_goc_nhin_tren_xuong(dai),1.0,1.536,0.776,0.235,0.229,0.0,0.0
flowers/daisy/11834945233_a53b7a92ac_m.jpg,anh_nho,,,,,,,
flowers/daisy/11870378973_2ec1919f12.jpg,khong_phai_goc_nhin_tren_xuong(dai),77.0,1.625,0.943,0.27,0.251,0.0,0.0
flowers/daisy/12348343085_d4c396e5b5_m.jpg,lech_tam,1.0,1.145,0.891,0.361,0.258,0.025,0.0
flowers/daisy/12585131704_0f64b17059_m.jpg,hoa_sat_bien_khong_crop_duoc,0.671,0.545,0.893,0.226,0.192,0.207,0.097
flowers/daisy/1265350143_6e2b276ec9.jpg,nhieu_hoa_hoac_nen_roi,0.554,0.956,0.851,0.378,0.298,0.0,0.015
flowers/daisy/12701063955_4840594ea6_n.jpg,khong_thay_hoa,,,,,,,
flowers/daisy/1285423653_18926dc2c8_n.jpg,lech_tam,1.0,1.063,0.779,0.34,0.185,0.0,0.0
flowers/daisy/1286274236_1d7ac84efb_n.jpg,lech_tam,1.0,1.02,1.027,0.468,0.248,0.0,0.0
flowers/daisy/12891819633_e4c82b51e8.jpg,hoa_sat_bien_khong_crop_duoc,1.0,1.617,0.737,0.212,0.108,0.146,0.0
flowers/daisy/1299501272_59d9da5510_n.jpg,hoa_sat_bien_khong_crop_duoc,1.0,1.431,0.604,0.196,0.236,0.156,0.005
flowers/daisy/1306119996_ab8ae14d72_n.jpg,khong_phai_goc_nhin_tren_xuong(dai),1.0,2.324,0.657,0.131,0.126,0.04,0.0
flowers/daisy/1342002397_9503c97b49.jpg,hoa_sat_bien_khong_crop_duoc,1.0,1.333,0.844,0.294,0.028,0.16,0.0
flowers/daisy/1344985627_c3115e2d71_n.jpg,lech_tam,1.0,0.792,0.945,0.348,0.286,0.0,0.0
flowers/daisy/13491959645_2cd9df44d6_n.jpg,lech_tam,1.0,1.0,0.991,0.461,0.208,0.036,0.0
flowers/daisy/1354396826_2868631432_m.jpg,anh_nho,,,,,,,
flowers/daisy/13583238844_573df2de8e_m.jpg,anh_nho,,,,,,,
flowers/daisy/1374193928_a52320eafa.jpg,hoa_sat_bien_khong_crop_duoc,1.0,1.337,0.728,0.253,0.087,0.158,0.0
flowers/daisy/13826249325_f61cb15f86_n.jpg,nhieu_hoa_hoac_nen_roi,0.503,1.25,1.016,0.378,0.247,0.0,0.0
flowers/daisy/1392946544_115acbb2d9.jpg,khong_thay_hoa,,,,,,,
flowers/daisy/1396526833_fb867165be_n.jpg,khong_thay_hoa,,,,,,,
flowers/daisy/13977181862_f8237b6b52.jpg,lech_tam,1.0,1.258,0.845,0.312,0.182,0.113,0.0
flowers/daisy/14021430525_e06baf93a9.jpg,nhieu_hoa_hoac_nen_roi,0.454,1.8,0.684,0.177,0.085,0.0,0.081
flowers/daisy/14088053307_1a13a0bf91_n.jpg,nhieu_hoa_hoac_nen_roi,25.0,1.75,1.137,0.302,0.416,0.0,0.107
flowers/daisy/14114116486_0bb6649bc1_m.jpg,anh_nho,,,,,,,
flowers/daisy/14147016029_8d3cf2414e.jpg,khong_thay_hoa,,,,,,,
flowers/daisy/14163875973_467224aaf5_m.jpg,anh_nho,,,,,,,
flowers/daisy/14219214466_3ca6104eae_m.jpg,anh_nho,,,,,,,
flowers/daisy/14221836990_90374e6b34.jpg,hoa_sat_bien_khong_crop_duoc,1.0,1.405,0.871,0.288,0.074,0.203,0.0
flowers/daisy/14221848160_7f0a37c395.jpg,khong_phai_goc_nhin_tren_xuong(dai),1.0,0.583,0.768,0.208,0.166,0.0,0.0
flowers/daisy/14245834619_153624f836.jpg,nhieu_hoa_hoac_nen_roi,0.605,1.069,0.704,0.306,0.012,0.0,0.01
flowers/daisy/14272874304_47c0a46f5a.jpg,hoa_sat_bien_khong_crop_duoc,1.0,1.789,0.623,0.162,0.032,0.183,0.0
flowers/daisy/14307766919_fac3c37a6b_m.jpg,anh_nho,,,,,,,
flowers/daisy/14330343061_99478302d4_m.jpg,hoa_sat_bien_khong_crop_duoc,1.0,0.648,0.682,0.205,0.16,0.177,0.0
flowers/daisy/14332947164_9b13513c71_m.jpg,nhieu_hoa_hoac_nen_roi,0.527,0.925,0.827,0.355,0.327,0.0,0.0
flowers/daisy/14333681205_a07c9f1752_m.jpg,anh_nho,,,,,,,
flowers/daisy/14350958832_29bdd3a254.jpg,hoa_sat_bien_khong_crop_duoc,1.0,1.458,0.72,0.23,0.019,0.172,0.0
flowers/daisy/14372713423_61e2daae88.jpg,lech_tam,1.0,0.81,0.884,0.333,0.39,0.0,0.0
flowers/daisy/14402451388_56545a374a_n.jpg,khong_thay_hoa,,,,,,,
flowers/daisy/144076848_57e1d662e3_m.jpg,anh_nho,,,,,,,
flowers/daisy/14421389519_d5fd353eb4.jpg,khong_phai_goc_nhin_tren_xuong(dai),1.0,1.826,0.836,0.213,0.04,0.052,0.0
flowers/daisy/14471433500_cdaa22e3ea_m.jpg,khong_thay_hoa,,,,,,,
flowers/daisy/14485782498_fb342ec301.jpg,khong_thay_hoa,,,,,,,
flowers/daisy/14507818175_05219b051c_m.jpg,hoa_sat_bien_khong_crop_duoc,1.0,1.699,0.68,0.186,0.199,0.201,0.0
flowers/daisy/14523675369_97c31d0b5b.jpg,khong_phai_goc_nhin_tren_xuong(dai),1.0,1.788,0.914,0.237,0.233,0.0,0.041
flowers/daisy/14551098743_2842e7a004_n.jpg,khong_thay_hoa,,,,,,,
flowers/daisy/14554906452_35f066ffe9_n.jpg,hoa_sat_bien_khong_crop_duoc,1.0,1.415,0.862,0.283,0.1,0.151,0.0
flowers/daisy/14564545365_1f1d267bf1_n.jpg,khong_phai_goc_nhin_tren_xuong(dai),1.0,1.556,0.701,0.21,0.286,0.092,0.0
flowers/daisy/14569895116_32f0dcb0f9.jpg,nhieu_hoa_hoac_nen_roi,45.0,0.875,1.023,0.416,0.611,0.0,0.172
flowers/daisy/14600779226_7bbc288d40_m.jpg,anh_nho,,,,,,,
flowers/daisy/14621687774_ec52811acd_n.jpg,nhieu_hoa_hoac_nen_roi,27.0,1.2,1.146,0.444,0.112,0.0,0.229
flowers/daisy/14674743211_f68b13f6d9.jpg,hoa_sat_bien_khong_crop_duoc,1.0,1.891,0.648,0.159,0.227,0.164,0.0
flowers/daisy/14698531521_0c2f0c6539.jpg,khong_thay_hoa,,,,,,,
flowers/daisy/147068564_32bb4350cc.jpg,lech_tam,1.0,0.812,0.745,0.281,0.206,0.057,0.0
flowers/daisy/14707111433_cce08ee007.jpg,khong_phai_goc_nhin_tren_xuong(dai),1.0,2.077,0.517,0.116,0.366,0.017,0.0
flowers/daisy/14716799982_ed6d626a66.jpg,nhieu_hoa_hoac_nen_roi,1.0,1.074,0.576,0.249,0.182,0.0,0.104
flowers/daisy/14816364517_2423021484_m.jpg,anh_nho,,,,,,,
flowers/daisy/14866200659_6462c723cb_m.jpg,anh_nho,,,,,,,
flowers/daisy/14907815010_bff495449f.jpg,khong_thay_hoa,,,,,,,
flowers/daisy/14921511479_7b0a647795.jpg,khong_phai_goc_nhin_tren_xuong(dai),1.0,1.587,0.716,0.21,0.145,0.034,0.0
flowers/daisy/15029936576_8d6f96c72c_n.jpg,hoa_sat_bien_khong_crop_duoc,1.0,1.427,0.775,0.252,0.088,0.166,0.0
flowers/daisy/15100730728_a450c5f422_n.jpg,anh_nho,,,,,,,
flowers/daisy/15207766_fc2f1d692c_n.jpg,khong_thay_hoa,,,,,,,
flowers/daisy/15306268004_4680ba95e1.jpg,khong_thay_hoa,,,,,,,
flowers/daisy/153210866_03cc9f2f36.jpg,hoa_sat_bien_khong_crop_duoc,1.0,1.312,1.031,0.365,0.055,0.135,0.0
flowers/daisy/154332674_453cea64f4.jpg,hoa_sat_bien_khong_crop_duoc,1.0,1.412,0.934,0.307,0.135,0.137,0.0
flowers/daisy/15760153042_a2a90e9da5_m.jpg,lech_tam,1.0,1.286,0.776,0.28,0.313,0.0,0.0
flowers/daisy/15760811380_4d686c892b_n.jpg,lech_tam,1.0,1.229,0.807,0.305,0.282,0.0,0.0
flowers/daisy/15784493690_b1858cdb2b_n.jpg,hoa_sat_bien_khong_crop_duoc,1.0,1.333,0.853,0.297,0.041,0.167,0.0
flowers/daisy/15813862117_dedcd1c56f_m.jpg,anh_nho,,,,,,,
flowers/daisy/15853110333_229c439e7f.jpg,lech_tam,1.0,1.0,0.9,0.418,0.266,0.0,0.0
flowers/daisy/16020253176_60f2a6a5ca_n.jpg,hoa_sat_bien_khong_crop_duoc,1.0,2.878,0.557,0.09,0.088,0.212,0.0
flowers/daisy/16025261368_911703a536_n.jpg,khong_thay_hoa,,,,,,,
flowers/daisy/16121105382_b96251e506_m.jpg,anh_nho,,,,,,,
flowers/daisy/16161045294_70c76ce846_n.jpg,nhieu_hoa_hoac_nen_roi,0.635,0.944,0.939,0.412,0.356,0.0,0.0
flowers/daisy/16291797949_a1b1b7c2bd_n.jpg,lech_tam,1.0,1.127,0.918,0.379,0.242,0.056,0.0
flowers/daisy/16323838000_3818bce5c6_n.jpg,anh_nho,,,,,,,
flowers/daisy/163978992_8128b49d3e_n.jpg,hoa_sat_bien_khong_crop_duoc,1.0,1.273,0.622,0.227,0.054,0.138,0.0
flowers/daisy/16401288243_36112bd52f_m.jpg,khong_thay_hoa,,,,,,,
flowers/daisy/16482676953_5296227d40_n.jpg,hoa_sat_bien_khong_crop_duoc,1.0,1.376,0.738,0.249,0.022,0.158,0.0
flowers/daisy/16492248512_61a57dfec1_m.jpg,anh_nho,,,,,,,
flowers/daisy/16527403771_2391f137c4_n.jpg,lech_tam,1.0,0.976,0.752,0.341,0.227,0.03,0.0
flowers/daisy/16577886423_9b23622f1d_n.jpg,anh_nho,,,,,,,
flowers/daisy/16737503507_431768a927.jpg,khong_phai_goc_nhin_tren_xuong(dai),1.0,1.635,0.701,0.199,0.027,0.119,0.0
flowers/daisy/16819071290_471d99e166_m.jpg,anh_nho,,,,,,,
flowers/daisy/16833748795_b681b2839f_n.jpg,khong_thay_hoa,,,,,,,
flowers/daisy/169371301_d9b91a2a42.jpg,khong_thay_hoa,,,,,,,
flowers/daisy/17027891179_3edc08f4f6.jpg,lech_tam,1.0,1.015,0.947,0.433,0.24,0.0,0.0
flowers/daisy/171972704_389cf7a953.jpg,khong_thay_hoa,,,,,,,
flowers/daisy/17357636476_1953c07aa4_n.jpg,khong_thay_hoa,,,,,,,
flowers/daisy/174131220_c853df1287.jpg,lech_tam,1.0,1.45,0.819,0.262,0.365,0.0,0.0
flowers/daisy/175106495_53ebdef092_n.jpg,khong_thay_hoa,,,,,,,
flowers/daisy/176375506_201859bb92_m.jpg,anh_nho,,,,,,,
flowers/daisy/17821980772_35164ae1e8_n.jpg,anh_nho,,,,,,,
flowers/daisy/18023717391_e2c9089e10.jpg,khong_thay_hoa,,,,,,,
flowers/daisy/181007802_7cab5ee78e_n.jpg,khong_thay_hoa,,,,,,,
flowers/daisy/18195689904_46619b7e16_n.jpg,hoa_sat_bien_khong_crop_duoc,1.0,1.369,0.951,0.323,0.063,0.163,0.0
flowers/daisy/18203367608_07a04e98a4_n.jpg,khong_phai_goc_nhin_tren_xuong(dai),1.0,1.516,0.709,0.217,0.168,0.0,0.0
flowers/daisy/18354545086_693ea7bc2a.jpg,khong_phai_goc_nhin_tren_xuong(dai),1.0,1.683,0.85,0.235,0.107,0.106,0.0
flowers/daisy/18400014056_2e4c601ed5.jpg,khong_thay_hoa,,,,,,,
flowers/daisy/18442919723_d1251d3e14_n.jpg,lech_tam,1.0,1.026,0.789,0.357,0.222,0.028,0.0
flowers/daisy/18474740346_ffdaa18032.jpg,khong_phai_goc_nhin_tren_xuong(dai),1.0,1.789,0.743,0.193,0.402,0.0,0.0
flowers/daisy/18582579815_4c6637e9ff_m.jpg,anh_nho,,,,,,,
flowers/daisy/18622672908_eab6dc9140_n.jpg,lech_tam,1.0,1.407,0.755,0.249,0.199,0.018,0.0
flowers/daisy/18635898912_eb8e058ef0.jpg,khong_thay_hoa,,,,,,,
flowers/daisy/18679421522_3be9879e32.jpg,khong_phai_goc_nhin_tren_xuong(dai),82.0,0.571,0.932,0.248,0.203,0.0,0.031
flowers/daisy/18684594849_7dd3634f5e_n.jpg,nhieu_hoa_hoac_nen_roi,0.383,1.0,0.82,0.381,0.148,0.0,0.0
flowers/daisy/18711159980_11d3bd5042.jpg,hoa_sat_bien_khong_crop_duoc,1.0,1.521,0.726,0.222,0.067,0.176,0.0
flowers/daisy/19019544592_b64469bf84_n.jpg,khong_thay_hoa,,,,,,,
flowers/daisy/19177263840_6a316ea639.jpg,khong_thay_hoa,,,,,,,
flowers/daisy/19178753159_a471bf4b6b.jpg,lech_tam,1.0,1.067,1.011,0.44,0.335,0.0,0.0
flowers/daisy/19527362416_8bdcbefb8b_n.jpg,anh_nho,,,,,,,
flowers/daisy/1955336401_fbb206d6ef_n.jpg,lech_tam,1.0,1.022,0.744,0.338,0.238,0.069,0.013
flowers/daisy/19653086178_28156b7ce4_m.jpg,anh_nho,,,,,,,
flowers/daisy/2001380507_19488ff96a_n.jpg,lech_tam,1.0,1.013,1.08,0.496,0.218,0.017,0.0
flowers/daisy/20182559506_40a112f762.jpg,khong_thay_hoa,,,,,,,
flowers/daisy/20289938802_e16fa9f23d.jpg,nhieu_hoa_hoac_nen_roi,0.501,1.105,0.973,0.409,0.139,0.0,0.0
flowers/daisy/20329326505_a777c71cc2.jpg,lech_tam,0.827,1.051,0.991,0.438,0.221,0.0,0.0
flowers/daisy/2057816617_18448093d0_n.jpg,hoa_sat_bien_khong_crop_duoc,1.0,1.309,0.528,0.187,0.042,0.141,0.0
flowers/daisy/20580471306_ab5a011b15_n.jpg,hoa_sat_bien_khong_crop_duoc,1.0,1.4,1.233,0.409,0.023,0.148,0.0
flowers/daisy/20619292635_9857a12d54.jpg,khong_thay_hoa,,,,,,,
flowers/daisy/20685027271_0e7306e7c1_n.jpg,khong_thay_hoa,,,,,,,
flowers/daisy/20703737132_179560d0fb.jpg,khong_phai_goc_nhin_tren_xuong(dai),1.0,1.529,1.02,0.31,0.304,0.0,0.0
flowers/daisy/20773528301_008fcbc5a1_n.jpg,khong_thay_hoa,,,,,,,
flowers/daisy/21402054779_759366efb0_n.jpg,hoa_sat_bien_khong_crop_duoc,1.0,1.712,0.777,0.211,0.098,0.165,0.0
flowers/daisy/21626652132_97e1318bb8_m.jpg,anh_nho,,,,,,,
flowers/daisy/21805938544_bf6bb0e4bc.jpg,khong_thay_hoa,,,,,,,
flowers/daisy/2213954589_c7da4b1486.jpg,khong_phai_goc_nhin_tren_xuong(dai),1.0,1.708,0.946,0.257,0.288,0.0,0.0
flowers/daisy/22873310415_3a5674ec10_m.jpg,nhieu_hoa_hoac_nen_roi,0.346,1.0,0.987,0.459,0.219,0.0,0.0
flowers/daisy/2331133004_582772d58f_m.jpg,anh_nho,,,,,,,
flowers/daisy/2349640101_212c275aa7.jpg,khong_phai_goc_nhin_tren_xuong(dai),1.0,1.481,0.948,0.298,0.11,0.093,0.0
flowers/daisy/2365428551_39f83f10bf_n.jpg,lech_tam,1.0,1.256,0.927,0.343,0.201,0.0,0.0
flowers/daisy/2408024540_37f0be7cc0_n.jpg,hoa_sat_bien_khong_crop_duoc,1.0,1.662,0.622,0.174,0.009,0.138,0.0
flowers/daisy/2476937534_21b285aa46_n.jpg,hinh_dang_khong_tron,1.0,1.0,0.498,0.232,0.314,0.0,0.004
flowers/daisy/2479956481_8d1a9699be_n.jpg,khong_thay_hoa,,,,,,,
flowers/daisy/2480569557_f4e1f0dcb8_n.jpg,nhieu_hoa_hoac_nen_roi,0.358,1.909,0.601,0.146,0.451,0.0,0.0
flowers/daisy/2488902131_3417698611_n.jpg,hoa_sat_bien_khong_crop_duoc,1.0,1.577,0.883,0.26,0.061,0.163,0.0
flowers/daisy/2511306240_9047015f2d_n.jpg,khong_thay_hoa,,,,,,,
flowers/daisy/2514748602_343d4727c0_n.jpg,khong_thay_hoa,,,,,,,
flowers/daisy/25360380_1a881a5648.jpg,khong_phai_goc_nhin_tren_xuong(dai),1.0,1.611,0.833,0.24,0.06,0.0,0.0
flowers/daisy/2561352120_7961d8263f.jpg,nhieu_hoa_hoac_nen_roi,15.0,1.0,1.194,0.555,0.357,0.0,0.583
flowers/daisy/2561371688_c80a4fe957_n.jpg,lech_tam,1.0,0.923,0.903,0.387,0.207,0.0,0.0
flowers/daisy/2567033807_8e918c53d8_n.jpg,hoa_sat_bien_khong_crop_duoc,1.0,1.417,0.953,0.313,0.098,0.172,0.0
flowers/daisy/2578695910_5ab8ee17c1_n.jpg,khong_thay_hoa,,,,,,,
flowers/daisy/2579018590_74359dcf1a_m.jpg,anh_nho,,,,,,,
flowers/daisy/2581171297_b0a249b92b_n.jpg,lech_tam,1.0,1.05,0.788,0.349,0.261,0.0,0.02
flowers/daisy/2599662355_7782218c83.jpg,lech_tam,1.0,1.171,1.017,0.404,0.391,0.0,0.0
flowers/daisy/2611119198_9d46b94392.jpg,khong_phai_goc_nhin_tren_xuong(dai),1.0,1.75,0.735,0.195,0.119,0.077,0.001
flowers/daisy/2617111535_54c2ac8462.jpg,khong_thay_hoa,,,,,,,
flowers/daisy/2619413565_61a6cd3ac9_m.jpg,khong_thay_hoa,,,,,,,
flowers/daisy/2627815904_919373e7f5.jpg,khong_phai_goc_nhin_tren_xuong(dai),1.0,4.167,0.516,0.058,0.329,0.0,0.038
flowers/daisy/2632216904_274aa17433.jpg,hoa_sat_bien_khong_crop_duoc,1.0,2.32,0.893,0.179,0.023,0.161,0.0
flowers/daisy/2642408410_61545fdc83_n.jpg,khong_thay_hoa,,,,,,,
flowers/daisy/2646438199_b309cffd65_n.jpg,hinh_dang_khong_tron,1.0,0.97,0.348,0.157,0.211,0.058,0.009
flowers/daisy/2666572212_2caca8de9f_n.jpg,khong_phai_goc_nhin_tren_xuong(dai),1.0,1.467,0.837,0.265,0.257,0.0,0.0
flowers/daisy/2713919471_301fcc941f.jpg,lech_tam,1.0,0.859,0.849,0.339,0.214,0.038,0.0
flowers/daisy/27400851831_fe08fbcb66_n.jpg,anh_nho,,,,,,,
flowers/daisy/28056118836_77a6847d94_n.jpg,anh_nho,,,,,,,
flowers/daisy/2812442552_3eed5fb9f2_m.jpg,khong_thay_hoa,,,,,,,
flowers/daisy/2862944799_45bc8e7302.jpg,khong_thay_hoa,,,,,,,
flowers/daisy/2889325612_f2fc403ff0_m.jpg,khong_phai_goc_nhin_tren_xuong(dai),1.0,1.459,0.756,0.241,0.299,0.0,0.0
flowers/daisy/2901376034_cdb4bac26b_m.jpg,nhieu_hoa_hoac_nen_roi,0.715,1.625,0.753,0.215,0.234,0.076,0.094
flowers/daisy/29380234244_c50a60374e_n.jpg,hoa_sat_bien_khong_crop_duoc,1.0,0.402,0.639,0.119,0.183,0.18,0.0
flowers/daisy/294451721_5106537b34.jpg,hoa_sat_bien_khong_crop_duoc,1.0,1.271,0.653,0.239,0.048,0.14,0.0
flowers/daisy/299129811_d6ebda9970.jpg,khong_thay_hoa,,,,,,,
flowers/daisy/301964511_fab84ea1c1.jpg,lech_tam,1.0,1.045,0.908,0.404,0.323,0.0,0.0
flowers/daisy/3025866885_22fb0b61c6_n.jpg,khong_phai_goc_nhin_tren_xuong(dai),1.0,2.6,0.654,0.117,0.151,0.0,0.0
flowers/daisy/305160642_53cde0f44f.jpg,khong_thay_hoa,,,,,,,
flowers/daisy/3084924076_4d5c5711af_m.jpg,anh_nho,,,,,,,
flowers/daisy/3098641292_76c908ba1f_n.jpg,hoa_sat_bien_khong_crop_duoc,1.0,1.414,0.736,0.242,0.056,0.132,0.0
flowers/daisy/3117644024_1cbb59a509_n.jpg,hoa_sat_bien_khong_crop_duoc,1.0,2.0,0.84,0.195,0.271,0.236,0.02
flowers/daisy/3196066025_d187108070_n.jpg,anh_nho,,,,,,,
flowers/daisy/3336704121_cfeb67a7d7.jpg,nhieu_hoa_hoac_nen_roi,0.375,1.286,0.898,0.325,0.27,0.0,0.133
flowers/daisy/3337536080_1db19964fe.jpg,nhieu_hoa_hoac_nen_roi,0.569,1.632,0.852,0.243,0.127,0.0,0.079
flowers/daisy/3337643329_accc9b5426.jpg,lech_tam,1.0,0.75,0.85,0.296,0.228,0.091,0.0
flowers/daisy/3379332157_04724f6480.jpg,lech_tam,1.0,1.245,0.828,0.309,0.211,0.0,0.0
flowers/daisy/33802431204_7c58f4e21b_n.jpg,anh_nho,,,,,,,
flowers/daisy/33806101464_5eca772954_n.jpg,anh_nho,,,,,,,
flowers/daisy/33807950584_f5b63715e4_n.jpg,anh_nho,,,,,,,
flowers/daisy/33809174824_00ba798039_n.jpg,anh_nho,,,,,,,
flowers/daisy/33809956124_b49dcddf8f_n.jpg,hoa_sat_bien_khong_crop_duoc,0.799,0.418,0.862,0.167,0.328,0.143,0.0
flowers/daisy/33810542134_a493f19a71_n.jpg,anh_nho,,,,,,,
flowers/daisy/33814092924_b23d019011_n.jpg,anh_nho,,,,,,,
flowers/daisy/33819069114_6ecc240b54_n.jpg,anh_nho,,,,,,,
flowers/daisy/33822751084_c83a7abffd_n.jpg,anh_nho,,,,,,,
flowers/daisy/33830843653_ee6d7989fa_n.jpg,anh_nho,,,,,,,
flowers/daisy/33836936163_2dce95ee4d_n.jpg,anh_nho,,,,,,,
flowers/daisy/33837577463_1ae52a3726_n.jpg,anh_nho,,,,,,,
flowers/daisy/33838292353_8b143f7980_n.jpg,anh_nho,,,,,,,
flowers/daisy/33839388103_79cb79f7bc_n.jpg,anh_nho,,,,,,,
flowers/daisy/33843240613_0b736f9896_n.jpg,anh_nho,,,,,,,
flowers/daisy/33843400403_db00aa16b8_n.jpg,anh_nho,,,,,,,
flowers/daisy/33849854704_d2a2415e4d_n.jpg,anh_nho,,,,,,,
flowers/daisy/33855966243_01b2486428_n.jpg,anh_nho,,,,,,,
flowers/daisy/33857335804_7f0c96243b_n.jpg,anh_nho,,,,,,,
flowers/daisy/33858238653_6549e21f53_n.jpg,anh_nho,,,,,,,
flowers/daisy/33859244503_eeeca6a397_n.jpg,anh_nho,,,,,,,
flowers/daisy/33863293993_3ed7515936_n.jpg,anh_nho,,,,,,,
flowers/daisy/3386988684_bc5a66005e.jpg,hoa_sat_bien_khong_crop_duoc,1.0,1.357,0.746,0.256,0.105,0.16,0.0
flowers/daisy/33871813063_d7b6bedafe_n.jpg,anh_nho,,,,,,,
flowers/daisy/33872893913_72d64a9b85_n.jpg,anh_nho,,,,,,,
flowers/daisy/33874126263_3f6f965784_n.jpg,anh_nho,,,,,,,
flowers/daisy/33879354664_615c72773d_n.jpg,anh_nho,,,,,,,
flowers/daisy/33884228533_91b75ff4d4_n.jpg,anh_nho,,,,,,,
flowers/daisy/33885735373_444ba02d9c_n.jpg,anh_nho,,,,,,,
flowers/daisy/33887503434_a2762228f4_n.jpg,anh_nho,,,,,,,
flowers/daisy/33891398493_e0b6d7f683_n.jpg,anh_nho,,,,,,,
flowers/daisy/33891703033_822f7810ce_n.jpg,anh_nho,,,,,,,
flowers/daisy/33901756843_94e198d40e_n.jpg,anh_nho,,,,,,,
flowers/daisy/33911247013_82a1acfcea_n.jpg,anh_nho,,,,,,,
flowers/daisy/33918001783_06a692e371_n.jpg,anh_nho,,,,,,,
flowers/daisy/33923454163_9cabcaa733_n.jpg,anh_nho,,,,,,,
flowers/daisy/34076975155_1faeedec90_n.jpg,anh_nho,,,,,,,
flowers/daisy/3410906335_37e8a24b1c_n.jpg,lech_tam,1.0,1.429,0.962,0.313,0.247,0.0,0.0
flowers/daisy/3415180846_d7b5cced14_m.jpg,anh_nho,,,,,,,
flowers/daisy/34261196280_aa99186136_n.jpg,anh_nho,,,,,,,
flowers/daisy/34266042310_9c1abd8e11_n.jpg,anh_nho,,,,,,,
flowers/daisy/34266044490_01dacd2ac2_n.jpg,anh_nho,,,,,,,
flowers/daisy/34275152390_44e7262261_n.jpg,anh_nho,,,,,,,
flowers/daisy/34275662120_7757a15d07_n.jpg,anh_nho,,,,,,,
flowers/daisy/34276373070_27ec2d2596_n.jpg,anh_nho,,,,,,,
flowers/daisy/34283602490_b61f3da99d_n.jpg,anh_nho,,,,,,,
flowers/daisy/34283646340_4fe48d1bb7_n.jpg,anh_nho,,,,,,,
flowers/daisy/34287492780_6dab677857_n.jpg,anh_nho,,,,,,,
flowers/daisy/34288158610_6e42406193_n.jpg,anh_nho,,,,,,,
flowers/daisy/34289553800_606f1f2954_n.jpg,anh_nho,,,,,,,
flowers/daisy/34293312980_5f6c492c52_n.jpg,anh_nho,,,,,,,
flowers/daisy/34293871550_71d1e4d482_n.jpg,anh_nho,,,,,,,
flowers/daisy/34295444880_b4376b3a8b_n.jpg,anh_nho,,,,,,,
flowers/daisy/34300874850_923cc2881c_n.jpg,anh_nho,,,,,,,
flowers/daisy/34310869690_56cdc84a17_n.jpg,anh_nho,,,,,,,
flowers/daisy/34312496620_bc01a98aeb_n.jpg,anh_nho,,,,,,,
flowers/daisy/34326606950_41ff8997d7_n.jpg,anh_nho,,,,,,,
flowers/daisy/34326847400_f4de801005_n.jpg,anh_nho,,,,,,,
flowers/daisy/34337108550_0b619aa726_n.jpg,anh_nho,,,,,,,
flowers/daisy/34342014230_4230ae8e08_n.jpg,anh_nho,,,,,,,
flowers/daisy/34476770012_38fba290f3_n.jpg,anh_nho,,,,,,,
flowers/daisy/34486116262_411e6991f4_n.jpg,anh_nho,,,,,,,
flowers/daisy/34508227161_a9ff840f71_n.jpg,anh_nho,,,,,,,
flowers/daisy/3450822975_7e77d67636_n.jpg,khong_phai_goc_nhin_tren_xuong(dai),0.814,0.623,0.548,0.159,0.248,0.0,0.0
flowers/daisy/34510103621_250ee7ae64_n.jpg,anh_nho,,,,,,,
flowers/daisy/34517409722_829ec7e152_n.jpg,anh_nho,,,,,,,
flowers/daisy/34518066912_0e432507bc_n.jpg,anh_nho,,,,,,,
flowers/daisy/34518374242_310e7abd54_n.jpg,anh_nho,,,,,,,
flowers/daisy/34520690871_8fe693bc71_n.jpg,anh_nho,,,,,,,
flowers/daisy/34520699571_f880744f46_n.jpg,anh_nho,,,,,,,
flowers/daisy/34522174462_b7cbee3ecb_n.jpg,anh_nho,,,,,,,
flowers/daisy/34524074031_e42b9b1acd_n.jpg,anh_nho,,,,,,,
flowers/daisy/34524085651_1f0b7e9497_n.jpg,anh_nho,,,,,,,
flowers/daisy/34530932101_957fab3650_n.jpg,anh_nho,,,,,,,
flowers/daisy/34531542152_c8ba2e0fea_n.jpg,anh_nho,,,,,,,
flowers/daisy/34532930772_5cc5fc600d_n.jpg,anh_nho,,,,,,,
flowers/daisy/34539556222_f7ba32f704_n.jpg,anh_nho,,,,,,,
flowers/daisy/34540113401_b81594e92a_n.jpg,anh_nho,,,,,,,
flowers/daisy/34540176411_a35a19a8ef_n.jpg,anh_nho,,,,,,,
flowers/daisy/34542837641_10492bf600_n.jpg,anh_nho,,,,,,,
flowers/daisy/34543119581_1fb7e0bd7f_n.jpg,anh_nho,,,,,,,
flowers/daisy/34546791291_eb8e15e18a_n.jpg,anh_nho,,,,,,,
flowers/daisy/34547261352_d39bf4073a_n.jpg,anh_nho,,,,,,,
flowers/daisy/34554334542_7d8f68a75c_n.jpg,anh_nho,,,,,,,
flowers/daisy/34562146951_cf3d2a627c_n.jpg,anh_nho,,,,,,,
flowers/daisy/34566613262_fefbcc279a_n.jpg,anh_nho,,,,,,,
flowers/daisy/34571214621_f655295459_n.jpg,khong_thay_hoa,,,,,,,
flowers/daisy/34585331601_837dbe5254_n.jpg,anh_nho,,,,,,,
flowers/daisy/34585995071_13e07140d8_n.jpg,anh_nho,,,,,,,
flowers/daisy/34590677231_0ed33ccd55_n.jpg,anh_nho,,,,,,,
flowers/daisy/34591991761_16fc5c9c00_n.jpg,anh_nho,,,,,,,
flowers/daisy/34602180741_cf2f671ba5_n.jpg,anh_nho,,,,,,,
flowers/daisy/34611565966_9de274f987_n.jpg,anh_nho,,,,,,,
flowers/daisy/34613530216_26cf037012_n.jpg,anh_nho,,,,,,,
flowers/daisy/3463313493_9497aa47e5_n.jpg,khong_phai_goc_nhin_tren_xuong(dai),1.0,2.316,0.538,0.108,0.195,0.089,0.0
flowers/daisy/34637394046_f85541735d_n.jpg,anh_nho,,,,,,,
flowers/daisy/34637970155_a2b917077c_n.jpg,anh_nho,,,,,,,
flowers/daisy/34638378196_216d5bbc2e_n.jpg,anh_nho,,,,,,,
flowers/daisy/34643914016_2e659d6e82_n.jpg,anh_nho,,,,,,,
flowers/daisy/34652819496_0b6f758986_n.jpg,anh_nho,,,,,,,
flowers/daisy/34658035045_7782e95b50_n.jpg,anh_nho,,,,,,,
flowers/daisy/34661399476_9ea7e2fd53_n.jpg,anh_nho,,,,,,,
flowers/daisy/34664107325_701d5c6f08_n.jpg,anh_nho,,,,,,,
flowers/daisy/34665595995_13f76d5b60_n.jpg,anh_nho,,,,,,,
flowers/daisy/34670512115_af22cce24d_n.jpg,anh_nho,,,,,,,
flowers/daisy/34682895116_88ef018e83_n.jpg,anh_nho,,,,,,,
flowers/daisy/3468498624_d082f99e98.jpg,khong_phai_goc_nhin_tren_xuong(dai),1.0,0.565,0.949,0.249,0.438,0.082,0.0
flowers/daisy/34693373736_9ce6d9e1c3_n.jpg,anh_nho,,,,,,,
flowers/daisy/34695914906_961f92ffcd_n.jpg,anh_nho,,,,,,,
flowers/daisy/34696729796_190b1dfdf1_n.jpg,anh_nho,,,,,,,
flowers/daisy/34696730126_056ffea63c_n.jpg,anh_nho,,,,,,,
flowers/daisy/34696730346_5f0c131e59_n.jpg,anh_nho,,,,,,,
flowers/daisy/34701078235_4a770d14a1_n.jpg,anh_nho,,,,,,,
flowers/daisy/34701198765_54aa641d7a_n.jpg,anh_nho,,,,,,,
flowers/daisy/34718882165_68cdc9def9_n.jpg,anh_nho,,,,,,,
flowers/daisy/34720703615_bdf1335d8b_n.jpg,anh_nho,,,,,,,
flowers/daisy/34727863665_b00ac77266_n.jpg,anh_nho,,,,,,,
flowers/daisy/34729724865_787c98299d_n.jpg,anh_nho,,,,,,,
flowers/daisy/34733243845_29f1c30634_n.jpg,anh_nho,,,,,,,
flowers/daisy/3474942718_c418dae6f1.jpg,nhieu_hoa_hoac_nen_roi,0.648,2.826,0.715,0.118,0.294,0.0,0.014
flowers/daisy/3475870145_685a19116d.jpg,khong_thay_hoa,,,,,,,
flowers/daisy/3483303007_42e3f90da7.jpg,lech_tam,1.0,1.133,1.004,0.412,0.355,0.0,0.0
flowers/daisy/3491933306_43cfe2cfbe.jpg,khong_phai_goc_nhin_tren_xuong(dai),155.0,1.769,0.66,0.173,0.173,0.0,0.0
flowers/daisy/3494265422_9dba8f2191_n.jpg,khong_phai_goc_nhin_tren_xuong(dai),71.0,0.667,0.942,0.292,0.462,0.0,0.0
flowers/daisy/3504430338_77d6a7fab4_n.jpg,khong_thay_hoa,,,,,,,
flowers/daisy/3506866918_61dd5fc53b_n.jpg,hoa_sat_bien_khong_crop_duoc,1.0,1.282,0.671,0.243,0.071,0.129,0.0
flowers/daisy/3533954656_79156c8473.jpg,hoa_sat_bien_khong_crop_duoc,1.0,3.111,0.729,0.109,0.132,0.226,0.0
flowers/daisy/3546455114_cd2dea5e02.jpg,khong_thay_hoa,,,,,,,
flowers/daisy/3552074420_2a0a7166db_m.jpg,hoa_sat_bien_khong_crop_duoc,1.0,0.54,0.36,0.09,0.231,0.211,0.004
flowers/daisy/3588872598_e0f9a1d2a1_m.jpg,nhieu_hoa_hoac_nen_roi,93.0,1.889,0.774,0.19,0.073,0.0,0.094
flowers/daisy/3598615130_578ed30e5f.jpg,lech_tam,1.0,1.406,0.765,0.253,0.264,0.0,0.0
flowers/daisy/3611577717_f3a7a8c416_n.jpg,khong_thay_hoa,,,,,,,
flowers/daisy/3625257860_33efeef614_m.jpg,anh_nho,,,,,,,
flowers/daisy/3628485766_4ff937954a_n.jpg,nhieu_hoa_hoac_nen_roi,0.718,1.238,0.756,0.284,0.258,0.028,0.043
flowers/daisy/3633489595_a037a9b7a4_m.jpg,anh_nho,,,,,,,
flowers/daisy/3637428148_a1dcccafa9_n.jpg,hoa_sat_bien_khong_crop_duoc,0.725,1.886,0.822,0.203,0.176,0.139,0.098
flowers/daisy/3639009391_0f910681b7.jpg,lech_tam,1.0,1.043,0.721,0.321,0.289,0.0,0.0
flowers/daisy/3640845041_80a92c4205_n.jpg,lech_tam,1.0,1.047,0.814,0.361,0.186,0.042,0.0
flowers/daisy/3661613900_b15ca1d35d_m.jpg,khong_phai_goc_nhin_tren_xuong(dai),1.0,0.685,0.665,0.212,0.004,0.078,0.0
flowers/daisy/367020749_3c9a652d75.jpg,lech_tam,1.0,1.133,0.984,0.403,0.328,0.0,0.0
flowers/daisy/3695826945_9f374e8a00_m.jpg,khong_phai_goc_nhin_tren_xuong(dai),1.0,1.722,0.674,0.182,0.123,0.0,0.0
flowers/daisy/3699235066_fc09a02dfe_m.jpg,anh_nho,,,,,,,
flowers/daisy/3703643767_dee82cdef9_n.jpg,khong_phai_goc_nhin_tren_xuong(dai),1.0,2.125,0.937,0.205,0.285,0.0,0.0
flowers/daisy/3704305945_a80e60e2f6_m.jpg,anh_nho,,,,,,,
flowers/daisy/3704306975_75b74497d8.jpg,khong_thay_hoa,,,,,,,
flowers/daisy/3711892138_b8c953fdc1_z.jpg,khong_thay_hoa,,,,,,,
flowers/daisy/3713290261_8a66de23ab.jpg,khong_thay_hoa,,,,,,,
flowers/daisy/3717746329_53f515c6a6_m.jpg,anh_nho,,,,,,,
flowers/daisy/3750250718_eb61146c5f.jpg,khong_thay_hoa,,,,,,,
flowers/daisy/3750771898_cfd50090ba_n.jpg,hoa_sat_bien_khong_crop_duoc,1.0,1.255,0.94,0.348,0.052,0.148,0.0
flowers/daisy/3764116502_f394428ee0_n.jpg,khong_thay_hoa,,,,,,,
flowers/daisy/3773181799_5def396456.jpg,lech_tam,1.0,1.197,0.75,0.291,0.184,0.082,0.022
flowers/daisy/3848258315_ed2fde4fb4.jpg,lech_tam,1.0,0.849,0.682,0.269,0.315,0.117,0.0
flowers/daisy/3861452393_14d2f95157_m.jpg,nhieu_hoa_hoac_nen_roi,133.0,1.0,0.864,0.402,0.183,0.0,0.109
flowers/daisy/3900172983_9312fdf39c_n.jpg,hoa_sat_bien_khong_crop_duoc,1.0,1.689,0.911,0.251,0.056,0.2,0.0
flowers/daisy/3939135368_0af5c4982a_n.jpg,hoa_sat_bien_khong_crop_duoc,1.0,1.223,0.839,0.319,0.031,0.124,0.0
flowers/daisy/3957488431_52a447c0e8_m.jpg,khong_phai_goc_nhin_tren_xuong(dai),1.0,1.455,0.837,0.268,0.079,0.024,0.0
flowers/daisy/3962240986_0661edc43a_n.jpg,hoa_sat_bien_khong_crop_duoc,1.0,1.465,0.863,0.274,0.113,0.213,0.0
flowers/daisy/3963330924_6c6a3fa7be_n.jpg,khong_thay_hoa,,,,,,,
flowers/daisy/3975010332_3209f9f447_m.jpg,lech_tam,1.0,0.734,0.744,0.254,0.211,0.098,0.0
flowers/daisy/3999978867_c67c79597f_m.jpg,khong_phai_goc_nhin_tren_xuong(dai),1.0,1.567,0.597,0.177,0.029,0.0,0.0
flowers/daisy/4065883015_4bb6010cb7_n.jpg,khong_phai_goc_nhin_tren_xuong(dai),1.0,1.643,0.792,0.224,0.223,0.0,0.0
flowers/daisy/4085794721_7cd88e0a6c_m.jpg,anh_nho,,,,,,,
flowers/daisy/4117918318_3c8935289b_m.jpg,anh_nho,,,,,,,
flowers/daisy/4131565290_0585c4dd5a_n.jpg,lech_tam,1.0,0.848,0.763,0.301,0.206,0.0,0.0
flowers/daisy/4141147800_813f660b47.jpg,lech_tam,1.0,1.211,0.745,0.286,0.398,0.0,0.0
flowers/daisy/4222584034_8964cbd3de.jpg,khong_thay_hoa,,,,,,,
flowers/daisy/4229503616_9b8a42123c_n.jpg,hoa_sat_bien_khong_crop_duoc,1.0,1.658,0.592,0.166,0.024,0.186,0.0
flowers/daisy/4258408909_b7cc92741c_m.jpg,hinh_dang_khong_tron,1.0,1.116,0.489,0.204,0.226,0.0,0.0
flowers/daisy/4268817944_cdbdb226ae.jpg,hoa_sat_bien_khong_crop_duoc,1.0,1.405,0.646,0.214,0.093,0.163,0.0
flowers/daisy/4276898893_609d11db8b.jpg,lech_tam,1.0,1.0,1.014,0.471,0.41,0.0,0.0
flowers/daisy/4278442064_a5a598524b_m.jpg,hinh_dang_khong_tron,1.0,1.067,0.435,0.19,0.172,0.0,0.0
flowers/daisy/4286053334_a75541f20b_m.jpg,khong_phai_goc_nhin_tren_xuong(dai),1.0,1.864,0.895,0.223,0.168,0.0,0.0
flowers/daisy/4301689054_20519e5b68.jpg,nhieu_hoa_hoac_nen_roi,0.634,0.784,0.735,0.268,0.195,0.0,0.0
flowers/daisy/435283392_72e4c5b5d6_m.jpg,nhieu_hoa_hoac_nen_roi,0.385,1.613,0.782,0.225,0.331,0.0,0.0
flowers/daisy/4407065098_ef25f1ccac_n.jpg,khong_phai_goc_nhin_tren_xuong(dai),1.0,2.149,0.543,0.118,0.062,0.118,0.0
flowers/daisy/4432271543_01c56ca3a9.jpg,lech_tam,1.0,1.279,0.884,0.321,0.259,0.0,0.0
flowers/daisy/4434592930_6610d51fca_m.jpg,nhieu_hoa_hoac_nen_roi,1.0,2.37,0.88,0.172,0.062,0.0,0.052
flowers/daisy/4440480869_632ce6aff3_n.jpg,hoa_sat_bien_khong_crop_duoc,1.0,1.549,0.88,0.264,0.25,0.13,0.0
flowers/daisy/446484749_4044affcaf_n.jpg,lech_tam,1.0,0.964,0.694,0.311,0.323,0.0,0.0
flowers/daisy/4482623536_b9fb5ae41f_n.jpg,khong_thay_hoa,,,,,,,
flowers/daisy/450128527_fd35742d44.jpg,hoa_sat_bien_khong_crop_duoc,1.0,2.018,0.645,0.149,0.112,0.238,0.0
flowers/daisy/4538877108_3c793f7987_m.jpg,khong_phai_goc_nhin_tren_xuong(dai),1.0,2.476,0.898,0.168,0.091,0.0,0.0
flowers/daisy/4540555191_3254dc4608_n.jpg,hinh_dang_khong_tron,1.0,1.175,0.475,0.188,0.076,0.0,0.009
flowers/daisy/4544110929_a7de65d65f_n.jpg,lech_tam,1.0,1.233,0.702,0.265,0.245,0.0,0.0
flowers/daisy/4563059851_45a9d21a75.jpg,nhieu_hoa_hoac_nen_roi,39.0,1.0,1.013,0.471,0.348,0.0,0.268
flowers/daisy/4565255237_9ba29c4d4e_n.jpg,lech_tam,1.0,1.024,1.015,0.461,0.21,0.025,0.0
flowers/daisy/4581199679_867652c3f1_n.jpg,hoa_sat_bien_khong_crop_duoc,0.935,1.405,0.68,0.225,0.097,0.163,0.012
flowers/daisy/4584890753_14ea24a619_n.jpg,anh_nho,,,,,,,
flowers/daisy/4598422221_b37313a3e3_n.jpg,nhieu_hoa_hoac_nen_roi,0.548,1.255,0.797,0.295,0.193,0.0,0.051
flowers/daisy/4610018126_21f438d2dc_m.jpg,anh_nho,,,,,,,
flowers/daisy/4613992315_143ccc2a10_m.jpg,lech_tam,1.0,1.4,0.943,0.313,0.214,0.0,0.0
flowers/daisy/4654579740_6671a53627_m.jpg,anh_nho,,,,,,,
flowers/daisy/4666648087_b10f376f19.jpg,nhieu_hoa_hoac_nen_roi,0.794,1.6,0.789,0.229,0.419,0.0,0.053
flowers/daisy/4669117051_ce61e91b76.jpg,nhieu_hoa_hoac_nen_roi,0.328,1.115,0.876,0.365,0.476,0.0,0.0
flowers/daisy/4683997791_56e7d3c03c_n.jpg,khong_phai_goc_nhin_tren_xuong(dai),1.0,1.556,0.786,0.235,0.029,0.0,0.0
flowers/daisy/4694730335_2553e77aa5_z.jpg,lech_tam,1.0,1.28,0.879,0.319,0.43,0.0,0.0
flowers/daisy/4694734757_5c563d38dd_n.jpg,lech_tam,1.0,1.333,0.9,0.314,0.247,0.0,0.031
flowers/daisy/4697206799_19dd2a3193_m.jpg,lech_tam,1.0,1.0,0.623,0.29,0.2,0.0,0.0
flowers/daisy/4733590002_f6a70b4f48_n.jpg,khong_thay_hoa,,,,,,,
flowers/daisy/4746633946_23933c0810.jpg,lech_tam,1.0,1.042,0.904,0.403,0.275,0.057,0.0
flowers/daisy/4753134939_8e87649db6.jpg,khong_thay_hoa,,,,,,,
flowers/daisy/4757448834_a29a9538c9_n.jpg,hoa_sat_bien_khong_crop_duoc,1.0,2.261,0.873,0.179,0.414,0.152,0.0
flowers/daisy/476856232_7c35952f40_n.jpg,khong_thay_hoa,,,,,,,
flowers/daisy/476857510_d2b30175de_n.jpg,khong_thay_hoa,,,,,,,
flowers/daisy/4785888250_b661eac225_n.jpg,anh_nho,,,,,,,
flowers/daisy/4790631791_21e9648097_n.jpg,anh_nho,,,,,,,
flowers/daisy/4814515275_6e25a6c18f.jpg,hoa_sat_bien_khong_crop_duoc,1.0,1.267,0.779,0.286,0.14,0.129,0.0
flowers/daisy/4820415253_15bc3b6833_n.jpg,lech_tam,1.0,1.115,0.827,0.345,0.243,0.0,0.0
flowers/daisy/4837182901_69a6cc782b_n.jpg,hoa_sat_bien_khong_crop_duoc,1.0,1.774,0.801,0.21,0.053,0.125,0.0
flowers/daisy/4858518329_7563eb0baa_m.jpg,anh_nho,,,,,,,
flowers/daisy/4861391074_c3e122dab0_m.jpg,anh_nho,,,,,,,
flowers/daisy/4865691548_00319261b8.jpg,anh_nho,,,,,,,
flowers/daisy/488202750_c420cbce61.jpg,hoa_sat_bien_khong_crop_duoc,1.0,1.312,0.855,0.303,0.055,0.158,0.0
flowers/daisy/4897587985_f9293ea1ed.jpg,lech_tam,1.0,1.061,0.862,0.378,0.452,0.0,0.0
flowers/daisy/4955671608_8d3862db05_n.jpg,anh_nho,,,,,,,
flowers/daisy/498159452_b71afd65ba.jpg,khong_thay_hoa,,,,,,,
flowers/daisy/4993492878_11fd4f5d12.jpg,khong_thay_hoa,,,,,,,
flowers/daisy/5014137563_d03eb0ed75_n.jpg,khong_thay_hoa,,,,,,,
flowers/daisy/5054771689_00dd40b971_n.jpg,lech_tam,1.0,1.07,0.826,0.359,0.185,0.0,0.0
flowers/daisy/5058708968_8bdcd29e63_n.jpg,nhieu_hoa_hoac_nen_roi,0.383,1.061,0.847,0.371,0.341,0.0,0.0
flowers/daisy/506018088_4f7a15a7c5_n.jpg,hoa_sat_bien_khong_crop_duoc,1.0,1.218,0.905,0.345,0.132,0.122,0.0
flowers/daisy/510844526_858b8fe4db.jpg,khong_thay_hoa,,,,,,,
flowers/daisy/5109508979_68e3530791_m.jpg,anh_nho,,,,,,,
flowers/daisy/5110107234_12ddc0206b_m.jpg,anh_nho,,,,,,,
flowers/daisy/5110109540_beed4ed162_m.jpg,anh_nho,,,,,,,
flowers/daisy/5110110938_9da91455c4_m.jpg,anh_nho,,,,,,,
flowers/daisy/512177035_70afc925c8.jpg,khong_thay_hoa,,,,,,,
flowers/daisy/512477177_d9004cbcf1_n.jpg,khong_thay_hoa,,,,,,,
flowers/daisy/5133243796_44de429de5_m.jpg,anh_nho,,,,,,,
flowers/daisy/5135131051_102d4878ca_n.jpg,anh_nho,,,,,,,
flowers/daisy/515112668_a49c69455a.jpg,hoa_sat_bien_khong_crop_duoc,1.0,1.618,0.554,0.159,0.06,0.142,0.0
flowers/daisy/517054463_036db655a1_m.jpg,anh_nho,,,,,,,
flowers/daisy/519880292_7a3a6c6b69.jpg,hoa_sat_bien_khong_crop_duoc,1.0,1.189,0.834,0.326,0.143,0.133,0.0
flowers/daisy/520752848_4b87fb91a4.jpg,khong_thay_hoa,,,,,,,
flowers/daisy/525271784_013ddccd1b_m.jpg,anh_nho,,,,,,,
flowers/daisy/530738000_4df7e4786b.jpg,khong_thay_hoa,,,,,,,
flowers/daisy/538920244_59899a78f8_n.jpg,khong_phai_goc_nhin_tren_xuong(dai),1.0,0.67,0.864,0.269,0.186,0.0,0.0
flowers/daisy/5434742166_35773eba57_m.jpg,anh_nho,,,,,,,
flowers/daisy/5434901893_4550be3f84_m.jpg,anh_nho,,,,,,,
flowers/daisy/5434914569_e9b982fde0_n.jpg,hoa_sat_bien_khong_crop_duoc,1.0,1.643,0.732,0.207,0.046,0.144,0.0
flowers/daisy/5435513198_90ce39f1aa_n.jpg,lech_tam,1.0,1.17,0.881,0.35,0.287,0.0,0.0
flowers/daisy/5435522104_1d6a61b431_n.jpg,hoa_sat_bien_khong_crop_duoc,1.0,1.532,0.82,0.249,0.05,0.155,0.0
flowers/daisy/5459481183_18d2d49e44_m.jpg,anh_nho,,,,,,,
flowers/daisy/5512287917_9f5d3f0f98_n.jpg,lech_tam,1.0,0.909,0.776,0.328,0.339,0.0,0.018
flowers/daisy/5547758_eea9edfd54_n.jpg,hoa_sat_bien_khong_crop_duoc,1.0,1.5,0.854,0.265,0.17,0.184,0.0
flowers/daisy/5561775629_a2b709b3a4_n.jpg,hoa_sat_bien_khong_crop_duoc,1.0,1.722,0.635,0.171,0.258,0.224,0.0
flowers/daisy/5574421625_61b1f49b3f_m.jpg,khong_phai_goc_nhin_tren_xuong(dai),1.0,1.892,0.714,0.175,0.071,0.071,0.0
flowers/daisy/5577555349_2e8490259b.jpg,khong_phai_goc_nhin_tren_xuong(dai),1.0,1.481,0.889,0.279,0.258,0.0,0.0
flowers/daisy/5586977262_6b24412805_n.jpg,khong_thay_hoa,,,,,,,
flowers/daisy/5602738326_97121e007d_n.jpg,khong_phai_goc_nhin_tren_xuong(dai),1.0,0.547,0.938,0.239,0.005,0.016,0.0
flowers/daisy/5623010186_796ca8d29a.jpg,lech_tam,1.0,1.098,0.847,0.359,0.266,0.0,0.0
flowers/daisy/5665834973_76bd6c6523_m.jpg,anh_nho,,,,,,,
flowers/daisy/5665838969_fe217988b9_m.jpg,anh_nho,,,,,,,
flowers/daisy/5673551_01d1ea993e_n.jpg,lech_tam,1.0,0.977,0.94,0.427,0.451,0.0,0.0
flowers/daisy/5673728_71b8cb57eb.jpg,khong_thay_hoa,,,,,,,
flowers/daisy/5679288570_b4c52e76d5.jpg,khong_phai_goc_nhin_tren_xuong(dai),77.0,0.643,0.778,0.232,0.246,0.0,0.0
flowers/daisy/5700781400_65761f3fce.jpg,lech_tam,1.0,0.87,1.005,0.406,0.659,0.0,0.0
flowers/daisy/5714327423_50af0cffe9.jpg,khong_thay_hoa,,,,,,,
flowers/daisy/5722473541_ffac1ae67e_n.jpg,khong_phai_goc_nhin_tren_xuong(dai),1.0,5.778,0.813,0.065,0.251,0.0,0.0
flowers/daisy/5739768868_9f982684f9_n.jpg,khong_thay_hoa,,,,,,,
flowers/daisy/5740004086_690a1eef85_n.jpg,anh_nho,,,,,,,
flowers/daisy/5765646947_82e95a9cc9_n.jpg,khong_thay_hoa,,,,,,,
flowers/daisy/5769217520_c90efc3c93_m.jpg,anh_nho,,,,,,,
flowers/daisy/5773652803_574b51414f_n.jpg,hoa_sat_bien_khong_crop_duoc,1.0,2.523,0.629,0.116,0.128,0.181,0.0
flowers/daisy/5794835_d15905c7c8_n.jpg,hoa_sat_bien_khong_crop_duoc,1.0,2.065,0.826,0.186,0.126,0.23,0.0
flowers/daisy/5794839_200acd910c_n.jpg,hoa_sat_bien_khong_crop_duoc,1.0,1.333,0.918,0.32,0.033,0.163,0.0
flowers/daisy/5795159787_ebb51a5e75.jpg,lech_tam,1.0,0.947,0.763,0.336,0.221,0.0,0.0
flowers/daisy/5796562389_ae43c83317_m.jpg,anh_nho,,,,,,,
flowers/daisy/5811226952_4650ed70ae_n.jpg,khong_phai_goc_nhin_tren_xuong(dai),1.0,2.818,0.683,0.113,0.452,0.0,0.0
flowers/daisy/5869147563_66fb88119d.jpg,khong_thay_hoa,,,,,,,
flowers/daisy/5874818796_3efbb8769d.jpg,khong_thay_hoa,,,,,,,
flowers/daisy/5876455546_32049e5585.jpg,nhieu_hoa_hoac_nen_roi,0.533,1.529,0.775,0.235,0.356,0.0,0.0
flowers/daisy/5884807222_22f5326ba8_m.jpg,nhieu_hoa_hoac_nen_roi,0.287,1.206,0.811,0.313,0.227,0.0,0.157
flowers/daisy/5885826924_38fdc6bcaa_n.jpg,hoa_sat_bien_khong_crop_duoc,1.0,2.164,0.763,0.164,0.034,0.141,0.0
flowers/daisy/5896103923_075a988bed_n.jpg,anh_nho,,,,,,,
flowers/daisy/5896105367_fa08a65869_n.jpg,anh_nho,,,,,,,
flowers/daisy/5896110423_e084b33401_n.jpg,anh_nho,,,,,,,
flowers/daisy/5896674046_a4879f718e_n.jpg,anh_nho,,,,,,,
flowers/daisy/5896675418_e6ff20a739_n.jpg,anh_nho,,,,,,,
flowers/daisy/5896676090_68bb74b1e9_n.jpg,anh_nho,,,,,,,
flowers/daisy/5896679822_5f60d35c33_n.jpg,anh_nho,,,,,,,
flowers/daisy/5896680664_641de2de5a_n.jpg,anh_nho,,,,,,,
flowers/daisy/5904946193_bd1eb1f39d_n.jpg,anh_nho,,,,,,,
flowers/daisy/5905502226_bb23bd8fa0_n.jpg,anh_nho,,,,,,,
flowers/daisy/5905504340_1d60fa9611_n.jpg,anh_nho,,,,,,,
flowers/daisy/5924910021_b6debeb7b5_n.jpg,anh_nho,,,,,,,
flowers/daisy/5944315415_2be8abeb2f_m.jpg,hoa_sat_bien_khong_crop_duoc,1.0,1.983,1.059,0.248,0.224,0.214,0.012
flowers/daisy/5948835387_5a98d39eff_m.jpg,anh_nho,,,,,,,
flowers/daisy/5973488341_50bdf6cee3_n.jpg,hoa_sat_bien_khong_crop_duoc,1.0,1.91,0.863,0.21,0.023,0.189,0.0
flowers/daisy/5973491805_556bba93cc.jpg,nhieu_hoa_hoac_nen_roi,0.766,1.528,0.863,0.263,0.175,0.0,0.069
flowers/daisy/5997702776_c7bc37aa6b_n.jpg,khong_phai_goc_nhin_tren_xuong(dai),1.0,1.541,0.952,0.287,0.078,0.0,0.0
flowers/daisy/6046940312_8faf552f3e_n.jpg,anh_nho,,,,,,,
flowers/daisy/6054952060_c88612f3c5_n.jpg,khong_phai_goc_nhin_tren_xuong(dai),1.0,1.512,0.733,0.225,0.276,0.092,0.0
flowers/daisy/6095817094_3a5b1d793d.jpg,khong_phai_goc_nhin_tren_xuong(dai),1.0,1.854,0.695,0.174,0.272,0.0,0.0
flowers/daisy/6136947177_47ff445eb4_n.jpg,nhieu_hoa_hoac_nen_roi,179.0,2.25,0.703,0.145,0.444,0.0,0.106
flowers/daisy/6148728633_27afc47b0c_m.jpg,anh_nho,,,,,,,
flowers/daisy/6207492986_0ff91f3296.jpg,lech_tam,1.0,0.882,0.833,0.341,0.322,0.0,0.0
flowers/daisy/6208851904_9d916ebb32_n.jpg,khong_phai_goc_nhin_tren_xuong(dai),1.0,1.667,0.897,0.25,0.054,0.0,0.0
flowers/daisy/6210664514_f1d211217a.jpg,khong_thay_hoa,,,,,,,
flowers/daisy/6299910262_336309ffa5_n.jpg,lech_tam,1.0,1.179,0.88,0.347,0.192,0.113,0.0
flowers/daisy/6323721068_3d3394af6d_n.jpg,hoa_sat_bien_khong_crop_duoc,1.0,1.232,0.827,0.312,0.123,0.124,0.0
flowers/daisy/6480809771_b1e14c5cc2_m.jpg,anh_nho,,,,,,,
flowers/daisy/6529588249_d9cbe68aab_n.jpg,hoa_sat_bien_khong_crop_duoc,1.0,1.539,0.935,0.282,0.086,0.168,0.0
flowers/daisy/6596277835_9f86da54bb.jpg,lech_tam,1.0,1.294,0.889,0.319,0.342,0.0,0.0
flowers/daisy/6776075110_1ea7a09dd4_n.jpg,khong_thay_hoa,,,,,,,
flowers/daisy/6910811638_aa6f17df23.jpg,khong_thay_hoa,,,,,,,
flowers/daisy/695778683_890c46ebac.jpg,khong_phai_goc_nhin_tren_xuong(dai),1.0,1.474,0.504,0.159,0.131,0.087,0.0
flowers/daisy/6978826370_7b9aa7c7d5.jpg,lech_tam,1.0,1.2,0.865,0.335,0.296,0.0,0.0
flowers/daisy/705422469_ffa28c566d.jpg,nhieu_hoa_hoac_nen_roi,0.608,1.4,1.005,0.334,0.283,0.0,0.0
flowers/daisy/7066602021_2647457985_m.jpg,khong_thay_hoa,,,,,,,
flowers/daisy/7133935763_82b17c8e1b_n.jpg,nhieu_hoa_hoac_nen_roi,0.531,1.04,0.966,0.432,0.382,0.0,0.0
flowers/daisy/7188513571_c8527b123a_n.jpg,anh_nho,,,,,,,
flowers/daisy/7199968650_72afc16d31_m.jpg,anh_nho,,,,,,,
flowers/daisy/7227973870_806d9d3e42_n.jpg,hoa_sat_bien_khong_crop_duoc,1.0,1.141,0.626,0.255,0.172,0.141,0.0
flowers/daisy/7288989324_c25d9febbf.jpg,khong_phai_goc_nhin_tren_xuong(dai),1.0,2.143,0.759,0.165,0.284,0.0,0.0
flowers/daisy/7320089276_87b544e341.jpg,khong_thay_hoa,,,,,,,
flowers/daisy/7335886184_d06a83f640.jpg,lech_tam,1.0,1.333,1.036,0.361,0.313,0.0,0.0
flowers/daisy/7357072446_c21c38c863_n.jpg,anh_nho,,,,,,,
flowers/daisy/7358085448_b317d11cd5.jpg,khong_thay_hoa,,,,,,,
flowers/daisy/7410356270_9dff4d0e2e_n.jpg,hoa_sat_bien_khong_crop_duoc,1.0,2.07,0.621,0.14,0.13,0.125,0.0
flowers/daisy/7454630692_ab2d67dd18_m.jpg,anh_nho,,,,,,,
flowers/daisy/7538403124_f2fc48750a.jpg,hoa_sat_bien_khong_crop_duoc,1.0,2.172,0.644,0.138,0.127,0.264,0.0
flowers/daisy/754248840_95092de274.jpg,lech_tam,1.0,1.155,0.799,0.322,0.252,0.098,0.0
flowers/daisy/754296579_30a9ae018c_n.jpg,hoa_sat_bien_khong_crop_duoc,1.0,1.429,0.802,0.261,0.055,0.185,0.0
flowers/daisy/7629784968_b953501902_n.jpg,khong_phai_goc_nhin_tren_xuong(dai),1.0,1.553,0.922,0.276,0.097,0.0,0.0
flowers/daisy/7630511450_02d3292e90.jpg,lech_tam,1.0,1.059,0.766,0.336,0.193,0.0,0.0
flowers/daisy/7630517248_98fb8bee1f_n.jpg,khong_thay_hoa,,,,,,,
flowers/daisy/7633425046_8293e3d0e9_m.jpg,khong_thay_hoa,,,,,,,
flowers/daisy/7702332000_3f21ef4571_n.jpg,khong_thay_hoa,,,,,,,
flowers/daisy/7924174040_444d5bbb8a.jpg,nhieu_hoa_hoac_nen_roi,35.0,1.6,1.114,0.324,0.177,0.0,0.109
flowers/daisy/799952628_bf836677fa_n.jpg,khong_thay_hoa,,,,,,,
flowers/daisy/8008258043_5457dd254b_n.jpg,khong_thay_hoa,,,,,,,
flowers/daisy/8008629838_c62bb2b016_n.jpg,anh_nho,,,,,,,
flowers/daisy/8021540573_c56cf9070d_n.jpg,khong_phai_goc_nhin_tren_xuong(dai),1.0,2.0,0.471,0.109,0.217,0.0,0.0
flowers/daisy/8063844363_db3f4dea85.jpg,hoa_sat_bien_khong_crop_duoc,1.0,1.429,0.872,0.284,0.045,0.165,0.0
flowers/daisy/8071646795_2fdc89ab7a_n.jpg,hoa_sat_bien_khong_crop_duoc,1.0,1.286,0.842,0.304,0.156,0.121,0.0
flowers/daisy/8085329197_41d53a21e2_n.jpg,lech_tam,1.0,1.381,0.926,0.312,0.343,0.018,0.0
flowers/daisy/8094774544_35465c1c64.jpg,lech_tam,1.0,1.13,0.728,0.299,0.675,0.0,0.0
flowers/daisy/8120563761_ed5620664f_m.jpg,khong_thay_hoa,,,,,,,
flowers/daisy/8127252886_96558c23d1.jpg,khong_phai_goc_nhin_tren_xuong(dai),1.0,1.623,0.902,0.258,0.067,0.102,0.0
flowers/daisy/8322526877_95d1c0f8bc_n.jpg,khong_phai_goc_nhin_tren_xuong(dai),1.0,1.636,0.883,0.251,0.3,0.0,0.0
flowers/daisy/8348621545_8f02b82662_n.jpg,lech_tam,1.0,1.07,0.886,0.385,0.336,0.0,0.0
flowers/daisy/8383753520_8391dd80ee_m.jpg,anh_nho,,,,,,,
flowers/daisy/8405273313_bef13f6c27_n.jpg,anh_nho,,,,,,,
flowers/daisy/8489463746_a9839bf7e4.jpg,hoa_sat_bien_khong_crop_duoc,1.0,1.417,0.932,0.306,0.01,0.161,0.0
flowers/daisy/8616684075_71923bb771_n.jpg,hoa_sat_bien_khong_crop_duoc,1.0,1.25,0.963,0.358,0.02,0.124,0.0
flowers/daisy/8681746439_d6beeefbf9.jpg,lech_tam,1.0,1.294,0.712,0.256,0.247,0.0,0.0
flowers/daisy/8694909523_3ca25d449d_n.jpg,khong_thay_hoa,,,,,,,
flowers/daisy/8696022686_1f8d62c5cb_m.jpg,lech_tam,1.0,1.318,0.912,0.322,0.44,0.0,0.0
flowers/daisy/8708143485_38d084ac8c_n.jpg,nhieu_hoa_hoac_nen_roi,0.545,2.059,0.837,0.189,0.403,0.0,0.0
flowers/daisy/8709535323_a6bea3e43f.jpg,khong_thay_hoa,,,,,,,
flowers/daisy/8710109684_e2c5ef6aeb_n.jpg,lech_tam,1.0,1.211,0.894,0.343,0.249,0.0,0.0
flowers/daisy/8740807508_0587f5b7b7.jpg,khong_phai_goc_nhin_tren_xuong(dai),65.0,1.571,1.075,0.318,0.2,0.0,0.031
flowers/daisy/8742143296_fed9fa007c.jpg,hoa_sat_bien_khong_crop_duoc,1.0,1.693,0.812,0.223,0.035,0.19,0.0
flowers/daisy/8759177308_951790e00d_m.jpg,anh_nho,,,,,,,
flowers/daisy/8882282142_9be2524d38_m.jpg,anh_nho,,,,,,,
flowers/daisy/8887005939_b19e8305ee.jpg,hoa_sat_bien_khong_crop_duoc,1.0,2.404,0.887,0.171,0.121,0.217,0.0
flowers/daisy/8932490012_cc08e690ba_n.jpg,nhieu_hoa_hoac_nen_roi,0.742,1.628,0.86,0.246,0.325,0.116,0.008
flowers/daisy/8938566373_d129e7af75.jpg,nhieu_hoa_hoac_nen_roi,0.807,1.415,0.803,0.264,0.118,0.0,0.054
flowers/daisy/8964198962_6d8593b533.jpg,khong_thay_hoa,,,,,,,
flowers/daisy/8983779970_9d3a6a3bf2_n.jpg,khong_thay_hoa,,,,,,,
flowers/daisy/9054268881_19792c5203_n.jpg,hinh_dang_khong_tron,1.0,1.238,0.498,0.187,0.022,0.053,0.0
flowers/daisy/9094631844_1a6abca29e.jpg,khong_thay_hoa,,,,,,,
flowers/daisy/9120905231_329598304e.jpg,khong_thay_hoa,,,,,,,
flowers/daisy/9158041313_7a6a102f7a_n.jpg,khong_thay_hoa,,,,,,,
flowers/daisy/9175280426_40ecc395b8_m.jpg,khong_phai_goc_nhin_tren_xuong(dai),1.0,1.6,0.744,0.216,0.14,0.0,0.0
flowers/daisy/9180706736_092d43088c.jpg,lech_tam,1.0,1.036,0.826,0.37,0.348,0.0,0.0
flowers/daisy/9204730092_a7f2182347.jpg,khong_thay_hoa,,,,,,,
flowers/daisy/9221345475_67735dbf4f_n.jpg,anh_nho,,,,,,,
flowers/daisy/9225336602_e6c392f941_n.jpg,anh_nho,,,,,,,
flowers/daisy/9242705328_eee8402a8d.jpg,lech_tam,1.0,0.769,0.697,0.249,0.194,0.0,0.0
flowers/daisy/9244082319_b1f7e2d8b0_n.jpg,hoa_sat_bien_khong_crop_duoc,1.0,1.571,0.847,0.25,0.117,0.177,0.0
flowers/daisy/9286947622_4822f4fc21.jpg,lech_tam,1.0,1.071,0.986,0.428,0.238,0.0,0.0
flowers/daisy/9310226774_d1b8f5d9c9.jpg,hoa_sat_bien_khong_crop_duoc,1.0,1.337,0.714,0.248,0.07,0.175,0.0
flowers/daisy/9321854387_5f77c926cb_n.jpg,khong_phai_goc_nhin_tren_xuong(dai),1.0,3.5,0.677,0.09,0.311,0.035,0.0
flowers/daisy/9345273630_af3550031d.jpg,khong_thay_hoa,,,,,,,
flowers/daisy/9346508462_f0af3163f4.jpg,khong_thay_hoa,,,,,,,
flowers/daisy/9350942387_5b1d043c26_n.jpg,khong_phai_goc_nhin_tren_xuong(dai),1.0,2.273,0.949,0.194,0.279,0.0,0.0
flowers/daisy/9467543719_c4800becbb_m.jpg,anh_nho,,,,,,,
flowers/daisy/9593034725_0062f0d24e_n.jpg,hoa_sat_bien_khong_crop_duoc,1.0,1.694,0.737,0.202,0.046,0.195,0.0
flowers/daisy/9922116524_ab4a2533fe_n.jpg,khong_phai_goc_nhin_tren_xuong(dai),1.0,1.673,0.917,0.255,0.228,0.119,0.0
flowers/daisy/99306615_739eb94b9e_m.jpg,anh_nho,,,,,,,
flowers/dandelion/10200780773_c6051a7d71_n.jpg,lech_tam,1.0,0.947,0.742,0.327,0.338,0.0,0.02
flowers/dandelion/10294487385_92a0676c7d_m.jpg,anh_nho,,,,,,,
flowers/dandelion/10443973_aeb97513fc_m.jpg,anh_nho,,,,,,,
flowers/dandelion/10477378514_9ffbcec4cf_m.jpg,anh_nho,,,,,,,
flowers/dandelion/10683189_bd6e371b97.jpg,khong_phai_goc_nhin_tren_xuong(dai),1.0,0.635,0.669,0.198,0.123,0.048,0.0
flowers/dandelion/10777398353_5a20bb218c.jpg,lech_tam,1.0,1.149,0.939,0.38,0.301,0.0,0.0
flowers/dandelion/10778387133_9141024b10.jpg,khong_thay_hoa,,,,,,,
flowers/dandelion/10779476016_9130714dc0.jpg,lech_tam,1.0,1.143,0.864,0.351,0.216,0.0,0.0
flowers/dandelion/1080179756_5f05350a59.jpg,khong_thay_hoa,,,,,,,
flowers/dandelion/10828951106_c3cd47983f.jpg,khong_thay_hoa,,,,,,,
flowers/dandelion/11124381625_24b17662bd_n.jpg,lech_tam,1.0,1.315,0.961,0.34,0.265,0.075,0.0
flowers/dandelion/11296320473_1d9261ddcb.jpg,khong_phai_goc_nhin_tren_xuong(dai),57.0,4.25,1.067,0.117,0.352,0.0,0.0
flowers/dandelion/11545123_50a340b473_m.jpg,anh_nho,,,,,,,
flowers/dandelion/11768468623_9399b5111b_n.jpg,lech_tam,1.0,1.064,0.922,0.403,0.212,0.0,0.0
flowers/dandelion/1193386857_3ae53574f2_m.jpg,anh_nho,,,,,,,
flowers/dandelion/12093962485_7c3e9a2a23_n.jpg,anh_nho,,,,,,,
flowers/dandelion/12094442595_297494dba4_m.jpg,anh_nho,,,,,,,
flowers/dandelion/1241011700_261ae180ca.jpg,hoa_sat_bien_khong_crop_duoc,1.0,1.71,0.714,0.194,0.083,0.143,0.0
flowers/dandelion/126012913_edf771c564_n.jpg,lech_tam,1.0,1.28,0.969,0.352,0.21,0.0,0.0
flowers/dandelion/129019877_8eea2978ca_m.jpg,khong_thay_hoa,,,,,,,
flowers/dandelion/12998979765_3de89e7195_n.jpg,khong_thay_hoa,,,,,,,
flowers/dandelion/130733200_fbe28eea19.jpg,khong_thay_hoa,,,,,,,
flowers/dandelion/13331969914_890082d898_n.jpg,lech_tam,1.0,0.955,0.905,0.402,0.278,0.0,0.0
flowers/dandelion/13386618495_3df1f1330d.jpg,nhieu_hoa_hoac_nen_roi,0.762,1.548,0.862,0.259,0.054,0.0,0.096
flowers/dandelion/13471273823_4800ca8eec.jpg,khong_phai_goc_nhin_tren_xuong(dai),101.0,0.6,0.953,0.266,0.445,0.0,0.0
flowers/dandelion/136011860_44ca0b2835_n.jpg,hoa_sat_bien_khong_crop_duoc,1.0,1.432,0.944,0.306,0.084,0.19,0.0
flowers/dandelion/136999986_e410a68efb_n.jpg,khong_phai_goc_nhin_tren_xuong(dai),1.0,1.6,0.898,0.261,0.012,0.0,0.0
flowers/dandelion/13734221225_0e04edc6b6.jpg,khong_thay_hoa,,,,,,,
flowers/dandelion/13807932364_673b7f1c1c_n.jpg,nhieu_hoa_hoac_nen_roi,0.65,1.216,0.516,0.197,0.183,0.0,0.039
flowers/dandelion/138132145_782763b84f_m.jpg,anh_nho,,,,,,,
flowers/dandelion/138166590_47c6cb9dd0.jpg,lech_tam,1.0,1.071,0.963,0.418,0.191,0.071,0.0
flowers/dandelion/1386449001_5d6da6bde6.jpg,khong_thay_hoa,,,,,,,
flowers/dandelion/13881700933_69a750d418_n.jpg,lech_tam,1.0,1.3,0.855,0.306,0.387,0.0,0.0
flowers/dandelion/13887031789_97437f246b.jpg,khong_phai_goc_nhin_tren_xuong(dai),1.0,2.059,0.618,0.14,0.268,0.034,0.0
flowers/dandelion/13887066460_64156a9021.jpg,nhieu_hoa_hoac_nen_roi,0.52,0.723,0.735,0.247,0.313,0.0,0.019
flowers/dandelion/13897156242_dca5d93075_m.jpg,khong_phai_goc_nhin_tren_xuong(dai),1.0,1.547,0.839,0.252,0.188,0.0,0.0
flowers/dandelion/13910677675_4900fa3dbf_n.jpg,lech_tam,1.0,0.75,0.92,0.321,0.204,0.0,0.0
flowers/dandelion/14002252932_64d5cbdac7.jpg,khong_phai_goc_nhin_tren_xuong(dai),1.0,0.444,0.723,0.149,0.163,0.0,0.0
flowers/dandelion/14003401241_543535b385.jpg,khong_phai_goc_nhin_tren_xuong(dai),1.0,0.558,0.656,0.17,0.185,0.0,0.0
flowers/dandelion/14012247974_69ac128799.jpg,lech_tam,1.0,1.297,0.959,0.344,0.436,0.01,0.0
flowers/dandelion/14019781123_ea0f8722d4_n.jpg,khong_thay_hoa,,,,,,,
flowers/dandelion/14053173516_a00150a919_m.jpg,hoa_sat_bien_khong_crop_duoc,1.0,1.255,0.894,0.331,0.08,0.133,0.0
flowers/dandelion/14053184940_7ced69250f_n.jpg,anh_nho,,,,,,,
flowers/dandelion/14053397367_75cba846eb_n.jpg,hoa_sat_bien_khong_crop_duoc,1.0,1.258,1.089,0.402,0.02,0.121,0.0
flowers/dandelion/14058811536_f29cd7bd58_n.jpg,lech_tam,1.0,1.02,0.938,0.428,0.211,0.0,0.0
flowers/dandelion/14060367700_fe87e99b6a_m.jpg,khong_phai_goc_nhin_tren_xuong(dai),1.0,1.553,0.688,0.206,0.24,0.0,0.0
flowers/dandelion/14070457521_8eb41f65fa.jpg,nhieu_hoa_hoac_nen_roi,0.417,0.821,0.698,0.266,0.261,0.0,0.0
flowers/dandelion/14070463051_86ab57ab36.jpg,khong_phai_goc_nhin_tren_xuong(dai),1.0,0.564,0.739,0.194,0.35,0.0,0.0
flowers/dandelion/14076873230_d0bd53b220.jpg,khong_thay_hoa,,,,,,,
flowers/dandelion/14084345111_8a4cb05a31.jpg,khong_thay_hoa,,,,,,,
flowers/dandelion/14085038920_2ee4ce8a8d.jpg,khong_thay_hoa,,,,,,,
flowers/dandelion/14093744313_b66bc95072.jpg,lech_tam,1.0,1.133,0.794,0.326,0.27,0.0,0.0
flowers/dandelion/14093789753_f0f1acdb57.jpg,khong_phai_goc_nhin_tren_xuong(dai),1.0,3.0,0.357,0.055,0.206,0.0,0.0
flowers/dandelion/140951103_69847c0b7c.jpg,hoa_sat_bien_khong_crop_duoc,1.0,1.208,0.901,0.347,0.045,0.122,0.0
flowers/dandelion/14128839257_23def53028.jpg,hoa_sat_bien_khong_crop_duoc,1.0,1.639,0.901,0.255,0.137,0.198,0.0
flowers/dandelion/141340262_ca2e576490.jpg,hoa_sat_bien_khong_crop_duoc,1.0,1.56,0.809,0.241,0.077,0.197,0.0
flowers/dandelion/14185089716_2a48298d17.jpg,khong_thay_hoa,,,,,,,
flowers/dandelion/14199664556_188b37e51e.jpg,hoa_sat_bien_khong_crop_duoc,1.0,1.275,1.071,0.39,0.137,0.123,0.0
flowers/dandelion/14202166370_e989588332.jpg,khong_phai_goc_nhin_tren_xuong(dai),1.0,1.935,0.649,0.156,0.137,0.0,0.003
flowers/dandelion/1426682852_e62169221f_m.jpg,anh_nho,,,,,,,
flowers/dandelion/14278605962_d3cce5522f.jpg,khong_thay_hoa,,,,,,,
flowers/dandelion/142813254_20a7fd5fb6_n.jpg,khong_phai_goc_nhin_tren_xuong(dai),1.0,1.633,0.816,0.232,0.018,0.032,0.0
flowers/dandelion/14292205986_da230467ef.jpg,hoa_sat_bien_khong_crop_duoc,1.0,1.338,0.758,0.263,0.103,0.185,0.0
flowers/dandelion/14306875733_61d71c64c0_n.jpg,khong_thay_hoa,,,,,,,
flowers/dandelion/14313509432_6f2343d6c8_m.jpg,anh_nho,,,,,,,
flowers/dandelion/14335561523_f847f2f4f1.jpg,lech_tam,1.0,1.167,0.941,0.375,0.37,0.05,0.0
flowers/dandelion/14362539701_cf19e588ca.jpg,nhieu_hoa_hoac_nen_roi,35.0,1.6,1.114,0.324,0.424,0.0,0.125
flowers/dandelion/14368895004_c486a29c1e_n.jpg,hoa_sat_bien_khong_crop_duoc,1.0,1.447,0.627,0.201,0.07,0.123,0.0
flowers/dandelion/14373114081_7922bcf765_n.jpg,khong_phai_goc_nhin_tren_xuong(dai),54.0,0.636,0.893,0.264,0.302,0.0,0.031
flowers/dandelion/14404468648_37903d7025_m.jpg,lech_tam,1.0,1.371,0.881,0.298,0.19,0.0,0.0
flowers/dandelion/14439618952_470224b89b_n.jpg,hoa_sat_bien_khong_crop_duoc,1.0,1.364,0.683,0.233,0.06,0.138,0.0
flowers/dandelion/14455605089_8bbfb41cd7_n.jpg,hoa_sat_bien_khong_crop_duoc,1.0,1.275,0.9,0.328,0.127,0.12,0.0
flowers/dandelion/14457225751_645a3784fd_n.jpg,lech_tam,153.0,1.071,0.928,0.402,0.273,0.0,0.0
flowers/dandelion/144686365_d7e96941ee_n.jpg,khong_thay_hoa,,,,,,,
flowers/dandelion/14469481104_d0e29f7ffd.jpg,khong_phai_goc_nhin_tren_xuong(dai),87.0,0.562,0.769,0.201,0.298,0.0,0.0
flowers/dandelion/145173479_7d04346c20.jpg,lech_tam,1.0,1.298,0.702,0.251,0.24,0.054,0.0
flowers/dandelion/14554897292_b3e30e52f2.jpg,lech_tam,1.0,1.0,0.95,0.441,0.205,0.044,0.0
flowers/dandelion/14576445793_582aa6446b_m.jpg,lech_tam,1.0,0.789,0.694,0.255,0.193,0.0,0.0
flowers/dandelion/146242691_44d9c9d6ce_n.jpg,hoa_sat_bien_khong_crop_duoc,1.0,3.731,0.819,0.102,0.277,0.312,0.0
flowers/dandelion/14648777167_1d92d403c9_n.jpg,khong_thay_hoa,,,,,,,
flowers/dandelion/14761980161_2d6dbaa4bb_m.jpg,anh_nho,,,,,,,
flowers/dandelion/14805304536_c321a7b061_n.jpg,khong_thay_hoa,,,,,,,
flowers/dandelion/14845607659_1be18c5d7f.jpg,khong_thay_hoa,,,,,,,
flowers/dandelion/148698493_5710e5f472.jpg,khong_thay_hoa,,,,,,,
flowers/dandelion/14884028290_a1344eb446.jpg,khong_thay_hoa,,,,,,,
flowers/dandelion/14914603395_b271ffab56_n.jpg,khong_thay_hoa,,,,,,,
flowers/dandelion/149782934_21adaf4a21.jpg,khong_phai_goc_nhin_tren_xuong(dai),1.0,0.618,0.408,0.117,0.128,0.0,0.0
flowers/dandelion/15002906952_cab2cb29cf.jpg,lech_tam,1.0,1.07,0.758,0.329,0.404,0.0,0.01
flowers/dandelion/15005530987_e13b328047_n.jpg,lech_tam,1.0,1.373,0.906,0.307,0.215,0.108,0.005
flowers/dandelion/151385301_153eacf6b5_n.jpg,khong_thay_hoa,,,,,,,
flowers/dandelion/151385302_f8980a257f_n.jpg,lech_tam,1.0,1.333,0.841,0.293,0.192,0.0,0.0
flowers/dandelion/15139657325_74031c44fc.jpg,khong_phai_goc_nhin_tren_xuong(dai),1.0,1.5,0.808,0.25,0.317,0.0,0.0
flowers/dandelion/151861297_55b10a03a6_n.jpg,lech_tam,1.0,0.967,0.678,0.305,0.191,0.021,0.0
flowers/dandelion/15219268336_f2460fca88_m.jpg,anh_nho,,,,,,,
flowers/dandelion/15268682367_5a4512b29f_m.jpg,anh_nho,,,,,,,
flowers/dandelion/15297244181_011883a631_m.jpg,nhieu_hoa_hoac_nen_roi,0.507,1.183,0.796,0.313,0.195,0.0,0.043
flowers/dandelion/15358221063_2c6e548e84.jpg,lech_tam,1.0,1.059,0.818,0.359,0.219,0.0,0.0
flowers/dandelion/15378782362_4161b23af7_m.jpg,anh_nho,,,,,,,
flowers/dandelion/15381511376_fd743b7330_n.jpg,hoa_sat_bien_khong_crop_duoc,1.0,1.708,0.76,0.207,0.129,0.201,0.0
flowers/dandelion/15547944931_c1e095b185.jpg,hinh_dang_khong_tron,1.0,0.729,0.549,0.186,0.179,0.0,0.012
flowers/dandelion/15549402199_2890918ddb.jpg,khong_thay_hoa,,,,,,,
flowers/dandelion/155646858_9a8b5e8fc8.jpg,khong_thay_hoa,,,,,,,
flowers/dandelion/15644450971_6a28298454_n.jpg,hoa_sat_bien_khong_crop_duoc,1.0,1.5,0.824,0.255,0.169,0.161,0.0
flowers/dandelion/15782158700_3b9bf7d33e_m.jpg,anh_nho,,,,,,,
flowers/dandelion/15819121091_26a5243340_n.jpg,lech_tam,1.0,0.745,0.682,0.236,0.281,0.0,0.006
flowers/dandelion/15821571649_06c4b9a868_n.jpg,lech_tam,1.0,1.2,0.837,0.324,0.252,0.0,0.0
flowers/dandelion/158988663_6fe055fcb4.jpg,khong_thay_hoa,,,,,,,
flowers/dandelion/160456948_38c3817c6a_m.jpg,anh_nho,,,,,,,
flowers/dandelion/16096748028_7876887ab2.jpg,lech_tam,1.0,1.25,0.938,0.349,0.218,0.0,0.0
flowers/dandelion/16159487_3a6615a565_n.jpg,hoa_sat_bien_khong_crop_duoc,1.0,1.79,0.859,0.223,0.146,0.193,0.0
flowers/dandelion/16237158409_01913cf918_n.jpg,lech_tam,1.0,1.308,1.049,0.373,0.231,0.0,0.0
flowers/dandelion/16241101274_334b54731e.jpg,khong_thay_hoa,,,,,,,
flowers/dandelion/16242239484_51286673af.jpg,lech_tam,1.0,0.846,0.839,0.33,0.243,0.0,0.0
flowers/dandelion/163702807_e508544acd_n.jpg,nhieu_hoa_hoac_nen_roi,90.0,1.1,1.042,0.44,0.433,0.0,0.104
flowers/dandelion/16375088191_2bf2916b53.jpg,lech_tam,1.0,1.093,0.763,0.324,0.262,0.039,0.0
flowers/dandelion/16495282564_d8c34d6a2e_m.jpg,anh_nho,,,,,,,
flowers/dandelion/16510864164_3afa8ac37f.jpg,hoa_sat_bien_khong_crop_duoc,1.0,0.565,0.575,0.151,0.347,0.16,0.008
flowers/dandelion/1667963621_c76d570af3_n.jpg,khong_thay_hoa,,,,,,,
flowers/dandelion/16713229021_bea2533981_n.jpg,lech_tam,1.0,1.051,0.937,0.415,0.205,0.0,0.0
flowers/dandelion/16716172029_2166d8717f_m.jpg,anh_nho,,,,,,,
flowers/dandelion/16744522344_8d21b1530d_n.jpg,khong_thay_hoa,,,,,,,
flowers/dandelion/16766166609_ccb8344c9f_m.jpg,anh_nho,,,,,,,
flowers/dandelion/16911008669_ea21fd8915_n.jpg,anh_nho,,,,,,,
flowers/dandelion/16949657389_ac0ee80fd1_m.jpg,lech_tam,1.0,1.04,0.928,0.414,0.263,0.0,0.0
flowers/dandelion/16970837587_4a9d8500d7.jpg,khong_thay_hoa,,,,,,,
flowers/dandelion/16987075_9a690a2183.jpg,khong_thay_hoa,,,,,,,
flowers/dandelion/17020815734_81e8db8008_m.jpg,anh_nho,,,,,,,
flowers/dandelion/17075803866_aeeded2637.jpg,khong_thay_hoa,,,,,,,
flowers/dandelion/17077940105_d2cd7b9ec4_n.jpg,lech_tam,1.0,1.0,0.956,0.444,0.282,0.0,0.0
flowers/dandelion/17080000869_a80e767f4a_m.jpg,anh_nho,,,,,,,
flowers/dandelion/17095758258_a33642946f_n.jpg,anh_nho,,,,,,,
flowers/dandelion/17122969189_0ec37cb6c9.jpg,khong_thay_hoa,,,,,,,
flowers/dandelion/17135145776_4c2ec21b05_m.jpg,anh_nho,,,,,,,
flowers/dandelion/17146644679_11aff3045c.jpg,lech_tam,1.0,0.891,0.852,0.353,0.268,0.0,0.0
flowers/dandelion/17161833794_e1d92259d2_m.jpg,lech_tam,1.0,0.811,0.708,0.267,0.199,0.0,0.004
flowers/dandelion/17189437699_a9171b6ae3.jpg,khong_thay_hoa,,,,,,,
flowers/dandelion/17280886635_e384d91300_n.jpg,lech_tam,1.0,1.107,0.901,0.378,0.212,0.054,0.0
flowers/dandelion/17344936845_fec4d626b7.jpg,khong_phai_goc_nhin_tren_xuong(dai),1.0,0.55,0.827,0.211,0.348,0.081,0.0
flowers/dandelion/17346385582_7ba433dbbe.jpg,lech_tam,1.0,1.012,0.959,0.44,0.232,0.007,0.0
flowers/dandelion/17388674711_6dca8a2e8b_n.jpg,lech_tam,1.0,0.769,0.704,0.252,0.2,0.0,0.01
flowers/dandelion/17420983523_2e32d70359.jpg,khong_thay_hoa,,,,,,,
flowers/dandelion/17457028309_95514c8d02_n.jpg,hoa_sat_bien_khong_crop_duoc,1.0,1.423,0.958,0.313,0.069,0.154,0.0
flowers/dandelion/17466568484_9128287148.jpg,hoa_sat_bien_khong_crop_duoc,1.0,0.877,0.561,0.228,0.149,0.145,0.022
flowers/dandelion/17570530696_6a497298ee_n.jpg,khong_thay_hoa,,,,,,,
flowers/dandelion/17574213074_f5416afd84.jpg,khong_thay_hoa,,,,,,,
flowers/dandelion/17619402434_15b2ec2d79.jpg,khong_thay_hoa,,,,,,,
flowers/dandelion/176284193_8fa1710431_m.jpg,anh_nho,,,,,,,
flowers/dandelion/17649230811_9bdbbacb8c.jpg,lech_tam,1.0,1.086,1.022,0.438,0.303,0.0,0.0
flowers/dandelion/17688233756_21879104c1_n.jpg,khong_thay_hoa,,,,,,,
flowers/dandelion/17747738311_5014b1f77f.jpg,lech_tam,1.0,1.255,0.837,0.31,0.249,0.0,0.0
flowers/dandelion/1776290427_9d8d5be6ac.jpg,lech_tam,78.0,1.375,1.129,0.381,0.242,0.0,0.042
flowers/dandelion/17821459748_873101edd0_m.jpg,anh_nho,,,,,,,
flowers/dandelion/17831860736_3e44667bbb_n.jpg,anh_nho,,,,,,,
flowers/dandelion/17851831751_35b071f4b0.jpg,hoa_sat_bien_khong_crop_duoc,1.0,1.31,0.726,0.258,0.007,0.132,0.0
flowers/dandelion/18001393975_2a6acaabd8.jpg,khong_thay_hoa,,,,,,,
flowers/dandelion/18089878729_907ed2c7cd_m.jpg,anh_nho,,,,,,,
flowers/dandelion/18111636378_856027a7b8_n.jpg,lech_tam,1.0,0.745,0.584,0.202,0.318,0.0,0.015
flowers/dandelion/18204150090_fb418bbddb.jpg,lech_tam,1.0,1.088,0.933,0.399,0.216,0.0,0.0
flowers/dandelion/18215579866_94b1732f24.jpg,khong_thay_hoa,,,,,,,
flowers/dandelion/18238604119_a5689980ee_n.jpg,nhieu_hoa_hoac_nen_roi,0.508,1.414,0.868,0.285,0.195,0.0,0.0
flowers/dandelion/18243329421_771b4d938e.jpg,khong_thay_hoa,,,,,,,
flowers/dandelion/18243351371_5fda92ac0a_n.jpg,khong_thay_hoa,,,,,,,
flowers/dandelion/18276105805_d31d3f7e71.jpg,khong_thay_hoa,,,,,,,
flowers/dandelion/18282528206_7fb3166041.jpg,khong_thay_hoa,,,,,,,
flowers/dandelion/18304194360_2a4a0be631_m.jpg,lech_tam,1.0,0.944,0.877,0.385,0.244,0.0,0.0
flowers/dandelion/18342918441_b1bb69a2fd_n.jpg,hoa_sat_bien_khong_crop_duoc,1.0,1.778,0.699,0.183,0.166,0.191,0.0
flowers/dandelion/18385846351_3a2bf60427_n.jpg,anh_nho,,,,,,,
flowers/dandelion/18479635994_83f93f4120.jpg,hoa_sat_bien_khong_crop_duoc,1.0,0.798,0.709,0.263,0.322,0.147,0.011
flowers/dandelion/18482768066_677292a64e.jpg,khong_thay_hoa,,,,,,,
flowers/dandelion/18970601002_d70bc883a9.jpg,khong_thay_hoa,,,,,,,
flowers/dandelion/18996957833_0bd71fbbd4_m.jpg,anh_nho,,,,,,,
flowers/dandelion/18996965033_1d92e5c99e.jpg,lech_tam,1.0,1.135,0.954,0.39,0.398,0.0,0.0
flowers/dandelion/18999743619_cec3f39bee.jpg,khong_phai_goc_nhin_tren_xuong(dai),67.0,5.25,1.016,0.09,0.372,0.0,0.0
flowers/dandelion/19004688463_12a8423109.jpg,khong_thay_hoa,,,,,,,
flowers/dandelion/19067907051_16d530c7d2.jpg,trung_lap,1.0,1.096,1.012,0.429,0.02,0.0,0.0
flowers/dandelion/19397467530_1e8131a7cf.jpg,nhieu_hoa_hoac_nen_roi,0.693,1.062,0.577,0.252,0.355,0.0,0.054
flowers/dandelion/19426575569_4b53c0b726.jpg,khong_thay_hoa,,,,,,,
flowers/dandelion/19437578578_6ab1b3c984.jpg,khong_thay_hoa,,,,,,,
flowers/dandelion/19438516548_bbaf350664.jpg,khong_phai_goc_nhin_tren_xuong(dai),1.0,2.167,0.898,0.193,0.185,0.0,0.0
flowers/dandelion/19440660848_c789227129_m.jpg,anh_nho,,,,,,,
flowers/dandelion/19440910519_cb1162470e.jpg,khong_thay_hoa,,,,,,,
flowers/dandelion/19443674130_08db1d9578_m.jpg,anh_nho,,,,,,,
flowers/dandelion/19443726008_8c9c68efa7_m.jpg,anh_nho,,,,,,,
flowers/dandelion/19506262462_d0945c14a6.jpg,khong_thay_hoa,,,,,,,
flowers/dandelion/19551343954_83bb52f310_m.jpg,khong_phai_goc_nhin_tren_xuong(dai),1.0,1.875,0.82,0.203,0.085,0.074,0.0
flowers/dandelion/19586799286_beb9d684b5.jpg,hoa_sat_bien_khong_crop_duoc,1.0,1.274,1.075,0.392,0.095,0.127,0.0
flowers/dandelion/19593576916_f5a083d7fe_n.jpg,lech_tam,1.0,1.118,1.072,0.446,0.248,0.0,0.0
flowers/dandelion/19600096066_67dc941042.jpg,khong_thay_hoa,,,,,,,
flowers/dandelion/19602790836_912d38aaa8.jpg,hoa_sat_bien_khong_crop_duoc,1.0,1.513,0.784,0.241,0.048,0.146,0.0
flowers/dandelion/19613308325_a67792d889.jpg,lech_tam,1.0,1.263,1.019,0.375,0.325,0.0,0.0
flowers/dandelion/19617425002_b914c1e2ab.jpg,lech_tam,1.0,0.896,0.717,0.298,0.225,0.0,0.0
flowers/dandelion/19617643201_9922eec796.jpg,lech_tam,1.0,1.216,0.994,0.38,0.387,0.0,0.0
flowers/dandelion/19621170705_30bf8bf0ba.jpg,khong_thay_hoa,,,,,,,
flowers/dandelion/19622465055_2a62ebd504_m.jpg,anh_nho,,,,,,,
flowers/dandelion/19812060274_c432f603db.jpg,lech_tam,1.0,1.056,0.995,0.438,0.361,0.0,0.0
flowers/dandelion/2019520447_48b2354a20_m.jpg,khong_thay_hoa,,,,,,,
flowers/dandelion/2039797043_d5b709f275_n.jpg,hoa_sat_bien_khong_crop_duoc,1.0,1.287,0.71,0.256,0.042,0.151,0.0
flowers/dandelion/20456824132_b1c8fbfa41_m.jpg,lech_tam,1.0,1.162,0.999,0.399,0.226,0.0,0.0
flowers/dandelion/2076141453_c63801962a_m.jpg,anh_nho,,,,,,,
flowers/dandelion/20983660733_06b35b9eb8.jpg,khong_thay_hoa,,,,,,,
flowers/dandelion/2116997627_30fed84e53_m.jpg,anh_nho,,,,,,,
flowers/dandelion/2133943140_9fc7bcc9aa.jpg,khong_thay_hoa,,,,,,,
flowers/dandelion/21523597492_39b6765cd7_m.jpg,khong_thay_hoa,,,,,,,
flowers/dandelion/2161283279_02ea3ff8d4.jpg,lech_tam,1.0,1.0,0.97,0.451,0.234,0.0,0.0
flowers/dandelion/21657726011_2c94e341bc_n.jpg,khong_thay_hoa,,,,,,,
flowers/dandelion/22190242684_8c3300d4e6.jpg,lech_tam,1.0,1.127,0.85,0.35,0.284,0.0,0.0
flowers/dandelion/22196426956_eca94f6faa_m.jpg,anh_nho,,,,,,,
flowers/dandelion/2257649769_deaf97e2c9_n.jpg,khong_thay_hoa,,,,,,,
flowers/dandelion/22679060358_561ec823ae_m.jpg,anh_nho,,,,,,,
flowers/dandelion/2294126841_e478564e77_n.jpg,khong_thay_hoa,,,,,,,
flowers/dandelion/2319777940_0cc5476b0d_n.jpg,khong_thay_hoa,,,,,,,
flowers/dandelion/2326334426_2dc74fceb1.jpg,khong_phai_goc_nhin_tren_xuong(dai),1.0,1.933,0.632,0.152,0.086,0.0,0.0
flowers/dandelion/2330343016_23acc484ee.jpg,hoa_sat_bien_khong_crop_duoc,1.0,1.373,0.997,0.337,0.056,0.16,0.0
flowers/dandelion/23891393761_155af6402c.jpg,khong_thay_hoa,,,,,,,
flowers/dandelion/2389720627_8923180b19.jpg,lech_tam,154.0,0.824,0.824,0.315,0.353,0.0,0.0
flowers/dandelion/2392273474_a64cef0eaf_n.jpg,lech_tam,1.0,0.962,0.842,0.376,0.312,0.0,0.0
flowers/dandelion/2395009660_295c8ffd67_m.jpg,hoa_sat_bien_khong_crop_duoc,1.0,1.085,0.602,0.258,0.134,0.129,0.016
flowers/dandelion/2443192475_c64c66d9c2.jpg,khong_thay_hoa,,,,,,,
flowers/dandelion/2449852402_45d12b9875_n.jpg,hoa_sat_bien_khong_crop_duoc,1.0,1.58,0.598,0.176,0.068,0.185,0.0
flowers/dandelion/2453532367_fc373df4de.jpg,lech_tam,1.0,1.15,0.927,0.375,0.488,0.0,0.0
flowers/dandelion/2457473644_5242844e52_m.jpg,khong_thay_hoa,,,,,,,
flowers/dandelion/2462379970_6bd5560f4c_m.jpg,anh_nho,,,,,,,
flowers/dandelion/2462476884_58c617b26a.jpg,lech_tam,1.0,1.074,0.62,0.268,0.228,0.0,0.0
flowers/dandelion/2465442759_d4532a57a3.jpg,khong_thay_hoa,,,,,,,
flowers/dandelion/2465573725_d78caca9d4_n.jpg,hoa_sat_bien_khong_crop_duoc,1.0,1.357,0.669,0.229,0.198,0.154,0.0
flowers/dandelion/2467980325_237b14c737_m.jpg,anh_nho,,,,,,,
flowers/dandelion/2469856983_fe8e36ba57.jpg,hoa_sat_bien_khong_crop_duoc,1.0,1.293,0.964,0.347,0.053,0.122,0.0
flowers/dandelion/2470731130_089b8514f6_n.jpg,nhieu_hoa_hoac_nen_roi,0.625,0.865,0.743,0.299,0.091,0.0,0.007
flowers/dandelion/2472641499_cbe617a93d.jpg,khong_phai_goc_nhin_tren_xuong(dai),1.0,2.3,1.046,0.211,0.495,0.0,0.0
flowers/dandelion/2476098674_e6f39536f5_n.jpg,khong_phai_goc_nhin_tren_xuong(dai),1.0,0.645,0.776,0.233,0.159,0.0,0.0
flowers/dandelion/2477231067_3aecef1bf8_n.jpg,khong_thay_hoa,,,,,,,
flowers/dandelion/2477986396_19da36d557_m.jpg,anh_nho,,,,,,,
flowers/dandelion/2478018280_1be353ca8c_m.jpg,khong_thay_hoa,,,,,,,
flowers/dandelion/2479491210_98e41c4e7d_m.jpg,anh_nho,,,,,,,
flowers/dandelion/2480853696_aacdbb5324.jpg,nhieu_hoa_hoac_nen_roi,9.0,1.0,1.273,0.592,0.199,0.0,0.562
flowers/dandelion/2481428401_bed64dd043.jpg,khong_thay_hoa,,,,,,,
flowers/dandelion/2489438981_4eb60ef98f_m.jpg,anh_nho,,,,,,,
flowers/dandelion/2494436687_775402e0aa.jpg,nhieu_hoa_hoac_nen_roi,14.0,1.0,1.114,0.518,0.236,0.0,0.542
flowers/dandelion/2502610598_b9f1b55ebd_n.jpg,khong_thay_hoa,,,,,,,
flowers/dandelion/2502613166_2c231b47cb_n.jpg,khong_thay_hoa,,,,,,,
flowers/dandelion/2502627784_4486978bcf.jpg,hoa_sat_bien_khong_crop_duoc,1.0,1.488,0.867,0.271,0.034,0.194,0.0
flowers/dandelion/2503034372_db7867de51_m.jpg,khong_phai_goc_nhin_tren_xuong(dai),1.0,0.586,0.618,0.168,0.161,0.106,0.008
flowers/dandelion/2512148749_261fa9d156.jpg,khong_thay_hoa,,,,,,,
flowers/dandelion/2512977446_ac498955ee.jpg,khong_thay_hoa,,,,,,,
flowers/dandelion/2516714633_87f28f0314.jpg,lech_tam,1.0,1.18,0.794,0.313,0.346,0.0,0.0
flowers/dandelion/2517777524_e871ec5291_m.jpg,anh_nho,,,,,,,
flowers/dandelion/2518321294_dde5aa7c20_m.jpg,lech_tam,1.0,1.128,0.918,0.378,0.211,0.028,0.0
flowers/dandelion/2521811279_1f7fc353bf_n.jpg,lech_tam,1.0,1.274,0.901,0.329,0.22,0.017,0.0
flowers/dandelion/2521827947_9d237779bb_n.jpg,khong_phai_goc_nhin_tren_xuong(dai),1.0,1.515,0.868,0.266,0.063,0.064,0.0
flowers/dandelion/2542908888_25a1c78ff0.jpg,khong_phai_goc_nhin_tren_xuong(dai),1.0,2.189,0.732,0.155,0.189,0.022,0.0
flowers/dandelion/2569516382_9fd7097b9b.jpg,nhieu_hoa_hoac_nen_roi,14.0,1.0,1.114,0.518,0.695,0.0,0.542
flowers/dandelion/2596413098_7ef69b7e1d_m.jpg,khong_thay_hoa,,,,,,,
flowers/dandelion/2597655841_07fb2955a4.jpg,lech_tam,1.0,0.883,0.809,0.332,0.285,0.002,0.0
flowers/dandelion/2598486434_bf349854f2_m.jpg,anh_nho,,,,,,,
flowers/dandelion/2600382379_5791b0b35a_m.jpg,khong_phai_goc_nhin_tren_xuong(dai),1.0,1.458,0.789,0.252,0.065,0.0,0.0
flowers/dandelion/26004221274_74900d17e1_n.jpg,anh_nho,,,,,,,
flowers/dandelion/2608937632_cfd93bc7cd.jpg,khong_thay_hoa,,,,,,,
flowers/dandelion/2620243133_e801981efe_n.jpg,hoa_sat_bien_khong_crop_duoc,1.0,1.803,0.849,0.219,0.057,0.199,0.0
flowers/dandelion/2628514700_b6d5325797_n.jpg,lech_tam,1.0,1.078,0.904,0.39,0.238,0.052,0.0
flowers/dandelion/2634665077_597910235f_m.jpg,anh_nho,,,,,,,
flowers/dandelion/2634666217_d5ef87c9f7_m.jpg,anh_nho,,,,,,,
flowers/dandelion/2661585172_94707236be_m.jpg,khong_phai_goc_nhin_tren_xuong(dai),55.0,0.538,0.77,0.193,0.311,0.0,0.0
flowers/dandelion/2670304799_a3f2eef516_m.jpg,anh_nho,,,,,,,
flowers/dandelion/26741270544_f44f3a1b19_n.jpg,anh_nho,,,,,,,
flowers/dandelion/2674176237_e265ea64cc_n.jpg,khong_thay_hoa,,,,,,,
flowers/dandelion/2698102820_f15445a3f7.jpg,khong_thay_hoa,,,,,,,
flowers/dandelion/27166475803_f5503f51f8_n.jpg,anh_nho,,,,,,,
flowers/dandelion/27186992702_449dfa54ef_n.jpg,anh_nho,,,,,,,
flowers/dandelion/27299697786_75340698c5_n.jpg,anh_nho,,,,,,,
flowers/dandelion/27446317092_ff9bb852d5_n.jpg,anh_nho,,,,,,,
flowers/dandelion/2753166154_0cb51a127b.jpg,khong_thay_hoa,,,,,,,
flowers/dandelion/2831102668_eb65cd40b9_n.jpg,khong_thay_hoa,,,,,,,
flowers/dandelion/284497199_93a01f48f6.jpg,nhieu_hoa_hoac_nen_roi,14.0,1.0,1.114,0.518,0.357,0.0,0.542
flowers/dandelion/284497233_c19801752c.jpg,nhieu_hoa_hoac_nen_roi,29.0,1.0,0.754,0.35,0.382,0.0,0.179
flowers/dandelion/29138994986_267e0e36c9_n.jpg,anh_nho,,,,,,,
flowers/dandelion/29157239893_f43793c697_n.jpg,anh_nho,,,,,,,
flowers/dandelion/2938040169_eb38581359.jpg,hoa_sat_bien_khong_crop_duoc,1.0,1.923,0.892,0.216,0.136,0.252,0.0
flowers/dandelion/29535628436_2e79a9628d_n.jpg,anh_nho,,,,,,,
flowers/dandelion/29556932571_f124d8ac5d_n.jpg,anh_nho,,,,,,,
flowers/dandelion/2963905796_227d37ff12.jpg,khong_thay_hoa,,,,,,,
flowers/dandelion/29687446176_096b86f44c_n.jpg,anh_nho,,,,,,,
flowers/dandelion/2995221296_a6ddaccc39.jpg,khong_phai_goc_nhin_tren_xuong(dai),1.0,1.917,0.941,0.228,0.222,0.0,0.0
flowers/dandelion/3005677730_2662753d3f_m.jpg,khong_thay_hoa,,,,,,,
flowers/dandelion/3021333497_b927cd8596.jpg,khong_thay_hoa,,,,,,,
flowers/dandelion/3149809654_6a4b31314d_n.jpg,khong_thay_hoa,,,,,,,
flowers/dandelion/31530587330_ba31bd196e_n.jpg,anh_nho,,,,,,,
flowers/dandelion/315645471_dda66c6338_m.jpg,anh_nho,,,,,,,
flowers/dandelion/32120685303_90b5f21ab2_n.jpg,anh_nho,,,,,,,
flowers/dandelion/32558425090_d6b6e86d85_n.jpg,anh_nho,,,,,,,
flowers/dandelion/32701230112_a33f8003a5_n.jpg,anh_nho,,,,,,,
flowers/dandelion/33071081032_a6a1e4b311_n.jpg,anh_nho,,,,,,,
flowers/dandelion/33199895303_9858f0a258_n.jpg,anh_nho,,,,,,,
flowers/dandelion/33522989504_542fde1a1a_n.jpg,anh_nho,,,,,,,
flowers/dandelion/33626882480_8b2345a63c_n.jpg,anh_nho,,,,,,,
flowers/dandelion/3372748508_e5a4eacfcb_n.jpg,nhieu_hoa_hoac_nen_roi,136.0,0.929,0.951,0.411,0.272,0.0,0.055
flowers/dandelion/3383422012_6c9d83671f_n.jpg,lech_tam,1.0,1.012,1.038,0.477,0.236,0.011,0.0
flowers/dandelion/33841565863_7ab8c1e23c_n.jpg,anh_nho,,,,,,,
flowers/dandelion/33847542834_0ce330ac60_n.jpg,anh_nho,,,,,,,
flowers/dandelion/33849982914_0f017c8e3c_n.jpg,anh_nho,,,,,,,
flowers/dandelion/33850973214_c1b4000d9c_n.jpg,anh_nho,,,,,,,
flowers/dandelion/33851560384_d2e7d933db_n.jpg,anh_nho,,,,,,,
flowers/dandelion/33852722314_e8907d51f1_n.jpg,anh_nho,,,,,,,
flowers/dandelion/33852722714_496828f866_n.jpg,anh_nho,,,,,,,
flowers/dandelion/33856267954_b806fab0db_n.jpg,anh_nho,,,,,,,
flowers/dandelion/33857437664_f2ddb77592_n.jpg,anh_nho,,,,,,,
flowers/dandelion/33857574164_b0b724b567_n.jpg,anh_nho,,,,,,,
flowers/dandelion/33859759654_be0be6f876_n.jpg,anh_nho,,,,,,,
flowers/dandelion/33869330174_b259025135_n.jpg,anh_nho,,,,,,,
flowers/dandelion/33873410454_04bc2167f4_n.jpg,anh_nho,,,,,,,
flowers/dandelion/33875520194_09bff6f262_n.jpg,anh_nho,,,,,,,
flowers/dandelion/33875654554_e5e4070fab_n.jpg,anh_nho,,,,,,,
flowers/dandelion/33875742534_31b85d1b05_n.jpg,anh_nho,,,,,,,
flowers/dandelion/33876197394_c7a9487a9f_n.jpg,lech_tam,87.0,1.2,0.923,0.357,0.292,0.0,0.0
flowers/dandelion/33877161494_05686b7f7a_n.jpg,khong_phai_goc_nhin_tren_xuong(dai),79.0,2.714,0.756,0.129,0.119,0.0,0.0
flowers/dandelion/33877585464_b23cefb361_n.jpg,anh_nho,,,,,,,
flowers/dandelion/33877696673_2d1de2d252_n.jpg,anh_nho,,,,,,,
flowers/dandelion/33877749474_1fb8111daf_n.jpg,anh_nho,,,,,,,
flowers/dandelion/33878004304_a7c823115b_n.jpg,anh_nho,,,,,,,
flowers/dandelion/33878218914_452600b869_n.jpg,anh_nho,,,,,,,
flowers/dandelion/33881120324_552f677c1a_n.jpg,anh_nho,,,,,,,
flowers/dandelion/33881308394_738a121eb3_n.jpg,anh_nho,,,,,,,
flowers/dandelion/33882910234_dd8f1479e3_n.jpg,anh_nho,,,,,,,
flowers/dandelion/33885269993_3968e1aacc_n.jpg,anh_nho,,,,,,,
flowers/dandelion/33886917763_2db539f182_n.jpg,anh_nho,,,,,,,
flowers/dandelion/33886931523_4499a65b72_n.jpg,anh_nho,,,,,,,
flowers/dandelion/33890085903_0e10553b27_n.jpg,anh_nho,,,,,,,
flowers/dandelion/33892172244_684e99b6fc_n.jpg,anh_nho,,,,,,,
flowers/dandelion/33892886253_7c74efdd7a_n.jpg,anh_nho,,,,,,,
flowers/dandelion/33904560113_497239a68f_n.jpg,anh_nho,,,,,,,
flowers/dandelion/33907694863_f7c0f23ef3_n.jpg,anh_nho,,,,,,,
flowers/dandelion/33909432943_bf810400b7_n.jpg,anh_nho,,,,,,,
flowers/dandelion/33913495873_b582be4fdf_n.jpg,anh_nho,,,,,,,
flowers/dandelion/33914172633_592a6eb74f_n.jpg,anh_nho,,,,,,,
flowers/dandelion/33924521963_48cdc4f455_n.jpg,anh_nho,,,,,,,
flowers/dandelion/33925191623_d355f976ef_n.jpg,anh_nho,,,,,,,
flowers/dandelion/33980437760_60f3ceaf03_n.jpg,anh_nho,,,,,,,
flowers/dandelion/340190928_d77bf4d615.jpg,hoa_sat_bien_khong_crop_duoc,1.0,1.333,0.828,0.289,0.017,0.15,0.0
flowers/dandelion/3418355347_2bdcca592a.jpg,hinh_dang_khong_tron,1.0,1.167,0.522,0.208,0.261,0.076,0.0
flowers/dandelion/3419166382_a5e4b8fe6d_m.jpg,khong_thay_hoa,,,,,,,
flowers/dandelion/3419172904_7708414ae9_n.jpg,khong_phai_goc_nhin_tren_xuong(dai),1.0,0.533,0.889,0.22,0.022,0.0,0.0
flowers/dandelion/34206776142_941d75c2ed_n.jpg,anh_nho,,,,,,,
flowers/dandelion/34234226791_63a2afc7ed_n.jpg,anh_nho,,,,,,,
flowers/dandelion/34256868592_ca3ffd6b15_n.jpg,anh_nho,,,,,,,
flowers/dandelion/34310456510_a4ceda64da_n.jpg,anh_nho,,,,,,,
flowers/dandelion/34323484476_6406ee1e37_n.jpg,anh_nho,,,,,,,
flowers/dandelion/34323645656_afd53a9996_n.jpg,anh_nho,,,,,,,
flowers/dandelion/34334194690_0dfe3d8701_n.jpg,anh_nho,,,,,,,
flowers/dandelion/34335240590_41e4a393db_n.jpg,hoa_sat_bien_khong_crop_duoc,1.0,0.718,0.696,0.232,0.152,0.123,0.01
flowers/dandelion/34335432530_cd667cbb19_n.jpg,anh_nho,,,,,,,
flowers/dandelion/34338412180_a1f4faa1e7_n.jpg,anh_nho,,,,,,,
flowers/dandelion/34339792440_8224ca420d_n.jpg,anh_nho,,,,,,,
flowers/dandelion/34343228430_8df9f1c03a_n.jpg,anh_nho,,,,,,,
flowers/dandelion/34346200780_c3a783a3ec_n.jpg,anh_nho,,,,,,,
flowers/dandelion/34351602790_37234e2dae_n.jpg,anh_nho,,,,,,,
flowers/dandelion/34351608230_f95038a5a4_n.jpg,anh_nho,,,,,,,
flowers/dandelion/34352075020_61ac834f5a_n.jpg,anh_nho,,,,,,,
flowers/dandelion/34365073265_246c5c0561_n.jpg,anh_nho,,,,,,,
flowers/dandelion/3446018470_0c40e73ed6_m.jpg,hinh_dang_khong_tron,1.0,1.055,0.541,0.238,0.118,0.0,0.0
flowers/dandelion/34525649892_e2ea3eb051_n.jpg,anh_nho,,,,,,,
flowers/dandelion/34527583252_79aafda601_n.jpg,anh_nho,,,,,,,
flowers/dandelion/34533729452_7d8e2b519d_n.jpg,khong_thay_hoa,,,,,,,
flowers/dandelion/34536491752_dd130e7b79_n.jpg,anh_nho,,,,,,,
flowers/dandelion/34537877932_f9a3476a4d_n.jpg,anh_nho,,,,,,,
flowers/dandelion/34540904752_ae86e5f6ce_n.jpg,anh_nho,,,,,,,
flowers/dandelion/3454102259_957ecd0a9b.jpg,khong_phai_goc_nhin_tren_xuong(dai),1.0,0.595,0.686,0.19,0.191,0.0,0.0
flowers/dandelion/34549305152_15f407a771_n.jpg,anh_nho,,,,,,,
flowers/dandelion/34550871222_a9d795a2c0_n.jpg,anh_nho,,,,,,,
flowers/dandelion/34551360172_dde3b8e43d_n.jpg,anh_nho,,,,,,,
flowers/dandelion/34551666432_c5b5f9684e_n.jpg,anh_nho,,,,,,,
flowers/dandelion/34552250422_320900fd8e_n.jpg,anh_nho,,,,,,,
flowers/dandelion/34555389922_8da9ffa268_n.jpg,anh_nho,,,,,,,
flowers/dandelion/34560984002_254f326f12_n.jpg,anh_nho,,,,,,,
flowers/dandelion/34561332721_04b6f1c889_n.jpg,anh_nho,,,,,,,
flowers/dandelion/34562347042_e4dc06879a_n.jpg,anh_nho,,,,,,,
flowers/dandelion/34562659841_caba988a0c_n.jpg,anh_nho,,,,,,,
flowers/dandelion/34571238031_7eff74ca43_n.jpg,anh_nho,,,,,,,
flowers/dandelion/34571561452_07ec474366_n.jpg,anh_nho,,,,,,,
flowers/dandelion/34571582172_efa4946a45_n.jpg,anh_nho,,,,,,,
flowers/dandelion/34575269471_fe82b32aa9_n.jpg,anh_nho,,,,,,,
flowers/dandelion/34578947551_863af3acb3_n.jpg,anh_nho,,,,,,,
flowers/dandelion/34582964591_dc9f160fce_n.jpg,anh_nho,,,,,,,
flowers/dandelion/34583574661_8010a1fdf4_n.jpg,anh_nho,,,,,,,
flowers/dandelion/34584449441_576a1336b1_n.jpg,anh_nho,,,,,,,
flowers/dandelion/34586667251_bfda649f33_n.jpg,anh_nho,,,,,,,
flowers/dandelion/34587720941_ccbbc420ec_n.jpg,anh_nho,,,,,,,
flowers/dandelion/34587934371_1a0429111e_n.jpg,anh_nho,,,,,,,
flowers/dandelion/34591174681_483f7cb82a_n.jpg,anh_nho,,,,,,,
flowers/dandelion/34591866681_ff35af51df_n.jpg,anh_nho,,,,,,,
flowers/dandelion/34592557281_5f254b3a46_n.jpg,anh_nho,,,,,,,
flowers/dandelion/34599366451_2854aee943_n.jpg,anh_nho,,,,,,,
flowers/dandelion/34601267911_00c92c9a04_n.jpg,anh_nho,,,,,,,
flowers/dandelion/34603214751_8b42379b53_n.jpg,anh_nho,,,,,,,
flowers/dandelion/34604698981_89d8741b10_n.jpg,anh_nho,,,,,,,
flowers/dandelion/34604803411_99956ac67a_n.jpg,anh_nho,,,,,,,
flowers/dandelion/34605411661_4e735bd995_n.jpg,anh_nho,,,,,,,
flowers/dandelion/3461986955_29a1abc621.jpg,khong_thay_hoa,,,,,,,
flowers/dandelion/3464015936_6845f46f64.jpg,lech_tam,1.0,0.821,0.951,0.363,0.461,0.0,0.0
flowers/dandelion/34647026976_68af8875e0_n.jpg,anh_nho,,,,,,,
flowers/dandelion/34653465656_31bc613631_n.jpg,anh_nho,,,,,,,
flowers/dandelion/34654530326_6dcda41377_n.jpg,khong_thay_hoa,,,,,,,
flowers/dandelion/3465599902_14729e2b1b_n.jpg,khong_thay_hoa,,,,,,,
flowers/dandelion/34662996866_af256e8f10_n.jpg,anh_nho,,,,,,,
flowers/dandelion/34678209886_9005f29b47_n.jpg,anh_nho,,,,,,,
flowers/dandelion/34679936936_9924d79c8d_n.jpg,anh_nho,,,,,,,
flowers/dandelion/34689593326_0fd3fbc38a_n.jpg,anh_nho,,,,,,,
flowers/dandelion/34690477346_6af75b993b_n.jpg,anh_nho,,,,,,,
flowers/dandelion/34690479536_69da7b98e7_n.jpg,anh_nho,,,,,,,
flowers/dandelion/34690508115_bafcb9845c_n.jpg,anh_nho,,,,,,,
flowers/dandelion/3469112805_6cc8640236.jpg,khong_thay_hoa,,,,,,,
flowers/dandelion/34692530906_fe2470a5e5_n.jpg,anh_nho,,,,,,,
flowers/dandelion/34694280496_d457f0d7b7_n.jpg,anh_nho,,,,,,,
flowers/dandelion/34694287966_43ce068108_n.jpg,anh_nho,,,,,,,
flowers/dandelion/34694292346_83b4d97809_n.jpg,anh_nho,,,,,,,
flowers/dandelion/34695057206_98de825612_n.jpg,anh_nho,,,,,,,
flowers/dandelion/34697163155_5dc2571f23_n.jpg,anh_nho,,,,,,,
flowers/dandelion/34699848885_a832ee03ab_n.jpg,anh_nho,,,,,,,
flowers/dandelion/34700475225_fbc12d0834_n.jpg,anh_nho,,,,,,,
flowers/dandelion/34709307795_994ddf0eb5_n.jpg,anh_nho,,,,,,,
flowers/dandelion/34711474235_507d286bce_n.jpg,anh_nho,,,,,,,
flowers/dandelion/34717754295_cbb0185a36_n.jpg,anh_nho,,,,,,,
flowers/dandelion/34719559905_46ba779d79_n.jpg,anh_nho,,,,,,,
flowers/dandelion/34719957845_c929f480a3_n.jpg,anh_nho,,,,,,,
flowers/dandelion/34721329895_529f999fb6_n.jpg,anh_nho,,,,,,,
flowers/dandelion/34722644565_812fcc1397_n.jpg,anh_nho,,,,,,,
flowers/dandelion/34724303275_b9494837aa_n.jpg,anh_nho,,,,,,,
flowers/dandelion/3472437817_7902b3d984_n.jpg,khong_thay_hoa,,,,,,,
flowers/dandelion/34725991045_05812dedd5_n.jpg,anh_nho,,,,,,,
flowers/dandelion/34725992285_21cb05733a_n.jpg,anh_nho,,,,,,,
flowers/dandelion/34727715205_62c9c1ac44_n.jpg,anh_nho,,,,,,,
flowers/dandelion/34729107795_c746845e17_n.jpg,anh_nho,,,,,,,
flowers/dandelion/34732908685_a219574ffe_n.jpg,anh_nho,,,,,,,
flowers/dandelion/3475811950_0fb89845f5_n.jpg,khong_phai_goc_nhin_tren_xuong(dai),1.0,2.161,0.577,0.124,0.184,0.0,0.0
flowers/dandelion/3476759348_a0d34a4b59_n.jpg,lech_tam,1.0,1.086,0.933,0.399,0.266,0.0,0.0
flowers/dandelion/3476980444_c276bea402_m.jpg,anh_nho,,,,,,,
flowers/dandelion/3483575184_cb8d16a083_n.jpg,nhieu_hoa_hoac_nen_roi,0.513,1.186,0.54,0.212,0.177,0.0,0.003
flowers/dandelion/3487229452_73e3004858.jpg,lech_tam,1.0,1.333,0.781,0.272,0.373,0.0,0.0
flowers/dandelion/3491333876_e3fed43c0d.jpg,lech_tam,1.0,1.074,0.605,0.262,0.242,0.0,0.0
flowers/dandelion/3502447188_ab4a5055ac_m.jpg,anh_nho,,,,,,,
flowers/dandelion/3505026222_c760df0035_n.jpg,lech_tam,1.0,1.093,0.95,0.404,0.233,0.0,0.0
flowers/dandelion/3513200808_390f1d63a7_m.jpg,lech_tam,1.0,1.027,0.926,0.419,0.252,0.0,0.0
flowers/dandelion/3530495617_fd84fb321a_m.jpg,anh_nho,,,,,,,
flowers/dandelion/3533075436_0954145b9f_m.jpg,lech_tam,1.0,1.0,1.002,0.466,0.227,0.0,0.0
flowers/dandelion/3533167406_e9f4cf10bb_m.jpg,anh_nho,,,,,,,
flowers/dandelion/3539077354_c67aa7168d_m.jpg,lech_tam,1.0,1.236,0.811,0.305,0.216,0.0,0.0
flowers/dandelion/3562861685_8b8d747b4d.jpg,hoa_sat_bien_khong_crop_duoc,1.0,1.595,0.836,0.244,0.415,0.133,0.0
flowers/dandelion/3580437733_9ef51f2981_n.jpg,khong_phai_goc_nhin_tren_xuong(dai),1.0,1.891,0.845,0.208,0.159,0.112,0.0
flowers/dandelion/3581252194_8c976d333a_n.jpg,nhieu_hoa_hoac_nen_roi,1.0,1.283,0.792,0.287,0.051,0.0,0.058
flowers/dandelion/3584414925_1e6c4b61db_n.jpg,khong_phai_goc_nhin_tren_xuong(dai),1.0,0.686,0.793,0.253,0.512,0.0,0.0
flowers/dandelion/3584415133_a4122ab7b9.jpg,lech_tam,1.0,0.808,0.828,0.311,0.402,0.0,0.0
flowers/dandelion/3585220976_5acac92d1c.jpg,khong_thay_hoa,,,,,,,
flowers/dandelion/3589816063_50f8de7b64_m.jpg,anh_nho,,,,,,,
flowers/dandelion/3591588855_b4fd53b000.jpg,lech_tam,1.0,1.407,0.931,0.307,0.333,0.0,0.0
flowers/dandelion/3612582808_4503fa1f8b_m.jpg,khong_thay_hoa,,,,,,,
flowers/dandelion/3675486971_d4c8683b54_n.jpg,lech_tam,1.0,0.982,0.935,0.427,0.263,0.0,0.0
flowers/dandelion/3688128868_031e7b53e1_n.jpg,lech_tam,1.0,0.983,0.728,0.333,0.33,0.0,0.004
flowers/dandelion/3761310831_41b5eba622_n.jpg,khong_thay_hoa,,,,,,,
flowers/dandelion/3823142577_dd5acd5ac6_n.jpg,khong_thay_hoa,,,,,,,
flowers/dandelion/3857059749_fe8ca621a9.jpg,khong_phai_goc_nhin_tren_xuong(dai),1.0,1.906,0.73,0.178,0.296,0.104,0.0
flowers/dandelion/3954167682_128398bf79_m.jpg,khong_phai_goc_nhin_tren_xuong(dai),192.0,0.2,0.764,0.071,0.149,0.0,0.0
flowers/dandelion/3998275481_651205e02d.jpg,khong_phai_goc_nhin_tren_xuong(dai),1.0,0.583,0.6,0.163,0.171,0.12,0.008
flowers/dandelion/4155914848_3d57f50fc7.jpg,hoa_sat_bien_khong_crop_duoc,1.0,1.457,1.145,0.365,0.092,0.161,0.0
flowers/dandelion/4164845062_1fd9b3f3b4.jpg,khong_phai_goc_nhin_tren_xuong(dai),1.0,1.564,0.854,0.254,0.19,0.031,0.0
flowers/dandelion/4226758402_a1b75ce3ac_n.jpg,khong_thay_hoa,,,,,,,
flowers/dandelion/425800274_27dba84fac_n.jpg,khong_phai_goc_nhin_tren_xuong(dai),1.0,0.552,0.884,0.227,0.149,0.0,0.0
flowers/dandelion/4258272073_f616d1e575_m.jpg,khong_phai_goc_nhin_tren_xuong(dai),1.0,1.476,0.759,0.239,0.046,0.038,0.0
flowers/dandelion/4265711814_9a006ee5b8.jpg,lech_tam,1.0,0.837,1.001,0.389,0.425,0.0,0.0
flowers/dandelion/4278757393_bca8415ed4_n.jpg,khong_thay_hoa,,,,,,,
flowers/dandelion/4290112545_3528055993_m.jpg,anh_nho,,,,,,,
flowers/dandelion/4336536446_e635f48f2e.jpg,khong_thay_hoa,,,,,,,
flowers/dandelion/4496277750_8c34256e28.jpg,nhieu_hoa_hoac_nen_roi,0.313,0.933,0.982,0.426,0.253,0.0,0.0
flowers/dandelion/4500964841_b1142b50fb_n.jpg,nhieu_hoa_hoac_nen_roi,0.397,0.952,0.958,0.424,0.292,0.0,0.0
flowers/dandelion/4510938552_6f7bae172a_n.jpg,lech_tam,1.0,1.0,0.619,0.287,0.232,0.0,0.0
flowers/dandelion/4512569988_2b3f802cc6.jpg,lech_tam,1.0,1.181,0.904,0.356,0.182,0.047,0.0
flowers/dandelion/4514343281_26781484df.jpg,lech_tam,1.0,0.882,0.62,0.254,0.208,0.0,0.0
flowers/dandelion/4523239455_9c31a06aaf_n.jpg,khong_phai_goc_nhin_tren_xuong(dai),1.0,1.673,0.885,0.246,0.232,0.023,0.0
flowers/dandelion/4523862714_b41b459c88.jpg,lech_tam,1.0,0.869,0.878,0.354,0.266,0.0,0.014
flowers/dandelion/4528742654_99d233223b_m.jpg,anh_nho,,,,,,,
flowers/dandelion/4530848609_02a1d9b791.jpg,khong_phai_goc_nhin_tren_xuong(dai),1.0,0.591,0.784,0.215,0.276,0.0,0.0
flowers/dandelion/4552571121_2677bcdec3.jpg,khong_phai_goc_nhin_tren_xuong(dai),1.0,1.59,0.768,0.224,0.206,0.0,0.0
flowers/dandelion/4552591312_02fe1dcc04_n.jpg,hoa_sat_bien_khong_crop_duoc,1.0,1.524,0.938,0.286,0.019,0.148,0.0
flowers/dandelion/4556178143_e0d32c0a86_n.jpg,khong_thay_hoa,,,,,,,
flowers/dandelion/455728598_c5f3e7fc71_m.jpg,anh_nho,,,,,,,
flowers/dandelion/4558562689_c8e2ab9f10.jpg,lech_tam,1.0,1.08,1.051,0.452,0.304,0.0,0.0
flowers/dandelion/4560613196_91a04f8dcf_m.jpg,khong_phai_goc_nhin_tren_xuong(dai),33.0,0.556,0.934,0.241,0.316,0.0,0.037
flowers/dandelion/4560663938_3557a1f831.jpg,hoa_sat_bien_khong_crop_duoc,1.0,1.25,1.048,0.39,0.031,0.128,0.0
flowers/dandelion/4562516418_8ccb8c103f.jpg,khong_thay_hoa,,,,,,,
flowers/dandelion/4568317687_3f89622f76.jpg,lech_tam,1.0,1.057,0.993,0.437,0.203,0.0,0.0
flowers/dandelion/4571923094_b9cefa9438_n.jpg,khong_phai_goc_nhin_tren_xuong(dai),1.0,0.64,0.79,0.235,0.286,0.074,0.0
flowers/dandelion/4573204385_9b71e96b35_m.jpg,khong_thay_hoa,,,,,,,
flowers/dandelion/4573204407_babff0dce4_n.jpg,khong_thay_hoa,,,,,,,
flowers/dandelion/4573886520_09c984ecd8_m.jpg,khong_thay_hoa,,,,,,,
flowers/dandelion/4573886524_5161482ca7_n.jpg,khong_thay_hoa,,,,,,,
flowers/dandelion/4574102507_70039c8b28.jpg,khong_thay_hoa,,,,,,,
flowers/dandelion/4574447682_40dce530f1.jpg,khong_thay_hoa,,,,,,,
flowers/dandelion/4574736702_b15ecf97d0_m.jpg,anh_nho,,,,,,,
flowers/dandelion/4574737576_044403a997_n.jpg,khong_thay_hoa,,,,,,,
flowers/dandelion/4575406391_7a62c5f90f_n.jpg,lech_tam,1.0,1.357,0.883,0.302,0.207,0.0,0.0
flowers/dandelion/458011386_ec89115a19.jpg,hoa_sat_bien_khong_crop_duoc,1.0,1.278,0.581,0.211,0.19,0.162,0.0
flowers/dandelion/4586018734_6de9c513c2.jpg,khong_phai_goc_nhin_tren_xuong(dai),1.0,0.543,0.404,0.102,0.293,0.0,0.0
flowers/dandelion/4588529727_4a79c61577.jpg,khong_thay_hoa,,,,,,,
flowers/dandelion/4589787911_851cb80157_n.jpg,khong_phai_goc_nhin_tren_xuong(dai),1.0,1.915,0.78,0.189,0.082,0.116,0.0
flowers/dandelion/459633569_5ddf6bc116_m.jpg,hoa_sat_bien_khong_crop_duoc,1.0,0.455,0.553,0.117,0.295,0.241,0.012
flowers/dandelion/459748276_69101b0cec_n.jpg,lech_tam,1.0,1.438,0.713,0.23,0.294,0.075,0.0
flowers/dandelion/4598938531_9749b3b56a.jpg,nhieu_hoa_hoac_nen_roi,19.0,0.8,1.21,0.45,0.011,0.0,0.469
flowers/dandelion/4601270210_60136f2b87_n.jpg,khong_thay_hoa,,,,,,,
flowers/dandelion/4606893762_c2f26c7e91_n.jpg,khong_thay_hoa,,,,,,,
flowers/dandelion/4610125337_50798408b8_m.jpg,anh_nho,,,,,,,
flowers/dandelion/461632542_0387557eff.jpg,khong_phai_goc_nhin_tren_xuong(dai),33.0,0.444,1.167,0.241,0.262,0.0,0.037
flowers/dandelion/4624036600_11a4744254_n.jpg,lech_tam,1.0,1.316,0.933,0.329,0.205,0.0,0.0
flowers/dandelion/4629844753_4e02015d29_m.jpg,anh_nho,,,,,,,
flowers/dandelion/4632235020_d00ce1e497.jpg,hoa_sat_bien_khong_crop_duoc,1.0,1.533,0.83,0.252,0.085,0.123,0.0
flowers/dandelion/4632251871_9f324a7bb5.jpg,khong_thay_hoa,,,,,,,
flowers/dandelion/4635296297_9ce69e4a6e.jpg,khong_thay_hoa,,,,,,,
flowers/dandelion/463736819_f779800165.jpg,khong_thay_hoa,,,,,,,
flowers/dandelion/4650752466_ed088e0d85_n.jpg,anh_nho,,,,,,,
flowers/dandelion/4654848357_9549351e0b_n.jpg,lech_tam,1.0,1.079,0.892,0.384,0.278,0.0,0.0
flowers/dandelion/4657801292_73bef15031.jpg,hoa_sat_bien_khong_crop_duoc,1.0,1.397,0.742,0.247,0.032,0.122,0.0
flowers/dandelion/4669815582_0a994fb4fd_m.jpg,anh_nho,,,,,,,
flowers/dandelion/4675287055_5938ed62c4.jpg,hoa_sat_bien_khong_crop_duoc,1.0,1.462,0.905,0.288,0.098,0.207,0.0
flowers/dandelion/4676527148_d701b9202f_n.jpg,khong_thay_hoa,,,,,,,
flowers/dandelion/4691257171_23a29aaa33_n.jpg,lech_tam,1.0,1.095,0.965,0.409,0.244,0.0,0.0
flowers/dandelion/4696437766_85952d0196.jpg,khong_thay_hoa,,,,,,,
flowers/dandelion/4713958242_fbcfe9a61b_m.jpg,anh_nho,,,,,,,
flowers/dandelion/4714026966_93846ddb74_m.jpg,anh_nho,,,,,,,
flowers/dandelion/4716316039_044e4d2d1a.jpg,khong_phai_goc_nhin_tren_xuong(dai),1.0,2.412,0.575,0.111,0.105,0.0,0.0
flowers/dandelion/477316928_a70a31a704_m.jpg,anh_nho,,,,,,,
flowers/dandelion/479115838_0771a6cdff.jpg,khong_thay_hoa,,,,,,,
flowers/dandelion/479495978_ee22cf05be.jpg,khong_thay_hoa,,,,,,,
flowers/dandelion/480621885_4c8b50fa11_m.jpg,khong_thay_hoa,,,,,,,
flowers/dandelion/483097906_2c35054346.jpg,hoa_sat_bien_khong_crop_duoc,1.0,1.281,0.958,0.347,0.013,0.135,0.0
flowers/dandelion/4847150510_7a5db086fa.jpg,khong_thay_hoa,,,,,,,
flowers/dandelion/4858372040_52216eb0bd.jpg,khong_thay_hoa,,,,,,,
flowers/dandelion/486234138_688e01aa9b_n.jpg,lech_tam,1.0,1.082,0.962,0.413,0.225,0.033,0.0
flowers/dandelion/4893356345_24d67eff9f_m.jpg,anh_nho,,,,,,,
flowers/dandelion/493696003_f93ffb3abd_n.jpg,khong_thay_hoa,,,,,,,
flowers/dandelion/4944731313_023a0508fd_n.jpg,khong_thay_hoa,,,,,,,
flowers/dandelion/4953240903_a121fba81f_m.jpg,khong_thay_hoa,,,,,,,
flowers/dandelion/5024965767_230f140d60_n.jpg,hoa_sat_bien_khong_crop_duoc,1.0,1.218,0.954,0.364,0.04,0.128,0.0
flowers/dandelion/5033866477_a77cccba49_m.jpg,anh_nho,,,,,,,
flowers/dandelion/506660896_c903cca1f0.jpg,trung_lap,1.0,1.081,0.996,0.428,0.057,0.046,0.0
flowers/dandelion/510874382_f7e3435043.jpg,hoa_sat_bien_khong_crop_duoc,1.0,1.481,1.007,0.316,0.045,0.191,0.0
flowers/dandelion/510897767_918260db93.jpg,khong_phai_goc_nhin_tren_xuong(dai),1.0,1.938,0.931,0.223,0.307,0.013,0.0
flowers/dandelion/5109496141_8dcf673d43_n.jpg,nhieu_hoa_hoac_nen_roi,0.913,1.113,0.873,0.364,0.133,0.0,0.051
flowers/dandelion/5110104894_a52c685516_n.jpg,khong_thay_hoa,,,,,,,
flowers/dandelion/5140791232_52f2c5b41d_n.jpg,khong_thay_hoa,,,,,,,
flowers/dandelion/5217892384_3edce91761_m.jpg,nhieu_hoa_hoac_nen_roi,18.0,1.25,1.146,0.426,0.4,0.0,0.438
flowers/dandelion/5416388641_c66d52d2ff_m.jpg,anh_nho,,,,,,,
flowers/dandelion/5572197407_a0047238a6.jpg,lech_tam,1.0,0.803,0.773,0.288,0.258,0.0,0.0
flowers/dandelion/5598014250_684c28bd5c_n.jpg,hoa_sat_bien_khong_crop_duoc,1.0,1.455,0.813,0.26,0.061,0.183,0.0
flowers/dandelion/5598591979_ed9af1b3e9_n.jpg,khong_thay_hoa,,,,,,,
flowers/dandelion/5598845098_13e8e9460f.jpg,hoa_sat_bien_khong_crop_duoc,1.0,1.513,0.871,0.268,0.083,0.199,0.0
flowers/dandelion/5607983792_f8b8766ff7.jpg,khong_thay_hoa,,,,,,,
flowers/dandelion/5608832856_f5d49de778.jpg,khong_thay_hoa,,,,,,,
flowers/dandelion/5613466853_e476bb080e.jpg,khong_thay_hoa,,,,,,,
flowers/dandelion/5623492051_8e5ce438bd.jpg,lech_tam,1.0,1.08,0.943,0.406,0.305,0.0,0.0
flowers/dandelion/5623855601_ecaebdb8fe.jpg,hoa_sat_bien_khong_crop_duoc,1.0,1.877,0.893,0.221,0.055,0.197,0.0
flowers/dandelion/5628296138_9031791fab.jpg,khong_phai_goc_nhin_tren_xuong(dai),1.0,1.632,0.904,0.257,0.316,0.0,0.0
flowers/dandelion/5629940298_634f35125c.jpg,lech_tam,1.0,1.026,0.936,0.424,0.392,0.0,0.0
flowers/dandelion/5642429835_a0cbf1bab7_n.jpg,khong_thay_hoa,,,,,,,
flowers/dandelion/5643666851_dc3f42399d_m.jpg,hinh_dang_khong_tron,56.0,0.769,0.548,0.196,0.321,0.0,0.025
flowers/dandelion/5644234724_cb0917ee33_m.jpg,khong_thay_hoa,,,,,,,
flowers/dandelion/5646743865_a8f20b60f7_n.jpg,anh_nho,,,,,,,
flowers/dandelion/5647842237_b1c5196718_n.jpg,lech_tam,142.0,0.824,0.76,0.291,0.211,0.0,0.0
flowers/dandelion/5651310874_c8be336c2b.jpg,khong_thay_hoa,,,,,,,
flowers/dandelion/5654859907_c2be3b0f1e_n.jpg,khong_thay_hoa,,,,,,,
flowers/dandelion/5670543216_8c4cb0caa8_m.jpg,anh_nho,,,,,,,
flowers/dandelion/5673112305_02fe19297b_n.jpg,lech_tam,1.0,0.947,0.845,0.372,0.218,0.0,0.0
flowers/dandelion/5674707921_1ffd141bab_n.jpg,khong_thay_hoa,,,,,,,
flowers/dandelion/5676682203_70d797f760.jpg,nhieu_hoa_hoac_nen_roi,0.762,0.744,0.98,0.339,0.179,0.0,0.0
flowers/dandelion/5681951567_d3b03bfd2a_m.jpg,khong_phai_goc_nhin_tren_xuong(dai),1.0,1.458,0.905,0.288,0.123,0.0,0.0
flowers/dandelion/570127230_ce409f90f8_n.jpg,khong_phai_goc_nhin_tren_xuong(dai),1.0,1.47,0.79,0.25,0.094,0.114,0.0
flowers/dandelion/5715788902_9dd2b4ef1d.jpg,khong_thay_hoa,,,,,,,
flowers/dandelion/5716633491_55e6f02645_n.jpg,khong_thay_hoa,,,,,,,
flowers/dandelion/5726984343_ae124aed97.jpg,hoa_sat_bien_khong_crop_duoc,1.0,1.673,0.435,0.121,0.148,0.133,0.0
flowers/dandelion/5727534342_419604c177_n.jpg,khong_phai_goc_nhin_tren_xuong(dai),1.0,0.455,0.677,0.143,0.191,0.0,0.0
flowers/dandelion/5733004219_a0ba411bfa_n.jpg,anh_nho,,,,,,,
flowers/dandelion/5740633858_8fd54c23c9_n.jpg,lech_tam,1.0,1.053,0.65,0.287,0.339,0.0,0.0
flowers/dandelion/5745882709_fb6fc8f02a_n.jpg,hinh_dang_khong_tron,1.0,0.721,0.399,0.134,0.162,0.0,0.01
flowers/dandelion/5757012454_c37f305b73.jpg,lech_tam,1.0,0.96,0.951,0.424,0.288,0.066,0.0
flowers/dandelion/5762590366_5cf7a32b87_n.jpg,hinh_dang_khong_tron,1.0,1.164,0.489,0.195,0.039,0.0,0.0
flowers/dandelion/5768217474_f6b1eef6d5_n.jpg,hoa_sat_bien_khong_crop_duoc,1.0,1.75,0.544,0.145,0.089,0.124,0.0
flowers/dandelion/5772194932_60b833091f.jpg,lech_tam,1.0,0.914,0.838,0.356,0.235,0.0,0.0
flowers/dandelion/578938011_34918b1468.jpg,hoa_sat_bien_khong_crop_duoc,1.0,2.065,0.682,0.154,0.021,0.223,0.0
flowers/dandelion/5797606814_ccac615312_m.jpg,anh_nho,,,,,,,
flowers/dandelion/5829610661_8439ba4a77_n.jpg,khong_thay_hoa,,,,,,,
flowers/dandelion/5863928177_8ae1425e76_n.jpg,khong_thay_hoa,,,,,,,
flowers/dandelion/5873232330_59818dee03_n.jpg,anh_nho,,,,,,,
flowers/dandelion/5909154147_9da14d1730_n.jpg,khong_thay_hoa,,,,,,,
flowers/dandelion/5996421299_b9bf488c1a_n.jpg,khong_thay_hoa,,,,,,,
flowers/dandelion/6035460327_4bbb708eab_n.jpg,khong_thay_hoa,,,,,,,
flowers/dandelion/6060576850_984176cf4f_n.jpg,khong_thay_hoa,,,,,,,
flowers/dandelion/62293290_2c463891ff_m.jpg,anh_nho,,,,,,,
flowers/dandelion/6250363717_17732e992e_n.jpg,lech_tam,1.0,1.108,0.924,0.388,0.339,0.0,0.0
flowers/dandelion/6412422565_ce61ca48a9_n.jpg,anh_nho,,,,,,,
flowers/dandelion/645330051_06b192b7e1.jpg,khong_thay_hoa,,,,,,,
flowers/dandelion/6495802659_98b57e0cca_m.jpg,anh_nho,,,,,,,
flowers/dandelion/674407101_57676c40fb.jpg,lech_tam,1.0,1.349,0.886,0.305,0.23,0.068,0.0
flowers/dandelion/6897671808_57230e04c5_n.jpg,khong_thay_hoa,,,,,,,
flowers/dandelion/6900157914_c3387c11d8.jpg,khong_thay_hoa,,,,,,,
flowers/dandelion/6901435398_b3192ff7f8_m.jpg,anh_nho,,,,,,,
flowers/dandelion/6918170172_3215766bf4_m.jpg,anh_nho,,,,,,,
flowers/dandelion/6954604340_d3223ed296_m.jpg,khong_phai_goc_nhin_tren_xuong(dai),1.0,0.551,0.267,0.068,0.145,0.0,0.011
flowers/dandelion/6968202872_cfcb5b77fb.jpg,khong_phai_goc_nhin_tren_xuong(dai),1.0,0.528,0.674,0.165,0.192,0.0,0.0
flowers/dandelion/6972675188_37f1f1d6f6.jpg,lech_tam,165.0,1.071,1.0,0.434,0.44,0.0,0.0
flowers/dandelion/6983105424_f33cc9b08d_m.jpg,anh_nho,,,,,,,
flowers/dandelion/6985099958_5249a4688b.jpg,lech_tam,1.0,1.138,0.778,0.318,0.243,0.088,0.0
flowers/dandelion/6994931102_4667c0352e.jpg,khong_thay_hoa,,,,,,,
flowers/dandelion/6994931380_a7588c1192_m.jpg,anh_nho,,,,,,,
flowers/dandelion/6994933428_307b092ce7_m.jpg,anh_nho,,,,,,,
flowers/dandelion/6994938270_bf51d0fe63.jpg,lech_tam,1.0,1.159,0.68,0.273,0.411,0.035,0.0
flowers/dandelion/7004645518_ff0f862eff_n.jpg,lech_tam,1.0,0.909,1.015,0.429,0.392,0.0,0.0
flowers/dandelion/7040710179_7f86a17a3c_n.jpg,khong_phai_goc_nhin_tren_xuong(dai),42.0,0.667,0.99,0.307,0.375,0.0,0.037
flowers/dandelion/7062171343_db61c92737_n.jpg,lech_tam,1.0,1.095,0.981,0.416,0.256,0.032,0.0
flowers/dandelion/7099259755_1c66420206_n.jpg,khong_thay_hoa,,,,,,,
flowers/dandelion/7132605107_f5e033d725_n.jpg,lech_tam,1.0,1.069,0.957,0.416,0.245,0.0,0.0
flowers/dandelion/7132676187_7a4265b16f_n.jpg,khong_phai_goc_nhin_tren_xuong(dai),1.0,1.639,0.74,0.21,0.058,0.0,0.0
flowers/dandelion/7141013005_d2f168c373.jpg,khong_thay_hoa,,,,,,,
flowers/dandelion/7141019507_4a44c6e888_m.jpg,anh_nho,,,,,,,
flowers/dandelion/7148085703_b9e8bcd6ca_n.jpg,nhieu_hoa_hoac_nen_roi,34.0,0.857,1.031,0.411,0.344,0.0,0.196
flowers/dandelion/7162551630_3647eb9254.jpg,khong_thay_hoa,,,,,,,
flowers/dandelion/7164500544_332b75aa3b.jpg,khong_thay_hoa,,,,,,,
flowers/dandelion/7165651120_2279ebf6d1.jpg,lech_tam,50.0,0.7,0.909,0.296,0.404,0.0,0.034
flowers/dandelion/7196409186_a59957ce0b_m.jpg,anh_nho,,,,,,,
flowers/dandelion/7197581386_8a51f1bb12_n.jpg,hinh_dang_khong_tron,1.0,0.873,0.494,0.2,0.227,0.0,0.016
flowers/dandelion/7218569994_de7045c0c0.jpg,hoa_sat_bien_khong_crop_duoc,1.0,1.512,1.004,0.309,0.053,0.213,0.0
flowers/dandelion/7222962522_36952a67b6_n.jpg,nhieu_hoa_hoac_nen_roi,0.334,0.492,0.777,0.177,0.432,0.047,0.16
flowers/dandelion/7226987694_34552c3115_n.jpg,lech_tam,1.0,0.956,0.886,0.394,0.187,0.0,0.0
flowers/dandelion/7232035352_84a39e99ba_n.jpg,khong_thay_hoa,,,,,,,
flowers/dandelion/7247192002_39b79998f0_n.jpg,khong_thay_hoa,,,,,,,
flowers/dandelion/7262863194_682209e9fb.jpg,khong_thay_hoa,,,,,,,
flowers/dandelion/7267547016_c8903920bf.jpg,lech_tam,1.0,1.02,0.879,0.4,0.239,0.0,0.0
flowers/dandelion/7270523166_b62fc9e5f1_m.jpg,anh_nho,,,,,,,
flowers/dandelion/7280217714_fb9ffccf2d_n.jpg,lech_tam,1.0,0.875,0.816,0.332,0.201,0.0,0.0
flowers/dandelion/7280221020_98b473b20d_n.jpg,khong_thay_hoa,,,,,,,
flowers/dandelion/7280222348_a87725ca77.jpg,khong_thay_hoa,,,,,,,
flowers/dandelion/7280227122_7ea2bef7f4_n.jpg,khong_thay_hoa,,,,,,,
flowers/dandelion/7368449232_c99f49b2e6_n.jpg,hinh_dang_khong_tron,1.0,1.108,0.503,0.211,0.252,0.0,0.005
flowers/dandelion/7401173270_ebaf04c9b0_n.jpg,lech_tam,1.0,1.0,0.869,0.404,0.324,0.0,0.0
flowers/dandelion/7425858848_d04dab08dd_n.jpg,lech_tam,1.0,1.15,1.012,0.409,0.211,0.0,0.0
flowers/dandelion/7448453384_fb9caaa9af_n.jpg,lech_tam,1.0,1.14,0.989,0.403,0.219,0.0,0.011
flowers/dandelion/7469617666_0e1a014917.jpg,lech_tam,1.0,1.129,0.948,0.39,0.472,0.0,0.0
flowers/dandelion/7719263062_3c8a307a5d.jpg,khong_phai_goc_nhin_tren_xuong(dai),1.0,1.862,0.878,0.219,0.256,0.0,0.0
flowers/dandelion/7808545612_546cfca610_m.jpg,anh_nho,,,,,,,
flowers/dandelion/7843447416_847e6ba7f4_m.jpg,nhieu_hoa_hoac_nen_roi,34.0,0.857,1.031,0.411,0.304,0.0,0.196
flowers/dandelion/7884440256_91c033732d.jpg,hoa_sat_bien_khong_crop_duoc,1.0,1.472,0.676,0.213,0.088,0.177,0.0
flowers/dandelion/7950892504_33142110c2.jpg,lech_tam,1.0,1.188,1.064,0.416,0.389,0.0,0.0
flowers/dandelion/7950901292_2dea05f9a2_n.jpg,khong_thay_hoa,,,,,,,
flowers/dandelion/8058286066_acdf082487_n.jpg,khong_thay_hoa,,,,,,,
flowers/dandelion/8079778274_f2a400f749_n.jpg,lech_tam,1.0,1.0,0.947,0.44,0.232,0.021,0.0
flowers/dandelion/808239968_318722e4db.jpg,khong_phai_goc_nhin_tren_xuong(dai),1.0,1.735,0.778,0.208,0.206,0.022,0.0
flowers/dandelion/8083321316_f62ea76f72_n.jpg,nhieu_hoa_hoac_nen_roi,0.582,1.125,1.048,0.433,0.303,0.0,0.0
flowers/dandelion/8168031302_6e36f39d87.jpg,khong_phai_goc_nhin_tren_xuong(dai),1.0,1.478,1.047,0.329,0.237,0.0,0.0
flowers/dandelion/8181477_8cb77d2e0f_n.jpg,khong_thay_hoa,,,,,,,
flowers/dandelion/8194560480_bfc1fb5801.jpg,khong_phai_goc_nhin_tren_xuong(dai),1.0,1.615,0.844,0.243,0.146,0.0,0.0
flowers/dandelion/8209318399_ae72aefdb5.jpg,khong_phai_goc_nhin_tren_xuong(dai),1.0,1.484,0.948,0.297,0.083,0.073,0.0
flowers/dandelion/8220011556_28e0cab67f.jpg,lech_tam,1.0,1.074,0.966,0.418,0.235,0.003,0.0
flowers/dandelion/8223949_2928d3f6f6_n.jpg,khong_thay_hoa,,,,,,,
flowers/dandelion/8223968_6b51555d2f_n.jpg,khong_thay_hoa,,,,,,,
flowers/dandelion/8267315764_129f2e1d77_m.jpg,khong_thay_hoa,,,,,,,
flowers/dandelion/8270191872_61e47ae3b8_m.jpg,anh_nho,,,,,,,
flowers/dandelion/8327657321_2cbceec396_n.jpg,khong_thay_hoa,,,,,,,
flowers/dandelion/8376558865_19c5cd6fd6_n.jpg,lech_tam,1.0,0.846,0.913,0.359,0.397,0.0,0.0
flowers/dandelion/8475758_4c861ab268_m.jpg,anh_nho,,,,,,,
flowers/dandelion/8475769_3dea463364_m.jpg,anh_nho,,,,,,,
flowers/dandelion/8497389500_45636fdd14.jpg,hoa_sat_bien_khong_crop_duoc,1.0,1.465,0.947,0.301,0.082,0.181,0.0
flowers/dandelion/8533312924_ee09412645_n.jpg,khong_phai_goc_nhin_tren_xuong(dai),1.0,1.625,0.99,0.283,0.078,0.0,0.0
flowers/dandelion/8613502159_d9ea67ba63.jpg,khong_thay_hoa,,,,,,,
flowers/dandelion/8632704230_ccafc5f7e2.jpg,khong_thay_hoa,,,,,,,
flowers/dandelion/8642679391_0805b147cb_m.jpg,nhieu_hoa_hoac_nen_roi,0.522,1.167,1.024,0.408,0.372,0.0,0.0
flowers/dandelion/8647874151_aac8db2588_m.jpg,anh_nho,,,,,,,
flowers/dandelion/8663932737_0a603ab718_n.jpg,nhieu_hoa_hoac_nen_roi,0.636,0.875,0.751,0.306,0.214,0.0,0.099
flowers/dandelion/8681169825_19a21c6bf5_m.jpg,anh_nho,,,,,,,
flowers/dandelion/8681420404_6ae114f036_n.jpg,hoa_sat_bien_khong_crop_duoc,1.0,1.391,0.967,0.323,0.055,0.16,0.0
flowers/dandelion/8684108_a85764b22d_n.jpg,khong_thay_hoa,,,,,,,
flowers/dandelion/8687729737_a7fbeded2c_m.jpg,anh_nho,,,,,,,
flowers/dandelion/8691437509_9ac8441db7_n.jpg,lech_tam,100.0,1.083,0.816,0.35,0.421,0.0,0.025
flowers/dandelion/8701999625_8d83138124.jpg,khong_thay_hoa,,,,,,,
flowers/dandelion/8707349105_6d06b543b0.jpg,hoa_sat_bien_khong_crop_duoc,1.0,1.423,0.945,0.309,0.068,0.147,0.0
flowers/dandelion/8716513637_2ba0c4e6cd_n.jpg,khong_phai_goc_nhin_tren_xuong(dai),1.0,1.481,0.871,0.273,0.016,0.0,0.0
flowers/dandelion/8717157979_05cbc10cc1.jpg,khong_thay_hoa,,,,,,,
flowers/dandelion/8717161615_4c1e403083.jpg,khong_phai_goc_nhin_tren_xuong(dai),167.0,2.3,0.924,0.187,0.383,0.0,0.0
flowers/dandelion/8719032054_9a3ce4f0ff.jpg,khong_phai_goc_nhin_tren_xuong(dai),1.0,0.681,0.748,0.237,0.214,0.006,0.034
flowers/dandelion/8724252904_db9a5104df_m.jpg,anh_nho,,,,,,,
flowers/dandelion/8727612532_6f3d0904aa_n.jpg,lech_tam,1.0,0.841,0.888,0.347,0.302,0.0,0.0
flowers/dandelion/8735646181_fa9787d4e0.jpg,lech_tam,1.0,1.053,0.869,0.384,0.197,0.0,0.0
flowers/dandelion/8737699225_19e0c9f0fa_m.jpg,khong_thay_hoa,,,,,,,
flowers/dandelion/8738317694_eca2ce3bfc_n.jpg,khong_phai_goc_nhin_tren_xuong(dai),1.0,1.59,0.752,0.22,0.178,0.0,0.005
flowers/dandelion/8739657154_6db14796c9.jpg,khong_thay_hoa,,,,,,,
flowers/dandelion/8744249948_36cb1969f8_m.jpg,anh_nho,,,,,,,
flowers/dandelion/8747223572_dcd9601e99.jpg,lech_tam,1.0,0.958,0.987,0.44,0.315,0.0,0.0
flowers/dandelion/8748402330_c00f9fbf7f_n.jpg,hoa_sat_bien_khong_crop_duoc,1.0,1.226,0.868,0.329,0.039,0.132,0.0
flowers/dandelion/8749577087_dc2521615f_n.jpg,khong_phai_goc_nhin_tren_xuong(dai),48.0,2.0,1.222,0.284,0.29,0.0,0.045
flowers/dandelion/8754822932_948afc7cef.jpg,hoa_sat_bien_khong_crop_duoc,1.0,1.589,0.947,0.277,0.041,0.173,0.0
flowers/dandelion/8757650550_113d7af3bd.jpg,lech_tam,1.0,1.0,0.844,0.392,0.379,0.0,0.0
flowers/dandelion/8791577794_7573712cb4_n.jpg,khong_thay_hoa,,,,,,,
flowers/dandelion/8905148527_ba9f55cd78.jpg,khong_thay_hoa,,,,,,,
flowers/dandelion/8915661673_9a1cdc3755_m.jpg,lech_tam,1.0,1.314,0.917,0.324,0.272,0.0,0.0
flowers/dandelion/8929523512_c87897b84e.jpg,khong_thay_hoa,,,,,,,
flowers/dandelion/8952484062_31d1d97e45.jpg,hoa_sat_bien_khong_crop_duoc,1.0,1.6,0.894,0.26,0.121,0.168,0.0
flowers/dandelion/8956863946_f96be02aae_n.jpg,nhieu_hoa_hoac_nen_roi,34.0,1.333,0.902,0.314,0.327,0.0,0.094
flowers/dandelion/8963359346_65ca69c59d_n.jpg,nhieu_hoa_hoac_nen_roi,9.0,1.0,1.273,0.592,0.259,0.0,0.562
flowers/dandelion/8966818334_483f4489be_n.jpg,khong_thay_hoa,,,,,,,
flowers/dandelion/8969938579_4c2032dd96_n.jpg,khong_thay_hoa,,,,,,,
flowers/dandelion/8978962053_0727b41d26.jpg,lech_tam,1.0,0.848,0.781,0.308,0.359,0.0,0.0
flowers/dandelion/8980145452_efbd6e3b04.jpg,lech_tam,1.0,1.065,0.941,0.411,0.403,0.055,0.0
flowers/dandelion/8980164828_04fbf64f79_n.jpg,khong_phai_goc_nhin_tren_xuong(dai),1.0,1.627,0.744,0.212,0.159,0.025,0.0
flowers/dandelion/8980266062_8387f6cc89.jpg,hoa_sat_bien_khong_crop_duoc,1.0,1.257,0.997,0.369,0.194,0.13,0.0
flowers/dandelion/8980273068_cf7e8b880a_n.jpg,trung_lap,1.0,1.147,1.043,0.423,0.101,0.091,0.0
flowers/dandelion/8981659922_7b1be892e7_m.jpg,anh_nho,,,,,,,
flowers/dandelion/8989067485_aab399460b_n.jpg,lech_tam,1.0,1.157,0.608,0.244,0.192,0.106,0.005
flowers/dandelion/9011235009_58c7b244c1_n.jpg,khong_thay_hoa,,,,,,,
flowers/dandelion/9111669902_9471c3a49c_n.jpg,khong_thay_hoa,,,,,,,
flowers/dandelion/9152356642_06ae73113f.jpg,khong_thay_hoa,,,,,,,
flowers/dandelion/9262004825_710346cde9_n.jpg,khong_thay_hoa,,,,,,,
flowers/dandelion/9300335851_cdf1cef7a9.jpg,lech_tam,1.0,0.953,0.86,0.381,0.32,0.0,0.0
flowers/dandelion/9472854850_fc9e1db673.jpg,hoa_sat_bien_khong_crop_duoc,1.0,1.581,0.646,0.19,0.189,0.126,0.0
flowers/dandelion/9533964635_f38e6fa3c3.jpg,khong_thay_hoa,,,,,,,
flowers/dandelion/9646730031_f3d5014416_n.jpg,lech_tam,1.0,1.192,0.837,0.326,0.377,0.0,0.0
flowers/dandelion/9726260379_4e8ee66875_m.jpg,anh_nho,,,,,,,
flowers/dandelion/9818247_e2eac18894.jpg,khong_thay_hoa,,,,,,,
flowers/dandelion/98992760_53ed1d26a9.jpg,nhieu_hoa_hoac_nen_roi,0.724,0.722,0.796,0.267,0.176,0.0,0.016
flowers/rose/10090824183_d02c613f10_m.jpg,anh_nho,,,,,,,
flowers/rose/102501987_3cdb8e5394_n.jpg,khong_thay_hoa,,,,,,,
flowers/rose/10503217854_e66a804309.jpg,hoa_sat_bien_khong_crop_duoc,1.0,1.328,0.816,0.285,0.117,0.148,0.0
flowers/rose/10894627425_ec76bbc757_n.jpg,khong_thay_hoa,,,,,,,
flowers/rose/110472418_87b6a3aa98_m.jpg,anh_nho,,,,,,,
flowers/rose/11102341464_508d558dfc_n.jpg,khong_thay_hoa,,,,,,,
flowers/rose/11233672494_d8bf0a3dbf_n.jpg,hoa_sat_bien_khong_crop_duoc,1.0,1.469,0.686,0.217,0.174,0.155,0.0
flowers/rose/11694025703_9a906fedc1_n.jpg,khong_thay_hoa,,,,,,,
flowers/rose/118974357_0faa23cce9_n.jpg,khong_thay_hoa,,,,,,,
flowers/rose/12238827553_cf427bfd51_n.jpg,hoa_sat_bien_khong_crop_duoc,1.0,1.169,0.748,0.298,0.145,0.127,0.0
flowers/rose/12240165555_98625b1e88_n.jpg,khong_thay_hoa,,,,,,,
flowers/rose/12240303_80d87f77a3_n.jpg,khong_thay_hoa,,,,,,,
flowers/rose/12240577184_b0de0e53ea_n.jpg,hoa_sat_bien_khong_crop_duoc,1.0,1.53,0.857,0.26,0.069,0.163,0.0
flowers/rose/12243068283_ee4c2683e2_n.jpg,hoa_sat_bien_khong_crop_duoc,1.0,1.58,0.911,0.268,0.119,0.232,0.0
flowers/rose/12243069253_e512464095_n.jpg,lech_tam,1.0,0.71,0.773,0.255,0.258,0.108,0.028
flowers/rose/123128873_546b8b7355_n.jpg,khong_thay_hoa,,,,,,,
flowers/rose/12323085443_8ac0cdb713_n.jpg,lech_tam,1.0,1.123,0.944,0.391,0.228,0.0,0.0
flowers/rose/12338444334_72fcc2fc58_m.jpg,hoa_sat_bien_khong_crop_duoc,0.681,1.672,0.626,0.174,0.238,0.192,0.084
flowers/rose/12395698413_c0388278f7.jpg,khong_thay_hoa,,,,,,,
flowers/rose/12406418663_af20dc225f_n.jpg,nhieu_hoa_hoac_nen_roi,0.7,0.964,0.859,0.385,0.3,0.0,0.035
flowers/rose/12434194695_a7c4e73c6b_n.jpg,khong_phai_goc_nhin_tren_xuong(dai),1.0,1.517,0.778,0.238,0.181,0.118,0.002
flowers/rose/12562723334_a2e0a9e3c8_n.jpg,khong_thay_hoa,,,,,,,
flowers/rose/12572786553_634868f7f2_n.jpg,hoa_sat_bien_khong_crop_duoc,1.0,1.351,0.905,0.311,0.075,0.17,0.0
flowers/rose/13211873833_82b029c8a1_n.jpg,anh_nho,,,,,,,
flowers/rose/13231224664_4af5293a37.jpg,lech_tam,1.0,1.105,0.817,0.343,0.194,0.055,0.0
flowers/rose/13235124703_a7e1266e44.jpg,khong_phai_goc_nhin_tren_xuong(dai),48.0,2.0,0.849,0.197,0.57,0.0,0.0
flowers/rose/13264214185_d6aa79b3bd.jpg,khong_thay_hoa,,,,,,,
flowers/rose/13279526615_a3b0059bec.jpg,hoa_sat_bien_khong_crop_duoc,1.0,1.493,0.739,0.23,0.119,0.163,0.0
flowers/rose/13342823005_16d3df58df_n.jpg,hoa_sat_bien_khong_crop_duoc,1.0,1.493,0.674,0.21,0.109,0.16,0.0
flowers/rose/1392579828_ab5a139052.jpg,khong_thay_hoa,,,,,,,
flowers/rose/13929462317_96342a9a44.jpg,hoa_sat_bien_khong_crop_duoc,1.0,1.639,0.75,0.213,0.121,0.198,0.0
flowers/rose/13943843842_36aae2e7f5_n.jpg,anh_nho,,,,,,,
flowers/rose/13979889721_42a59ca9fa_m.jpg,anh_nho,,,,,,,
flowers/rose/14019883858_e5d2a0ec10_n.jpg,hoa_sat_bien_khong_crop_duoc,1.0,1.453,0.762,0.244,0.067,0.168,0.0
flowers/rose/14107161906_5737e0e4ec.jpg,khong_thay_hoa,,,,,,,
flowers/rose/14127110749_624f5bfde6_n.jpg,anh_nho,,,,,,,
flowers/rose/14166797345_d2ab9da518.jpg,lech_tam,0.873,0.859,0.773,0.309,0.206,0.014,0.0
flowers/rose/14172324538_2147808483_n.jpg,khong_phai_goc_nhin_tren_xuong(dai),1.0,0.683,0.968,0.308,0.166,0.0,0.0
flowers/rose/14176042519_5792b37555.jpg,lech_tam,1.0,1.204,1.046,0.404,0.267,0.072,0.0
flowers/rose/14221192676_eb8c89a7d6_n.jpg,khong_thay_hoa,,,,,,,
flowers/rose/14312910041_b747240d56_n.jpg,khong_thay_hoa,,,,,,,
flowers/rose/14381787252_e8e12e277a_n.jpg,nhieu_hoa_hoac_nen_roi,0.563,1.536,0.858,0.26,0.434,0.0,0.0
flowers/rose/14406317221_1f2be67201_n.jpg,anh_nho,,,,,,,
flowers/rose/14408977935_a397e796b8_m.jpg,anh_nho,,,,,,,
flowers/rose/14414100710_753a36fce9.jpg,khong_thay_hoa,,,,,,,
flowers/rose/14414123198_24606fb32d.jpg,lech_tam,1.0,0.974,0.89,0.403,0.287,0.0,0.0
flowers/rose/1445228333_59a07e0801.jpg,khong_thay_hoa,,,,,,,
flowers/rose/14460517566_783dbf23b8_n.jpg,anh_nho,,,,,,,
flowers/rose/1446090416_f0cad5fde4.jpg,khong_thay_hoa,,,,,,,
flowers/rose/1446097778_97149b8362.jpg,khong_thay_hoa,,,,,,,
flowers/rose/14494590921_3bb1dc7b88_n.jpg,khong_thay_hoa,,,,,,,
flowers/rose/14573732424_1bb91e2e42_n.jpg,hoa_sat_bien_khong_crop_duoc,1.0,1.391,0.996,0.333,0.056,0.166,0.0
flowers/rose/145862135_ab710de93c_n.jpg,khong_thay_hoa,,,,,,,
flowers/rose/14597445311_8acb60247e.jpg,khong_phai_goc_nhin_tren_xuong(dai),1.0,1.533,0.905,0.274,0.229,0.061,0.0
flowers/rose/1461381091_aaaa663bbe_n.jpg,khong_thay_hoa,,,,,,,
flowers/rose/14683774134_6367640585.jpg,lech_tam,1.0,1.062,0.939,0.411,0.217,0.037,0.0
flowers/rose/1469726748_f359f4a8c5.jpg,khong_thay_hoa,,,,,,,
flowers/rose/14810868100_87eb739f26_m.jpg,anh_nho,,,,,,,
flowers/rose/14870567200_80cda4362e_n.jpg,anh_nho,,,,,,,
flowers/rose/14880561916_79aeb812fd_n.jpg,nhieu_hoa_hoac_nen_roi,0.742,0.569,0.748,0.198,0.266,0.0,0.049
flowers/rose/14970973709_968910640e_n.jpg,lech_tam,1.0,1.442,0.632,0.204,0.229,0.054,0.0
flowers/rose/14982802401_a3dfb22afb.jpg,khong_thay_hoa,,,,,,,
flowers/rose/14993880427_95d0f27257.jpg,lech_tam,0.926,0.982,0.925,0.422,0.295,0.0,0.012
flowers/rose/15032112248_30c5284e54_n.jpg,lech_tam,1.0,0.853,0.908,0.36,0.279,0.0,0.0
flowers/rose/15060816740_68e1b2c31b.jpg,khong_thay_hoa,,,,,,,
flowers/rose/15061894841_e5aca59ecd_n.jpg,khong_thay_hoa,,,,,,,
flowers/rose/15174615529_144ae28bdb_n.jpg,hoa_sat_bien_khong_crop_duoc,1.0,1.269,0.733,0.268,0.076,0.133,0.0
flowers/rose/15186434972_e353da940a.jpg,nhieu_hoa_hoac_nen_roi,0.719,1.0,0.831,0.386,0.201,0.034,0.059
flowers/rose/15202632426_d88efb321a_n.jpg,hoa_sat_bien_khong_crop_duoc,1.0,1.488,0.962,0.3,0.029,0.154,0.0
flowers/rose/15222804561_0fde5eb4ae_n.jpg,nhieu_hoa_hoac_nen_roi,0.68,0.966,0.97,0.435,0.271,0.0,0.0
flowers/rose/15236835789_6009b8f33d.jpg,khong_thay_hoa,,,,,,,
flowers/rose/15255964274_cf2ecdf702.jpg,hoa_sat_bien_khong_crop_duoc,1.0,1.554,0.964,0.288,0.115,0.139,0.0
flowers/rose/15255964454_0a64eb67fa.jpg,hoa_sat_bien_khong_crop_duoc,1.0,2.36,0.92,0.181,0.019,0.162,0.0
flowers/rose/15312360171_57bde98799_n.jpg,hoa_sat_bien_khong_crop_duoc,0.79,0.534,0.717,0.178,0.371,0.194,0.012
flowers/rose/15333843782_060cef3030.jpg,khong_thay_hoa,,,,,,,
flowers/rose/15566697073_9a214b700e_n.jpg,khong_thay_hoa,,,,,,,
flowers/rose/15602874619_03fd934bed.jpg,khong_thay_hoa,,,,,,,
flowers/rose/15674450867_0ced942941_n.jpg,nhieu_hoa_hoac_nen_roi,0.567,0.806,0.766,0.287,0.302,0.0,0.039
flowers/rose/15699509054_d3e125286f_n.jpg,lech_tam,1.0,1.164,0.964,0.385,0.223,0.06,0.0
flowers/rose/15811380728_5053455c50_n.jpg,anh_nho,,,,,,,
flowers/rose/15811411368_f4f2cd8873_n.jpg,anh_nho,,,,,,,
flowers/rose/15816400548_c551da2212_n.jpg,anh_nho,,,,,,,
flowers/rose/15818051327_9a44bf6244_n.jpg,anh_nho,,,,,,,
flowers/rose/15820572326_be2ea4a55c_n.jpg,nhieu_hoa_hoac_nen_roi,0.611,1.042,0.962,0.429,0.296,0.0,0.0
flowers/rose/15821959372_518b9dcf57_n.jpg,lech_tam,1.0,0.833,0.829,0.321,0.28,0.0,0.0
flowers/rose/15822837396_96b392fda8_m.jpg,anh_nho,,,,,,,
flowers/rose/15859434664_67bf3ef29f.jpg,lech_tam,1.0,0.757,0.879,0.309,0.507,0.0,0.0
flowers/rose/159079265_d77a9ac920_n.jpg,khong_thay_hoa,,,,,,,
flowers/rose/15922772266_1167a06620.jpg,hoa_sat_bien_khong_crop_duoc,1.0,1.773,0.931,0.244,0.196,0.171,0.0
flowers/rose/15949087094_a8f565295c_m.jpg,anh_nho,,,,,,,
flowers/rose/15951588433_c0713cbfc6_m.jpg,anh_nho,,,,,,,
flowers/rose/15972975956_9a770ca9dd_n.jpg,anh_nho,,,,,,,
flowers/rose/15972976206_d32feeb79b_n.jpg,anh_nho,,,,,,,
flowers/rose/15978010566_5fa5905af1_n.jpg,anh_nho,,,,,,,
flowers/rose/15978020586_6cb322b120_n.jpg,anh_nho,,,,,,,
flowers/rose/15996816031_7f2fea25cb_n.jpg,anh_nho,,,,,,,
flowers/rose/16001846141_393fdb887e_n.jpg,anh_nho,,,,,,,
flowers/rose/16018886851_c32746cb72.jpg,hinh_dang_khong_tron,89.0,1.286,0.45,0.163,0.332,0.0,0.018
flowers/rose/16078501836_3ac067e18a.jpg,lech_tam,1.0,1.241,0.973,0.364,0.228,0.0,0.0
flowers/rose/16100313047_c2e23cbb3d_n.jpg,khong_thay_hoa,,,,,,,
flowers/rose/16152175716_55d6968e08_n.jpg,khong_thay_hoa,,,,,,,
flowers/rose/16155980245_6ab8d7b888.jpg,lech_tam,1.0,1.056,1.035,0.456,0.352,0.0,0.0
flowers/rose/16157873719_bf0bdf8558_n.jpg,nhieu_hoa_hoac_nen_roi,0.525,1.022,1.019,0.463,0.386,0.0,0.0
flowers/rose/16209331331_343c899d38.jpg,khong_thay_hoa,,,,,,,
flowers/rose/16229215579_e7dd808e9c.jpg,hoa_sat_bien_khong_crop_duoc,1.0,1.357,0.871,0.298,0.048,0.155,0.0
flowers/rose/16258946661_f9739cdc0a.jpg,khong_thay_hoa,,,,,,,
flowers/rose/16374919860_4e445de29f_n.jpg,khong_thay_hoa,,,,,,,
flowers/rose/16424992340_c1d9eb72b4.jpg,nhieu_hoa_hoac_nen_roi,0.59,2.545,1.033,0.189,0.511,0.0,0.0
flowers/rose/1645761726_2b1be95472.jpg,hoa_sat_bien_khong_crop_duoc,1.0,1.443,0.872,0.281,0.011,0.145,0.0
flowers/rose/16476788181_0e2ffc719a.jpg,khong_thay_hoa,,,,,,,
flowers/rose/16484100863_979beacb08.jpg,khong_thay_hoa,,,,,,,
flowers/rose/16525204061_9b47be3726_m.jpg,hoa_sat_bien_khong_crop_duoc,1.0,1.347,0.847,0.292,0.164,0.172,0.0
flowers/rose/16545641666_2781e542a0_m.jpg,anh_nho,,,,,,,
flowers/rose/16552686350_db8db55cd2.jpg,nhieu_hoa_hoac_nen_roi,0.745,0.789,0.732,0.268,0.3,0.0,0.0
flowers/rose/16643785404_284c6c23fe_n.jpg,anh_nho,,,,,,,
flowers/rose/1666341535_99c6f7509f_n.jpg,nhieu_hoa_hoac_nen_roi,81.0,1.1,0.938,0.396,0.14,0.0,0.115
flowers/rose/16670921315_0fc48d7ab2_n.jpg,khong_thay_hoa,,,,,,,
flowers/rose/1667199972_7ba7d999c1_m.jpg,anh_nho,,,,,,,
flowers/rose/16691277899_9433f39155_n.jpg,khong_phai_goc_nhin_tren_xuong(dai),101.0,3.429,0.765,0.104,0.261,0.0,0.0
flowers/rose/16772483324_09f24813a1_n.jpg,khong_thay_hoa,,,,,,,
flowers/rose/16903172207_2cd7aca66a.jpg,khong_thay_hoa,,,,,,,
flowers/rose/17062080069_36ac7907d2_n.jpg,hoa_sat_bien_khong_crop_duoc,1.0,1.534,0.791,0.24,0.148,0.184,0.0
flowers/rose/17104364030_ee31ee279b_n.jpg,anh_nho,,,,,,,
flowers/rose/17105684129_e2cb69ea24_n.jpg,anh_nho,,,,,,,
flowers/rose/17165596357_392a12391f.jpg,khong_phai_goc_nhin_tren_xuong(dai),1.0,0.561,0.817,0.213,0.462,0.041,0.0
flowers/rose/172311368_49412f881b.jpg,hoa_sat_bien_khong_crop_duoc,1.0,1.321,0.865,0.304,0.119,0.122,0.0
flowers/rose/17291451621_0e39f08b9e_n.jpg,anh_nho,,,,,,,
flowers/rose/17291930305_79deae6a90_n.jpg,anh_nho,,,,,,,
flowers/rose/17302463621_d82be11f01_n.jpg,lech_tam,1.0,0.925,0.864,0.371,0.23,0.0,0.0
flowers/rose/17305246720_1866d6303b.jpg,khong_thay_hoa,,,,,,,
flowers/rose/174109630_3c544b8a2f.jpg,khong_thay_hoa,,,,,,,
flowers/rose/17449165090_dfb27af360_n.jpg,khong_thay_hoa,,,,,,,
flowers/rose/17554868955_35f48516cd_m.jpg,khong_thay_hoa,,,,,,,
flowers/rose/1757822526_fe30b9b3ca_m.jpg,nhieu_hoa_hoac_nen_roi,0.546,1.191,0.955,0.373,0.148,0.0,0.134
flowers/rose/1775233884_12ff5a124f.jpg,khong_thay_hoa,,,,,,,
flowers/rose/17867791274_25bb3f8a41_n.jpg,anh_nho,,,,,,,
flowers/rose/17869810353_c0d9902bc3_n.jpg,anh_nho,,,,,,,
flowers/rose/17869839663_1445f1efd0_n.jpg,anh_nho,,,,,,,
flowers/rose/17869846573_d6c9c39843_n.jpg,anh_nho,,,,,,,
flowers/rose/1793211631_68c31a74dc.jpg,hoa_sat_bien_khong_crop_duoc,1.0,1.28,0.85,0.309,0.042,0.126,0.0
flowers/rose/17953368844_be3d18cf30_m.jpg,anh_nho,,,,,,,
flowers/rose/1801614110_bb9fa46830.jpg,hoa_sat_bien_khong_crop_duoc,1.0,1.476,0.816,0.257,0.059,0.18,0.0
flowers/rose/180613732_3a7aba0b80_n.jpg,khong_thay_hoa,,,,,,,
flowers/rose/1813435848_7852708394_n.jpg,hoa_sat_bien_khong_crop_duoc,1.0,1.438,0.857,0.277,0.044,0.14,0.0
flowers/rose/18220342690_f1c20134bd.jpg,khong_thay_hoa,,,,,,,
flowers/rose/18302672248_38fe0f70af_n.jpg,anh_nho,,,,,,,
flowers/rose/18302691898_9dc45afae8_n.jpg,anh_nho,,,,,,,
flowers/rose/18302701228_2b5790b199_n.jpg,anh_nho,,,,,,,
flowers/rose/18302780950_9469703544_n.jpg,anh_nho,,,,,,,
flowers/rose/18302793940_8fcc8b4661_n.jpg,anh_nho,,,,,,,
flowers/rose/18302796110_02ef47cd43_n.jpg,anh_nho,,,,,,,
flowers/rose/18302801780_50f9a04639_n.jpg,anh_nho,,,,,,,
flowers/rose/18304294599_2b0b604a8d_n.jpg,anh_nho,,,,,,,
flowers/rose/18376177250_86060cbdc9.jpg,khong_phai_goc_nhin_tren_xuong(dai),1.0,1.679,0.789,0.219,0.285,0.0,0.0
flowers/rose/18464052396_6327841e65_n.jpg,anh_nho,,,,,,,
flowers/rose/18464055536_709c8af0b7_n.jpg,anh_nho,,,,,,,
flowers/rose/18464065816_88f194a890_n.jpg,anh_nho,,,,,,,
flowers/rose/18464075576_4e496e7d42_n.jpg,anh_nho,,,,,,,
flowers/rose/18464084356_0d2d93f896_n.jpg,anh_nho,,,,,,,
flowers/rose/18486123042_5c8da68f38_n.jpg,anh_nho,,,,,,,
flowers/rose/18486124712_17ebe7559b_n.jpg,anh_nho,,,,,,,
flowers/rose/18486146942_e09ecd0e25_n.jpg,anh_nho,,,,,,,
flowers/rose/18486151112_6f83e92223_n.jpg,anh_nho,,,,,,,
flowers/rose/18486171962_c46dbd067d_n.jpg,anh_nho,,,,,,,
flowers/rose/18490508225_0fc630e963_n.jpg,anh_nho,,,,,,,
flowers/rose/18492288871_8c9d5657bb_n.jpg,anh_nho,,,,,,,
flowers/rose/18492296751_0bf021da9b_n.jpg,anh_nho,,,,,,,
flowers/rose/18492302751_cf6a5a583e_n.jpg,anh_nho,,,,,,,
flowers/rose/18492322571_3b99e55560_n.jpg,anh_nho,,,,,,,
flowers/rose/18492342231_c074b4b19c_n.jpg,anh_nho,,,,,,,
flowers/rose/18563353954_b761d97155_m.jpg,anh_nho,,,,,,,
flowers/rose/18599603859_f2ec616ddf_n.jpg,nhieu_hoa_hoac_nen_roi,0.5,1.194,0.823,0.32,0.448,0.0,0.0
flowers/rose/18741313803_1bbf842fc6_n.jpg,khong_thay_hoa,,,,,,,
flowers/rose/18760363474_a707331322_n.jpg,hoa_sat_bien_khong_crop_duoc,1.0,1.5,0.799,0.247,0.05,0.185,0.0
flowers/rose/18990187093_09f2bff8fc_m.jpg,anh_nho,,,,,,,
flowers/rose/19027407015_141c10ddcb_n.jpg,anh_nho,,,,,,,
flowers/rose/19153732586_9de58c8f53_n.jpg,khong_thay_hoa,,,,,,,
flowers/rose/19271410704_932d1f2c97_n.jpg,hoa_sat_bien_khong_crop_duoc,1.0,1.347,1.004,0.346,0.006,0.14,0.0
flowers/rose/19440805164_920b28da61_n.jpg,hoa_sat_bien_khong_crop_duoc,1.0,1.347,0.903,0.312,0.075,0.131,0.0
flowers/rose/1949195327_75f76c12b1.jpg,khong_thay_hoa,,,,,,,
flowers/rose/19566556880_476c66c5ee_n.jpg,khong_phai_goc_nhin_tren_xuong(dai),1.0,1.667,0.907,0.253,0.284,0.0,0.0
flowers/rose/19823402005_2db025dd66_m.jpg,khong_thay_hoa,,,,,,,
flowers/rose/19919867648_043cf02fc3.jpg,hoa_sat_bien_khong_crop_duoc,1.0,1.632,0.858,0.244,0.1,0.132,0.0
flowers/rose/2053476785_c162a3e358.jpg,khong_phai_goc_nhin_tren_xuong(dai),1.0,0.591,0.935,0.257,0.286,0.0,0.0
flowers/rose/2059172936_032ffc12aa.jpg,khong_thay_hoa,,,,,,,
flowers/rose/20596941736_f2c5f496cf.jpg,khong_phai_goc_nhin_tren_xuong(dai),1.0,1.846,0.806,0.203,0.251,0.114,0.001
flowers/rose/20851336110_b17107948d_n.jpg,anh_nho,,,,,,,
flowers/rose/2093263381_afd51358a3.jpg,khong_thay_hoa,,,,,,,
flowers/rose/21039447185_96d59941b2_n.jpg,anh_nho,,,,,,,
flowers/rose/2122401867_cd86c5f114_n.jpg,hoa_sat_bien_khong_crop_duoc,1.0,1.391,0.972,0.325,0.022,0.153,0.0
flowers/rose/21346056089_e6f8074e5f_m.jpg,anh_nho,,,,,,,
flowers/rose/21347496068_f4d3339607.jpg,hoa_sat_bien_khong_crop_duoc,1.0,1.405,0.904,0.299,0.035,0.134,0.0
flowers/rose/21413573151_e681c6a97a.jpg,nhieu_hoa_hoac_nen_roi,0.789,0.45,0.681,0.142,0.006,0.0,0.035
flowers/rose/21522100663_455b77a90c_n.jpg,khong_thay_hoa,,,,,,,
flowers/rose/218630974_5646dafc63_m.jpg,anh_nho,,,,,,,
flowers/rose/2197754124_5c8a146761_n.jpg,khong_phai_goc_nhin_tren_xuong(dai),45.0,1.5,1.061,0.329,0.475,0.0,0.037
flowers/rose/22385375599_1faf334f5d_n.jpg,khong_thay_hoa,,,,,,,
flowers/rose/22506717337_0fd63e53e9.jpg,lech_tam,1.0,1.212,0.856,0.328,0.199,0.031,0.0
flowers/rose/2265390547_2409007cef_n.jpg,hoa_sat_bien_khong_crop_duoc,1.0,1.582,0.853,0.25,0.057,0.158,0.0
flowers/rose/2265579414_2e00a8f265_n.jpg,nhieu_hoa_hoac_nen_roi,0.722,1.386,0.888,0.298,0.082,0.0,0.136
flowers/rose/22679076_bdb4c24401_m.jpg,anh_nho,,,,,,,
flowers/rose/229488796_21ac6ee16d_n.jpg,lech_tam,1.0,1.359,0.812,0.278,0.409,0.069,0.0
flowers/rose/22982871191_ec61e36939_n.jpg,lech_tam,1.0,1.414,0.826,0.272,0.201,0.101,0.0
flowers/rose/23096513535_f41ddfec19_n.jpg,anh_nho,,,,,,,
flowers/rose/23232710191_cc57620cd5.jpg,khong_thay_hoa,,,,,,,
flowers/rose/2325232198_751645d0bb_n.jpg,hoa_sat_bien_khong_crop_duoc,1.0,1.684,0.982,0.271,0.027,0.158,0.0
flowers/rose/2331651885_619653a5d3.jpg,lech_tam,1.0,0.714,0.869,0.288,0.415,0.0,0.0
flowers/rose/2332478138_28f1d586e4_n.jpg,khong_thay_hoa,,,,,,,
flowers/rose/2347579838_dd6d2aaefc_n.jpg,khong_thay_hoa,,,,,,,
flowers/rose/23891005905_17ce9e6936.jpg,khong_thay_hoa,,,,,,,
flowers/rose/2392457180_f02dab5c65.jpg,hoa_sat_bien_khong_crop_duoc,1.0,1.293,0.705,0.253,0.108,0.127,0.0
flowers/rose/2471103806_87ba53d997_n.jpg,khong_thay_hoa,,,,,,,
flowers/rose/2535466393_6556afeb2f_m.jpg,anh_nho,,,,,,,
flowers/rose/2535495431_e6f950443c.jpg,lech_tam,1.0,1.129,0.865,0.356,0.286,0.035,0.0
flowers/rose/2536282942_b5ca27577e.jpg,khong_thay_hoa,,,,,,,
flowers/rose/2550860627_998a4fc4c1.jpg,khong_phai_goc_nhin_tren_xuong(dai),137.0,0.571,0.692,0.184,0.08,0.0,0.0
flowers/rose/2607130050_9c34310004.jpg,nhieu_hoa_hoac_nen_roi,15.0,1.667,1.273,0.355,0.183,0.0,0.344
flowers/rose/2609353769_dc3654f12f.jpg,lech_tam,1.0,0.877,0.898,0.366,0.305,0.016,0.0
flowers/rose/26605779860_50872b454a_n.jpg,anh_nho,,,,,,,
flowers/rose/26723815164_d03d4d69cb_n.jpg,anh_nho,,,,,,,
flowers/rose/2675221506_5286c0595f.jpg,hinh_dang_khong_tron,1.0,1.233,0.342,0.129,0.076,0.107,0.0
flowers/rose/2677417735_a697052d2d_n.jpg,hoa_sat_bien_khong_crop_duoc,1.0,1.264,0.856,0.315,0.047,0.134,0.0
flowers/rose/26811158051_8f264eea6b_n.jpg,anh_nho,,,,,,,
flowers/rose/2682566502_967e7eaa2a.jpg,hoa_sat_bien_khong_crop_duoc,1.0,1.365,0.986,0.336,0.079,0.128,0.0
flowers/rose/272481307_1eb47ba3e0_n.jpg,khong_thay_hoa,,,,,,,
flowers/rose/2756028421_b3d5eea526_n.jpg,lech_tam,1.0,1.044,0.983,0.437,0.234,0.0,0.0
flowers/rose/27619697563_228f5c4677_n.jpg,anh_nho,,,,,,,
flowers/rose/2788276815_8f730bd942.jpg,nhieu_hoa_hoac_nen_roi,0.665,1.265,0.919,0.337,0.329,0.0,0.0
flowers/rose/28131227642_e279b5768b_n.jpg,anh_nho,,,,,,,
flowers/rose/2850381271_d2f9a470b1_n.jpg,khong_thay_hoa,,,,,,,
flowers/rose/2888138918_402096c7fb.jpg,lech_tam,1.0,0.8,0.852,0.317,0.325,0.0,0.0
flowers/rose/295257304_de893fc94d.jpg,lech_tam,1.0,1.017,0.898,0.41,0.294,0.0,0.0
flowers/rose/298670754_f25edda891.jpg,lech_tam,1.0,1.449,0.907,0.291,0.245,0.0,0.0
flowers/rose/3045046293_57f6d52065_m.jpg,anh_nho,,,,,,,
flowers/rose/3052753519_d087aaeacb_n.jpg,khong_phai_goc_nhin_tren_xuong(dai),1.0,1.521,0.65,0.199,0.031,0.107,0.0
flowers/rose/3065719996_c16ecd5551.jpg,lech_tam,110.0,1.0,0.973,0.452,0.31,0.0,0.036
flowers/rose/3072908271_08764c732a_m.jpg,nhieu_hoa_hoac_nen_roi,23.0,0.667,1.22,0.378,0.36,0.0,0.146
flowers/rose/3074406590_91c697c805_n.jpg,khong_thay_hoa,,,,,,,
flowers/rose/31050510212_73d570592a_n.jpg,anh_nho,,,,,,,
flowers/rose/319298955_0c72bd36bf.jpg,hoa_sat_bien_khong_crop_duoc,1.0,1.402,1.032,0.342,0.083,0.17,0.0
flowers/rose/323872063_7264e7e018_m.jpg,anh_nho,,,,,,,
flowers/rose/32442998706_ba6cacf354_n.jpg,anh_nho,,,,,,,
flowers/rose/3253243865_435c1f2c2b_m.jpg,anh_nho,,,,,,,
flowers/rose/3264570182_c7ded528ba_m.jpg,khong_thay_hoa,,,,,,,
flowers/rose/326541992_d542103ca8_n.jpg,lech_tam,1.0,1.429,0.972,0.316,0.433,0.003,0.0
flowers/rose/3268459296_a7346c6b2c.jpg,khong_thay_hoa,,,,,,,
flowers/rose/32724693914_282ccc4f92_n.jpg,anh_nho,,,,,,,
flowers/rose/3276552939_8c31b22d3e.jpg,hoa_sat_bien_khong_crop_duoc,1.0,1.468,1.0,0.316,0.024,0.16,0.0
flowers/rose/3278709893_ba4956a572_n.jpg,khong_thay_hoa,,,,,,,
flowers/rose/3292434691_392071d702_n.jpg,hoa_sat_bien_khong_crop_duoc,1.0,1.982,0.842,0.198,0.151,0.235,0.0
flowers/rose/33184832190_e5411d91a4_n.jpg,anh_nho,,,,,,,
flowers/rose/33185001420_dc8f571c4f_n.jpg,anh_nho,,,,,,,
flowers/rose/33411423082_8150d9254e_n.jpg,anh_nho,,,,,,,
flowers/rose/33568244695_7ec846bcc6_n.jpg,anh_nho,,,,,,,
flowers/rose/33568345265_e4f7d0fe45_n.jpg,anh_nho,,,,,,,
flowers/rose/3415176946_248afe9f32.jpg,lech_tam,1.0,0.916,0.756,0.322,0.21,0.025,0.0
flowers/rose/3422228549_f147d6e642.jpg,khong_thay_hoa,,,,,,,
flowers/rose/3450344423_63ba3190e3.jpg,khong_thay_hoa,,,,,,,
flowers/rose/3465443774_6b0c75a3b1_n.jpg,hoa_sat_bien_khong_crop_duoc,1.0,1.344,0.937,0.324,0.033,0.151,0.0
flowers/rose/3494252600_29f26e3ff0_n.jpg,hoa_sat_bien_khong_crop_duoc,1.0,1.348,0.788,0.272,0.182,0.153,0.0
flowers/rose/353897245_5453f35a8e.jpg,khong_thay_hoa,,,,,,,
flowers/rose/3550491463_3eb092054c_m.jpg,anh_nho,,,,,,,
flowers/rose/3576488381_611f3446e0_n.jpg,khong_thay_hoa,,,,,,,
flowers/rose/3621011057_0d03bd171b_n.jpg,lech_tam,1.0,1.333,1.011,0.352,0.334,0.0,0.0
flowers/rose/3630246240_4fee9a33db.jpg,khong_phai_goc_nhin_tren_xuong(dai),1.0,2.121,0.815,0.179,0.019,0.0,0.0
flowers/rose/3634244527_e72c47842c_n.jpg,lech_tam,1.0,1.196,0.858,0.333,0.345,0.0,0.0
flowers/rose/3654988152_b11178bbcb.jpg,khong_thay_hoa,,,,,,,
flowers/rose/3655527028_0fab2b547d_n.jpg,khong_thay_hoa,,,,,,,
flowers/rose/3664842094_5fd60ee26b.jpg,lech_tam,1.0,1.231,1.026,0.388,0.305,0.0,0.0
flowers/rose/3667366832_7a8017c528_n.jpg,khong_phai_goc_nhin_tren_xuong(dai),1.0,1.536,0.766,0.232,0.052,0.092,0.0
flowers/rose/3697780051_83e50a6dd1_m.jpg,lech_tam,1.0,1.1,0.814,0.344,0.33,0.0,0.0
flowers/rose/3705716290_cb7d803130_n.jpg,hoa_sat_bien_khong_crop_duoc,1.0,1.265,0.899,0.33,0.062,0.151,0.0
flowers/rose/3742155164_14b557a51c_n.jpg,hoa_sat_bien_khong_crop_duoc,1.0,1.286,0.886,0.32,0.039,0.143,0.0
flowers/rose/3742168238_d961937e68_n.jpg,lech_tam,1.0,1.0,0.776,0.361,0.359,0.0,0.0
flowers/rose/3871586333_5a708d5cf4_n.jpg,hoa_sat_bien_khong_crop_duoc,1.0,1.524,0.947,0.289,0.062,0.175,0.0
flowers/rose/3872230296_6c477309f3_n.jpg,lech_tam,1.0,1.0,0.709,0.329,0.196,0.0,0.0
flowers/rose/3873271620_1d9d314f01_n.jpg,nhieu_hoa_hoac_nen_roi,0.549,1.056,0.86,0.379,0.399,0.0,0.0
flowers/rose/388405293_4db1d71f21_n.jpg,khong_thay_hoa,,,,,,,
flowers/rose/3948347096_42261f047a_m.jpg,anh_nho,,,,,,,
flowers/rose/394990940_7af082cf8d_n.jpg,hoa_sat_bien_khong_crop_duoc,1.0,1.286,0.908,0.328,0.038,0.136,0.0
flowers/rose/3971662839_5cb2963b20_n.jpg,khong_thay_hoa,,,,,,,
flowers/rose/3997609936_8db20b7141_n.jpg,hoa_sat_bien_khong_crop_duoc,1.0,1.333,1.039,0.362,0.026,0.158,0.0
flowers/rose/4061451210_1650590c6a.jpg,hoa_sat_bien_khong_crop_duoc,1.0,1.28,0.839,0.305,0.072,0.149,0.0
flowers/rose/4065283966_9504b98269.jpg,hoa_sat_bien_khong_crop_duoc,1.0,1.368,0.932,0.316,0.162,0.146,0.0
flowers/rose/4093390305_4010c736c9.jpg,hoa_sat_bien_khong_crop_duoc,1.0,1.778,0.797,0.208,0.091,0.174,0.0
flowers/rose/410421672_563550467c.jpg,khong_thay_hoa,,,,,,,
flowers/rose/410425647_4586667858.jpg,khong_thay_hoa,,,,,,,
flowers/rose/4231745228_ece86330d9.jpg,lech_tam,1.0,0.986,0.914,0.419,0.283,0.0,0.0
flowers/rose/4242976586_607a8f9843_n.jpg,hoa_sat_bien_khong_crop_duoc,1.0,1.33,0.871,0.304,0.032,0.138,0.0
flowers/rose/4243078361_7b92a932cd_n.jpg,khong_thay_hoa,,,,,,,
flowers/rose/4267024012_295e7141a3_n.jpg,nhieu_hoa_hoac_nen_roi,0.737,0.678,0.624,0.197,0.275,0.11,0.046
flowers/rose/4279989256_9a48c0d194_n.jpg,hoa_sat_bien_khong_crop_duoc,1.0,1.603,0.935,0.271,0.132,0.225,0.0
flowers/rose/4279990882_031482f8b6_n.jpg,hoa_sat_bien_khong_crop_duoc,1.0,1.561,0.993,0.296,0.028,0.145,0.0
flowers/rose/4325834819_ab56661dcc_m.jpg,khong_phai_goc_nhin_tren_xuong(dai),1.0,1.562,0.851,0.253,0.036,0.0,0.003
flowers/rose/4356781875_92c5cd93c0.jpg,khong_thay_hoa,,,,,,,
flowers/rose/4360743371_6238b36d8c_m.jpg,anh_nho,,,,,,,
flowers/rose/4363734507_5cc4ed6e01.jpg,lech_tam,1.0,0.877,1.036,0.422,0.275,0.0,0.0
flowers/rose/4413509121_a62879598a.jpg,khong_phai_goc_nhin_tren_xuong(dai),1.0,1.821,0.789,0.201,0.279,0.0,0.0
flowers/rose/4414135084_1ac7e6cd54.jpg,nhieu_hoa_hoac_nen_roi,0.827,1.522,0.895,0.273,0.273,0.066,0.073
flowers/rose/4503599544_3822e7d1be.jpg,lech_tam,1.0,1.397,0.65,0.216,0.261,0.005,0.0
flowers/rose/4505921907_21c8002fde.jpg,khong_thay_hoa,,,,,,,
flowers/rose/4553266758_09d4dbdac9_n.jpg,hoa_sat_bien_khong_crop_duoc,1.0,1.293,0.831,0.299,0.042,0.12,0.0
flowers/rose/4558025386_2c47314528.jpg,nhieu_hoa_hoac_nen_roi,0.513,1.094,0.927,0.394,0.364,0.0,0.0
flowers/rose/4575042086_7674b76297_n.jpg,khong_thay_hoa,,,,,,,
flowers/rose/459042023_6273adc312_n.jpg,lech_tam,1.0,0.984,0.844,0.386,0.322,0.0,0.0
flowers/rose/4612766755_7d3f047db0_n.jpg,anh_nho,,,,,,,
flowers/rose/4612774939_e26ec1c34d_n.jpg,anh_nho,,,,,,,
flowers/rose/4612784323_0bcfb978f0_n.jpg,anh_nho,,,,,,,
flowers/rose/4612826243_7d86870a1b_n.jpg,lech_tam,1.0,0.831,0.875,0.338,0.181,0.039,0.0
flowers/rose/4612830331_2a44957465_n.jpg,anh_nho,,,,,,,
flowers/rose/4612833069_8e48b47aa4_n.jpg,anh_nho,,,,,,,
flowers/rose/4625089819_55c45a189c.jpg,lech_tam,1.0,1.157,0.881,0.354,0.186,0.004,0.0
flowers/rose/4644336779_acd973528c.jpg,lech_tam,1.0,0.89,0.948,0.392,0.281,0.008,0.0
flowers/rose/4648680921_80dfc4f12a.jpg,nhieu_hoa_hoac_nen_roi,9.0,1.0,1.273,0.592,0.393,0.0,0.562
flowers/rose/466486216_ab13b55763.jpg,lech_tam,1.0,1.25,0.83,0.309,0.239,0.083,0.0
flowers/rose/4675532860_890504a4a3_m.jpg,anh_nho,,,,,,,
flowers/rose/4684127262_6c3346188d.jpg,hoa_sat_bien_khong_crop_duoc,1.0,1.458,0.771,0.246,0.075,0.195,0.0
flowers/rose/4694341873_65fe187a4e_n.jpg,hoa_sat_bien_khong_crop_duoc,0.886,1.269,0.716,0.262,0.105,0.138,0.0
flowers/rose/4703837996_d3c1df77cc_n.jpg,anh_nho,,,,,,,
flowers/rose/4713531680_1110a2fa07_n.jpg,khong_thay_hoa,,,,,,,
flowers/rose/4713533500_fcc295de70_n.jpg,khong_thay_hoa,,,,,,,
flowers/rose/4735314389_94fe1b2a9f_n.jpg,khong_thay_hoa,,,,,,,
flowers/rose/4754734410_94d98463a5.jpg,khong_phai_goc_nhin_tren_xuong(dai),1.0,1.526,1.001,0.305,0.201,0.058,0.0
flowers/rose/475936554_a2b38aaa8e.jpg,khong_phai_goc_nhin_tren_xuong(dai),1.0,1.969,0.645,0.152,0.249,0.104,0.006
flowers/rose/475947979_554062a608_m.jpg,anh_nho,,,,,,,
flowers/rose/4765063233_f64440c20b.jpg,hoa_sat_bien_khong_crop_duoc,1.0,1.739,0.855,0.229,0.039,0.181,0.0
flowers/rose/483444865_65962cea07_m.jpg,anh_nho,,,,,,,
flowers/rose/4860145119_b1c3cbaa4e_n.jpg,hoa_sat_bien_khong_crop_duoc,1.0,1.333,0.912,0.318,0.059,0.16,0.0
flowers/rose/488849503_63a290a8c2_m.jpg,anh_nho,,,,,,,
flowers/rose/4921988677_e2eb0c9a24_m.jpg,anh_nho,,,,,,,
flowers/rose/494803274_f84f21d53a.jpg,hoa_sat_bien_khong_crop_duoc,1.0,1.466,0.901,0.286,0.085,0.139,0.0
flowers/rose/4979895172_ca06eba616.jpg,lech_tam,1.0,1.231,0.855,0.323,0.244,0.085,0.0
flowers/rose/4998708839_c53ee536a8_n.jpg,khong_phai_goc_nhin_tren_xuong(dai),1.0,0.514,0.65,0.155,0.182,0.012,0.0
flowers/rose/5001843267_ccc0aa7d4d_n.jpg,anh_nho,,,,,,,
flowers/rose/5001843683_ac3e5f2c87_n.jpg,anh_nho,,,,,,,
flowers/rose/5001844187_0a77b2eed6_n.jpg,anh_nho,,,,,,,
flowers/rose/5001844777_d9e1968119_n.jpg,anh_nho,,,,,,,
flowers/rose/5001845055_69f04d9779_n.jpg,anh_nho,,,,,,,
flowers/rose/5001845289_e5740889b0_n.jpg,anh_nho,,,,,,,
flowers/rose/5001846301_9380fbe900_n.jpg,anh_nho,,,,,,,
flowers/rose/5001846495_56068de2da_n.jpg,anh_nho,,,,,,,
flowers/rose/5001846725_7bb1b9fedf_n.jpg,anh_nho,,,,,,,
flowers/rose/5001846963_595da3a5a3_n.jpg,anh_nho,,,,,,,
flowers/rose/5001847255_34ff6146ec_n.jpg,anh_nho,,,,,,,
flowers/rose/5001847439_83e02981e8_n.jpg,anh_nho,,,,,,,
flowers/rose/5001847693_77a9fb4f3c_n.jpg,anh_nho,,,,,,,
flowers/rose/5001848135_63300a26a8_n.jpg,anh_nho,,,,,,,
flowers/rose/5001848317_b33d17ab7a_n.jpg,anh_nho,,,,,,,
flowers/rose/5001850247_33681cc95c_n.jpg,anh_nho,,,,,,,
flowers/rose/5001850817_abffea40c9_n.jpg,anh_nho,,,,,,,
flowers/rose/5001852101_877cb2ae9b_n.jpg,anh_nho,,,,,,,
flowers/rose/5001852517_6a8713ffe2_n.jpg,anh_nho,,,,,,,
flowers/rose/5001853739_e293f7b268_n.jpg,anh_nho,,,,,,,
flowers/rose/5001853887_0623dd2111_n.jpg,anh_nho,,,,,,,
flowers/rose/5001854143_d868390640_n.jpg,anh_nho,,,,,,,
flowers/rose/5001854803_cb87747d4a_n.jpg,anh_nho,,,,,,,
flowers/rose/5001855107_71351ce785_n.jpg,anh_nho,,,,,,,
flowers/rose/5001855689_e07486c44d_n.jpg,anh_nho,,,,,,,
flowers/rose/5001856089_4cf8e9c818_n.jpg,anh_nho,,,,,,,
flowers/rose/5001856549_7e0a640488_n.jpg,anh_nho,,,,,,,
flowers/rose/5001857501_f8b1e3e987_n.jpg,anh_nho,,,,,,,
flowers/rose/5001857777_440e725f2f_n.jpg,anh_nho,,,,,,,
flowers/rose/5001858821_731d128f20_n.jpg,anh_nho,,,,,,,
flowers/rose/5002446424_b86e3c646f_n.jpg,anh_nho,,,,,,,
flowers/rose/5002446614_bb2a5b4bc1_n.jpg,anh_nho,,,,,,,
flowers/rose/5002446908_150a969334_n.jpg,anh_nho,,,,,,,
flowers/rose/5002447434_9b06760f63_n.jpg,anh_nho,,,,,,,
flowers/rose/5002447916_8a7b7b689a_n.jpg,anh_nho,,,,,,,
flowers/rose/5002448396_7ca4d44086_n.jpg,anh_nho,,,,,,,
flowers/rose/5002449706_647ffe5249_n.jpg,anh_nho,,,,,,,
flowers/rose/5002450022_33337e895b_n.jpg,anh_nho,,,,,,,
flowers/rose/5002451854_9cf0096db0_n.jpg,anh_nho,,,,,,,
flowers/rose/5002452394_22896fb9df_n.jpg,anh_nho,,,,,,,
flowers/rose/5002452576_f61a48b2e3_n.jpg,anh_nho,,,,,,,
flowers/rose/5002452834_167883dbcf_n.jpg,anh_nho,,,,,,,
flowers/rose/5002453148_5a7bbcce64_n.jpg,anh_nho,,,,,,,
flowers/rose/5002453464_ab2bcb3829_n.jpg,anh_nho,,,,,,,
flowers/rose/5002453814_cf37b62acd_n.jpg,anh_nho,,,,,,,
flowers/rose/5002454522_300a419273_n.jpg,anh_nho,,,,,,,
flowers/rose/5002455332_9de0b1e85f_n.jpg,anh_nho,,,,,,,
flowers/rose/5002455602_4286b34dde_n.jpg,anh_nho,,,,,,,
flowers/rose/5002456302_e3d2600c17_n.jpg,anh_nho,,,,,,,
flowers/rose/5002456992_4da0df247a_n.jpg,anh_nho,,,,,,,
flowers/rose/5002457330_b77672da1c_n.jpg,anh_nho,,,,,,,
flowers/rose/5002458392_f465ed905e_n.jpg,anh_nho,,,,,,,
flowers/rose/5002458616_b1719ccc40_n.jpg,anh_nho,,,,,,,
flowers/rose/5002459442_81825061e9_n.jpg,anh_nho,,,,,,,
flowers/rose/5002460330_7286e80967_n.jpg,anh_nho,,,,,,,
flowers/rose/5002460856_c44a02442f_n.jpg,anh_nho,,,,,,,
flowers/rose/5002461124_dc5988bbc9_n.jpg,anh_nho,,,,,,,
flowers/rose/5002462640_5bf92142bf_n.jpg,anh_nho,,,,,,,
flowers/rose/5050969148_a0090f762a.jpg,khong_thay_hoa,,,,,,,
flowers/rose/505517255_cfbb6f6394.jpg,hinh_dang_khong_tron,1.0,1.032,0.458,0.206,0.261,0.0,0.0
flowers/rose/5060519573_c628547e20_n.jpg,hoa_sat_bien_khong_crop_duoc,1.0,1.487,0.845,0.264,0.122,0.192,0.0
flowers/rose/5061135742_2870a7b691_n.jpg,hoa_sat_bien_khong_crop_duoc,1.0,1.347,0.998,0.344,0.013,0.145,0.0
flowers/rose/5073473370_bdbb5a99fc.jpg,nhieu_hoa_hoac_nen_roi,0.573,1.113,0.809,0.338,0.198,0.0,0.01
flowers/rose/5088766459_f81f50e57d_n.jpg,hoa_sat_bien_khong_crop_duoc,1.0,1.771,1.029,0.27,0.188,0.188,0.0
flowers/rose/509239741_28e2cfe492_m.jpg,anh_nho,,,,,,,
flowers/rose/512578026_f6e6f2ad26.jpg,khong_phai_goc_nhin_tren_xuong(dai),1.0,1.529,0.527,0.16,0.201,0.0,0.004
flowers/rose/512694812_48ba9c0b49_n.jpg,khong_thay_hoa,,,,,,,
flowers/rose/5148639829_781eb7d346.jpg,khong_thay_hoa,,,,,,,
flowers/rose/515121050_dcb99890be.jpg,khong_thay_hoa,,,,,,,
flowers/rose/5156037859_1673720a11_m.jpg,anh_nho,,,,,,,
flowers/rose/5159317458_bbb22e2f65_n.jpg,hoa_sat_bien_khong_crop_duoc,1.0,1.341,0.905,0.314,0.055,0.135,0.0
flowers/rose/5180896559_b8cfefc21e.jpg,khong_thay_hoa,,,,,,,
flowers/rose/5181899042_0a6ffe0c8a_n.jpg,khong_thay_hoa,,,,,,,
flowers/rose/5182167964_9d1a0be0b8_n.jpg,hoa_sat_bien_khong_crop_duoc,1.0,1.762,0.872,0.23,0.138,0.188,0.0
flowers/rose/5193918046_d44e4fcd75_m.jpg,khong_thay_hoa,,,,,,,
flowers/rose/5206847130_ee4bf0e4de_n.jpg,khong_thay_hoa,,,,,,,
flowers/rose/5231103167_a03280e9f6_n.jpg,hoa_sat_bien_khong_crop_duoc,1.0,1.623,0.938,0.268,0.059,0.132,0.0
flowers/rose/5234278003_d827fcd73b_m.jpg,khong_phai_goc_nhin_tren_xuong(dai),1.0,0.625,0.81,0.235,0.194,0.0,0.0
flowers/rose/5249439791_196b4e7fc7.jpg,lech_tam,1.0,0.929,0.952,0.411,0.275,0.059,0.0
flowers/rose/5249566718_6109630c83_m.jpg,khong_phai_goc_nhin_tren_xuong(dai),1.0,0.6,0.735,0.205,0.052,0.082,0.0
flowers/rose/5273722065_c85d8543c2_m.jpg,khong_phai_goc_nhin_tren_xuong(dai),1.0,0.639,0.653,0.194,0.23,0.0,0.0
flowers/rose/5332550500_ab341aefd8.jpg,khong_thay_hoa,,,,,,,
flowers/rose/5333437251_ce0aa6925d_n.jpg,khong_thay_hoa,,,,,,,
flowers/rose/5335930735_f396f37a81_n.jpg,anh_nho,,,,,,,
flowers/rose/5335931029_74c01d3c35_n.jpg,anh_nho,,,,,,,
flowers/rose/5335931263_18edb092b0_n.jpg,anh_nho,,,,,,,
flowers/rose/5335935585_e4a8435aab_n.jpg,anh_nho,,,,,,,
flowers/rose/5335935851_53634d6aed_n.jpg,anh_nho,,,,,,,
flowers/rose/5335936115_0292d0beef_n.jpg,anh_nho,,,,,,,
flowers/rose/5335936311_390e8ed5d9_n.jpg,anh_nho,,,,,,,
flowers/rose/5335937199_2c83d46a57_n.jpg,anh_nho,,,,,,,
flowers/rose/5335937417_74a03b52ec_n.jpg,anh_nho,,,,,,,
flowers/rose/5335944093_a00b28c4ff_n.jpg,anh_nho,,,,,,,
flowers/rose/5335944839_a3b6168534_n.jpg,anh_nho,,,,,,,
flowers/rose/5335945309_852d018a27_n.jpg,anh_nho,,,,,,,
flowers/rose/5335945781_e45852fa49_n.jpg,anh_nho,,,,,,,
flowers/rose/5335946155_be70e11cf2_n.jpg,anh_nho,,,,,,,
flowers/rose/5335946401_f49bfbe3f9_n.jpg,anh_nho,,,,,,,
flowers/rose/5336545886_7b93463c06_n.jpg,anh_nho,,,,,,,
flowers/rose/5336546068_8fd643243c_n.jpg,anh_nho,,,,,,,
flowers/rose/5336549532_49c711d49a_n.jpg,anh_nho,,,,,,,
flowers/rose/5336551122_2df8fee6da_n.jpg,anh_nho,,,,,,,
flowers/rose/5336551618_16d4eea9c4_n.jpg,anh_nho,,,,,,,
flowers/rose/5336555402_4f6f03f5a5_n.jpg,anh_nho,,,,,,,
flowers/rose/5336558870_22d0a6a318_n.jpg,anh_nho,,,,,,,
flowers/rose/5336559428_71e8b58ab5_n.jpg,anh_nho,,,,,,,
flowers/rose/5336560370_f994cb35a1_n.jpg,anh_nho,,,,,,,
flowers/rose/5336561772_61a0ca4b22_n.jpg,anh_nho,,,,,,,
flowers/rose/5336562212_d014ddf9ca_n.jpg,anh_nho,,,,,,,
flowers/rose/5336562502_d697a3f0b2_n.jpg,anh_nho,,,,,,,
flowers/rose/534228982_4afbcece9b_m.jpg,khong_thay_hoa,,,,,,,
flowers/rose/5349248481_6445341842_n.jpg,anh_nho,,,,,,,
flowers/rose/5349248997_4b23a7344d_n.jpg,anh_nho,,,,,,,
flowers/rose/5349249357_d4c0523f7e_n.jpg,anh_nho,,,,,,,
flowers/rose/5349249547_5cde2db97c_n.jpg,anh_nho,,,,,,,
flowers/rose/5349249729_be6b2cac86_n.jpg,anh_nho,,,,,,,
flowers/rose/5349249933_f02c8ea7de_n.jpg,anh_nho,,,,,,,
flowers/rose/5349250145_960c51d4fc_n.jpg,anh_nho,,,,,,,
flowers/rose/5349250331_05501d6557_n.jpg,anh_nho,,,,,,,
flowers/rose/5349251139_92539c279a_n.jpg,anh_nho,,,,,,,
flowers/rose/5349254467_388ff94f8b_n.jpg,anh_nho,,,,,,,
flowers/rose/5349859602_1ab3356c64_n.jpg,anh_nho,,,,,,,
flowers/rose/5349860036_389d912fb7_n.jpg,anh_nho,,,,,,,
flowers/rose/5349861432_96137002c4_n.jpg,anh_nho,,,,,,,
flowers/rose/5349861636_4101a36923_n.jpg,anh_nho,,,,,,,
flowers/rose/5349865018_99cd7f985a_n.jpg,anh_nho,,,,,,,
flowers/rose/5349865556_e3263fbdc0_n.jpg,anh_nho,,,,,,,
flowers/rose/5360769702_ec28c53b9e_n.jpg,khong_phai_goc_nhin_tren_xuong(dai),1.0,0.605,0.651,0.183,0.293,0.0,0.0
flowers/rose/537625768_791e973b40.jpg,lech_tam,1.0,0.849,0.932,0.368,0.306,0.0,0.0
flowers/rose/5398974188_799753449c.jpg,hoa_sat_bien_khong_crop_duoc,1.0,1.337,1.072,0.373,0.036,0.157,0.0
flowers/rose/5402157745_a384f0583d_n.jpg,hoa_sat_bien_khong_crop_duoc,1.0,1.545,0.824,0.248,0.034,0.159,0.0
flowers/rose/5415173021_ec34517d84_n.jpg,anh_nho,,,,,,,
flowers/rose/5415782938_6ce6e4a90d_n.jpg,anh_nho,,,,,,,
flowers/rose/5415783734_b002ebce24_n.jpg,anh_nho,,,,,,,
flowers/rose/5419629292_2f06e4b295.jpg,hoa_sat_bien_khong_crop_duoc,1.0,1.28,0.892,0.324,0.097,0.166,0.0
flowers/rose/5487945052_bcb8e9fc8b_m.jpg,lech_tam,1.0,0.893,0.737,0.306,0.209,0.0,0.0
flowers/rose/5497730366_44d758d8f5.jpg,khong_thay_hoa,,,,,,,
flowers/rose/5502949025_96d11a17ff_n.jpg,anh_nho,,,,,,,
flowers/rose/5526964611_76ef13025c_n.jpg,hoa_sat_bien_khong_crop_duoc,1.0,1.422,0.874,0.286,0.099,0.188,0.0
flowers/rose/5529341024_0c35f2657d.jpg,khong_thay_hoa,,,,,,,
flowers/rose/5570018782_c56bee942f.jpg,nhieu_hoa_hoac_nen_roi,0.446,3.7,1.07,0.134,0.491,0.0,0.041
flowers/rose/5578760521_e54aca6bed_n.jpg,lech_tam,1.0,1.222,0.779,0.296,0.199,0.029,0.0
flowers/rose/5578766623_542c91dfaa_n.jpg,khong_phai_goc_nhin_tren_xuong(dai),1.0,1.74,0.784,0.21,0.097,0.118,0.0
flowers/rose/5602220566_5cdde8fa6c_n.jpg,khong_thay_hoa,,,,,,,
flowers/rose/5628552852_60bbe8d9b0_n.jpg,khong_thay_hoa,,,,,,,
flowers/rose/563847503_89e9756c80.jpg,hoa_sat_bien_khong_crop_duoc,1.0,1.842,0.733,0.185,0.168,0.185,0.0
flowers/rose/568715474_bdb64ccc32.jpg,khong_thay_hoa,,,,,,,
flowers/rose/5693486585_cf64d87519_n.jpg,anh_nho,,,,,,,
flowers/rose/5693489465_2d0b2e4eb2_n.jpg,anh_nho,,,,,,,
flowers/rose/5693492187_dc46424be3_n.jpg,anh_nho,,,,,,,
flowers/rose/5693495337_0e42b4d9f0_n.jpg,anh_nho,,,,,,,
flowers/rose/5693502877_41c11295b6_n.jpg,anh_nho,,,,,,,
flowers/rose/5694071486_90c2b1aee5_n.jpg,anh_nho,,,,,,,
flowers/rose/5694090698_1f0c218250_n.jpg,anh_nho,,,,,,,
flowers/rose/5721768347_2ec4d2247b_n.jpg,khong_thay_hoa,,,,,,,
flowers/rose/5777669976_a205f61e5b.jpg,khong_thay_hoa,,,,,,,
flowers/rose/5799616059_0ffda02e54.jpg,khong_thay_hoa,,,,,,,
flowers/rose/5835539224_75967fc400_m.jpg,anh_nho,,,,,,,
flowers/rose/5897035797_e67bf68124_n.jpg,khong_phai_goc_nhin_tren_xuong(dai),1.0,1.65,0.818,0.23,0.188,0.0,0.0
flowers/rose/5961803532_9368212949_m.jpg,lech_tam,81.0,1.333,0.955,0.333,0.377,0.0,0.0
flowers/rose/5979193298_639e877248.jpg,lech_tam,1.0,0.913,0.951,0.403,0.326,0.0,0.0
flowers/rose/5990626258_697f007308_n.jpg,khong_thay_hoa,,,,,,,
flowers/rose/6108118824_5b0231a56d.jpg,khong_phai_goc_nhin_tren_xuong(dai),157.0,0.216,0.675,0.068,0.543,0.008,0.0
flowers/rose/6125332325_b768e08bd9_n.jpg,lech_tam,1.0,1.179,0.789,0.311,0.184,0.0,0.0
flowers/rose/6209630964_e8de48fe04_m.jpg,khong_thay_hoa,,,,,,,
flowers/rose/6231418894_7946a7712b_n.jpg,khong_thay_hoa,,,,,,,
flowers/rose/6255593451_b8a3aa8f7a_m.jpg,anh_nho,,,,,,,
flowers/rose/6280787884_141cd7b382_n.jpg,hoa_sat_bien_khong_crop_duoc,1.0,2.327,0.908,0.181,0.051,0.229,0.0
flowers/rose/6309548569_932fee8313_m.jpg,anh_nho,,,,,,,
flowers/rose/6347846935_51e3dc2481_n.jpg,khong_phai_goc_nhin_tren_xuong(dai),1.0,1.506,0.842,0.26,0.016,0.102,0.0
flowers/rose/6347847065_83cf87333b_n.jpg,hoa_sat_bien_khong_crop_duoc,1.0,1.21,0.896,0.344,0.037,0.128,0.0
flowers/rose/6363951285_a802238d4e.jpg,hoa_sat_bien_khong_crop_duoc,1.0,2.264,0.739,0.152,0.049,0.201,0.0
flowers/rose/6363976189_e7155e5f9c.jpg,hoa_sat_bien_khong_crop_duoc,1.0,1.607,0.872,0.252,0.137,0.188,0.0
flowers/rose/6409000675_6eb6806e59.jpg,nhieu_hoa_hoac_nen_roi,0.711,0.821,0.989,0.377,0.48,0.0,0.0
flowers/rose/6653567281_768a1fd160.jpg,hoa_sat_bien_khong_crop_duoc,1.0,2.37,0.94,0.184,0.125,0.256,0.0
flowers/rose/6690926183_afedba9f15_n.jpg,khong_phai_goc_nhin_tren_xuong(dai),96.0,10.667,1.273,0.055,0.402,0.0,0.0
flowers/rose/6864417932_36fa4ceecf_n.jpg,lech_tam,1.0,1.133,0.909,0.373,0.224,0.0,0.0
flowers/rose/6867597533_d65d1c39fb_n.jpg,lech_tam,1.0,1.043,0.921,0.41,0.183,0.0,0.0
flowers/rose/6879112993_5a29208438_n.jpg,lech_tam,1.0,1.167,0.883,0.352,0.206,0.077,0.0
flowers/rose/6969041818_a505baa68e_m.jpg,khong_thay_hoa,,,,,,,
flowers/rose/7147367479_f7a6ef0798.jpg,khong_thay_hoa,,,,,,,
flowers/rose/7186509956_c37c02fb43_n.jpg,hoa_sat_bien_khong_crop_duoc,1.0,1.561,0.921,0.274,0.024,0.188,0.0
flowers/rose/7187035716_5d0fb95c31_n.jpg,hoa_sat_bien_khong_crop_duoc,1.0,1.255,0.962,0.356,0.048,0.143,0.0
flowers/rose/7211616670_2d49ecb3a5_m.jpg,anh_nho,,,,,,,
flowers/rose/7302931078_30054c1970_n.jpg,nhieu_hoa_hoac_nen_roi,76.0,0.9,1.075,0.45,0.302,0.0,0.08
flowers/rose/7304710956_015b41f802_m.jpg,anh_nho,,,,,,,
flowers/rose/7316409504_7cf3707f8a_m.jpg,anh_nho,,,,,,,
flowers/rose/7345657862_689366e79a.jpg,lech_tam,1.0,0.8,0.996,0.37,0.362,0.023,0.0
flowers/rose/7419966772_d6c1c22a81.jpg,khong_thay_hoa,,,,,,,
flowers/rose/7420699022_60fa574524_m.jpg,hoa_sat_bien_khong_crop_duoc,1.0,0.648,0.829,0.25,0.229,0.182,0.0
flowers/rose/7455236056_b6d71a8dab.jpg,khong_thay_hoa,,,,,,,
flowers/rose/7456196174_f9de97ba73_n.jpg,anh_nho,,,,,,,
flowers/rose/7456196534_f69c17efa3_n.jpg,anh_nho,,,,,,,
flowers/rose/7456196908_d34b9b76c4_n.jpg,anh_nho,,,,,,,
flowers/rose/7456197696_7e1558cc22_n.jpg,anh_nho,,,,,,,
flowers/rose/7456198272_f5d0c6bc7e_n.jpg,anh_nho,,,,,,,
flowers/rose/7456439188_c2ba954a5d_n.jpg,anh_nho,,,,,,,
flowers/rose/7456439862_8b1ae909b7_n.jpg,anh_nho,,,,,,,
flowers/rose/7456492140_478b48ef8e_n.jpg,anh_nho,,,,,,,
flowers/rose/7456611336_52fec6b57e_n.jpg,anh_nho,,,,,,,
flowers/rose/7456771390_c2505e08a2_n.jpg,anh_nho,,,,,,,
flowers/rose/7456887736_54e4ebac03_n.jpg,anh_nho,,,,,,,
flowers/rose/7456914664_cdee3170c5_n.jpg,anh_nho,,,,,,,
flowers/rose/7461878736_a55f749faf_n.jpg,anh_nho,,,,,,,
flowers/rose/7461896668_cfef58f894_n.jpg,anh_nho,,,,,,,
flowers/rose/7461897058_3c955efe2a_n.jpg,anh_nho,,,,,,,
flowers/rose/7461897398_0053093145_n.jpg,anh_nho,,,,,,,
flowers/rose/7461897646_3203dbe067_n.jpg,anh_nho,,,,,,,
flowers/rose/7461898018_7e12128f14_n.jpg,anh_nho,,,,,,,
flowers/rose/7461898754_9032a38963_n.jpg,anh_nho,,,,,,,
flowers/rose/7461899002_a3b21d0770_n.jpg,anh_nho,,,,,,,
flowers/rose/7461899330_3b72976570_n.jpg,anh_nho,,,,,,,
flowers/rose/7470985338_a1f3bba601_n.jpg,anh_nho,,,,,,,
flowers/rose/7470985688_c1ee9105fa_n.jpg,anh_nho,,,,,,,
flowers/rose/7470985840_a93e958554_n.jpg,anh_nho,,,,,,,
flowers/rose/7471890480_498910f3e3_n.jpg,anh_nho,,,,,,,
flowers/rose/7471890644_92a004ea92_n.jpg,anh_nho,,,,,,,
flowers/rose/7471890786_aaff777641_n.jpg,anh_nho,,,,,,,
flowers/rose/7471890996_e61b134867_n.jpg,anh_nho,,,,,,,
flowers/rose/7471891186_195bb02c98_n.jpg,anh_nho,,,,,,,
flowers/rose/7471891352_cfd56b4e45_n.jpg,anh_nho,,,,,,,
flowers/rose/7471891548_40f350dff2_n.jpg,anh_nho,,,,,,,
flowers/rose/7471891698_072c1de52f_n.jpg,anh_nho,,,,,,,
flowers/rose/7474124984_ca015e8c10_n.jpg,anh_nho,,,,,,,
flowers/rose/7474125638_332be2863e_n.jpg,anh_nho,,,,,,,
flowers/rose/7474126248_889a026929_n.jpg,anh_nho,,,,,,,
flowers/rose/7474126688_5f888ace5b_n.jpg,anh_nho,,,,,,,
flowers/rose/7481117422_66e73115ac_n.jpg,anh_nho,,,,,,,
flowers/rose/7481118128_b2de9538b4_n.jpg,anh_nho,,,,,,,
flowers/rose/7481118556_6c209b9b7d_n.jpg,anh_nho,,,,,,,
flowers/rose/7481118926_43fa291306_n.jpg,anh_nho,,,,,,,
flowers/rose/7481119180_7be71a322a_n.jpg,anh_nho,,,,,,,
flowers/rose/7481119492_a0016cb059_n.jpg,anh_nho,,,,,,,
flowers/rose/7481119854_b4bb358f0b_n.jpg,anh_nho,,,,,,,
flowers/rose/7525783408_0999483bf4_m.jpg,anh_nho,,,,,,,
flowers/rose/7551637034_55ae047756_n.jpg,khong_thay_hoa,,,,,,,
flowers/rose/7683456068_02644b8382_m.jpg,anh_nho,,,,,,,
flowers/rose/8035908422_87220425d2_n.jpg,khong_thay_hoa,,,,,,,
flowers/rose/8035910225_125beceb98_n.jpg,khong_thay_hoa,,,,,,,
flowers/rose/8063462557_e0a8bd6c64_n.jpg,hoa_sat_bien_khong_crop_duoc,1.0,1.277,0.906,0.33,0.09,0.127,0.0
flowers/rose/8096324039_4db2555490.jpg,khong_phai_goc_nhin_tren_xuong(dai),1.0,1.707,0.654,0.178,0.213,0.0,0.005
flowers/rose/8125886145_ae99f91fd0.jpg,lech_tam,1.0,0.973,0.923,0.417,0.28,0.002,0.0
flowers/rose/8181940917_1ac63937d5_n.jpg,hoa_sat_bien_khong_crop_duoc,1.0,1.341,0.95,0.329,0.044,0.14,0.0
flowers/rose/8241471746_5d81fdd3c0_n.jpg,hoa_sat_bien_khong_crop_duoc,1.0,1.672,0.727,0.202,0.075,0.132,0.0
flowers/rose/8269247725_4b56cd860d_n.jpg,anh_nho,,,,,,,
flowers/rose/8272822550_fc49484186_n.jpg,anh_nho,,,,,,,
flowers/rose/8273451349_acd4748da6_n.jpg,anh_nho,,,,,,,
flowers/rose/8279801891_5369a6c3c1_n.jpg,anh_nho,,,,,,,
flowers/rose/8301512319_45185c447f_n.jpg,anh_nho,,,,,,,
flowers/rose/8337607102_d9e0fa887e.jpg,khong_thay_hoa,,,,,,,
flowers/rose/8394286483_69fe04cc7f.jpg,lech_tam,1.0,0.962,0.979,0.437,0.253,0.0,0.0
flowers/rose/850416050_31b3ff7086.jpg,khong_thay_hoa,,,,,,,
flowers/rose/8516036987_8a06dfe1b5_n.jpg,hoa_sat_bien_khong_crop_duoc,1.0,1.253,0.897,0.333,0.115,0.129,0.0
flowers/rose/8523394349_61b31fdd8f_m.jpg,khong_phai_goc_nhin_tren_xuong(dai),1.0,0.549,0.655,0.167,0.097,0.08,0.005
flowers/rose/8524505682_bda885af3a_n.jpg,hoa_sat_bien_khong_crop_duoc,1.0,1.966,0.934,0.221,0.072,0.153,0.0
flowers/rose/8524505868_236f4c94b5.jpg,hoa_sat_bien_khong_crop_duoc,1.0,1.577,0.979,0.288,0.068,0.207,0.0
flowers/rose/8562144481_1d629848ff.jpg,khong_thay_hoa,,,,,,,
flowers/rose/8622493424_877ae35ed7.jpg,nhieu_hoa_hoac_nen_roi,0.596,1.102,1.026,0.433,0.312,0.0,0.006
flowers/rose/8644003462_2272de26eb.jpg,hoa_sat_bien_khong_crop_duoc,1.0,1.479,0.849,0.267,0.019,0.179,0.001
flowers/rose/8667101118_87ea757b15.jpg,khong_phai_goc_nhin_tren_xuong(dai),1.0,1.457,0.889,0.284,0.105,0.096,0.0
flowers/rose/8667746487_781af9e615_n.jpg,khong_thay_hoa,,,,,,,
flowers/rose/8671682526_7058143c99.jpg,hoa_sat_bien_khong_crop_duoc,1.0,1.41,0.931,0.307,0.033,0.146,0.0
flowers/rose/8674140377_ae7b0be523.jpg,khong_thay_hoa,,,,,,,
flowers/rose/8692040971_826614516f_n.jpg,hoa_sat_bien_khong_crop_duoc,1.0,1.573,0.606,0.179,0.108,0.197,0.0
flowers/rose/8723767157_c45bfd3ab6.jpg,khong_thay_hoa,,,,,,,
flowers/rose/873660804_37f5c6a46e_n.jpg,hoa_sat_bien_khong_crop_duoc,1.0,1.5,0.839,0.26,0.054,0.163,0.0
flowers/rose/8742493617_c2a9bf854f_m.jpg,khong_phai_goc_nhin_tren_xuong(dai),1.0,1.595,0.807,0.235,0.308,0.061,0.0
flowers/rose/8742493689_fb852f0228_n.jpg,hoa_sat_bien_khong_crop_duoc,1.0,1.314,0.771,0.273,0.105,0.164,0.0
flowers/rose/8747396730_966149e6fe_n.jpg,khong_phai_goc_nhin_tren_xuong(dai),1.0,0.656,0.73,0.222,0.166,0.0,0.0
flowers/rose/8775267816_726ddc6d92_n.jpg,khong_thay_hoa,,,,,,,
flowers/rose/8853083579_dd1dfa3188.jpg,hoa_sat_bien_khong_crop_duoc,1.0,2.528,0.774,0.142,0.281,0.254,0.0
flowers/rose/8926641787_d2515dfe8f_m.jpg,khong_thay_hoa,,,,,,,
flowers/rose/8949720453_66e8304c30.jpg,khong_thay_hoa,,,,,,,
flowers/rose/8960904651_9a0b727258.jpg,hoa_sat_bien_khong_crop_duoc,1.0,1.8,0.879,0.227,0.121,0.253,0.0
flowers/rose/898102603_2d5152f09a.jpg,hoa_sat_bien_khong_crop_duoc,1.0,1.329,0.806,0.282,0.189,0.166,0.0
flowers/rose/8983268106_dc913d17d8_m.jpg,anh_nho,,,,,,,
flowers/rose/8987479080_32ab912d10_n.jpg,hoa_sat_bien_khong_crop_duoc,1.0,1.436,0.779,0.252,0.081,0.184,0.0
flowers/rose/9160289562_ab2718d19b.jpg,hoa_sat_bien_khong_crop_duoc,1.0,1.629,0.677,0.193,0.05,0.18,0.0
flowers/rose/921138131_9e1393eb2b_m.jpg,anh_nho,,,,,,,
flowers/rose/9216321995_83df405ea9.jpg,khong_phai_goc_nhin_tren_xuong(dai),1.0,1.5,0.771,0.239,0.496,0.0,0.0
flowers/rose/9216324117_5fa1e2bc25_n.jpg,lech_tam,1.0,1.105,0.716,0.301,0.19,0.0,0.0
flowers/rose/9298314004_c1a8146521.jpg,hinh_dang_khong_tron,1.0,0.837,0.327,0.127,0.273,0.0,0.0
flowers/rose/9309388105_12c0b8dd54_m.jpg,lech_tam,1.0,1.111,0.772,0.323,0.214,0.034,0.0
flowers/rose/9320934277_4fb95aef5d_n.jpg,lech_tam,1.0,1.237,0.855,0.321,0.202,0.0,0.0
flowers/rose/9338237628_4d2547608c.jpg,hoa_sat_bien_khong_crop_duoc,1.0,1.79,0.824,0.214,0.059,0.151,0.0
flowers/rose/9369421752_db1ab2a6a4_m.jpg,lech_tam,1.0,0.812,0.649,0.245,0.255,0.047,0.0
flowers/rose/9458445402_79e4dfa89c.jpg,nhieu_hoa_hoac_nen_roi,0.593,0.692,0.725,0.233,0.094,0.0,0.019
flowers/rose/9609569441_eeb8566e94.jpg,lech_tam,1.0,1.19,0.674,0.263,0.386,0.0,0.0
flowers/rose/9614492283_66020fb4eb_n.jpg,khong_phai_goc_nhin_tren_xuong(dai),1.0,1.623,0.724,0.207,0.188,0.054,0.001
flowers/rose/9633056561_6f1b7e8faf_m.jpg,anh_nho,,,,,,,
flowers/rose/99383371_37a5ac12a3_n.jpg,lech_tam,106.0,0.917,1.022,0.436,0.246,0.0,0.0
flowers/sunflower/1008566138_6927679c8a.jpg,khong_thay_hoa,,,,,,,
flowers/sunflower/1022552036_67d33d5bd8_n.jpg,khong_thay_hoa,,,,,,,
flowers/sunflower/10386522775_4f8c616999_m.jpg,khong_thay_hoa,,,,,,,
flowers/sunflower/10386525005_fd0b7d6c55_n.jpg,khong_thay_hoa,,,,,,,
flowers/sunflower/10386525695_2c38fea555_n.jpg,khong_thay_hoa,,,,,,,
flowers/sunflower/10386540106_1431e73086_m.jpg,khong_phai_goc_nhin_tren_xuong(dai),1.0,1.551,0.671,0.201,0.05,0.027,0.0
flowers/sunflower/10386540696_0a95ee53a8_n.jpg,khong_thay_hoa,,,,,,,
flowers/sunflower/10386702973_e74a34c806_n.jpg,khong_thay_hoa,,,,,,,
flowers/sunflower/1043442695_4556c4c13d_n.jpg,hoa_sat_bien_khong_crop_duoc,1.0,1.667,0.82,0.229,0.117,0.194,0.0
flowers/sunflower/10541580714_ff6b171abd_n.jpg,anh_nho,,,,,,,
flowers/sunflower/1064662314_c5a7891b9f_m.jpg,anh_nho,,,,,,,
flowers/sunflower/10862313945_e8ed9202d9_m.jpg,anh_nho,,,,,,,
flowers/sunflower/11881770944_22b4f2f8f6_n.jpg,hoa_sat_bien_khong_crop_duoc,1.0,1.435,1.011,0.327,0.031,0.17,0.0
flowers/sunflower/12282924083_fb80aa17d4_n.jpg,khong_thay_hoa,,,,,,,
flowers/sunflower/12323859023_447387dbf0_n.jpg,anh_nho,,,,,,,
flowers/sunflower/1240626292_52cd5d7fb1_m.jpg,anh_nho,,,,,,,
flowers/sunflower/1244774242_25a20d99a9.jpg,khong_phai_goc_nhin_tren_xuong(dai),1.0,0.69,0.925,0.297,0.062,0.0,0.0
flowers/sunflower/12471290635_1f9e3aae16_n.jpg,nhieu_hoa_hoac_nen_roi,0.761,1.439,0.901,0.291,0.081,0.0,0.043
flowers/sunflower/12471791574_bb1be83df4.jpg,hoa_sat_bien_khong_crop_duoc,1.0,1.424,0.932,0.304,0.048,0.18,0.0
flowers/sunflower/1267876087_a1b3c63dc9.jpg,lech_tam,0.871,0.931,0.934,0.404,0.256,0.0,0.0
flowers/sunflower/127192624_afa3d9cb84.jpg,khong_thay_hoa,,,,,,,
flowers/sunflower/13095941995_9a66faa713_n.jpg,lech_tam,1.0,1.138,0.806,0.329,0.198,0.082,0.0
flowers/sunflower/13096076565_72c2c60875_n.jpg,khong_phai_goc_nhin_tren_xuong(dai),1.0,1.593,0.882,0.257,0.03,0.046,0.0
flowers/sunflower/13117907313_86c99c6441.jpg,hoa_sat_bien_khong_crop_duoc,1.0,1.325,0.712,0.25,0.112,0.174,0.0
flowers/sunflower/13568621944_d575324b8c_n.jpg,anh_nho,,,,,,,
flowers/sunflower/1379256773_bb2eb0d95b_n.jpg,hoa_sat_bien_khong_crop_duoc,1.0,1.256,0.799,0.296,0.113,0.129,0.0
flowers/sunflower/13959937305_2f5c532886_n.jpg,khong_thay_hoa,,,,,,,
flowers/sunflower/14121915990_4b76718077_m.jpg,anh_nho,,,,,,,
flowers/sunflower/1419608016_707b887337_n.jpg,khong_thay_hoa,,,,,,,
flowers/sunflower/14244273988_a7484f18b7_m.jpg,khong_phai_goc_nhin_tren_xuong(dai),1.0,3.175,0.653,0.096,0.071,0.075,0.0
flowers/sunflower/14244410747_22691ece4a_n.jpg,khong_thay_hoa,,,,,,,
flowers/sunflower/14266917699_91b207888e.jpg,khong_thay_hoa,,,,,,,
flowers/sunflower/14348961225_09bd803317_n.jpg,khong_thay_hoa,,,,,,,
flowers/sunflower/14397276020_49f9423614.jpg,khong_phai_goc_nhin_tren_xuong(dai),1.0,0.563,0.728,0.191,0.049,0.0,0.0
flowers/sunflower/14460081668_eda8795693_m.jpg,khong_thay_hoa,,,,,,,
flowers/sunflower/14623719696_1bb7970208_n.jpg,khong_thay_hoa,,,,,,,
flowers/sunflower/14623720226_aeeac66e0a_n.jpg,khong_thay_hoa,,,,,,,
flowers/sunflower/14646280372_dd50be16e4_n.jpg,lech_tam,1.0,1.213,0.93,0.356,0.286,0.055,0.0
flowers/sunflower/14646281372_5f13794b47.jpg,khong_thay_hoa,,,,,,,
flowers/sunflower/14646282112_447cc7d1f9.jpg,khong_thay_hoa,,,,,,,
flowers/sunflower/14646283472_50a3ae1395.jpg,khong_thay_hoa,,,,,,,
flowers/sunflower/14678298676_6db8831ee6_m.jpg,lech_tam,1.0,1.153,0.848,0.342,0.209,0.003,0.0
flowers/sunflower/14698136411_23bdcff7bf_n.jpg,khong_thay_hoa,,,,,,,
flowers/sunflower/14741812319_e1d32ffb84_n.jpg,nhieu_hoa_hoac_nen_roi,0.645,0.76,0.631,0.223,0.165,0.034,0.117
flowers/sunflower/147804446_ef9244c8ce_m.jpg,anh_nho,,,,,,,
flowers/sunflower/14814264272_4b39a102f9_n.jpg,khong_thay_hoa,,,,,,,
flowers/sunflower/1485456230_58d8e45e88.jpg,hoa_sat_bien_khong_crop_duoc,1.0,1.325,0.879,0.308,0.146,0.137,0.0
flowers/sunflower/14858674096_ed0fc1a130.jpg,khong_thay_hoa,,,,,,,
flowers/sunflower/14881304632_54a9dfb8be.jpg,khong_thay_hoa,,,,,,,
flowers/sunflower/14889392928_9742aed45b_m.jpg,khong_thay_hoa,,,,,,,
flowers/sunflower/14889779907_3d401bbac7_m.jpg,anh_nho,,,,,,,
flowers/sunflower/14901528533_ac1ce09063.jpg,khong_thay_hoa,,,,,,,
flowers/sunflower/14921668662_3ffc5b9db3_n.jpg,khong_thay_hoa,,,,,,,
flowers/sunflower/14925397761_46ecfa24e0.jpg,lech_tam,1.0,0.864,0.797,0.32,0.19,0.0,0.0
flowers/sunflower/14932787983_d6e05f2434_m.jpg,anh_nho,,,,,,,
flowers/sunflower/14969295739_c132a08663_n.jpg,khong_thay_hoa,,,,,,,
flowers/sunflower/15026703621_e15e9d55f0_n.jpg,khong_thay_hoa,,,,,,,
flowers/sunflower/15030133005_9728102622_z.jpg,khong_thay_hoa,,,,,,,
flowers/sunflower/15042911059_b6153d94e7_n.jpg,khong_phai_goc_nhin_tren_xuong(dai),1.0,1.475,0.859,0.271,0.11,0.06,0.0
flowers/sunflower/15043962658_dcf9dff5e9_n.jpg,hoa_sat_bien_khong_crop_duoc,1.0,1.27,0.825,0.302,0.072,0.142,0.0
flowers/sunflower/15054750690_198b6ab0f2_n.jpg,khong_phai_goc_nhin_tren_xuong(dai),1.0,0.579,0.785,0.211,0.04,0.0,0.0
flowers/sunflower/15054751430_5af76f6096_n.jpg,hoa_sat_bien_khong_crop_duoc,1.0,1.19,0.871,0.34,0.099,0.13,0.0
flowers/sunflower/15054752730_fcf54d475e_m.jpg,lech_tam,1.0,1.18,0.715,0.281,0.224,0.0,0.0
flowers/sunflower/15054753070_4f6ae0e763_m.jpg,lech_tam,1.0,0.939,1.031,0.45,0.297,0.0,0.0
flowers/sunflower/15054864058_2edca122a9_n.jpg,lech_tam,1.0,0.811,0.945,0.356,0.226,0.0,0.0
flowers/sunflower/15054864508_0334b892be_m.jpg,lech_tam,1.0,0.907,0.943,0.397,0.235,0.0,0.0
flowers/sunflower/15054866898_60ee50ec6b_n.jpg,lech_tam,1.0,0.982,0.919,0.419,0.318,0.0,0.0
flowers/sunflower/15066430311_fb57fa92b0_m.jpg,khong_thay_hoa,,,,,,,
flowers/sunflower/15069459615_7e0fd61914_n.jpg,khong_thay_hoa,,,,,,,
flowers/sunflower/15072973261_73e2912ef2_n.jpg,khong_thay_hoa,,,,,,,
flowers/sunflower/15081164641_45a7b92b3a_m.jpg,khong_thay_hoa,,,,,,,
flowers/sunflower/15118397087_bfb7ea70d5_n.jpg,hoa_sat_bien_khong_crop_duoc,1.0,1.603,0.718,0.208,0.079,0.189,0.0
flowers/sunflower/15122112402_cafa41934f.jpg,nhieu_hoa_hoac_nen_roi,0.561,1.095,0.952,0.404,0.318,0.0,0.0
flowers/sunflower/15122622946_1707cfd8a5_n.jpg,anh_nho,,,,,,,
flowers/sunflower/15122871130_6a7d0b4372_n.jpg,nhieu_hoa_hoac_nen_roi,0.697,0.75,0.716,0.249,0.149,0.0,0.078
flowers/sunflower/15145607875_e87204d78c_n.jpg,anh_nho,,,,,,,
flowers/sunflower/15191613243_82ee8e0fe8.jpg,lech_tam,1.0,1.227,0.709,0.269,0.25,0.0,0.0
flowers/sunflower/15218871222_c104032ca1.jpg,nhieu_hoa_hoac_nen_roi,137.0,1.0,0.775,0.36,0.059,0.0,0.062
flowers/sunflower/15240466871_ec45b65554_m.jpg,anh_nho,,,,,,,
flowers/sunflower/15243175532_ac28c48e14_m.jpg,anh_nho,,,,,,,
flowers/sunflower/15266715291_dfa3f1d49f_n.jpg,lech_tam,0.907,0.79,0.852,0.313,0.328,0.0,0.0
flowers/sunflower/15443139789_5318389b8c_n.jpg,anh_nho,,,,,,,
flowers/sunflower/15460162172_014bcce403.jpg,khong_thay_hoa,,,,,,,
flowers/sunflower/15472217046_2699b25584.jpg,lech_tam,1.0,0.951,0.778,0.344,0.221,0.009,0.0
flowers/sunflower/15493195788_60530f2398_m.jpg,khong_thay_hoa,,,,,,,
flowers/sunflower/15495578821_92c6d14252_n.jpg,hoa_sat_bien_khong_crop_duoc,1.0,1.32,0.806,0.284,0.048,0.132,0.0
flowers/sunflower/15495579081_661cb260d1_n.jpg,hoa_sat_bien_khong_crop_duoc,1.0,1.438,0.751,0.243,0.004,0.16,0.0
flowers/sunflower/15683877266_42e0fe3782_n.jpg,nhieu_hoa_hoac_nen_roi,0.587,1.65,1.04,0.293,0.4,0.0,0.0
flowers/sunflower/15839183375_49bf4f75e8_m.jpg,anh_nho,,,,,,,
flowers/sunflower/1596293240_2d5b53495a_m.jpg,anh_nho,,,,,,,
flowers/sunflower/15973657966_d6f6005539_n.jpg,khong_thay_hoa,,,,,,,
flowers/sunflower/16153267338_2f39906bcb_n.jpg,anh_nho,,,,,,,
flowers/sunflower/164672339_f2b5b164f6.jpg,khong_thay_hoa,,,,,,,
flowers/sunflower/16616096711_12375a0260_n.jpg,khong_thay_hoa,,,,,,,
flowers/sunflower/16656015339_2ccb7cd18d.jpg,khong_thay_hoa,,,,,,,
flowers/sunflower/16832961488_5f7e70eb5e_n.jpg,hoa_sat_bien_khong_crop_duoc,1.0,1.563,0.762,0.227,0.142,0.168,0.0
flowers/sunflower/16967372357_15b1b9a812_n.jpg,nhieu_hoa_hoac_nen_roi,12.0,0.75,1.273,0.444,0.207,0.0,0.458
flowers/sunflower/16975010069_7afd290657_m.jpg,anh_nho,,,,,,,
flowers/sunflower/17433282043_441b0a07f4_n.jpg,nhieu_hoa_hoac_nen_roi,21.0,0.429,1.273,0.254,0.414,0.0,0.107
flowers/sunflower/175638423_058c07afb9.jpg,hoa_sat_bien_khong_crop_duoc,1.0,1.323,0.896,0.315,0.064,0.153,0.0
flowers/sunflower/1788133737_b1133d1aa7.jpg,lech_tam,1.0,1.4,1.035,0.343,0.185,0.0,0.0
flowers/sunflower/18097401209_910a46fae1_n.jpg,hoa_sat_bien_khong_crop_duoc,1.0,1.623,0.944,0.27,0.156,0.207,0.0
flowers/sunflower/18237156988_9ceb46a8de_n.jpg,khong_thay_hoa,,,,,,,
flowers/sunflower/18237215308_a158d49f28_n.jpg,khong_thay_hoa,,,,,,,
flowers/sunflower/18250039435_7654bc11be_n.jpg,lech_tam,1.0,1.0,1.079,0.502,0.388,0.0,0.019
flowers/sunflower/184682095_46f8607278.jpg,khong_thay_hoa,,,,,,,
flowers/sunflower/184682320_73ccf74710.jpg,khong_thay_hoa,,,,,,,
flowers/sunflower/184682506_8a9b8c662d.jpg,khong_thay_hoa,,,,,,,
flowers/sunflower/184682652_c927a49226_m.jpg,anh_nho,,,,,,,
flowers/sunflower/184682920_97ae41ce60_m.jpg,anh_nho,,,,,,,
flowers/sunflower/184683023_737fec5b18.jpg,khong_thay_hoa,,,,,,,
flowers/sunflower/1880606744_23e3dc4f6b_n.jpg,lech_tam,1.0,1.2,0.943,0.365,0.306,0.0,0.0
flowers/sunflower/18828277053_1493158b28.jpg,khong_thay_hoa,,,,,,,
flowers/sunflower/18828283553_e46504ae38.jpg,khong_thay_hoa,,,,,,,
flowers/sunflower/18843967474_9cb552716b.jpg,khong_thay_hoa,,,,,,,
flowers/sunflower/19349582128_68a662075e_n.jpg,khong_thay_hoa,,,,,,,
flowers/sunflower/19359539074_d7e32e6616_n.jpg,hoa_sat_bien_khong_crop_duoc,1.0,1.803,0.589,0.152,0.139,0.213,0.0
flowers/sunflower/193874852_fb633d8d00_n.jpg,khong_thay_hoa,,,,,,,
flowers/sunflower/193878348_43571127b9_n.jpg,nhieu_hoa_hoac_nen_roi,28.0,1.0,0.99,0.46,0.173,0.0,0.292
flowers/sunflower/19453165201_2aa747e0bf.jpg,khong_thay_hoa,,,,,,,
flowers/sunflower/19504937128_a4ae90fcbd_m.jpg,hinh_dang_khong_tron,1.0,1.277,0.472,0.172,0.096,0.0,0.0
flowers/sunflower/19519101829_46af0b4547_m.jpg,anh_nho,,,,,,,
flowers/sunflower/19595718862_c68896370c_m.jpg,anh_nho,,,,,,,
flowers/sunflower/19697910486_0086d893a2.jpg,khong_phai_goc_nhin_tren_xuong(dai),1.0,2.0,1.115,0.259,0.252,0.0,0.0
flowers/sunflower/197011740_21825de2bf.jpg,lech_tam,182.0,1.067,0.966,0.421,0.33,0.0,0.0
flowers/sunflower/19710076021_f5bb162540.jpg,khong_thay_hoa,,,,,,,
flowers/sunflower/19756232959_17cde3b9f0_m.jpg,anh_nho,,,,,,,
flowers/sunflower/19784656639_cd7f0a4a26_m.jpg,anh_nho,,,,,,,
flowers/sunflower/19915160340_ec904edbdf_n.jpg,khong_phai_goc_nhin_tren_xuong(dai),1.0,0.688,0.805,0.258,0.013,0.009,0.0
flowers/sunflower/200011914_93f57ed68b.jpg,khong_thay_hoa,,,,,,,
flowers/sunflower/20022771089_3cc7e5086d_m.jpg,nhieu_hoa_hoac_nen_roi,0.735,0.986,0.61,0.28,0.232,0.0,0.037
flowers/sunflower/200557977_bf24d9550b.jpg,khong_thay_hoa,,,,,,,
flowers/sunflower/200557981_f800fa1af9.jpg,khong_thay_hoa,,,,,,,
flowers/sunflower/200557983_10a88672fc.jpg,hoa_sat_bien_khong_crop_duoc,1.0,2.327,0.866,0.173,0.145,0.213,0.0
flowers/sunflower/20078317834_6e0983c0f5_n.jpg,anh_nho,,,,,,,
flowers/sunflower/20112366233_d6cb3b6e15_n.jpg,anh_nho,,,,,,,
flowers/sunflower/20148493928_9f75a99783.jpg,lech_tam,1.0,0.809,0.801,0.301,0.29,0.0,0.0
flowers/sunflower/20171662239_f69b6c12bd_n.jpg,lech_tam,1.0,1.062,0.846,0.37,0.339,0.0,0.0
flowers/sunflower/201809908_0ef84bb351.jpg,khong_thay_hoa,,,,,,,
flowers/sunflower/20258015499_93b9951800_m.jpg,nhieu_hoa_hoac_nen_roi,0.525,0.764,0.612,0.217,0.173,0.0,0.0
flowers/sunflower/20342824594_9740b7b160.jpg,hoa_sat_bien_khong_crop_duoc,1.0,1.542,0.925,0.279,0.046,0.197,0.0
flowers/sunflower/20344282483_05abb0b837.jpg,khong_thay_hoa,,,,,,,
flowers/sunflower/20410533613_56da1cce7c.jpg,nhieu_hoa_hoac_nen_roi,0.716,1.068,0.746,0.325,0.21,0.0,0.073
flowers/sunflower/20621698991_dcb323911d.jpg,hoa_sat_bien_khong_crop_duoc,1.0,1.644,0.827,0.234,0.025,0.195,0.0
flowers/sunflower/20667988875_6e73ac2879_n.jpg,hinh_dang_khong_tron,1.0,0.757,0.508,0.179,0.348,0.0,0.0
flowers/sunflower/20704967595_a9c9b8d431.jpg,khong_thay_hoa,,,,,,,
flowers/sunflower/20753711039_0b11d24b50_n.jpg,lech_tam,1.0,1.143,1.029,0.418,0.392,0.0,0.0
flowers/sunflower/20777358950_c63ea569a1.jpg,khong_thay_hoa,,,,,,,
flowers/sunflower/20777375650_ef854bf645.jpg,hoa_sat_bien_khong_crop_duoc,1.0,1.562,0.886,0.263,0.003,0.178,0.0
flowers/sunflower/20812318934_82f10c45a1_n.jpg,anh_nho,,,,,,,
flowers/sunflower/20871601265_daa4be4291_n.jpg,khong_phai_goc_nhin_tren_xuong(dai),1.0,0.556,0.783,0.202,0.027,0.0,0.0
flowers/sunflower/20905163782_312e2c3bda_n.jpg,khong_thay_hoa,,,,,,,
flowers/sunflower/20938724084_7fe6bf87ae_n.jpg,anh_nho,,,,,,,
flowers/sunflower/20965412955_2c640b13bd.jpg,hinh_dang_khong_tron,1.0,0.905,0.527,0.222,0.203,0.023,0.0
flowers/sunflower/20972862281_5367f4af88.jpg,lech_tam,1.0,0.766,0.822,0.293,0.361,0.075,0.0
flowers/sunflower/20972866151_e6a928b00a.jpg,lech_tam,1.0,0.929,0.928,0.401,0.294,0.05,0.0
flowers/sunflower/210076535_80951bc5d5.jpg,hoa_sat_bien_khong_crop_duoc,1.0,2.389,0.768,0.149,0.172,0.145,0.0
flowers/sunflower/21349789961_18ba1af5b7_n.jpg,nhieu_hoa_hoac_nen_roi,0.519,1.571,0.929,0.275,0.26,0.0,0.0
flowers/sunflower/21374127408_5ffbe87bb2.jpg,khong_thay_hoa,,,,,,,
flowers/sunflower/21518663809_3d69f5b995_n.jpg,nhieu_hoa_hoac_nen_roi,9.0,1.0,1.273,0.592,0.313,0.0,0.562
flowers/sunflower/215798352_184d8040d1.jpg,khong_phai_goc_nhin_tren_xuong(dai),1.0,0.661,0.895,0.275,0.154,0.0,0.0
flowers/sunflower/215798354_429de28c2d.jpg,lech_tam,1.0,1.068,0.839,0.365,0.186,0.005,0.0
flowers/sunflower/21728822928_9f6817325a_n.jpg,khong_phai_goc_nhin_tren_xuong(dai),1.0,1.5,0.653,0.202,0.08,0.0,0.0
flowers/sunflower/21796333524_38fc8e0ab5_n.jpg,khong_thay_hoa,,,,,,,
flowers/sunflower/21821266773_7113d34c35_m.jpg,anh_nho,,,,,,,
flowers/sunflower/21899501660_7065d1c1fa_n.jpg,anh_nho,,,,,,,
flowers/sunflower/21984860006_20dfacea1c_m.jpg,anh_nho,,,,,,,
flowers/sunflower/22203670478_9ec5c2700b_n.jpg,hoa_sat_bien_khong_crop_duoc,1.0,3.7,0.87,0.109,0.171,0.254,0.0
flowers/sunflower/22255608949_172d7c8d22_m.jpg,anh_nho,,,,,,,
flowers/sunflower/22405882322_d4561f8469_n.jpg,khong_thay_hoa,,,,,,,
flowers/sunflower/22405887122_75eda1872f_m.jpg,anh_nho,,,,,,,
flowers/sunflower/22419079265_8902cddb7d_n.jpg,khong_thay_hoa,,,,,,,
flowers/sunflower/22429946721_e17a12cb39_n.jpg,khong_thay_hoa,,,,,,,
flowers/sunflower/22478719251_276cb094f9_n.jpg,hoa_sat_bien_khong_crop_duoc,1.0,1.685,0.868,0.239,0.046,0.201,0.0
flowers/sunflower/23204123212_ef32fbafbe.jpg,hoa_sat_bien_khong_crop_duoc,1.0,1.456,0.741,0.236,0.046,0.173,0.0
flowers/sunflower/23247483352_0defc7a6dc_n.jpg,hoa_sat_bien_khong_crop_duoc,1.0,1.392,0.797,0.266,0.005,0.152,0.0
flowers/sunflower/2328600790_90e2942557_n.jpg,khong_thay_hoa,,,,,,,
flowers/sunflower/23286304156_3635f7de05.jpg,hoa_sat_bien_khong_crop_duoc,1.0,1.226,0.927,0.351,0.057,0.128,0.0
flowers/sunflower/23356825566_f5885875f2.jpg,khong_thay_hoa,,,,,,,
flowers/sunflower/235651658_a7b3e7cbdd.jpg,lech_tam,1.0,1.192,1.044,0.407,0.342,0.0,0.0
flowers/sunflower/23645265812_24352ff6bf.jpg,hoa_sat_bien_khong_crop_duoc,1.0,1.457,0.969,0.309,0.044,0.135,0.0
flowers/sunflower/2425164088_4a5d2cdf21_n.jpg,khong_thay_hoa,,,,,,,
flowers/sunflower/244074259_47ce6d3ef9.jpg,khong_thay_hoa,,,,,,,
flowers/sunflower/2443095419_17b920d155_m.jpg,anh_nho,,,,,,,
flowers/sunflower/2443921986_d4582c123a.jpg,lech_tam,1.0,1.0,0.711,0.331,0.367,0.0,0.02
flowers/sunflower/24459750_eb49f6e4cb_m.jpg,anh_nho,,,,,,,
flowers/sunflower/2588453601_66f2a03cca_n.jpg,trung_lap,1.0,1.141,1.033,0.421,0.146,0.048,0.0
flowers/sunflower/2598973480_07de93e91d_n.jpg,hoa_sat_bien_khong_crop_duoc,1.0,2.065,0.914,0.206,0.181,0.27,0.0
flowers/sunflower/2619000556_6634478e64_n.jpg,hoa_sat_bien_khong_crop_duoc,1.0,1.354,0.834,0.286,0.082,0.15,0.0
flowers/sunflower/26254755_1bfc494ef1_n.jpg,hoa_sat_bien_khong_crop_duoc,1.0,2.844,0.732,0.12,0.1,0.207,0.0
flowers/sunflower/265422922_bbbde781d2_m.jpg,anh_nho,,,,,,,
flowers/sunflower/265450085_6e9f276e2e.jpg,khong_thay_hoa,,,,,,,
flowers/sunflower/2689228449_e0be72cf00_n.jpg,khong_thay_hoa,,,,,,,
flowers/sunflower/2694860538_b95d60122c_m.jpg,anh_nho,,,,,,,
flowers/sunflower/2697194548_ec8f8de97c_n.jpg,hoa_sat_bien_khong_crop_duoc,1.0,1.312,0.684,0.242,0.153,0.181,0.0
flowers/sunflower/2706304885_4916102704_n.jpg,khong_thay_hoa,,,,,,,
flowers/sunflower/2706736074_b0fba20b3e.jpg,khong_thay_hoa,,,,,,,
flowers/sunflower/2720698862_486d3ec079_m.jpg,anh_nho,,,,,,,
flowers/sunflower/2721638730_34a9b7a78b.jpg,lech_tam,1.0,1.138,0.947,0.387,0.269,0.0,0.0
flowers/sunflower/2723995667_31f32294b4.jpg,khong_thay_hoa,,,,,,,
flowers/sunflower/2729206569_9dd2b5a3ed.jpg,khong_thay_hoa,,,,,,,
flowers/sunflower/2733109082_1351f6738a_n.jpg,hoa_sat_bien_khong_crop_duoc,1.0,1.623,0.717,0.205,0.224,0.154,0.015
flowers/sunflower/27465811_9477c9d044.jpg,nhieu_hoa_hoac_nen_roi,12.0,1.333,1.273,0.444,0.313,0.0,0.458
flowers/sunflower/27466794_57e4fe5656.jpg,khong_thay_hoa,,,,,,,
flowers/sunflower/274846229_990e976683_n.jpg,khong_thay_hoa,,,,,,,
flowers/sunflower/274848710_5185cf33b1_n.jpg,lech_tam,1.0,1.062,0.968,0.424,0.192,0.0,0.0
flowers/sunflower/2767658405_1e2043f44c_n.jpg,lech_tam,1.0,1.029,0.606,0.273,0.502,0.0,0.0
flowers/sunflower/2767688889_b176b0c3fb.jpg,khong_phai_goc_nhin_tren_xuong(dai),124.0,0.65,0.607,0.183,0.381,0.0,0.0
flowers/sunflower/2807106374_f422b5f00c.jpg,khong_thay_hoa,,,,,,,
flowers/sunflower/2816256710_a2d3616fae.jpg,lech_tam,1.0,0.941,1.049,0.459,0.464,0.0,0.0
flowers/sunflower/2816503473_580306e772.jpg,khong_thay_hoa,,,,,,,
flowers/sunflower/2823659190_afdabee45c.jpg,lech_tam,1.0,0.945,0.772,0.339,0.213,0.0,0.0
flowers/sunflower/28661674053_44f8034570_n.jpg,anh_nho,,,,,,,
flowers/sunflower/28664252816_1f24388ee6_n.jpg,anh_nho,,,,,,,
flowers/sunflower/287233531_74d4605814_m.jpg,hoa_sat_bien_khong_crop_duoc,1.0,0.792,0.898,0.33,0.151,0.134,0.0
flowers/sunflower/2883115609_5a69357b5d_m.jpg,anh_nho,,,,,,,
flowers/sunflower/2894191705_a1d2d80c80.jpg,hoa_sat_bien_khong_crop_duoc,1.0,1.627,0.674,0.193,0.032,0.185,0.0
flowers/sunflower/2895404754_6d9f9416d7_n.jpg,khong_thay_hoa,,,,,,,
flowers/sunflower/29429430522_b7a22cd3df_n.jpg,anh_nho,,,,,,,
flowers/sunflower/2944298800_1984bd4f8a_m.jpg,anh_nho,,,,,,,
flowers/sunflower/2949654221_909b0c86a1_n.jpg,khong_phai_goc_nhin_tren_xuong(dai),1.0,1.632,0.805,0.229,0.025,0.103,0.0
flowers/sunflower/29744655960_c0868b43da_n.jpg,anh_nho,,,,,,,
flowers/sunflower/29744656500_f17578f7e3_n.jpg,anh_nho,,,,,,,
flowers/sunflower/2979133707_84aab35b5d.jpg,lech_tam,1.0,0.96,0.763,0.34,0.217,0.0,0.0
flowers/sunflower/2979297519_17a08b37f6_m.jpg,anh_nho,,,,,,,
flowers/sunflower/2980154410_bffd7a3452_n.jpg,lech_tam,1.0,0.782,0.952,0.346,0.272,0.022,0.0
flowers/sunflower/2996573407_5e473b9359.jpg,hoa_sat_bien_khong_crop_duoc,1.0,1.562,0.78,0.232,0.195,0.199,0.0
flowers/sunflower/29972905_4cc537ff4b_n.jpg,khong_thay_hoa,,,,,,,
flowers/sunflower/3001531316_efae24d37d_n.jpg,hoa_sat_bien_khong_crop_duoc,1.0,1.731,0.845,0.227,0.034,0.127,0.0
flowers/sunflower/3001536784_3bfd101b23_n.jpg,khong_phai_goc_nhin_tren_xuong(dai),1.0,1.574,0.912,0.269,0.127,0.0,0.0
flowers/sunflower/3062794421_295f8c2c4e.jpg,khong_thay_hoa,,,,,,,
flowers/sunflower/3146795631_d062f233c1.jpg,hoa_sat_bien_khong_crop_duoc,1.0,1.386,0.671,0.225,0.073,0.156,0.0
flowers/sunflower/3154932290_4bf43bd34f_n.jpg,khong_thay_hoa,,,,,,,
flowers/sunflower/3196753837_411b03682d_n.jpg,khong_thay_hoa,,,,,,,
flowers/sunflower/3311874685_7b9ef10f7e_m.jpg,anh_nho,,,,,,,
flowers/sunflower/34312487015_66a635fd71_n.jpg,anh_nho,,,,,,,
flowers/sunflower/34571133752_0a9337993c_n.jpg,anh_nho,,,,,,,
flowers/sunflower/34571252122_b3b1f45fac_n.jpg,anh_nho,,,,,,,
flowers/sunflower/34572755322_b43e90cae2_n.jpg,anh_nho,,,,,,,
flowers/sunflower/3466923719_b4b6df7f8b_n.jpg,lech_tam,0.878,1.254,0.834,0.309,0.241,0.0,0.0
flowers/sunflower/34692938506_efda47f39a_n.jpg,anh_nho,,,,,,,
flowers/sunflower/3514340206_efb8198a80_n.jpg,khong_thay_hoa,,,,,,,
flowers/sunflower/35477171_13cb52115c_n.jpg,khong_thay_hoa,,,,,,,
flowers/sunflower/3568114325_d6b1363497.jpg,khong_thay_hoa,,,,,,,
flowers/sunflower/3568925290_faf7aec3a0.jpg,khong_thay_hoa,,,,,,,
flowers/sunflower/3575811488_a31714472a.jpg,lech_tam,1.0,0.906,0.731,0.308,0.359,0.0,0.0
flowers/sunflower/3594967811_697184b026_n.jpg,khong_thay_hoa,,,,,,,
flowers/sunflower/3596902268_049e33a2cb_n.jpg,khong_thay_hoa,,,,,,,
flowers/sunflower/3665455426_9cd1c3af4a_n.jpg,khong_thay_hoa,,,,,,,
flowers/sunflower/3681233294_4f06cd8903.jpg,hoa_sat_bien_khong_crop_duoc,1.0,1.267,0.774,0.284,0.017,0.128,0.0
flowers/sunflower/3683873444_be4a609c46.jpg,hoa_sat_bien_khong_crop_duoc,1.0,1.488,0.817,0.255,0.114,0.244,0.0
flowers/sunflower/3731075939_6c92d7fe68_m.jpg,anh_nho,,,,,,,
flowers/sunflower/3749091071_c146b33c74_n.jpg,khong_thay_hoa,,,,,,,
flowers/sunflower/3766264038_ea701c7131_n.jpg,hoa_sat_bien_khong_crop_duoc,1.0,2.161,0.86,0.185,0.267,0.176,0.0
flowers/sunflower/3784815653_5df39aa9c2_m.jpg,anh_nho,,,,,,,
flowers/sunflower/3798841385_38142ea3c6_n.jpg,khong_thay_hoa,,,,,,,
flowers/sunflower/3815322974_52c12dbde3.jpg,khong_thay_hoa,,,,,,,
flowers/sunflower/3838274225_36010c6254_n.jpg,lech_tam,1.0,0.942,0.986,0.432,0.321,0.006,0.0
flowers/sunflower/3840761441_7c648abf4d_n.jpg,nhieu_hoa_hoac_nen_roi,0.765,0.981,0.973,0.444,0.206,0.0,0.0
flowers/sunflower/3846717708_ea11383ed8.jpg,nhieu_hoa_hoac_nen_roi,0.82,1.194,0.867,0.337,0.193,0.044,0.052
flowers/sunflower/3846907701_e13b66aa87.jpg,hoa_sat_bien_khong_crop_duoc,1.0,1.494,0.929,0.289,0.095,0.227,0.0
flowers/sunflower/3848405800_8eea982c40.jpg,khong_thay_hoa,,,,,,,
flowers/sunflower/3858508462_db2b9692d1.jpg,khong_thay_hoa,,,,,,,
flowers/sunflower/3865206264_5d81584bba.jpg,hoa_sat_bien_khong_crop_duoc,1.0,1.341,0.702,0.243,0.031,0.149,0.0
flowers/sunflower/3883895985_bd20198371.jpg,hoa_sat_bien_khong_crop_duoc,1.0,2.027,0.823,0.189,0.245,0.179,0.0
flowers/sunflower/3884437548_ca8c36be3f_n.jpg,anh_nho,,,,,,,
flowers/sunflower/3888908087_462d0045f2_n.jpg,anh_nho,,,,,,,
flowers/sunflower/3889694330_6f84d123d5_n.jpg,anh_nho,,,,,,,
flowers/sunflower/3889699518_77bf85bf44_n.jpg,anh_nho,,,,,,,
flowers/sunflower/3894586562_5dbbdc4354_n.jpg,lech_tam,1.0,1.0,0.975,0.453,0.231,0.0,0.0
flowers/sunflower/3897174387_07aac6bf5f_n.jpg,lech_tam,1.0,1.091,0.737,0.314,0.214,0.0,0.0
flowers/sunflower/3912497870_a2f91c3a65_n.jpg,lech_tam,1.0,0.893,0.79,0.328,0.233,0.022,0.0
flowers/sunflower/3912497888_e7a5905bc3_n.jpg,hoa_sat_bien_khong_crop_duoc,1.0,1.531,0.851,0.258,0.036,0.135,0.0
flowers/sunflower/3920137864_e922ab25b4_n.jpg,anh_nho,,,,,,,
flowers/sunflower/3922005347_7b6fb82fcd.jpg,khong_phai_goc_nhin_tren_xuong(dai),1.0,0.514,0.669,0.16,0.211,0.0,0.0
flowers/sunflower/39271782_b4335d09ae_n.jpg,hinh_dang_khong_tron,1.0,1.042,0.546,0.243,0.044,0.052,0.009
flowers/sunflower/3946535709_78613461cb_n.jpg,anh_nho,,,,,,,
flowers/sunflower/3950020811_dab89bebc0_n.jpg,anh_nho,,,,,,,
flowers/sunflower/3951246342_930138610b_n.jpg,khong_thay_hoa,,,,,,,
flowers/sunflower/4019748730_ee09b39a43.jpg,khong_thay_hoa,,,,,,,
flowers/sunflower/40410686_272bc66faf_m.jpg,anh_nho,,,,,,,
flowers/sunflower/40410814_fba3837226_n.jpg,hoa_sat_bien_khong_crop_duoc,1.0,1.292,1.104,0.397,0.045,0.151,0.0
flowers/sunflower/40411019_526f3fc8d9_m.jpg,anh_nho,,,,,,,
flowers/sunflower/40411100_7fbe10ec0f_n.jpg,khong_thay_hoa,,,,,,,
flowers/sunflower/4042816698_578a1d599e.jpg,lech_tam,1.0,1.091,0.922,0.393,0.234,0.0,0.0
flowers/sunflower/4080112931_cb20b3d51a_n.jpg,nhieu_hoa_hoac_nen_roi,0.552,0.97,0.581,0.262,0.24,0.0,0.0
flowers/sunflower/4110787181_f73f12d107_m.jpg,anh_nho,,,,,,,
flowers/sunflower/4160805260_cf758daeae_n.jpg,khong_thay_hoa,,,,,,,
flowers/sunflower/417251603_69f0ee57a9_m.jpg,anh_nho,,,,,,,
flowers/sunflower/418056361_1dfac1c151_n.jpg,khong_thay_hoa,,,,,,,
flowers/sunflower/4186808407_06688641e2_n.jpg,khong_thay_hoa,,,,,,,
flowers/sunflower/4235259239_21f2eb4f2e.jpg,khong_phai_goc_nhin_tren_xuong(dai),1.0,0.699,0.66,0.214,0.109,0.113,0.019
flowers/sunflower/4271193206_666ef60aa0_m.jpg,anh_nho,,,,,,,
flowers/sunflower/4341530649_c17bbc5d01.jpg,khong_thay_hoa,,,,,,,
flowers/sunflower/4398771472_44f2a0c162_n.jpg,hoa_sat_bien_khong_crop_duoc,1.0,1.462,0.829,0.263,0.018,0.145,0.0
flowers/sunflower/4414080766_5116e8084e.jpg,lech_tam,1.0,0.939,0.871,0.38,0.249,0.069,0.0
flowers/sunflower/4414083164_3f285f8ac5.jpg,khong_thay_hoa,,,,,,,
flowers/sunflower/4489516263_e49fe82637_n.jpg,khong_thay_hoa,,,,,,,
flowers/sunflower/45045003_30bbd0a142_m.jpg,anh_nho,,,,,,,
flowers/sunflower/4528959364_fa544b0f4e_m.jpg,anh_nho,,,,,,,
flowers/sunflower/4623843480_23e3fb8dcc_n.jpg,lech_tam,1.0,0.836,0.783,0.304,0.296,0.008,0.0
flowers/sunflower/4625255191_26e17a28c9_n.jpg,hoa_sat_bien_khong_crop_duoc,1.0,1.333,0.949,0.331,0.03,0.154,0.0
flowers/sunflower/4626721387_88f89d5cc9_n.jpg,khong_thay_hoa,,,,,,,
flowers/sunflower/4664767140_fe01231322_n.jpg,hoa_sat_bien_khong_crop_duoc,1.0,1.488,0.768,0.24,0.033,0.134,0.0
flowers/sunflower/4673984698_6ec14d5b79.jpg,lech_tam,1.0,1.179,0.711,0.28,0.388,0.034,0.0
flowers/sunflower/4689061249_6498da5013.jpg,khong_thay_hoa,,,,,,,
flowers/sunflower/4745980581_a0b7585258_n.jpg,lech_tam,1.0,1.057,0.731,0.321,0.203,0.072,0.0
flowers/sunflower/4745985619_249078cafa_n.jpg,lech_tam,1.0,0.978,0.932,0.423,0.347,0.0,0.0
flowers/sunflower/4746638094_f5336788a0_n.jpg,lech_tam,1.0,0.93,0.96,0.415,0.193,0.0,0.0
flowers/sunflower/4746643626_02b2d056a2_n.jpg,khong_phai_goc_nhin_tren_xuong(dai),0.859,1.659,1.004,0.281,0.252,0.0,0.0
flowers/sunflower/4746648726_e37a2de16d_n.jpg,khong_thay_hoa,,,,,,,
flowers/sunflower/4746668678_0e2693b1b9_n.jpg,khong_thay_hoa,,,,,,,
flowers/sunflower/4755705724_976621a1e7.jpg,khong_phai_goc_nhin_tren_xuong(dai),1.0,1.577,0.53,0.156,0.043,0.045,0.0
flowers/sunflower/4794180388_c7b9294aef_n.jpg,anh_nho,,,,,,,
flowers/sunflower/4798378647_ca199b18c0_n.jpg,anh_nho,,,,,,,
flowers/sunflower/4804434999_bf2187e96a_n.jpg,lech_tam,1.0,1.054,1.061,0.468,0.438,0.0,0.0
flowers/sunflower/4805544785_a63241f6d0_n.jpg,khong_thay_hoa,,,,,,,
flowers/sunflower/4806174512_e04475b766_n.jpg,khong_thay_hoa,,,,,,,
flowers/sunflower/4813483281_f3707a71e7_n.jpg,lech_tam,1.0,0.704,0.707,0.231,0.283,0.041,0.0
flowers/sunflower/4814106562_7c3564d2d9_n.jpg,khong_thay_hoa,,,,,,,
flowers/sunflower/4816636411_0135bfe2c9_n.jpg,hoa_sat_bien_khong_crop_duoc,1.0,1.455,0.784,0.25,0.044,0.163,0.0
flowers/sunflower/4818994715_9d90527d18_n.jpg,hoa_sat_bien_khong_crop_duoc,1.0,1.326,0.834,0.292,0.087,0.154,0.0
flowers/sunflower/4821232343_7e0bcfbfdf_n.jpg,lech_tam,1.0,1.253,0.7,0.26,0.212,0.078,0.0
flowers/sunflower/4823873762_5f79b0c656_n.jpg,anh_nho,,,,,,,
flowers/sunflower/4831577091_f56157a5d5_n.jpg,hoa_sat_bien_khong_crop_duoc,1.0,1.242,0.781,0.292,0.024,0.127,0.0
flowers/sunflower/4846786944_2832c5c8b8.jpg,khong_thay_hoa,,,,,,,
flowers/sunflower/4868595281_1e58083785.jpg,khong_thay_hoa,,,,,,,
flowers/sunflower/4869189730_f47c124cda_n.jpg,khong_thay_hoa,,,,,,,
flowers/sunflower/4871455214_8b5fb87ab6_n.jpg,lech_tam,1.0,1.027,0.914,0.414,0.191,0.004,0.0
flowers/sunflower/4872284527_ff52128b97.jpg,khong_thay_hoa,,,,,,,
flowers/sunflower/4872892690_52dc25b0b4.jpg,khong_thay_hoa,,,,,,,
flowers/sunflower/4877195645_791c3a83b9_m.jpg,anh_nho,,,,,,,
flowers/sunflower/4893660821_eb7f02bef3_n.jpg,khong_thay_hoa,,,,,,,
flowers/sunflower/4895122831_83db2ba2d0_n.jpg,lech_tam,97.0,0.833,1.029,0.399,0.236,0.0,0.0
flowers/sunflower/4895124535_11a2bb704c_m.jpg,anh_nho,,,,,,,
flowers/sunflower/4895719476_bd3b6bd6fd_n.jpg,hoa_sat_bien_khong_crop_duoc,1.0,1.308,0.841,0.299,0.144,0.136,0.0
flowers/sunflower/4895720722_8247f2015b_n.jpg,khong_phai_goc_nhin_tren_xuong(dai),1.0,1.52,0.62,0.19,0.168,0.094,0.0
flowers/sunflower/4895721788_f10208ab77_n.jpg,khong_thay_hoa,,,,,,,
flowers/sunflower/4902448474_6850b85765_n.jpg,anh_nho,,,,,,,
flowers/sunflower/4914793782_d0ea760791.jpg,khong_thay_hoa,,,,,,,
flowers/sunflower/4932143849_018486cbf7.jpg,khong_thay_hoa,,,,,,,
flowers/sunflower/4932144003_cbffc89bf0.jpg,hoa_sat_bien_khong_crop_duoc,1.0,1.517,0.931,0.285,0.268,0.167,0.0
flowers/sunflower/4932735362_6e1017140f.jpg,khong_thay_hoa,,,,,,,
flowers/sunflower/4932735566_2327bf319a.jpg,khong_thay_hoa,,,,,,,
flowers/sunflower/4932736136_0115955987.jpg,khong_thay_hoa,,,,,,,
flowers/sunflower/4932736308_827012cff2.jpg,khong_thay_hoa,,,,,,,
flowers/sunflower/4933228903_9ae82d0b9d.jpg,khong_thay_hoa,,,,,,,
flowers/sunflower/4933229357_1c5cc03f65_m.jpg,anh_nho,,,,,,,
flowers/sunflower/4940287066_385afd9c18_m.jpg,anh_nho,,,,,,,
flowers/sunflower/4942258704_c4146b710a_n.jpg,lech_tam,1.0,0.856,0.902,0.359,0.219,0.04,0.0
flowers/sunflower/4980406384_791774d953.jpg,lech_tam,1.0,0.857,0.939,0.374,0.231,0.0,0.0
flowers/sunflower/4989952542_35f2cdd5e2_n.jpg,khong_phai_goc_nhin_tren_xuong(dai),67.0,0.5,0.87,0.202,0.467,0.0,0.0
flowers/sunflower/5004121118_e9393e60d0_n.jpg,hoa_sat_bien_khong_crop_duoc,1.0,1.281,0.869,0.315,0.027,0.139,0.0
flowers/sunflower/5007598545_90e08e81c1_n.jpg,khong_thay_hoa,,,,,,,
flowers/sunflower/5015462205_440898fe41_n.jpg,khong_thay_hoa,,,,,,,
flowers/sunflower/5018120483_cc0421b176_m.jpg,anh_nho,,,,,,,
flowers/sunflower/5020805135_1219d7523d.jpg,khong_thay_hoa,,,,,,,
flowers/sunflower/5020805619_6c710793f7.jpg,lech_tam,1.0,1.0,1.041,0.484,0.435,0.0,0.0
flowers/sunflower/5025805406_033cb03475_n.jpg,lech_tam,1.0,0.947,0.62,0.273,0.205,0.0,0.0
flowers/sunflower/5027895361_ace3b731e5_n.jpg,lech_tam,1.0,1.231,0.93,0.351,0.26,0.0,0.0
flowers/sunflower/5028817729_f04d32bac8_n.jpg,khong_thay_hoa,,,,,,,
flowers/sunflower/5032376020_2ed312306c.jpg,hoa_sat_bien_khong_crop_duoc,1.0,1.803,0.674,0.174,0.054,0.18,0.0
flowers/sunflower/5037531593_e2daf4c7f1.jpg,khong_phai_goc_nhin_tren_xuong(dai),1.0,1.756,0.769,0.204,0.124,0.066,0.005
flowers/sunflower/5042785753_392cc4e74d_n.jpg,khong_phai_goc_nhin_tren_xuong(dai),45.0,1.5,1.061,0.329,0.329,0.0,0.037
flowers/sunflower/5043404000_9bc16cb7e5_m.jpg,anh_nho,,,,,,,
flowers/sunflower/5043409092_5b12cc985a_m.jpg,anh_nho,,,,,,,
flowers/sunflower/5043409856_395300dbe5_m.jpg,anh_nho,,,,,,,
flowers/sunflower/5067864967_19928ca94c_m.jpg,khong_thay_hoa,,,,,,,
flowers/sunflower/5076821914_c21b58fd4c_m.jpg,anh_nho,,,,,,,
flowers/sunflower/5091281256_648c37d7c1_n.jpg,anh_nho,,,,,,,
flowers/sunflower/50987813_7484bfbcdf.jpg,lech_tam,1.0,1.434,0.746,0.242,0.235,0.009,0.0
flowers/sunflower/5115925320_ed9ca5b2d1_n.jpg,anh_nho,,,,,,,
flowers/sunflower/5139971615_434ff8ed8b_n.jpg,khong_thay_hoa,,,,,,,
flowers/sunflower/5139977423_d413b23fde_m.jpg,anh_nho,,,,,,,
flowers/sunflower/5139977579_ea2dd6a322_m.jpg,anh_nho,,,,,,,
flowers/sunflower/5180260869_1db7ff98e4_n.jpg,anh_nho,,,,,,,
flowers/sunflower/5180859236_60aa57ff9b_n.jpg,anh_nho,,,,,,,
flowers/sunflower/5180861654_0741222c62_n.jpg,anh_nho,,,,,,,
flowers/sunflower/5223643767_d8beb7e410.jpg,nhieu_hoa_hoac_nen_roi,30.0,1.0,1.061,0.493,0.207,0.0,0.292
flowers/sunflower/5231868667_f0baa71feb_n.jpg,khong_phai_goc_nhin_tren_xuong(dai),54.0,0.545,1.042,0.264,0.079,0.0,0.031
flowers/sunflower/5293283002_9b17f085f7_m.jpg,anh_nho,,,,,,,
flowers/sunflower/5330608174_b49f7a4c48_m.jpg,anh_nho,,,,,,,
flowers/sunflower/5339004958_a0a6f385fd_m.jpg,anh_nho,,,,,,,
flowers/sunflower/5357144886_b78f4782eb.jpg,khong_thay_hoa,,,,,,,
flowers/sunflower/5492906452_80943bfd04.jpg,khong_thay_hoa,,,,,,,
flowers/sunflower/5526324308_b333da0e57_n.jpg,khong_phai_goc_nhin_tren_xuong(dai),114.0,1.9,0.764,0.187,0.389,0.0,0.0
flowers/sunflower/5738580862_e128192f75.jpg,khong_phai_goc_nhin_tren_xuong(dai),1.0,1.492,0.798,0.249,0.129,0.095,0.0
flowers/sunflower/5830614551_e460a1215c.jpg,khong_thay_hoa,,,,,,,
flowers/sunflower/58636535_bc53ef0a21_m.jpg,anh_nho,,,,,,,
flowers/sunflower/5896354497_6a19162741.jpg,khong_thay_hoa,,,,,,,
flowers/sunflower/5917253022_4e3142d48b_n.jpg,khong_phai_goc_nhin_tren_xuong(dai),1.0,0.524,0.696,0.169,0.36,0.051,0.0
flowers/sunflower/5923085671_f81dd1cf6f.jpg,hoa_sat_bien_khong_crop_duoc,1.0,1.562,0.832,0.248,0.106,0.206,0.0
flowers/sunflower/5923085891_27617463fe.jpg,khong_thay_hoa,,,,,,,
flowers/sunflower/5923649444_a823e534e9.jpg,khong_thay_hoa,,,,,,,
flowers/sunflower/5927432662_3ffd2461c2_n.jpg,khong_thay_hoa,,,,,,,
flowers/sunflower/5933438337_b26a81ea81_n.jpg,anh_nho,,,,,,,
flowers/sunflower/5933438461_7607cf06e2_n.jpg,anh_nho,,,,,,,
flowers/sunflower/5933438547_0dea1fddd6_n.jpg,anh_nho,,,,,,,
flowers/sunflower/5937355165_1dc7b2cbf9_n.jpg,anh_nho,,,,,,,
flowers/sunflower/5937914300_bfca430439_n.jpg,anh_nho,,,,,,,
flowers/sunflower/5951665793_8ae4807cbd_n.jpg,khong_phai_goc_nhin_tren_xuong(dai),1.0,1.875,1.05,0.26,0.263,0.0,0.0
flowers/sunflower/5952223760_85972671d6_n.jpg,lech_tam,1.0,1.02,0.942,0.43,0.244,0.0,0.0
flowers/sunflower/5955475577_3d923874d9_n.jpg,khong_thay_hoa,,,,,,,
flowers/sunflower/5955500463_6c08cb199e.jpg,khong_thay_hoa,,,,,,,
flowers/sunflower/5955501969_e42f038a6f_n.jpg,khong_thay_hoa,,,,,,,
flowers/sunflower/5956626941_2885465093_n.jpg,anh_nho,,,,,,,
flowers/sunflower/5956627065_075880a1cc_n.jpg,anh_nho,,,,,,,
flowers/sunflower/5956627147_4d51393479_n.jpg,anh_nho,,,,,,,
flowers/sunflower/5957007921_62333981d2_n.jpg,khong_thay_hoa,,,,,,,
flowers/sunflower/5957186948_b2afd80d70_n.jpg,anh_nho,,,,,,,
flowers/sunflower/5963905278_6a8efc6b27_n.jpg,anh_nho,,,,,,,
flowers/sunflower/5966729883_67f4fede93.jpg,khong_thay_hoa,,,,,,,
flowers/sunflower/5967283168_90dd4daf28_n.jpg,khong_thay_hoa,,,,,,,
flowers/sunflower/5967284308_85714d8cf7_m.jpg,anh_nho,,,,,,,
flowers/sunflower/5970300143_36b42437de_n.jpg,hoa_sat_bien_khong_crop_duoc,1.0,2.0,0.796,0.185,0.13,0.229,0.0
flowers/sunflower/5970301989_fe3a68aac8_m.jpg,anh_nho,,,,,,,
flowers/sunflower/5970869550_d7d9fabebd_n.jpg,lech_tam,1.0,0.841,0.874,0.341,0.288,0.0,0.0
flowers/sunflower/5973935729_2868f2db1f_n.jpg,hoa_sat_bien_khong_crop_duoc,1.0,1.512,0.919,0.282,0.089,0.201,0.0
flowers/sunflower/5979668702_fdaec9e164_n.jpg,lech_tam,1.0,1.2,0.907,0.351,0.444,0.0,0.0
flowers/sunflower/5979669004_d9736206c9_n.jpg,hoa_sat_bien_khong_crop_duoc,1.0,1.308,0.975,0.347,0.054,0.135,0.0
flowers/sunflower/5991628433_e1d853e40d_n.jpg,anh_nho,,,,,,,
flowers/sunflower/5994586159_1dd99d66b4_n.jpg,hoa_sat_bien_khong_crop_duoc,0.895,1.583,0.595,0.175,0.21,0.145,0.03
flowers/sunflower/5998488415_a6bacd9f83.jpg,khong_thay_hoa,,,,,,,
flowers/sunflower/5999024446_5721493894.jpg,khong_thay_hoa,,,,,,,
flowers/sunflower/6002598514_22a9a404c7_n.jpg,anh_nho,,,,,,,
flowers/sunflower/6042014768_b57f0bfc79_n.jpg,lech_tam,1.0,1.37,0.878,0.298,0.216,0.0,0.0
flowers/sunflower/6050020905_881295ac72_n.jpg,lech_tam,1.0,1.085,0.961,0.412,0.188,0.0,0.0
flowers/sunflower/6053739964_a1d9ab3ed1_n.jpg,khong_thay_hoa,,,,,,,
flowers/sunflower/6056460102_f5569092a6_n.jpg,anh_nho,,,,,,,
flowers/sunflower/6061175433_95fdb12f32_n.jpg,lech_tam,108.0,1.182,0.962,0.378,0.434,0.0,0.025
flowers/sunflower/6061177447_d8ce96aee0.jpg,khong_thay_hoa,,,,,,,
flowers/sunflower/6074427492_1b5bab7848_n.jpg,khong_thay_hoa,,,,,,,
flowers/sunflower/6080086410_17a02dcfb8.jpg,lech_tam,1.0,1.345,0.883,0.305,0.278,0.0,0.0
flowers/sunflower/6112510436_9fe06e695a_n.jpg,khong_thay_hoa,,,,,,,
flowers/sunflower/6113021380_7546bf7ac7_n.jpg,anh_nho,,,,,,,
flowers/sunflower/6116210027_61923f4b64.jpg,khong_thay_hoa,,,,,,,
flowers/sunflower/6122711533_2c219f0392_n.jpg,khong_thay_hoa,,,,,,,
flowers/sunflower/6125761554_4e72819ce4_m.jpg,anh_nho,,,,,,,
flowers/sunflower/6133988570_9dc778e622_m.jpg,anh_nho,,,,,,,
flowers/sunflower/6140661443_bb48344226.jpg,khong_thay_hoa,,,,,,,
flowers/sunflower/6140693467_211a135b6d.jpg,khong_thay_hoa,,,,,,,
flowers/sunflower/6140808687_88df0fd733.jpg,khong_thay_hoa,,,,,,,
flowers/sunflower/6140892289_92805cc590.jpg,khong_thay_hoa,,,,,,,
flowers/sunflower/6141150299_b46a64e4de.jpg,khong_thay_hoa,,,,,,,
flowers/sunflower/6141199476_9b6d383fd9.jpg,khong_thay_hoa,,,,,,,
flowers/sunflower/6145005439_ef6e07f9c6_n.jpg,lech_tam,1.0,1.182,0.752,0.296,0.304,0.0,0.0
flowers/sunflower/6166888942_7058198713_m.jpg,anh_nho,,,,,,,
flowers/sunflower/6198569425_e953b9e6cc_m.jpg,anh_nho,,,,,,,
flowers/sunflower/6198569587_23c3693328_m.jpg,anh_nho,,,,,,,
flowers/sunflower/6199086734_b7ddc65816_m.jpg,anh_nho,,,,,,,
flowers/sunflower/6204049536_1ac4f09232_n.jpg,khong_thay_hoa,,,,,,,
flowers/sunflower/6239758929_50e5e5a476_m.jpg,hoa_sat_bien_khong_crop_duoc,1.0,0.74,0.497,0.171,0.163,0.13,0.015
flowers/sunflower/6250692311_cb60c85ee9_n.jpg,hoa_sat_bien_khong_crop_duoc,1.0,1.685,0.642,0.177,0.046,0.155,0.0
flowers/sunflower/6265084065_7a8b30cc6e_n.jpg,hoa_sat_bien_khong_crop_duoc,1.0,1.219,0.733,0.28,0.088,0.149,0.0
flowers/sunflower/6495554833_86eb8faa8e_n.jpg,khong_thay_hoa,,,,,,,
flowers/sunflower/6495559397_61d01c0c57.jpg,khong_thay_hoa,,,,,,,
flowers/sunflower/6606741847_f0198d83ff.jpg,khong_thay_hoa,,,,,,,
flowers/sunflower/6606743797_c90c669757.jpg,khong_thay_hoa,,,,,,,
flowers/sunflower/6606746467_a668c8d417.jpg,khong_thay_hoa,,,,,,,
flowers/sunflower/6606749757_b98a4ba403.jpg,khong_thay_hoa,,,,,,,
flowers/sunflower/6606753075_72ee32aa30_m.jpg,anh_nho,,,,,,,
flowers/sunflower/6606806621_5267acdd38.jpg,khong_thay_hoa,,,,,,,
flowers/sunflower/6606809995_edee55b770_m.jpg,anh_nho,,,,,,,
flowers/sunflower/6606813305_c992231d29_m.jpg,anh_nho,,,,,,,
flowers/sunflower/6606823367_e89dc52a95_n.jpg,lech_tam,1.0,1.167,0.908,0.362,0.218,0.0,0.0
flowers/sunflower/6627521877_6e43fb3c49_m.jpg,anh_nho,,,,,,,
flowers/sunflower/6866250080_ae80df0cd5_m.jpg,anh_nho,,,,,,,
flowers/sunflower/6908789145_814d448bb1_n.jpg,hoa_sat_bien_khong_crop_duoc,1.0,1.809,0.693,0.178,0.101,0.193,0.0
flowers/sunflower/6953297_8576bf4ea3.jpg,khong_thay_hoa,,,,,,,
flowers/sunflower/6958724008_12259943a7.jpg,khong_thay_hoa,,,,,,,
flowers/sunflower/7012364067_5ffc7654c9_m.jpg,anh_nho,,,,,,,
flowers/sunflower/7012366081_019c8a17a4_m.jpg,anh_nho,,,,,,,
flowers/sunflower/7176729016_d73ff2211e.jpg,khong_thay_hoa,,,,,,,
flowers/sunflower/7176729812_7c053921fb_m.jpg,anh_nho,,,,,,,
flowers/sunflower/7176736574_14446539cb_n.jpg,hoa_sat_bien_khong_crop_duoc,1.0,2.0,0.695,0.162,0.272,0.294,0.001
flowers/sunflower/7492109308_bbbb982ebe_n.jpg,anh_nho,,,,,,,
flowers/sunflower/7510262868_cf7d6f6f25_n.jpg,khong_thay_hoa,,,,,,,
flowers/sunflower/7510285306_ba8f80c382_n.jpg,khong_thay_hoa,,,,,,,
flowers/sunflower/7581713708_8eae6794f2.jpg,khong_thay_hoa,,,,,,,
flowers/sunflower/7586498522_4dcab1c8d2_m.jpg,anh_nho,,,,,,,
flowers/sunflower/7603036176_9e8967cd21.jpg,khong_thay_hoa,,,,,,,
flowers/sunflower/7654774598_6b715a8d3e.jpg,khong_thay_hoa,,,,,,,
flowers/sunflower/7721658400_0dec46d225.jpg,khong_thay_hoa,,,,,,,
flowers/sunflower/7728953426_abd179ab63.jpg,khong_thay_hoa,,,,,,,
flowers/sunflower/7820305664_82148f3bfb_n.jpg,khong_phai_goc_nhin_tren_xuong(dai),1.0,0.699,0.876,0.284,0.059,0.0,0.0
flowers/sunflower/7820523050_76c8caa025.jpg,hoa_sat_bien_khong_crop_duoc,1.0,1.16,0.823,0.33,0.194,0.122,0.0
flowers/sunflower/7820626738_3be6a52e4e_n.jpg,hoa_sat_bien_khong_crop_duoc,1.0,1.68,0.857,0.237,0.067,0.22,0.0
flowers/sunflower/7857605684_fc86440c23.jpg,hoa_sat_bien_khong_crop_duoc,1.0,1.868,0.871,0.217,0.035,0.192,0.0
flowers/sunflower/7935826214_9b57628203_m.jpg,khong_thay_hoa,,,,,,,
flowers/sunflower/8014734302_65c6e83bb4_m.jpg,anh_nho,,,,,,,
flowers/sunflower/8014735546_3db46bb1fe_n.jpg,khong_thay_hoa,,,,,,,
flowers/sunflower/8021568040_f891223c44_n.jpg,khong_thay_hoa,,,,,,,
flowers/sunflower/8071460469_a7c2c34b97_n.jpg,khong_thay_hoa,,,,,,,
flowers/sunflower/8081530919_c882d46bb0_n.jpg,khong_thay_hoa,,,,,,,
flowers/sunflower/8174935013_b16626b49b.jpg,khong_thay_hoa,,,,,,,
flowers/sunflower/8174941335_56389b53e9_n.jpg,khong_thay_hoa,,,,,,,
flowers/sunflower/8174970894_7f9a26be7e.jpg,khong_thay_hoa,,,,,,,
flowers/sunflower/8174972548_0051c2d431.jpg,khong_thay_hoa,,,,,,,
flowers/sunflower/8192234807_fed4a46f1a_n.jpg,khong_thay_hoa,,,,,,,
flowers/sunflower/8202034834_ee0ee91e04_n.jpg,khong_thay_hoa,,,,,,,
flowers/sunflower/821368661_4ab4343f5a.jpg,khong_thay_hoa,,,,,,,
flowers/sunflower/8234846550_fdaf326dbe.jpg,khong_thay_hoa,,,,,,,
flowers/sunflower/8249000137_eddfffa380_n.jpg,khong_thay_hoa,,,,,,,
flowers/sunflower/8265023280_713f2c69d0_m.jpg,anh_nho,,,,,,,
flowers/sunflower/8266310743_02095e782d_m.jpg,khong_thay_hoa,,,,,,,
flowers/sunflower/8292914969_4a76608250_m.jpg,khong_thay_hoa,,,,,,,
flowers/sunflower/8368015811_2893411cf7_n.jpg,hoa_sat_bien_khong_crop_duoc,1.0,1.507,0.701,0.216,0.145,0.13,0.0
flowers/sunflower/8433716268_8b7b4083bc_n.jpg,anh_nho,,,,,,,
flowers/sunflower/8478248531_1a16e232b5.jpg,lech_tam,1.0,0.865,0.913,0.367,0.292,0.0,0.0
flowers/sunflower/8543642705_b841b0e5f6.jpg,khong_thay_hoa,,,,,,,
flowers/sunflower/8563099326_8be9177101.jpg,khong_thay_hoa,,,,,,,
flowers/sunflower/864957037_c75373d1c5.jpg,nhieu_hoa_hoac_nen_roi,9.0,1.0,1.273,0.592,0.38,0.0,0.562
flowers/sunflower/8705462313_4458d64cd4.jpg,lech_tam,1.0,0.818,0.77,0.293,0.295,0.022,0.0
flowers/sunflower/877083343_e3338c4125.jpg,khong_thay_hoa,,,,,,,
flowers/sunflower/8928614683_6c168edcfc.jpg,khong_thay_hoa,,,,,,,
flowers/sunflower/8928658373_fdca5ff1b8.jpg,khong_thay_hoa,,,,,,,
flowers/sunflower/8929213942_5544191250_n.jpg,khong_thay_hoa,,,,,,,
flowers/sunflower/8929288228_6795bcb1fe.jpg,hoa_sat_bien_khong_crop_duoc,1.0,1.582,0.937,0.275,0.092,0.219,0.0
flowers/sunflower/8935252770_263d682fe8_n.jpg,anh_nho,,,,,,,
flowers/sunflower/9056495873_66e351b17c_n.jpg,khong_thay_hoa,,,,,,,
flowers/sunflower/9111896677_ff0b6fa6f6_n.jpg,khong_thay_hoa,,,,,,,
flowers/sunflower/9213511121_836a458021_m.jpg,nhieu_hoa_hoac_nen_roi,0.59,0.606,0.914,0.258,0.379,0.0,0.0
flowers/sunflower/9216286162_6ceefdd1b4_m.jpg,anh_nho,,,,,,,
flowers/sunflower/9216286876_289a4779f7.jpg,khong_thay_hoa,,,,,,,
flowers/sunflower/9231555352_d2dd8f8e68_m.jpg,anh_nho,,,,,,,
flowers/sunflower/9240005603_6a9b71dcea_n.jpg,nhieu_hoa_hoac_nen_roi,0.729,1.115,0.835,0.348,0.314,0.043,0.0
flowers/sunflower/9246304620_768d1f54d7_n.jpg,hoa_sat_bien_khong_crop_duoc,1.0,1.25,1.004,0.373,0.1,0.12,0.0
flowers/sunflower/9302733302_2cb92cf275.jpg,khong_thay_hoa,,,,,,,
flowers/sunflower/9309473873_9d62b9082e.jpg,khong_thay_hoa,,,,,,,
flowers/sunflower/9339697826_88c9c4dc50.jpg,khong_thay_hoa,,,,,,,
flowers/sunflower/9359374034_21fb12d613_n.jpg,khong_thay_hoa,,,,,,,
flowers/sunflower/9381481549_5a5d503e42_n.jpg,khong_thay_hoa,,,,,,,
flowers/sunflower/9399711558_7cb9547cd3_n.jpg,khong_thay_hoa,,,,,,,
flowers/sunflower/9400904374_37723396e3_n.jpg,anh_nho,,,,,,,
flowers/sunflower/9410186154_465642ed35.jpg,khong_thay_hoa,,,,,,,
flowers/sunflower/9427945592_07a2676945_n.jpg,khong_phai_goc_nhin_tren_xuong(dai),165.0,2.0,0.868,0.202,0.166,0.0,0.0
flowers/sunflower/9431890901_cd11bda584_n.jpg,khong_thay_hoa,,,,,,,
flowers/sunflower/9431896325_23bf6e8761.jpg,lech_tam,1.0,1.104,0.672,0.283,0.215,0.021,0.0
flowers/sunflower/9432335346_e298e47713_n.jpg,nhieu_hoa_hoac_nen_roi,0.621,1.042,0.908,0.405,0.258,0.019,0.061
flowers/sunflower/9448615838_04078d09bf_n.jpg,lech_tam,1.0,0.868,0.974,0.393,0.221,0.067,0.0
flowers/sunflower/9461693602_710f20904f.jpg,lech_tam,1.0,0.824,0.848,0.325,0.251,0.0,0.0
flowers/sunflower/9481563239_01b585b41d_n.jpg,nhieu_hoa_hoac_nen_roi,15.0,1.667,1.273,0.355,0.184,0.0,0.344
flowers/sunflower/9483429732_5ae73eb672_n.jpg,khong_thay_hoa,,,,,,,
flowers/sunflower/9484354480_07ff2ef0a6.jpg,khong_thay_hoa,,,,,,,
flowers/sunflower/9485002920_59af6f4cac.jpg,khong_thay_hoa,,,,,,,
flowers/sunflower/9491955955_d0b2c83834.jpg,nhieu_hoa_hoac_nen_roi,0.623,0.84,0.939,0.366,0.482,0.0,0.017
flowers/sunflower/9497774935_a7daec5433_n.jpg,lech_tam,1.0,0.884,0.945,0.388,0.21,0.055,0.0
flowers/sunflower/9511172241_8aee411e2e.jpg,hoa_sat_bien_khong_crop_duoc,1.0,2.963,1.086,0.17,0.193,0.186,0.0
flowers/sunflower/9535500195_543d0b729b.jpg,hoa_sat_bien_khong_crop_duoc,1.0,1.474,0.632,0.199,0.037,0.168,0.0
flowers/sunflower/9538283930_0faea083bb_n.jpg,khong_phai_goc_nhin_tren_xuong(dai),1.0,0.569,0.744,0.197,0.297,0.0,0.0
flowers/sunflower/9555827829_74e6f60f1d_m.jpg,anh_nho,,,,,,,
flowers/sunflower/9558627290_353a14ba0b_m.jpg,anh_nho,,,,,,,
flowers/sunflower/9558628596_722c29ec60_m.jpg,anh_nho,,,,,,,
flowers/sunflower/9558630626_52a1b7d702_m.jpg,anh_nho,,,,,,,
flowers/sunflower/9558632814_e78a780f4f.jpg,khong_thay_hoa,,,,,,,
flowers/sunflower/9588522189_db6166f67f.jpg,khong_thay_hoa,,,,,,,
flowers/sunflower/9610098411_f1613c8e14.jpg,khong_thay_hoa,,,,,,,
flowers/sunflower/9610373158_5250bce6ac_n.jpg,khong_thay_hoa,,,,,,,
flowers/sunflower/9610373748_b9cb67bd55.jpg,hoa_sat_bien_khong_crop_duoc,1.0,1.506,0.858,0.265,0.038,0.187,0.0
flowers/sunflower/9651392844_77f90589ba_n.jpg,khong_thay_hoa,,,,,,,
flowers/sunflower/9655029591_7a77f87500.jpg,lech_tam,118.0,1.0,1.043,0.485,0.283,0.0,0.0
flowers/sunflower/9681915384_b3b646dc92_m.jpg,trung_lap,1.0,0.971,0.974,0.44,0.023,0.0,0.0
flowers/sunflower/969913643_9d5cd2fe45_m.jpg,khong_thay_hoa,,,,,,,
flowers/sunflower/9699724719_a8439cc0fd_n.jpg,khong_thay_hoa,,,,,,,
flowers/sunflower/9738792160_00cbcc99c8_n.jpg,anh_nho,,,,,,,
flowers/sunflower/9783416751_b2a03920f7_n.jpg,lech_tam,1.0,1.0,0.929,0.432,0.187,0.0,0.009
flowers/sunflower/9825716455_f12bcc8d4e_n.jpg,khong_thay_hoa,,,,,,,
flowers/sunflower/9904127656_f76a5a4811_m.jpg,anh_nho,,,,,,,
flowers/tulip/100930342_92e8746431_n.jpg,nhieu_hoa_hoac_nen_roi,0.605,0.933,0.92,0.399,0.367,0.0,0.0
flowers/tulip/10094729603_eeca3f2cb6.jpg,khong_thay_hoa,,,,,,,
flowers/tulip/10094731133_94a942463c.jpg,khong_thay_hoa,,,,,,,
flowers/tulip/10128546863_8de70c610d.jpg,khong_thay_hoa,,,,,,,
flowers/tulip/10163955604_ae0b830975_n.jpg,khong_thay_hoa,,,,,,,
flowers/tulip/10164073235_f29931d91e.jpg,khong_thay_hoa,,,,,,,
flowers/tulip/10686568196_b1915544a8.jpg,khong_thay_hoa,,,,,,,
flowers/tulip/107693873_86021ac4ea_n.jpg,khong_thay_hoa,,,,,,,
flowers/tulip/10791227_7168491604.jpg,khong_phai_goc_nhin_tren_xuong(dai),1.0,1.545,0.421,0.127,0.194,0.005,0.0
flowers/tulip/10995953955_089572caf0.jpg,khong_thay_hoa,,,,,,,
flowers/tulip/112334842_3ecf7585dd.jpg,hinh_dang_khong_tron,1.0,1.204,0.514,0.198,0.306,0.0,0.0
flowers/tulip/112428665_d8f3632f36_n.jpg,hoa_sat_bien_khong_crop_duoc,1.0,1.347,0.916,0.316,0.023,0.155,0.0
flowers/tulip/112428919_f0c5ad7d9d_n.jpg,khong_thay_hoa,,,,,,,
flowers/tulip/112650879_82adc2cc04_n.jpg,khong_thay_hoa,,,,,,,
flowers/tulip/112651128_7b5d39a346_m.jpg,anh_nho,,,,,,,
flowers/tulip/112951022_4892b1348b_n.jpg,khong_thay_hoa,,,,,,,
flowers/tulip/112951086_150a59d499_n.jpg,khong_thay_hoa,,,,,,,
flowers/tulip/113291410_1bdc718ed8_n.jpg,khong_thay_hoa,,,,,,,
flowers/tulip/113902743_8f537f769b_n.jpg,khong_phai_goc_nhin_tren_xuong(dai),1.0,0.696,0.608,0.196,0.037,0.015,0.0
flowers/tulip/113960470_38fab8f2fb_m.jpg,anh_nho,,,,,,,
flowers/tulip/11441893003_ab83672800.jpg,khong_thay_hoa,,,,,,,
flowers/tulip/11614202956_1dcf1c96a1.jpg,khong_thay_hoa,,,,,,,
flowers/tulip/116343334_9cb4acdc57_n.jpg,lech_tam,1.0,0.882,0.638,0.262,0.217,0.009,0.0
flowers/tulip/11746080_963537acdc.jpg,khong_thay_hoa,,,,,,,
flowers/tulip/11746276_de3dec8201.jpg,khong_thay_hoa,,,,,,,
flowers/tulip/11746367_d23a35b085_n.jpg,khong_thay_hoa,,,,,,,
flowers/tulip/11746452_5bc1749a36.jpg,khong_thay_hoa,,,,,,,
flowers/tulip/11746548_26b3256922_n.jpg,khong_thay_hoa,,,,,,,
flowers/tulip/12024561754_ce9667e4dc_n.jpg,khong_thay_hoa,,,,,,,
flowers/tulip/12025038686_7f10811d4b_n.jpg,khong_thay_hoa,,,,,,,
flowers/tulip/12025042086_78bafc0eb6_n.jpg,hoa_sat_bien_khong_crop_duoc,1.0,2.462,0.974,0.184,0.1,0.21,0.0
flowers/tulip/12163418275_bd6a1edd61.jpg,khong_thay_hoa,,,,,,,
flowers/tulip/122450705_9885fff3c4_n.jpg,khong_thay_hoa,,,,,,,
flowers/tulip/12548574923_5e90f4ceea.jpg,khong_thay_hoa,,,,,,,
flowers/tulip/12557176134_ecbf15885b.jpg,hinh_dang_khong_tron,143.0,0.792,0.399,0.147,0.441,0.0,0.03
flowers/tulip/12584810723_c97d00fcfd.jpg,hoa_sat_bien_khong_crop_duoc,1.0,2.562,0.845,0.153,0.119,0.313,0.0
flowers/tulip/12616825773_9aa4245b57_n.jpg,khong_thay_hoa,,,,,,,
flowers/tulip/12764617214_12211c6a0c_m.jpg,nhieu_hoa_hoac_nen_roi,0.514,0.76,0.954,0.337,0.251,0.0,0.0
flowers/tulip/12883412424_cb5086b43f_n.jpg,khong_thay_hoa,,,,,,,
flowers/tulip/12916017805_1cde91a891_n.jpg,nhieu_hoa_hoac_nen_roi,0.552,0.667,0.814,0.252,0.294,0.079,0.185
flowers/tulip/12916135413_dafcf3089e_n.jpg,hoa_sat_bien_khong_crop_duoc,1.0,1.568,0.842,0.25,0.081,0.123,0.0
flowers/tulip/12916441224_2ed63596f8_n.jpg,lech_tam,1.0,1.159,0.845,0.339,0.251,0.0,0.0
flowers/tulip/12934201824_1c8b5171fb_m.jpg,hoa_sat_bien_khong_crop_duoc,1.0,0.803,0.878,0.328,0.12,0.136,0.0
flowers/tulip/12949131454_4d3392f4dd_n.jpg,khong_thay_hoa,,,,,,,
flowers/tulip/130685040_3c2fcec63e_n.jpg,khong_thay_hoa,,,,,,,
flowers/tulip/130685347_afbffe3afa_n.jpg,khong_thay_hoa,,,,,,,
flowers/tulip/13176521023_4d7cc74856_m.jpg,anh_nho,,,,,,,
flowers/tulip/13197345653_0f685b3c97_n.jpg,nhieu_hoa_hoac_nen_roi,0.677,1.288,0.741,0.267,0.142,0.0,0.149
flowers/tulip/132538272_63658146d9_n.jpg,hoa_sat_bien_khong_crop_duoc,1.0,1.432,0.833,0.27,0.023,0.146,0.0
flowers/tulip/132538273_335240fe5b_n.jpg,khong_phai_goc_nhin_tren_xuong(dai),1.0,1.632,0.64,0.182,0.339,0.0,0.0
flowers/tulip/13289268363_b9337d751e.jpg,nhieu_hoa_hoac_nen_roi,0.733,1.297,0.786,0.281,0.091,0.0,0.006
flowers/tulip/133692329_c1150ed811_n.jpg,khong_phai_goc_nhin_tren_xuong(dai),1.0,0.697,0.891,0.289,0.312,0.0,0.0
flowers/tulip/133858239_3eaa8a91fd_n.jpg,hoa_sat_bien_khong_crop_duoc,1.0,1.429,0.618,0.201,0.122,0.151,0.0
flowers/tulip/133960364_d87f883c15_n.jpg,nhieu_hoa_hoac_nen_roi,27.0,0.5,1.074,0.25,0.432,0.0,0.109
flowers/tulip/13471563274_471fc1db33_m.jpg,khong_thay_hoa,,,,,,,
flowers/tulip/13472141763_f2517e7f0d.jpg,khong_phai_goc_nhin_tren_xuong(dai),1.0,1.857,1.106,0.277,0.13,0.0,0.0
flowers/tulip/13472387874_d844478dbb.jpg,hoa_sat_bien_khong_crop_duoc,1.0,6.095,0.687,0.052,0.028,0.184,0.0
flowers/tulip/13472393854_b2530f7029_n.jpg,khong_thay_hoa,,,,,,,
flowers/tulip/13509967925_eaaeefa396_m.jpg,khong_phai_goc_nhin_tren_xuong(dai),137.0,7.4,0.943,0.059,0.272,0.0,0.015
flowers/tulip/13509973805_bda5fa8982.jpg,hoa_sat_bien_khong_crop_duoc,1.0,9.846,0.939,0.044,0.046,0.185,0.0
flowers/tulip/13510057763_01b832d919.jpg,khong_thay_hoa,,,,,,,
flowers/tulip/13510068773_c925c5517c.jpg,khong_phai_goc_nhin_tren_xuong(dai),1.0,8.286,0.618,0.035,0.092,0.0,0.0
flowers/tulip/13513851673_9d813dc7b0.jpg,hoa_sat_bien_khong_crop_duoc,1.0,4.071,0.973,0.111,0.426,0.137,0.0
flowers/tulip/13514131694_d91da4f4fc.jpg,khong_phai_goc_nhin_tren_xuong(dai),1.0,11.6,1.005,0.04,0.164,0.0,0.0
flowers/tulip/13514136074_ab1b827e4f.jpg,khong_phai_goc_nhin_tren_xuong(dai),1.0,2.333,0.892,0.178,0.108,0.0,0.0
flowers/tulip/13530687085_9b515735ef_m.jpg,anh_nho,,,,,,,
flowers/tulip/13530690445_9f1f5cf43a_n.jpg,khong_thay_hoa,,,,,,,
flowers/tulip/13530786873_0d34880300_n.jpg,khong_thay_hoa,,,,,,,
flowers/tulip/13530796853_e5993f57d6_n.jpg,khong_thay_hoa,,,,,,,
flowers/tulip/13531001134_72052100e1_m.jpg,anh_nho,,,,,,,
flowers/tulip/13531007054_c88deaf302_n.jpg,khong_thay_hoa,,,,,,,
flowers/tulip/1353748522_b9c630b162.jpg,lech_tam,1.0,0.971,0.961,0.434,0.244,0.0,0.0
flowers/tulip/13539384593_23449f7332_n.jpg,khong_thay_hoa,,,,,,,
flowers/tulip/13539404903_cd113e3e9b.jpg,hoa_sat_bien_khong_crop_duoc,1.0,1.797,0.953,0.247,0.061,0.158,0.0
flowers/tulip/13539827514_79b60b6c22_n.jpg,lech_tam,165.0,0.938,0.875,0.381,0.388,0.0,0.0
flowers/tulip/13542672763_20c3cb9272.jpg,khong_phai_goc_nhin_tren_xuong(dai),1.0,2.667,0.995,0.173,0.174,0.0,0.0
flowers/tulip/13555215723_cf2c11626b_b.jpg,anh_nho,,,,,,,
flowers/tulip/13561908485_7e4f8d508b.jpg,lech_tam,1.0,1.289,1.007,0.363,0.193,0.0,0.0
flowers/tulip/13561912705_e5eeb41433_z.jpg,khong_thay_hoa,,,,,,,
flowers/tulip/13562266594_69b807f90c.jpg,khong_thay_hoa,,,,,,,
flowers/tulip/13562271714_d534531374.jpg,khong_thay_hoa,,,,,,,
flowers/tulip/135994133_4f306fe4bf_n.jpg,nhieu_hoa_hoac_nen_roi,0.659,2.143,0.687,0.149,0.054,0.0,0.058
flowers/tulip/13888320717_d2919a879b_m.jpg,anh_nho,,,,,,,
flowers/tulip/13900235284_32ce563633_n.jpg,hoa_sat_bien_khong_crop_duoc,1.0,1.869,0.83,0.206,0.058,0.18,0.0
flowers/tulip/13903937027_44b9f2f5b8.jpg,khong_phai_goc_nhin_tren_xuong(dai),1.0,0.482,0.76,0.17,0.24,0.0,0.005
flowers/tulip/13903946578_187f904c9a_n.jpg,khong_thay_hoa,,,,,,,
flowers/tulip/13903988248_22da33f341.jpg,nhieu_hoa_hoac_nen_roi,15.0,0.6,1.273,0.355,0.236,0.0,0.344
flowers/tulip/13910028149_6c9d5485ef.jpg,khong_thay_hoa,,,,,,,
flowers/tulip/13910126337_53faf1d214_n.jpg,khong_thay_hoa,,,,,,,
flowers/tulip/13910471347_30c8bf4de1_n.jpg,nhieu_hoa_hoac_nen_roi,0.594,1.133,0.949,0.389,0.382,0.0,0.0
flowers/tulip/13910544560_9140dd547e.jpg,khong_thay_hoa,,,,,,,
flowers/tulip/13910604778_e5f4588420.jpg,nhieu_hoa_hoac_nen_roi,0.391,1.913,0.63,0.153,0.33,0.004,0.025
flowers/tulip/13910678178_25e8b1a5e5.jpg,khong_thay_hoa,,,,,,,
flowers/tulip/13910719110_1b21d1fc81.jpg,khong_thay_hoa,,,,,,,
flowers/tulip/13910737760_c71c8b6ff2.jpg,lech_tam,1.0,0.873,1.018,0.413,0.377,0.0,0.0
flowers/tulip/13911047024_8966d70560_n.jpg,khong_phai_goc_nhin_tren_xuong(dai),1.0,0.588,0.712,0.195,0.333,0.103,0.0
flowers/tulip/13923539227_bdab038dc8.jpg,nhieu_hoa_hoac_nen_roi,0.741,0.957,0.784,0.349,0.206,0.0,0.0
flowers/tulip/13926327692_a07357ff0d.jpg,lech_tam,1.0,0.847,0.984,0.387,0.315,0.0,0.0
flowers/tulip/13953090784_0c7d7a904e.jpg,khong_thay_hoa,,,,,,,
flowers/tulip/13954659583_03981dea99_n.jpg,khong_thay_hoa,,,,,,,
flowers/tulip/13956300996_07e64a3dbd_n.jpg,khong_thay_hoa,,,,,,,
flowers/tulip/13974542496_e4b5d1c913_n.jpg,hoa_sat_bien_khong_crop_duoc,1.0,1.896,0.758,0.186,0.104,0.212,0.0
flowers/tulip/13976191172_6f23a0b313.jpg,khong_thay_hoa,,,,,,,
flowers/tulip/13976206001_fd1c2cbd60.jpg,lech_tam,1.0,0.929,1.009,0.435,0.311,0.0,0.0
flowers/tulip/13979098015_e8c98fd34e_n.jpg,khong_thay_hoa,,,,,,,
flowers/tulip/13979098645_50b9eebc02_n.jpg,khong_thay_hoa,,,,,,,
flowers/tulip/13979840624_28466cb3ec_n.jpg,lech_tam,1.0,0.87,0.918,0.371,0.227,0.008,0.0
flowers/tulip/13997627965_22d81601ce_n.jpg,khong_thay_hoa,,,,,,,
flowers/tulip/13997641965_80d5dab542_n.jpg,khong_phai_goc_nhin_tren_xuong(dai),1.0,1.608,0.731,0.211,0.166,0.077,0.024
flowers/tulip/13999392173_b1411f8b23_n.jpg,khong_thay_hoa,,,,,,,
flowers/tulip/13999402743_f563f6b685_n.jpg,khong_thay_hoa,,,,,,,
flowers/tulip/14009216519_b608321cf2_n.jpg,hoa_sat_bien_khong_crop_duoc,1.0,1.44,0.9,0.29,0.093,0.17,0.0
flowers/tulip/14014595475_5892fcda51_n.jpg,lech_tam,1.0,1.344,0.773,0.267,0.198,0.034,0.0
flowers/tulip/14015957646_8317a0f1d9_n.jpg,nhieu_hoa_hoac_nen_roi,82.0,1.222,1.055,0.401,0.594,0.0,0.052
flowers/tulip/14017640283_c417141832_n.jpg,nhieu_hoa_hoac_nen_roi,14.0,1.0,1.114,0.518,0.17,0.0,0.542
flowers/tulip/14022473102_3b24ca08cb_m.jpg,anh_nho,,,,,,,
flowers/tulip/14024864234_713158c27f_n.jpg,nhieu_hoa_hoac_nen_roi,0.385,0.941,0.771,0.337,0.238,0.0,0.0
flowers/tulip/14025589299_eac64c51af_m.jpg,anh_nho,,,,,,,
flowers/tulip/14026857634_500d7b41d6_m.jpg,khong_phai_goc_nhin_tren_xuong(dai),200.0,0.625,0.707,0.205,0.333,0.0,0.0
flowers/tulip/14027372499_30f934d24f_m.jpg,anh_nho,,,,,,,
flowers/tulip/14039129738_cc3ac0a623_n.jpg,anh_nho,,,,,,,
flowers/tulip/14039130008_f4b2807607_n.jpg,anh_nho,,,,,,,
flowers/tulip/14044685976_0064faed21.jpg,khong_thay_hoa,,,,,,,
flowers/tulip/14046760909_0c73e84a1f_n.jpg,khong_thay_hoa,,,,,,,
flowers/tulip/14053292975_fdc1093571_n.jpg,khong_phai_goc_nhin_tren_xuong(dai),151.0,1.9,1.012,0.248,0.261,0.0,0.0
flowers/tulip/14054827092_f359f5fcbd_m.jpg,anh_nho,,,,,,,
flowers/tulip/14054827391_139fb54432.jpg,nhieu_hoa_hoac_nen_roi,0.522,1.268,0.868,0.318,0.297,0.054,0.052
flowers/tulip/14055533888_f8e66b5693_n.jpg,anh_nho,,,,,,,
flowers/tulip/14055538059_b826e0ac2b_n.jpg,anh_nho,,,,,,,
flowers/tulip/14055574740_bb6a11e983_n.jpg,anh_nho,,,,,,,
flowers/tulip/14055601247_2e647ba9b0_n.jpg,anh_nho,,,,,,,
flowers/tulip/14057246122_8598b665bd.jpg,khong_thay_hoa,,,,,,,
flowers/tulip/14061132852_89122de5f9_n.jpg,khong_thay_hoa,,,,,,,
flowers/tulip/14064735842_a946fba1ef_n.jpg,lech_tam,1.0,0.852,0.88,0.348,0.261,0.0,0.0
flowers/tulip/14066056226_d8564a083e_m.jpg,anh_nho,,,,,,,
flowers/tulip/14067456066_87e15792d0.jpg,khong_thay_hoa,,,,,,,
flowers/tulip/14067476586_36bcddf111.jpg,nhieu_hoa_hoac_nen_roi,0.734,1.295,0.726,0.26,0.239,0.002,0.0
flowers/tulip/14067761295_7cfe6a42e9.jpg,khong_thay_hoa,,,,,,,
flowers/tulip/14067778605_0285b7cc3a.jpg,khong_thay_hoa,,,,,,,
flowers/tulip/14068200854_5c13668df9_m.jpg,anh_nho,,,,,,,
flowers/tulip/14068295074_cd8b85bffa.jpg,lech_tam,136.0,1.067,0.722,0.314,0.268,0.0,0.026
flowers/tulip/14068348874_7b36c99f6a.jpg,hoa_sat_bien_khong_crop_duoc,1.0,1.418,0.842,0.276,0.054,0.173,0.0
flowers/tulip/14069837979_5f2d5fec55_n.jpg,anh_nho,,,,,,,
flowers/tulip/14069838099_53d9d1f4af_n.jpg,anh_nho,,,,,,,
flowers/tulip/14069838529_152b5f559d_n.jpg,anh_nho,,,,,,,
flowers/tulip/14069839199_1e3fb92b92_n.jpg,anh_nho,,,,,,,
flowers/tulip/14069841138_e2b403f44f_n.jpg,anh_nho,,,,,,,
flowers/tulip/14069841698_a5dff9cfd2_n.jpg,anh_nho,,,,,,,
flowers/tulip/14069841878_f3ac9d788d_n.jpg,anh_nho,,,,,,,
flowers/tulip/14069841968_fdc9c1d3a4_n.jpg,anh_nho,,,,,,,
flowers/tulip/14069842098_7a7bd956bf_n.jpg,anh_nho,,,,,,,
flowers/tulip/14069874050_62d15f80a5_n.jpg,anh_nho,,,,,,,
flowers/tulip/14069874230_b7c742112a_n.jpg,anh_nho,,,,,,,
flowers/tulip/14069913627_6e87392642_n.jpg,anh_nho,,,,,,,
flowers/tulip/14069914457_6805909b1c_n.jpg,anh_nho,,,,,,,
flowers/tulip/14069914547_1fa90bec99_n.jpg,anh_nho,,,,,,,
flowers/tulip/14069914647_0296f003c0_n.jpg,anh_nho,,,,,,,
flowers/tulip/14069914777_b10856aaf7_n.jpg,anh_nho,,,,,,,
flowers/tulip/14071516088_b526946e17_n.jpg,khong_thay_hoa,,,,,,,
flowers/tulip/14073608876_49db8ac97d_n.jpg,khong_phai_goc_nhin_tren_xuong(dai),1.0,1.59,0.785,0.229,0.167,0.0,0.009
flowers/tulip/14074147406_7ab87aec79_n.jpg,khong_thay_hoa,,,,,,,
flowers/tulip/14078067843_3573fcfc85_n.jpg,khong_thay_hoa,,,,,,,
flowers/tulip/14084211971_0f921f11fe_n.jpg,khong_thay_hoa,,,,,,,
flowers/tulip/14084749296_6143c74c72_m.jpg,khong_phai_goc_nhin_tren_xuong(dai),1.0,1.812,0.781,0.2,0.064,0.0,0.0
flowers/tulip/14087326141_1906d5a373_n.jpg,khong_thay_hoa,,,,,,,
flowers/tulip/14087361621_9fefb8dbef.jpg,khong_thay_hoa,,,,,,,
flowers/tulip/14087425312_2b5846b570_n.jpg,khong_thay_hoa,,,,,,,
flowers/tulip/14087439392_969444f56e.jpg,khong_thay_hoa,,,,,,,
flowers/tulip/14087860553_bf4f8ec56d.jpg,khong_thay_hoa,,,,,,,
flowers/tulip/14087892193_653a3ac7ca_n.jpg,lech_tam,1.0,1.034,0.932,0.419,0.234,0.0,0.0
flowers/tulip/14088017343_dd158d2eb5.jpg,hoa_sat_bien_khong_crop_duoc,1.0,1.259,0.936,0.346,0.066,0.152,0.0
flowers/tulip/14090534565_5857ce4b7c_n.jpg,khong_thay_hoa,,,,,,,
flowers/tulip/14090546015_504c8becd1.jpg,hoa_sat_bien_khong_crop_duoc,1.0,1.742,1.09,0.291,0.064,0.146,0.0
flowers/tulip/14093565032_a8f1e349d1.jpg,khong_phai_goc_nhin_tren_xuong(dai),1.0,0.548,0.872,0.222,0.5,0.0,0.039
flowers/tulip/14093884601_c87b5cd663_n.jpg,nhieu_hoa_hoac_nen_roi,0.793,1.205,0.659,0.254,0.309,0.0,0.014
flowers/tulip/14094114202_4c1d7f1116.jpg,khong_thay_hoa,,,,,,,
flowers/tulip/14094146241_0b9fa7b3e0.jpg,khong_thay_hoa,,,,,,,
flowers/tulip/14097111174_87a2e7e0c7_n.jpg,khong_thay_hoa,,,,,,,
flowers/tulip/14097328354_4f1469a170.jpg,khong_thay_hoa,,,,,,,
flowers/tulip/14097366955_84ef6369f2.jpg,khong_thay_hoa,,,,,,,
flowers/tulip/14097676864_4ca8e8b20d_n.jpg,khong_thay_hoa,,,,,,,
flowers/tulip/14097745904_436c4ba1b4_n.jpg,khong_thay_hoa,,,,,,,
flowers/tulip/14099204939_60e6ffa4c3_n.jpg,nhieu_hoa_hoac_nen_roi,0.636,1.19,0.937,0.366,0.306,0.005,0.079
flowers/tulip/14103897845_7986002615.jpg,khong_thay_hoa,,,,,,,
flowers/tulip/14110615113_bd7b3fcb84.jpg,hoa_sat_bien_khong_crop_duoc,1.0,1.41,0.822,0.271,0.07,0.169,0.0
flowers/tulip/14110616533_e04775e7b1.jpg,khong_thay_hoa,,,,,,,
flowers/tulip/14116780333_7836f4448c.jpg,khong_thay_hoa,,,,,,,
flowers/tulip/14116826873_d4bab623bf_n.jpg,khong_phai_goc_nhin_tren_xuong(dai),1.0,0.385,0.96,0.172,0.071,0.0,0.0
flowers/tulip/14122029097_3e3285ca5c_n.jpg,nhieu_hoa_hoac_nen_roi,0.553,1.475,0.798,0.252,0.341,0.0,0.0
flowers/tulip/14124669683_7fb74f20c3.jpg,hoa_sat_bien_khong_crop_duoc,1.0,1.393,0.994,0.331,0.021,0.15,0.0
flowers/tulip/14127532150_112823a8f6.jpg,khong_thay_hoa,,,,,,,
flowers/tulip/14149603605_eedfe9678c_n.jpg,hoa_sat_bien_khong_crop_duoc,1.0,1.398,0.786,0.261,0.034,0.17,0.0
flowers/tulip/14171673854_1208c19be3_m.jpg,khong_thay_hoa,,,,,,,
flowers/tulip/142218310_d06005030a_n.jpg,khong_thay_hoa,,,,,,,
flowers/tulip/142235017_07816937c6.jpg,khong_thay_hoa,,,,,,,
flowers/tulip/142235237_da662d925c.jpg,nhieu_hoa_hoac_nen_roi,0.52,0.712,1.033,0.342,0.223,0.0,0.124
flowers/tulip/142235914_5419ff8a4a.jpg,khong_thay_hoa,,,,,,,
flowers/tulip/14233348496_134e274d0b_n.jpg,anh_nho,,,,,,,
flowers/tulip/14233348826_89949b4784_n.jpg,anh_nho,,,,,,,
flowers/tulip/14235021006_dd001ea8ed_n.jpg,khong_thay_hoa,,,,,,,
flowers/tulip/14238880561_7181ccb9fb_n.jpg,anh_nho,,,,,,,
flowers/tulip/14238880681_2b86165b41_n.jpg,anh_nho,,,,,,,
flowers/tulip/14238880951_2f62f042be_n.jpg,anh_nho,,,,,,,
flowers/tulip/14239946452_b0c8f018fe_n.jpg,anh_nho,,,,,,,
flowers/tulip/14241883744_ff69de8b7f_n.jpg,anh_nho,,,,,,,
flowers/tulip/14253178581_4dfcedb4d3_n.jpg,anh_nho,,,,,,,
flowers/tulip/14253178841_8a637b64f0_n.jpg,anh_nho,,,,,,,
flowers/tulip/14254329062_140c0f4f4f_n.jpg,anh_nho,,,,,,,
flowers/tulip/14254329512_8b4229b898_n.jpg,anh_nho,,,,,,,
flowers/tulip/14254839301_ffb19c6445_n.jpg,khong_thay_hoa,,,,,,,
flowers/tulip/14255917256_84c23c572b.jpg,khong_thay_hoa,,,,,,,
flowers/tulip/14256111494_f9985585f5_n.jpg,anh_nho,,,,,,,
flowers/tulip/14256112284_5f9d6d1aae_n.jpg,anh_nho,,,,,,,
flowers/tulip/14256494455_0718057a48_n.jpg,anh_nho,,,,,,,
flowers/tulip/14256494695_741a989ebb_n.jpg,anh_nho,,,,,,,
flowers/tulip/14256494935_0ee69cfa03_n.jpg,anh_nho,,,,,,,
flowers/tulip/14262354955_cc2ab3b112_m.jpg,anh_nho,,,,,,,
flowers/tulip/14270573963_f122c40438.jpg,hoa_sat_bien_khong_crop_duoc,1.0,2.051,0.85,0.193,0.15,0.161,0.0
flowers/tulip/14275234071_6e6f473356.jpg,khong_thay_hoa,,,,,,,
flowers/tulip/14276668513_f205b5270d_n.jpg,anh_nho,,,,,,,
flowers/tulip/14278331403_4c475f9a9b.jpg,khong_thay_hoa,,,,,,,
flowers/tulip/14487705209_ea723109e1_m.jpg,anh_nho,,,,,,,
flowers/tulip/14487712670_aebe715525_m.jpg,anh_nho,,,,,,,
flowers/tulip/14487762578_baba13d16a_m.jpg,anh_nho,,,,,,,
flowers/tulip/14487943607_651e8062a1_m.jpg,anh_nho,,,,,,,
flowers/tulip/14491997336_36ba524713.jpg,nhieu_hoa_hoac_nen_roi,0.437,0.812,0.78,0.295,0.069,0.0,0.165
flowers/tulip/14651383746_419dc73634_m.jpg,anh_nho,,,,,,,
flowers/tulip/14651385476_7ccb20e594_m.jpg,anh_nho,,,,,,,
flowers/tulip/14671196461_b725727229_m.jpg,anh_nho,,,,,,,
flowers/tulip/14674067742_73c2602aa6_m.jpg,anh_nho,,,,,,,
flowers/tulip/14674071872_2df55466d5_m.jpg,anh_nho,,,,,,,
flowers/tulip/14674388855_2da18e375a_m.jpg,anh_nho,,,,,,,
flowers/tulip/14674389605_df3c0bcfa1_m.jpg,anh_nho,,,,,,,
flowers/tulip/146884869_b1a8fa9c4e_n.jpg,nhieu_hoa_hoac_nen_roi,0.341,0.511,0.974,0.231,0.082,0.0,0.2
flowers/tulip/14746916178_40403cc57e.jpg,lech_tam,1.0,1.314,0.901,0.319,0.236,0.0,0.0
flowers/tulip/14836105101_1d07520932_m.jpg,anh_nho,,,,,,,
flowers/tulip/14861513337_4ef0bfa40d.jpg,khong_thay_hoa,,,,,,,
flowers/tulip/14866400927_3a59899df3_m.jpg,anh_nho,,,,,,,
flowers/tulip/14957470_6a8c272a87_m.jpg,anh_nho,,,,,,,
flowers/tulip/15049902081_dd85361f8c_m.jpg,anh_nho,,,,,,,
flowers/tulip/15052586652_56a82de133_m.jpg,anh_nho,,,,,,,
flowers/tulip/15082212714_ff87e8fcb1_m.jpg,anh_nho,,,,,,,
flowers/tulip/15090146325_b7e1249e60.jpg,khong_thay_hoa,,,,,,,
flowers/tulip/15096307668_589504b03f_n.jpg,anh_nho,,,,,,,
flowers/tulip/15147464747_594599c855_m.jpg,anh_nho,,,,,,,
flowers/tulip/15147473067_7c5498eb0e_m.jpg,anh_nho,,,,,,,
flowers/tulip/15275190769_0ed7bbf490.jpg,lech_tam,1.0,1.037,0.979,0.439,0.354,0.0,0.0
flowers/tulip/15275199229_962387f24d.jpg,khong_thay_hoa,,,,,,,
flowers/tulip/15275478257_fbd5850708_n.jpg,khong_thay_hoa,,,,,,,
flowers/tulip/15452909878_0c4941f729_m.jpg,anh_nho,,,,,,,
flowers/tulip/15458787091_3edc6cd1eb.jpg,hoa_sat_bien_khong_crop_duoc,1.0,2.077,0.833,0.186,0.116,0.206,0.0
flowers/tulip/155097272_70feb13184.jpg,khong_thay_hoa,,,,,,,
flowers/tulip/15516715153_08abc9bb20_n.jpg,khong_thay_hoa,,,,,,,
flowers/tulip/15632065904_0d9caf174b.jpg,lech_tam,1.0,0.862,0.729,0.292,0.233,0.081,0.0
flowers/tulip/15756524087_823cf86bd8_m.jpg,anh_nho,,,,,,,
flowers/tulip/15881325303_f00807a051_n.jpg,hoa_sat_bien_khong_crop_duoc,1.0,1.623,0.666,0.191,0.01,0.171,0.0
flowers/tulip/15922772266_1167a06620.jpg,hoa_sat_bien_khong_crop_duoc,1.0,1.773,0.93,0.244,0.196,0.172,0.0
flowers/tulip/15976769174_1d50f46ca1_m.jpg,anh_nho,,,,,,,
flowers/tulip/16062072523_1be3c0b61f.jpg,hoa_sat_bien_khong_crop_duoc,1.0,1.506,0.886,0.273,0.05,0.204,0.0
flowers/tulip/16074109313_2cc14c7d16.jpg,khong_thay_hoa,,,,,,,
flowers/tulip/16098264209_38fe491093.jpg,khong_thay_hoa,,,,,,,
flowers/tulip/16133651784_c244d86f82_n.jpg,anh_nho,,,,,,,
flowers/tulip/16133917184_b5755756bd_n.jpg,anh_nho,,,,,,,
flowers/tulip/16133946004_2e935d9433_n.jpg,anh_nho,,,,,,,
flowers/tulip/16138212287_643bf336e1_m.jpg,anh_nho,,,,,,,
flowers/tulip/16169741783_deeab1a679_m.jpg,anh_nho,,,,,,,
flowers/tulip/16265876844_0a149c4f76.jpg,lech_tam,1.0,1.111,0.97,0.406,0.305,0.0,0.0
flowers/tulip/16282277874_b92776b194.jpg,khong_phai_goc_nhin_tren_xuong(dai),1.0,1.455,0.847,0.271,0.09,0.059,0.0
flowers/tulip/16283125269_4cfae953f1.jpg,khong_thay_hoa,,,,,,,
flowers/tulip/16303377824_6e9128b4bd.jpg,khong_thay_hoa,,,,,,,
flowers/tulip/16309287412_5cc4d58bd1_n.jpg,hoa_sat_bien_khong_crop_duoc,1.0,1.393,0.903,0.301,0.031,0.156,0.0
flowers/tulip/16392425347_2f5232a26d_n.jpg,anh_nho,,,,,,,
flowers/tulip/164578909_51f245d3fa_n.jpg,khong_thay_hoa,,,,,,,
flowers/tulip/16471277547_a0a5509377_n.jpg,khong_thay_hoa,,,,,,,
flowers/tulip/16485607329_e66d5960bc_m.jpg,anh_nho,,,,,,,
flowers/tulip/16506668270_b823935dc3.jpg,hoa_sat_bien_khong_crop_duoc,1.0,1.8,0.764,0.197,0.081,0.185,0.0
flowers/tulip/16548713317_a97b9e543a_n.jpg,anh_nho,,,,,,,
flowers/tulip/16568321388_fd07bac92a_n.jpg,anh_nho,,,,,,,
flowers/tulip/16568439688_4f166e8d90_n.jpg,anh_nho,,,,,,,
flowers/tulip/16568481088_dfcfccefea_n.jpg,anh_nho,,,,,,,
flowers/tulip/16568530400_f7e4ffc633_n.jpg,anh_nho,,,,,,,
flowers/tulip/16568537758_67eb281aab_n.jpg,anh_nho,,,,,,,
flowers/tulip/16568550940_d64ee7898f_n.jpg,anh_nho,,,,,,,
flowers/tulip/16568820360_a938311dd3_n.jpg,anh_nho,,,,,,,
flowers/tulip/16569932139_4367c92f82_n.jpg,anh_nho,,,,,,,
flowers/tulip/16570062929_6c41c66387_n.jpg,anh_nho,,,,,,,
flowers/tulip/16582481123_06e8e6b966_n.jpg,khong_thay_hoa,,,,,,,
flowers/tulip/16594995743_ce72c61201_n.jpg,khong_thay_hoa,,,,,,,
flowers/tulip/16644790896_7b296ecd67_n.jpg,khong_thay_hoa,,,,,,,
flowers/tulip/16645809126_613b1e3ebe_m.jpg,anh_nho,,,,,,,
flowers/tulip/16670377091_87987f50a4_n.jpg,khong_thay_hoa,,,,,,,
flowers/tulip/16677199221_eab3f22378_n.jpg,khong_thay_hoa,,,,,,,
flowers/tulip/16677542612_a78a8ca8b3_m.jpg,khong_phai_goc_nhin_tren_xuong(dai),1.0,1.5,0.899,0.279,0.242,0.0,0.0
flowers/tulip/16680927427_07ca6e4552_n.jpg,khong_thay_hoa,,,,,,,
flowers/tulip/16680930777_7e7f292fc5_n.jpg,khong_phai_goc_nhin_tren_xuong(dai),1.0,1.905,0.699,0.171,0.148,0.028,0.0
flowers/tulip/16680998737_6f6225fe36.jpg,lech_tam,1.0,0.703,0.729,0.238,0.193,0.0,0.0
flowers/tulip/16700863150_ddaa4d89b4_n.jpg,khong_phai_goc_nhin_tren_xuong(dai),1.0,1.75,0.633,0.168,0.156,0.025,0.0
flowers/tulip/16702117379_c25bff70e9.jpg,khong_thay_hoa,,,,,,,
flowers/tulip/16702188449_3dacce90b2_m.jpg,anh_nho,,,,,,,
flowers/tulip/16711791713_e54bc9c1af_n.jpg,khong_thay_hoa,,,,,,,
flowers/tulip/16732302779_8aa56f255d_n.jpg,khong_thay_hoa,,,,,,,
flowers/tulip/16754984282_3a801bfa50_n.jpg,anh_nho,,,,,,,
flowers/tulip/16755061382_f6531150c1_n.jpg,anh_nho,,,,,,,
flowers/tulip/16755090222_d6797d51db_n.jpg,anh_nho,,,,,,,
flowers/tulip/16756198195_13b54e70b3_n.jpg,anh_nho,,,,,,,
flowers/tulip/16756239775_75e84a3d50_n.jpg,anh_nho,,,,,,,
flowers/tulip/16765283686_0315ae00a8.jpg,lech_tam,0.946,1.12,0.651,0.27,0.212,0.119,0.03
flowers/tulip/16862349256_0a1f91ab53.jpg,khong_thay_hoa,,,,,,,
flowers/tulip/16862351376_f0fcc6fc91_n.jpg,khong_phai_goc_nhin_tren_xuong(dai),1.0,0.623,0.955,0.277,0.078,0.0,0.0
flowers/tulip/16862374316_4135908d4c_m.jpg,anh_nho,,,,,,,
flowers/tulip/16862422576_5226e8d1d0.jpg,khong_thay_hoa,,,,,,,
flowers/tulip/16904202259_8f45d045c3_m.jpg,nhieu_hoa_hoac_nen_roi,0.679,0.899,0.856,0.358,0.191,0.032,0.076
flowers/tulip/16930105456_8b826dc4a8_n.jpg,khong_thay_hoa,,,,,,,
flowers/tulip/16937554595_3e1de22f9c.jpg,khong_thay_hoa,,,,,,,
flowers/tulip/16986144192_55e0e6c152.jpg,khong_thay_hoa,,,,,,,
flowers/tulip/17012955700_7141d29eee.jpg,nhieu_hoa_hoac_nen_roi,0.522,1.471,0.862,0.272,0.22,0.027,0.0
flowers/tulip/17066862602_7530f21efe.jpg,khong_thay_hoa,,,,,,,
flowers/tulip/17066864992_1cbc4fc908.jpg,khong_thay_hoa,,,,,,,
flowers/tulip/17078576150_6f272ce73f_n.jpg,khong_thay_hoa,,,,,,,
flowers/tulip/17078716890_68e0723389_n.jpg,lech_tam,1.0,0.815,0.926,0.351,0.391,0.0,0.0
flowers/tulip/17094167287_865840060d_n.jpg,khong_phai_goc_nhin_tren_xuong(dai),1.0,1.543,0.802,0.242,0.033,0.09,0.0
flowers/tulip/17104364030_ee31ee279b_n.jpg,anh_nho,,,,,,,
flowers/tulip/17105644339_e301a8a6be_n.jpg,anh_nho,,,,,,,
flowers/tulip/17113203493_735185295f_n.jpg,anh_nho,,,,,,,
flowers/tulip/17146928665_600fa3a1f1_n.jpg,hoa_sat_bien_khong_crop_duoc,1.0,1.53,0.901,0.274,0.029,0.182,0.0
flowers/tulip/17159349572_c0c51599f7_n.jpg,hoa_sat_bien_khong_crop_duoc,1.0,1.369,0.842,0.286,0.033,0.151,0.0
flowers/tulip/17159816388_deafbebdb0.jpg,khong_thay_hoa,,,,,,,
flowers/tulip/17165583356_38cb1f231d_n.jpg,hoa_sat_bien_khong_crop_duoc,1.0,1.894,0.892,0.219,0.128,0.254,0.0
flowers/tulip/17167151059_a53bfe0b02.jpg,lech_tam,1.0,0.811,0.759,0.286,0.287,0.016,0.0
flowers/tulip/17189456156_6fc1067831.jpg,khong_thay_hoa,,,,,,,
flowers/tulip/17189526216_fa24dd541a_n.jpg,khong_phai_goc_nhin_tren_xuong(dai),1.0,0.636,1.029,0.304,0.282,0.0,0.0
flowers/tulip/17198868382_697b23c715_n.jpg,khong_thay_hoa,,,,,,,
flowers/tulip/17202535346_ab828e779b.jpg,khong_thay_hoa,,,,,,,
flowers/tulip/17224410762_402455ed8f.jpg,khong_thay_hoa,,,,,,,
flowers/tulip/17282288501_e8738c9cfb_n.jpg,nhieu_hoa_hoac_nen_roi,0.468,0.639,0.958,0.284,0.168,0.0,0.0
flowers/tulip/17291451621_0e39f08b9e_n.jpg,anh_nho,,,,,,,
flowers/tulip/17291908295_dc7d45ae9b_n.jpg,anh_nho,,,,,,,
flowers/tulip/17291930305_79deae6a90_n.jpg,anh_nho,,,,,,,
flowers/tulip/17295127995_62eff434fe_n.jpg,hoa_sat_bien_khong_crop_duoc,1.0,1.482,0.731,0.229,0.025,0.183,0.0
flowers/tulip/17309017866_b6b290b970_n.jpg,anh_nho,,,,,,,
flowers/tulip/17318339476_54479b6660_n.jpg,khong_thay_hoa,,,,,,,
flowers/tulip/17324469461_2b318aff8d_m.jpg,anh_nho,,,,,,,
flowers/tulip/17408197905_829c4d7940_m.jpg,anh_nho,,,,,,,
flowers/tulip/17469578564_35a8360f58.jpg,khong_thay_hoa,,,,,,,
flowers/tulip/17545306218_5bf0ee38cd_n.jpg,anh_nho,,,,,,,
flowers/tulip/175686816_067a8cb4c5.jpg,khong_thay_hoa,,,,,,,
flowers/tulip/176458518_f81d4bff8e.jpg,khong_thay_hoa,,,,,,,
flowers/tulip/17706953166_cc21734d26_n.jpg,anh_nho,,,,,,,
flowers/tulip/17719248689_cfd5d2f228_n.jpg,khong_thay_hoa,,,,,,,
flowers/tulip/17720403638_94cfcd8d5c_n.jpg,khong_thay_hoa,,,,,,,
flowers/tulip/17730239562_9aa0fc0738_n.jpg,anh_nho,,,,,,,
flowers/tulip/17733480801_bffa0a30c0_n.jpg,anh_nho,,,,,,,
flowers/tulip/17734051745_9382a7bcba_n.jpg,anh_nho,,,,,,,
flowers/tulip/17781940352_a45e4289a5.jpg,khong_thay_hoa,,,,,,,
flowers/tulip/17844723633_da85357fe3.jpg,lech_tam,1.0,1.093,0.894,0.38,0.19,0.006,0.0
flowers/tulip/17862445825_f7031d6f26.jpg,khong_thay_hoa,,,,,,,
flowers/tulip/17907238905_1ae121f8d9_m.jpg,anh_nho,,,,,,,
flowers/tulip/17908793211_ff0f1f81d3_n.jpg,khong_thay_hoa,,,,,,,
flowers/tulip/17969516345_d0081a5f18_n.jpg,anh_nho,,,,,,,
flowers/tulip/17970201501_6ee7401206_n.jpg,anh_nho,,,,,,,
flowers/tulip/17994129033_bbd0acba62_n.jpg,nhieu_hoa_hoac_nen_roi,0.703,1.06,0.972,0.426,0.353,0.0,0.0
flowers/tulip/18245124970_e68fd3f3c3.jpg,khong_phai_goc_nhin_tren_xuong(dai),1.0,1.786,0.886,0.231,0.072,0.112,0.0
flowers/tulip/18270448366_d5676dec64_z.jpg,khong_thay_hoa,,,,,,,
flowers/tulip/18378581986_5cd1494d08_n.jpg,khong_thay_hoa,,,,,,,
flowers/tulip/18378582936_ee7085c850.jpg,khong_thay_hoa,,,,,,,
flowers/tulip/18406629611_4d1edcf23b_n.jpg,khong_thay_hoa,,,,,,,
flowers/tulip/19268907364_d94a846fc8_n.jpg,anh_nho,,,,,,,
flowers/tulip/19315333834_cfed7ae637_n.jpg,anh_nho,,,,,,,
flowers/tulip/19317019453_8b24740faf_n.jpg,anh_nho,,,,,,,
flowers/tulip/19324610724_1facd379ed_n.jpg,anh_nho,,,,,,,
flowers/tulip/19413898445_69344f9956_n.jpg,khong_thay_hoa,,,,,,,
flowers/tulip/19425920580_cdc8f49aed_n.jpg,hoa_sat_bien_khong_crop_duoc,1.0,1.776,0.861,0.225,0.029,0.166,0.0
flowers/tulip/19660257424_e9080d2ddc_n.jpg,anh_nho,,,,,,,
flowers/tulip/19689668684_15089ae2fa_n.jpg,anh_nho,,,,,,,
flowers/tulip/19689681344_b05ac361f2_n.jpg,anh_nho,,,,,,,
flowers/tulip/19693711100_b98c861433_n.jpg,anh_nho,,,,,,,
flowers/tulip/19693717158_af4afcffd2_n.jpg,anh_nho,,,,,,,
flowers/tulip/19695087459_dfb18ea181_n.jpg,anh_nho,,,,,,,
flowers/tulip/19722589898_233a0235af_n.jpg,anh_nho,,,,,,,
flowers/tulip/19732081840_f573a3827d_n.jpg,anh_nho,,,,,,,
flowers/tulip/19759207480_679167eacd_n.jpg,anh_nho,,,,,,,
flowers/tulip/19860199064_35c14fa8c7_n.jpg,anh_nho,,,,,,,
flowers/tulip/19868509504_b2fc173274_n.jpg,anh_nho,,,,,,,
flowers/tulip/19884050362_347e5342f2_n.jpg,anh_nho,,,,,,,
flowers/tulip/19892310888_9bbdec4ea7_n.jpg,anh_nho,,,,,,,
flowers/tulip/19892369060_d1298a9816_n.jpg,anh_nho,,,,,,,
flowers/tulip/19903091702_3522e9ef3c_n.jpg,anh_nho,,,,,,,
flowers/tulip/19912513252_93d8df17cf_n.jpg,anh_nho,,,,,,,
flowers/tulip/19914611213_150f7125a9_n.jpg,anh_nho,,,,,,,
flowers/tulip/19915714271_3d8d6a23a5_n.jpg,anh_nho,,,,,,,
flowers/tulip/19922971178_a71078f2ed_n.jpg,anh_nho,,,,,,,
flowers/tulip/19938037625_f26c4dae34_n.jpg,anh_nho,,,,,,,
flowers/tulip/19950169968_a29db804b5_n.jpg,anh_nho,,,,,,,
flowers/tulip/20093632966_0d53e13036_n.jpg,anh_nho,,,,,,,
flowers/tulip/20093649146_5a93a8f173_n.jpg,anh_nho,,,,,,,
flowers/tulip/20096276219_7d16867bcc_n.jpg,anh_nho,,,,,,,
flowers/tulip/20111973586_2987a89bed_n.jpg,anh_nho,,,,,,,
flowers/tulip/20116517681_2f10db9e82_n.jpg,anh_nho,,,,,,,
flowers/tulip/20133942640_0f4442b858_n.jpg,anh_nho,,,,,,,
flowers/tulip/20138534672_af5fd5eb32_n.jpg,anh_nho,,,,,,,
flowers/tulip/20152653918_009a39f323_n.jpg,anh_nho,,,,,,,
flowers/tulip/20246050943_3620c7373f_n.jpg,anh_nho,,,,,,,
flowers/tulip/20265958876_edb70c4553_n.jpg,anh_nho,,,,,,,
flowers/tulip/20282921225_6033da8cd5_n.jpg,anh_nho,,,,,,,
flowers/tulip/20283873362_fece39a33e_n.jpg,anh_nho,,,,,,,
flowers/tulip/20295820576_8ed2250b5c_n.jpg,anh_nho,,,,,,,
flowers/tulip/20298145571_89ea244c38_n.jpg,anh_nho,,,,,,,
flowers/tulip/20304518589_8bac64c536_n.jpg,anh_nho,,,,,,,
flowers/tulip/20340657765_ddb2d2154e_n.jpg,anh_nho,,,,,,,
flowers/tulip/20340696625_4095592e55_n.jpg,anh_nho,,,,,,,
flowers/tulip/20435554843_ba6862f923_n.jpg,anh_nho,,,,,,,
flowers/tulip/20488590303_24fa3c9015_n.jpg,anh_nho,,,,,,,
flowers/tulip/20489160931_3c445b6b02_n.jpg,anh_nho,,,,,,,
flowers/tulip/20495079414_44c6783519_n.jpg,anh_nho,,,,,,,
flowers/tulip/20518113476_a43a105f27_n.jpg,anh_nho,,,,,,,
flowers/tulip/20526614232_78ac8344bd_n.jpg,anh_nho,,,,,,,
flowers/tulip/20535484712_8fc5c2a4e8_n.jpg,anh_nho,,,,,,,
flowers/tulip/20692409652_25da3e5839_n.jpg,anh_nho,,,,,,,
flowers/tulip/20692436712_75b2deaedf_n.jpg,anh_nho,,,,,,,
flowers/tulip/20701823522_43e3f4ba09_n.jpg,anh_nho,,,,,,,
flowers/tulip/20706374298_ed1d8cf4bf_n.jpg,anh_nho,,,,,,,
flowers/tulip/20708492111_35757c490f_n.jpg,anh_nho,,,,,,,
flowers/tulip/20711107885_98d96a705b_n.jpg,anh_nho,,,,,,,
flowers/tulip/20733335929_0100f38c4a_n.jpg,anh_nho,,,,,,,
flowers/tulip/20742669999_53de71a4c9_n.jpg,anh_nho,,,,,,,
flowers/tulip/20868629268_5ded9803b5_n.jpg,anh_nho,,,,,,,
flowers/tulip/20876954720_62920b4ce8_n.jpg,anh_nho,,,,,,,
flowers/tulip/20877119138_c0fde9d53f_n.jpg,anh_nho,,,,,,,
flowers/tulip/2087981909_fd468de5c4_n.jpg,khong_thay_hoa,,,,,,,
flowers/tulip/20883735451_7aa9c50111_n.jpg,anh_nho,,,,,,,
flowers/tulip/20896271018_9f1dc41c93_n.jpg,anh_nho,,,,,,,
flowers/tulip/20910465721_fd8dcc8fcc_n.jpg,anh_nho,,,,,,,
flowers/tulip/20921546830_1d79fd07f7_n.jpg,anh_nho,,,,,,,
flowers/tulip/20929606590_f92d4e59b7_n.jpg,anh_nho,,,,,,,
flowers/tulip/21046610012_8942d32007_n.jpg,anh_nho,,,,,,,
flowers/tulip/21055041762_5d0a066948_n.jpg,anh_nho,,,,,,,
flowers/tulip/21065300966_6be98a8cd0_n.jpg,anh_nho,,,,,,,
flowers/tulip/21083449726_2895661dfb_n.jpg,anh_nho,,,,,,,
flowers/tulip/21084139365_f44cd2a685_n.jpg,anh_nho,,,,,,,
flowers/tulip/21084189635_425ca69aa0_n.jpg,anh_nho,,,,,,,
flowers/tulip/21091481475_884cd885c8_n.jpg,anh_nho,,,,,,,
flowers/tulip/21091489585_0dcb89e65e_n.jpg,anh_nho,,,,,,,
flowers/tulip/21091503556_8b46da140e_n.jpg,anh_nho,,,,,,,
flowers/tulip/212720516_df4965ebda_n.jpg,khong_thay_hoa,,,,,,,
flowers/tulip/2220085701_896054d263_n.jpg,hoa_sat_bien_khong_crop_duoc,0.789,1.44,0.957,0.309,0.32,0.153,0.0
flowers/tulip/2229804138_db9cba3443_n.jpg,hoa_sat_bien_khong_crop_duoc,1.0,1.348,0.663,0.228,0.054,0.167,0.0
flowers/tulip/2232289392_9a79a0c5cb_n.jpg,nhieu_hoa_hoac_nen_roi,25.0,0.5,0.995,0.231,0.312,0.0,0.094
flowers/tulip/2243427551_809b603992_z.jpg,khong_thay_hoa,,,,,,,
flowers/tulip/2249756775_02e693beda_n.jpg,khong_thay_hoa,,,,,,,
flowers/tulip/2254152047_d3bf8903cd_n.jpg,khong_phai_goc_nhin_tren_xuong(dai),1.0,0.694,0.658,0.212,0.158,0.0,0.0
flowers/tulip/2256214682_130c01d9d9.jpg,khong_thay_hoa,,,,,,,
flowers/tulip/2256230386_08b54ca760.jpg,khong_thay_hoa,,,,,,,
flowers/tulip/2272006181_785f1be94f_n.jpg,hinh_dang_khong_tron,1.0,1.13,0.502,0.207,0.101,0.0,0.0
flowers/tulip/2280950463_86510c2789_n.jpg,nhieu_hoa_hoac_nen_roi,15.0,0.6,1.273,0.355,0.274,0.0,0.344
flowers/tulip/2294116183_a30d2aa2c1_m.jpg,khong_phai_goc_nhin_tren_xuong(dai),1.0,0.613,0.544,0.155,0.148,0.062,0.001
flowers/tulip/2322670828_34115a7050.jpg,hoa_sat_bien_khong_crop_duoc,1.0,2.562,0.837,0.152,0.157,0.279,0.0
flowers/tulip/2333321040_3960b9d67e_n.jpg,hoa_sat_bien_khong_crop_duoc,1.0,1.181,0.524,0.206,0.112,0.159,0.0
flowers/tulip/2336919121_851ebc4754.jpg,lech_tam,1.0,1.309,0.867,0.308,0.292,0.0,0.0
flowers/tulip/2344751399_71620039f2_n.jpg,hoa_sat_bien_khong_crop_duoc,1.0,1.167,0.531,0.211,0.114,0.16,0.0
flowers/tulip/2351637471_5dd34fd3ac_n.jpg,lech_tam,0.841,0.75,0.759,0.264,0.186,0.0,0.044
flowers/tulip/2361075034_cf730b8682.jpg,nhieu_hoa_hoac_nen_roi,0.737,0.75,0.952,0.332,0.349,0.04,0.0
flowers/tulip/2374855021_21959b40c0_n.jpg,nhieu_hoa_hoac_nen_roi,0.74,0.6,0.647,0.18,0.143,0.0,0.069
flowers/tulip/2399982682_16929d1f6d_n.jpg,lech_tam,1.0,1.212,0.686,0.263,0.195,0.09,0.0
flowers/tulip/2402342888_dd65677013.jpg,khong_thay_hoa,,,,,,,
flowers/tulip/2412250315_a04171da51_n.jpg,khong_thay_hoa,,,,,,,
flowers/tulip/2418823693_72eec80f42_n.jpg,nhieu_hoa_hoac_nen_roi,0.466,1.541,0.595,0.18,0.265,0.0,0.09
flowers/tulip/2421740440_f82ced8582.jpg,khong_thay_hoa,,,,,,,
flowers/tulip/2426847695_4b8409402e_n.jpg,khong_phai_goc_nhin_tren_xuong(dai),1.0,0.55,0.911,0.233,0.261,0.0,0.0
flowers/tulip/2426849837_baefd9a518_n.jpg,khong_thay_hoa,,,,,,,
flowers/tulip/2427626706_ffdf697f84_n.jpg,khong_thay_hoa,,,,,,,
flowers/tulip/2430566689_8543552f9b.jpg,nhieu_hoa_hoac_nen_roi,0.706,1.0,0.646,0.3,0.083,0.0,0.069
flowers/tulip/2431737309_1468526f8b.jpg,khong_thay_hoa,,,,,,,
flowers/tulip/2434178332_7fcf85aa95_n.jpg,khong_phai_goc_nhin_tren_xuong(dai),1.0,0.571,0.802,0.213,0.138,0.001,0.0
flowers/tulip/2436998042_4906ea07af.jpg,nhieu_hoa_hoac_nen_roi,0.355,0.806,1.001,0.375,0.481,0.0,0.0
flowers/tulip/2440874162_27a7030402_n.jpg,khong_thay_hoa,,,,,,,
flowers/tulip/2447151631_7551e6377b_n.jpg,nhieu_hoa_hoac_nen_roi,0.477,0.596,0.897,0.249,0.287,0.035,0.079
flowers/tulip/2489638840_72ff3ee527_n.jpg,khong_thay_hoa,,,,,,,
flowers/tulip/2503489175_f0848d3e8e.jpg,hinh_dang_khong_tron,0.835,1.146,0.468,0.19,0.181,0.0,0.0
flowers/tulip/2535936698_78cc03df3f_n.jpg,nhieu_hoa_hoac_nen_roi,0.581,1.289,0.84,0.303,0.355,0.0,0.0
flowers/tulip/25429468133_6bfba75d94_n.jpg,anh_nho,,,,,,,
flowers/tulip/25429501953_a1f9ce09e6_n.jpg,anh_nho,,,,,,,
flowers/tulip/25759191500_1c0da35828_n.jpg,anh_nho,,,,,,,
flowers/tulip/25965526231_941b6a216d_n.jpg,anh_nho,,,,,,,
flowers/tulip/25965548411_dbbe26262b_n.jpg,anh_nho,,,,,,,
flowers/tulip/26564770956_ac4800ae85_n.jpg,anh_nho,,,,,,,
flowers/tulip/26685647236_8211cb3e95_n.jpg,anh_nho,,,,,,,
flowers/tulip/26685648806_c76dd583b9_n.jpg,anh_nho,,,,,,,
flowers/tulip/2813649953_2b0f20fe94_n.jpg,lech_tam,1.0,1.125,0.868,0.359,0.19,0.035,0.0
flowers/tulip/2834890466_1cf220fba1.jpg,hoa_sat_bien_khong_crop_duoc,1.0,1.506,0.858,0.265,0.024,0.193,0.0
flowers/tulip/3002863623_cd83d6e634.jpg,khong_thay_hoa,,,,,,,
flowers/tulip/3011223301_09b4e3edb7.jpg,khong_thay_hoa,,,,,,,
flowers/tulip/303858799_942b9c09e7_m.jpg,anh_nho,,,,,,,
flowers/tulip/3143110904_66b4851a58_n.jpg,khong_thay_hoa,,,,,,,
flowers/tulip/3210019014_1bbd8bff20_n.jpg,khong_thay_hoa,,,,,,,
flowers/tulip/3213012716_b4c0f7db88.jpg,hoa_sat_bien_khong_crop_duoc,1.0,1.349,0.842,0.29,0.038,0.148,0.0
flowers/tulip/3238068295_b2a7b17f48_n.jpg,khong_thay_hoa,,,,,,,
flowers/tulip/32465197894_71dde519ae_n.jpg,anh_nho,,,,,,,
flowers/tulip/3253320570_b617f7fd4b.jpg,khong_thay_hoa,,,,,,,
flowers/tulip/3254533919_cb0b8af26c.jpg,khong_thay_hoa,,,,,,,
flowers/tulip/3282751630_45c2665034_m.jpg,khong_thay_hoa,,,,,,,
flowers/tulip/3396033831_bb88d93630.jpg,nhieu_hoa_hoac_nen_roi,0.782,0.735,0.665,0.227,0.06,0.0,0.08
flowers/tulip/3404038663_f62cf8eba3_n.jpg,khong_thay_hoa,,,,,,,
flowers/tulip/3422915985_9bf7264d36.jpg,hoa_sat_bien_khong_crop_duoc,1.0,1.487,0.957,0.299,0.099,0.16,0.0
flowers/tulip/3433265727_0b8022e091.jpg,hoa_sat_bien_khong_crop_duoc,1.0,1.538,0.777,0.235,0.1,0.187,0.0
flowers/tulip/3449794006_8c289840aa.jpg,hoa_sat_bien_khong_crop_duoc,1.0,1.524,0.848,0.259,0.041,0.193,0.0
flowers/tulip/3455026124_d66cafb9fc.jpg,lech_tam,1.0,1.033,0.796,0.358,0.26,0.0,0.0
flowers/tulip/3457017604_90e4de7480_m.jpg,anh_nho,,,,,,,
flowers/tulip/3459922572_bc8516b5fe_m.jpg,anh_nho,,,,,,,
flowers/tulip/3474066174_8d3b3e8f97_n.jpg,khong_thay_hoa,,,,,,,
flowers/tulip/3476945045_97ff41e8ec_n.jpg,khong_thay_hoa,,,,,,,
flowers/tulip/3485767306_6db7bdf536.jpg,khong_thay_hoa,,,,,,,
flowers/tulip/3498663243_42b39b4185_m.jpg,anh_nho,,,,,,,
flowers/tulip/3501996215_1c6d1a3386_n.jpg,khong_phai_goc_nhin_tren_xuong(dai),1.0,2.0,0.746,0.173,0.279,0.0,0.0
flowers/tulip/3502085373_edc2c36992_n.jpg,khong_thay_hoa,,,,,,,
flowers/tulip/3502251824_3be758edc6_m.jpg,anh_nho,,,,,,,
flowers/tulip/3502615974_ef4bd13202_n.jpg,khong_thay_hoa,,,,,,,
flowers/tulip/3502632842_791dd4be18_n.jpg,khong_thay_hoa,,,,,,,
flowers/tulip/3502685880_f026400dce_n.jpg,khong_thay_hoa,,,,,,,
flowers/tulip/3502974120_9f1eceaf8b_n.jpg,khong_thay_hoa,,,,,,,
flowers/tulip/3506615859_9850830cf0.jpg,lech_tam,103.0,0.833,1.093,0.423,0.6,0.0,0.036
flowers/tulip/3510294699_bc4c72cb7d_n.jpg,khong_thay_hoa,,,,,,,
flowers/tulip/3510799169_0ed6ae9669_n.jpg,hoa_sat_bien_khong_crop_duoc,1.0,1.952,0.916,0.218,0.125,0.231,0.0
flowers/tulip/3511104954_54eace015c_n.jpg,khong_thay_hoa,,,,,,,
flowers/tulip/3511776685_3635087b12_n.jpg,khong_thay_hoa,,,,,,,
flowers/tulip/3516269489_cef36e87a6.jpg,khong_thay_hoa,,,,,,,
flowers/tulip/3516271083_fba63b5861.jpg,khong_thay_hoa,,,,,,,
flowers/tulip/3523398585_376960a611_m.jpg,anh_nho,,,,,,,
flowers/tulip/3524204544_7233737b4f_m.jpg,anh_nho,,,,,,,
flowers/tulip/3529889389_ab4cb6c43b.jpg,nhieu_hoa_hoac_nen_roi,0.575,0.818,0.773,0.294,0.392,0.0,0.0
flowers/tulip/3558517884_0c7ca8b862_m.jpg,anh_nho,,,,,,,
flowers/tulip/3600510954_a51bfc5440_n.jpg,khong_thay_hoa,,,,,,,
flowers/tulip/3601085193_de1195d3d7_n.jpg,khong_thay_hoa,,,,,,,
flowers/tulip/3614805920_7a6610aa4b_n.jpg,khong_thay_hoa,,,,,,,
flowers/tulip/3626132563_d955973447_n.jpg,khong_thay_hoa,,,,,,,
flowers/tulip/38287568_627de6ca20.jpg,khong_thay_hoa,,,,,,,
flowers/tulip/3909355648_42cb3a5e09_n.jpg,khong_thay_hoa,,,,,,,
flowers/tulip/391477275_7c2f50a1a7_m.jpg,lech_tam,1.0,1.091,0.773,0.329,0.241,0.0,0.0
flowers/tulip/3990746027_338ee436d2_n.jpg,khong_thay_hoa,,,,,,,
flowers/tulip/3990989735_59e2751151_n.jpg,khong_thay_hoa,,,,,,,
flowers/tulip/3991423020_9aaf2b5974_n.jpg,khong_thay_hoa,,,,,,,
flowers/tulip/3991742794_edebc6c8a0_n.jpg,khong_thay_hoa,,,,,,,
flowers/tulip/402525114_eaa60c8341_m.jpg,anh_nho,,,,,,,
flowers/tulip/4042180234_64cd2859c9_m.jpg,anh_nho,,,,,,,
flowers/tulip/405035580_94b793e71d.jpg,khong_thay_hoa,,,,,,,
flowers/tulip/420216121_3ee33723d7_m.jpg,khong_thay_hoa,,,,,,,
flowers/tulip/4209052442_7e754f617c_n.jpg,khong_thay_hoa,,,,,,,
flowers/tulip/4263272885_1a49ea5209.jpg,khong_thay_hoa,,,,,,,
flowers/tulip/4290566894_c7f061583d_m.jpg,khong_thay_hoa,,,,,,,
flowers/tulip/4300258119_b03f2f956e.jpg,nhieu_hoa_hoac_nen_roi,0.634,0.707,0.834,0.274,0.298,0.023,0.077
flowers/tulip/430785322_7ddef64c68_m.jpg,anh_nho,,,,,,,
flowers/tulip/4312181724_16dab26afb_n.jpg,khong_phai_goc_nhin_tren_xuong(dai),1.0,0.648,0.833,0.251,0.154,0.0,0.0
flowers/tulip/434146736_310a42d9cb_m.jpg,khong_thay_hoa,,,,,,,
flowers/tulip/4353419275_79d3904074_n.jpg,khong_thay_hoa,,,,,,,
flowers/tulip/440714501_9f8268e1b0.jpg,lech_tam,1.0,0.898,0.917,0.383,0.376,0.0,0.0
flowers/tulip/443600168_cb08d56511.jpg,khong_thay_hoa,,,,,,,
flowers/tulip/444963906_e41492b692.jpg,khong_thay_hoa,,,,,,,
flowers/tulip/4497973347_57480ffee9_m.jpg,anh_nho,,,,,,,
flowers/tulip/4497976955_3f8c2a21c1_m.jpg,anh_nho,,,,,,,
flowers/tulip/450607536_4fd9f5d17c_m.jpg,khong_thay_hoa,,,,,,,
flowers/tulip/4508346090_a27b988f79_n.jpg,nhieu_hoa_hoac_nen_roi,0.616,1.0,0.99,0.46,0.417,0.0,0.0
flowers/tulip/4516198427_0e5099cd8e.jpg,khong_thay_hoa,,,,,,,
flowers/tulip/4520577328_a94c11e806_n.jpg,khong_thay_hoa,,,,,,,
flowers/tulip/4521037085_70d5802e1d_m.jpg,anh_nho,,,,,,,
flowers/tulip/4521496161_2b41d4182e.jpg,khong_thay_hoa,,,,,,,
flowers/tulip/4522130258_9ee44cf73f_m.jpg,anh_nho,,,,,,,
flowers/tulip/4522764992_e9d70b82c1_m.jpg,anh_nho,,,,,,,
flowers/tulip/4546299243_23cd58eb43.jpg,khong_thay_hoa,,,,,,,
flowers/tulip/4546316433_202cc68c55.jpg,khong_thay_hoa,,,,,,,
flowers/tulip/4550117239_5907aaba4c.jpg,khong_thay_hoa,,,,,,,
flowers/tulip/4550278535_dfdf7b74ef.jpg,khong_thay_hoa,,,,,,,
flowers/tulip/4550805310_5f81c9ba08_n.jpg,khong_thay_hoa,,,,,,,
flowers/tulip/4553203984_9cb9312240_n.jpg,khong_thay_hoa,,,,,,,
flowers/tulip/4555842486_dd214a84d7_n.jpg,khong_thay_hoa,,,,,,,
flowers/tulip/4561670472_0451888e32_n.jpg,khong_thay_hoa,,,,,,,
flowers/tulip/4562423077_00b16240dc_n.jpg,hoa_sat_bien_khong_crop_duoc,1.0,1.361,0.92,0.314,0.105,0.121,0.0
flowers/tulip/4565139594_b28d260cb9.jpg,lech_tam,1.0,1.308,0.699,0.248,0.231,0.119,0.015
flowers/tulip/4571353297_5634177744_n.jpg,hoa_sat_bien_khong_crop_duoc,1.0,1.25,0.731,0.272,0.068,0.148,0.001
flowers/tulip/4572955407_87f4805c7b.jpg,hoa_sat_bien_khong_crop_duoc,1.0,1.7,0.77,0.211,0.032,0.178,0.0
flowers/tulip/4573822295_5c5c6a5f6a.jpg,khong_thay_hoa,,,,,,,
flowers/tulip/4574785121_5d8ec4626e.jpg,khong_thay_hoa,,,,,,,
flowers/tulip/4575963749_2418ff8768.jpg,lech_tam,1.0,0.761,0.89,0.315,0.329,0.0,0.0
flowers/tulip/4579079143_f65b39dd9f.jpg,khong_thay_hoa,,,,,,,
flowers/tulip/4579128789_1561575458_n.jpg,lech_tam,0.811,0.918,0.908,0.387,0.22,0.0,0.0
flowers/tulip/4580206494_9386c81ed8_n.jpg,nhieu_hoa_hoac_nen_roi,0.641,0.796,0.851,0.315,0.243,0.0,0.076
flowers/tulip/4582198748_20fa7caaa1.jpg,khong_thay_hoa,,,,,,,
flowers/tulip/4588904196_3c5825c7f4.jpg,hoa_sat_bien_khong_crop_duoc,1.0,1.571,0.713,0.211,0.126,0.179,0.0
flowers/tulip/4589624702_b6baa83699_m.jpg,anh_nho,,,,,,,
flowers/tulip/4590703575_6371c0a186_n.jpg,khong_thay_hoa,,,,,,,
flowers/tulip/4591323356_030d8b6967_m.jpg,anh_nho,,,,,,,
flowers/tulip/4599815420_8ee42c2382.jpg,nhieu_hoa_hoac_nen_roi,0.713,1.205,0.608,0.235,0.165,0.06,0.082
flowers/tulip/4602809199_d3030cef01_m.jpg,lech_tam,1.0,0.812,0.996,0.376,0.268,0.0,0.0
flowers/tulip/4612075317_91eefff68c_n.jpg,khong_thay_hoa,,,,,,,
flowers/tulip/4624404489_11e10fcd33_n.jpg,khong_phai_goc_nhin_tren_xuong(dai),1.0,0.408,0.729,0.138,0.082,0.0,0.0
flowers/tulip/467702445_b8676f60fb_n.jpg,khong_thay_hoa,,,,,,,
flowers/tulip/4679869990_7c5f28f2fe_n.jpg,khong_thay_hoa,,,,,,,
flowers/tulip/4681062529_36186617d9.jpg,khong_phai_goc_nhin_tren_xuong(dai),1.0,2.041,0.744,0.169,0.066,0.102,0.0
flowers/tulip/471298577_cc7558bcf1.jpg,khong_phai_goc_nhin_tren_xuong(dai),1.0,1.549,0.72,0.216,0.077,0.0,0.0
flowers/tulip/478765271_6a8ca1cfa1_m.jpg,khong_thay_hoa,,,,,,,
flowers/tulip/480228053_513791d474.jpg,hoa_sat_bien_khong_crop_duoc,1.0,1.405,0.521,0.172,0.105,0.158,0.0
flowers/tulip/4838669164_ffb6f67139.jpg,hoa_sat_bien_khong_crop_duoc,1.0,1.375,0.685,0.232,0.096,0.189,0.0
flowers/tulip/483880052_19fdb26a9f.jpg,hoa_sat_bien_khong_crop_duoc,1.0,1.305,1.043,0.371,0.042,0.134,0.0
flowers/tulip/485266837_671def8627.jpg,khong_thay_hoa,,,,,,,
flowers/tulip/485415743_eeb5d7c1a5.jpg,lech_tam,1.0,0.779,0.807,0.292,0.279,0.0,0.0
flowers/tulip/4890786831_91bb82a9e4_n.jpg,hoa_sat_bien_khong_crop_duoc,1.0,2.436,0.648,0.124,0.169,0.186,0.004
flowers/tulip/489506904_9b68ba211c.jpg,hoa_sat_bien_khong_crop_duoc,1.0,1.533,0.763,0.231,0.137,0.219,0.0
flowers/tulip/490541142_c37e2b4191_n.jpg,khong_thay_hoa,,,,,,,
flowers/tulip/4945315538_97bdd873c4.jpg,lech_tam,1.0,0.974,0.698,0.316,0.344,0.0,0.0
flowers/tulip/4955884820_7e4ce4d7e5_m.jpg,anh_nho,,,,,,,
flowers/tulip/497305666_b5d4348826_n.jpg,khong_thay_hoa,,,,,,,
flowers/tulip/5012813078_99fb977616_n.jpg,khong_phai_goc_nhin_tren_xuong(dai),1.0,13.6,1.082,0.037,0.164,0.0,0.0
flowers/tulip/503770507_f397245a6a.jpg,khong_thay_hoa,,,,,,,
flowers/tulip/5043225469_0aa23f3c8f_n.jpg,khong_phai_goc_nhin_tren_xuong(dai),1.0,7.2,0.819,0.053,0.119,0.0,0.0
flowers/tulip/518256494_368a72db37.jpg,khong_thay_hoa,,,,,,,
flowers/tulip/5208680166_c4372477ef_n.jpg,khong_thay_hoa,,,,,,,
flowers/tulip/5388013398_09a8a0f166_m.jpg,khong_phai_goc_nhin_tren_xuong(dai),1.0,0.629,0.633,0.185,0.131,0.0,0.0
flowers/tulip/5417115048_3b78d6c875_n.jpg,lech_tam,1.0,0.725,0.775,0.261,0.37,0.0,0.009
flowers/tulip/5430796647_f21b7b0fea.jpg,lech_tam,1.0,0.983,0.893,0.408,0.35,0.0,0.0
flowers/tulip/5433747333_869a2a172d_m.jpg,khong_thay_hoa,,,,,,,
flowers/tulip/5443985113_54e9f608b3_n.jpg,anh_nho,,,,,,,
flowers/tulip/5470898169_52a5ab876c_n.jpg,hoa_sat_bien_khong_crop_duoc,1.0,1.757,0.783,0.207,0.075,0.215,0.0
flowers/tulip/5529939805_1679b014e1_n.jpg,khong_thay_hoa,,,,,,,
flowers/tulip/5543457754_89c44c88de_n.jpg,khong_thay_hoa,,,,,,,
flowers/tulip/5546723510_39a5a10d3a_n.jpg,nhieu_hoa_hoac_nen_roi,0.56,0.698,1.015,0.329,0.228,0.0,0.0
flowers/tulip/5552198702_35856ed8ec.jpg,khong_thay_hoa,,,,,,,
flowers/tulip/5565089564_a30c318f44.jpg,khong_thay_hoa,,,,,,,
flowers/tulip/5574219476_1f46775487_n.jpg,khong_thay_hoa,,,,,,,
flowers/tulip/5628970369_54eb9ed31c_n.jpg,hoa_sat_bien_khong_crop_duoc,1.0,1.447,1.11,0.356,0.057,0.2,0.0
flowers/tulip/5631861819_f0eb39a357_m.jpg,khong_thay_hoa,,,,,,,
flowers/tulip/5632006303_15acd2cf1e_n.jpg,khong_thay_hoa,,,,,,,
flowers/tulip/5633266048_4f4bfb2cf1_n.jpg,khong_thay_hoa,,,,,,,
flowers/tulip/5634767665_0ae724774d.jpg,lech_tam,1.0,0.938,1.035,0.451,0.252,0.0,0.02
flowers/tulip/5635347336_bc1400e939_n.jpg,khong_thay_hoa,,,,,,,
flowers/tulip/5635348214_a4e2b19ffe.jpg,khong_phai_goc_nhin_tren_xuong(dai),1.0,0.474,0.763,0.168,0.421,0.0,0.033
flowers/tulip/5637140035_e6c5514f54.jpg,khong_thay_hoa,,,,,,,
flowers/tulip/5644061265_e02135f028_n.jpg,khong_thay_hoa,,,,,,,
flowers/tulip/5653364300_bc557236c7_n.jpg,khong_thay_hoa,,,,,,,
flowers/tulip/5660551500_b57307ef4d_n.jpg,anh_nho,,,,,,,
flowers/tulip/5661431592_cea1108261_n.jpg,hoa_sat_bien_khong_crop_duoc,1.0,1.333,0.997,0.347,0.061,0.142,0.0
flowers/tulip/5665080897_0796f726c9_m.jpg,anh_nho,,,,,,,
flowers/tulip/5665708521_799585d229_n.jpg,hoa_sat_bien_khong_crop_duoc,1.0,1.6,0.902,0.262,0.059,0.175,0.0
flowers/tulip/5666286130_1dc6f66f09_n.jpg,khong_phai_goc_nhin_tren_xuong(dai),90.0,1.7,0.674,0.184,0.057,0.0,0.0
flowers/tulip/5670916806_df4316006f_n.jpg,hoa_sat_bien_khong_crop_duoc,1.0,1.323,0.927,0.326,0.077,0.138,0.0
flowers/tulip/5674125303_953b0ecf38.jpg,khong_thay_hoa,,,,,,,
flowers/tulip/5674127693_1ddbd81097.jpg,khong_thay_hoa,,,,,,,
flowers/tulip/5674132053_b40a7d32ca.jpg,khong_thay_hoa,,,,,,,
flowers/tulip/5674134129_2db5136cba.jpg,khong_thay_hoa,,,,,,,
flowers/tulip/5674167473_ac696c8989_n.jpg,khong_thay_hoa,,,,,,,
flowers/tulip/5674170543_73e3f403fb.jpg,khong_thay_hoa,,,,,,,
flowers/tulip/5674695558_61397a1584.jpg,hoa_sat_bien_khong_crop_duoc,1.0,2.261,0.825,0.17,0.097,0.149,0.0
flowers/tulip/5674704952_9bd225ed9e_n.jpg,hoa_sat_bien_khong_crop_duoc,1.0,1.887,0.75,0.185,0.015,0.155,0.0
flowers/tulip/5674707464_dc18de05b1.jpg,khong_thay_hoa,,,,,,,
flowers/tulip/5680695867_baff72fc7c.jpg,khong_phai_goc_nhin_tren_xuong(dai),1.0,1.913,0.592,0.144,0.188,0.048,0.0
flowers/tulip/5682463466_d3e641cb8b.jpg,khong_thay_hoa,,,,,,,
flowers/tulip/5687705933_55a8c2dbac.jpg,khong_thay_hoa,,,,,,,
flowers/tulip/5691090657_2f1e9bf49e_n.jpg,khong_thay_hoa,,,,,,,
flowers/tulip/5691100579_4a2767360a.jpg,khong_thay_hoa,,,,,,,
flowers/tulip/5691672942_70a93d70fc.jpg,khong_phai_goc_nhin_tren_xuong(dai),68.0,1.714,1.031,0.279,0.368,0.0,0.0
flowers/tulip/5697471591_200ff951fa_n.jpg,nhieu_hoa_hoac_nen_roi,0.523,0.684,0.698,0.222,0.161,0.0,0.042
flowers/tulip/5698944116_fd35fe6bea.jpg,hoa_sat_bien_khong_crop_duoc,1.0,1.5,0.921,0.285,0.03,0.182,0.0
flowers/tulip/5700394524_dc6f8fa9cd_n.jpg,khong_thay_hoa,,,,,,,
flowers/tulip/5700466891_2bcb17fa68_n.jpg,khong_thay_hoa,,,,,,,
flowers/tulip/5704726114_a92f753514.jpg,nhieu_hoa_hoac_nen_roi,0.618,0.688,1.051,0.336,0.143,0.0,0.078
flowers/tulip/5716293002_a8be6a6dd3_n.jpg,khong_thay_hoa,,,,,,,
flowers/tulip/5717949231_23e2d4c297_n.jpg,anh_nho,,,,,,,
flowers/tulip/5717950215_5d0bf2e8b3_n.jpg,anh_nho,,,,,,,
flowers/tulip/5717950291_af2aed83d8_n.jpg,anh_nho,,,,,,,
flowers/tulip/5717950375_063b937e29_n.jpg,anh_nho,,,,,,,
flowers/tulip/5717950507_087513ecbf_n.jpg,anh_nho,,,,,,,
flowers/tulip/5717950705_a5d53872e4_n.jpg,anh_nho,,,,,,,
flowers/tulip/5717950861_69c8846479_n.jpg,anh_nho,,,,,,,
flowers/tulip/5717951019_739d8307d4_n.jpg,anh_nho,,,,,,,
flowers/tulip/5717951105_72b6f58838_n.jpg,anh_nho,,,,,,,
flowers/tulip/5717951287_124cac32b1_n.jpg,anh_nho,,,,,,,
flowers/tulip/5717951663_048431c2e6_n.jpg,anh_nho,,,,,,,
flowers/tulip/5717951743_365f3f64b9_n.jpg,anh_nho,,,,,,,
flowers/tulip/5717951871_4af1b319eb_n.jpg,anh_nho,,,,,,,
flowers/tulip/5718510894_95990c47af_n.jpg,anh_nho,,,,,,,
flowers/tulip/5718510972_9a439aa30a_n.jpg,anh_nho,,,,,,,
flowers/tulip/5718511304_9334269df2_n.jpg,anh_nho,,,,,,,
flowers/tulip/5718511402_c20cb11cef_n.jpg,anh_nho,,,,,,,
flowers/tulip/5718511580_edcfd49782_n.jpg,anh_nho,,,,,,,
flowers/tulip/5718511762_43b08f50ff_n.jpg,anh_nho,,,,,,,
flowers/tulip/5718512060_b78a25c084_n.jpg,anh_nho,,,,,,,
flowers/tulip/5718512292_aa50a9a473_n.jpg,anh_nho,,,,,,,
flowers/tulip/5718512462_b48988824a_n.jpg,anh_nho,,,,,,,
flowers/tulip/5718512658_f3b1ec76d7_n.jpg,anh_nho,,,,,,,
flowers/tulip/5718512892_a175a94c45_n.jpg,anh_nho,,,,,,,
flowers/tulip/5718513040_8ea13a3599_n.jpg,anh_nho,,,,,,,
flowers/tulip/5718513240_e84d5a7e89_n.jpg,anh_nho,,,,,,,
flowers/tulip/5718513354_673b6e8306_n.jpg,anh_nho,,,,,,,
flowers/tulip/5719416820_3060e3c1f0.jpg,hoa_sat_bien_khong_crop_duoc,1.0,1.778,0.836,0.219,0.097,0.243,0.0
flowers/tulip/5730908127_da871df0f8.jpg,lech_tam,1.0,1.052,0.747,0.33,0.207,0.0,0.0
flowers/tulip/5738195260_b3fc107aa7_n.jpg,khong_thay_hoa,,,,,,,
flowers/tulip/5755467567_903c31e3d0.jpg,khong_thay_hoa,,,,,,,
flowers/tulip/5757091018_cdfd79dfa6_m.jpg,anh_nho,,,,,,,
flowers/tulip/5810456385_b44358a0ae.jpg,hoa_sat_bien_khong_crop_duoc,1.0,1.321,0.915,0.322,0.032,0.144,0.0
flowers/tulip/5811004432_266f0f0c6f.jpg,hoa_sat_bien_khong_crop_duoc,1.0,1.434,0.796,0.258,0.063,0.164,0.0
flowers/tulip/5811022098_2523ca4e82.jpg,khong_thay_hoa,,,,,,,
flowers/tulip/5813495998_64be1b8ab6_n.jpg,khong_thay_hoa,,,,,,,
flowers/tulip/5891485349_cce7b99549.jpg,khong_thay_hoa,,,,,,,
flowers/tulip/6187740107_9813ccc41e.jpg,khong_thay_hoa,,,,,,,
flowers/tulip/6227136437_6117068599_m.jpg,anh_nho,,,,,,,
flowers/tulip/6227136683_262c6be56b.jpg,hoa_sat_bien_khong_crop_duoc,1.0,2.231,0.827,0.172,0.138,0.223,0.0
flowers/tulip/6267021825_a8316e0dcc_m.jpg,khong_thay_hoa,,,,,,,
flowers/tulip/6325571510_7544b27e57_n.jpg,khong_thay_hoa,,,,,,,
flowers/tulip/65347450_53658c63bd_n.jpg,khong_thay_hoa,,,,,,,
flowers/tulip/6539831765_c21b68910e_n.jpg,khong_thay_hoa,,,,,,,
flowers/tulip/6770436217_281da51e49_n.jpg,hoa_sat_bien_khong_crop_duoc,1.0,1.833,0.912,0.231,0.144,0.199,0.0
flowers/tulip/6799076717_575944af91_m.jpg,anh_nho,,,,,,,
flowers/tulip/6808860548_53796b90ca_n.jpg,khong_thay_hoa,,,,,,,
flowers/tulip/6876631336_54bf150990.jpg,nhieu_hoa_hoac_nen_roi,0.561,2.036,0.827,0.189,0.308,0.0,0.089
flowers/tulip/6905876618_12732b74de_b.jpg,anh_nho,,,,,,,
flowers/tulip/6931489544_2f35025f7b_m.jpg,anh_nho,,,,,,,
flowers/tulip/6931674908_8e93bd4554.jpg,lech_tam,1.0,1.2,0.698,0.27,0.188,0.059,0.0
flowers/tulip/6931708704_fccb06fea8.jpg,khong_thay_hoa,,,,,,,
flowers/tulip/6931715360_34edc5a372_m.jpg,anh_nho,,,,,,,
flowers/tulip/6931748252_68f06086b3.jpg,khong_thay_hoa,,,,,,,
flowers/tulip/6934951920_d43ff8b78d.jpg,khong_thay_hoa,,,,,,,
flowers/tulip/6936168062_a31c28b77c_m.jpg,anh_nho,,,,,,,
flowers/tulip/6948277038_89d7ff42e2_m.jpg,anh_nho,,,,,,,
flowers/tulip/6958243974_8851425ddb_n.jpg,khong_thay_hoa,,,,,,,
flowers/tulip/6958343928_7e596da4ed_m.jpg,anh_nho,,,,,,,
flowers/tulip/6982913043_3b873c6a25.jpg,hoa_sat_bien_khong_crop_duoc,1.0,1.405,0.952,0.315,0.102,0.141,0.0
flowers/tulip/6989946990_62c639ff16_n.jpg,khong_thay_hoa,,,,,,,
flowers/tulip/6994351792_343e18cbf6_n.jpg,khong_thay_hoa,,,,,,,
flowers/tulip/6998661030_46cbb7892a.jpg,khong_thay_hoa,,,,,,,
flowers/tulip/7002703410_3e97b29da5_n.jpg,khong_thay_hoa,,,,,,,
flowers/tulip/7042692841_f323799c0d.jpg,khong_thay_hoa,,,,,,,
flowers/tulip/7046815693_f159e96acd_n.jpg,khong_thay_hoa,,,,,,,
flowers/tulip/7047408023_6e98fd1e3f.jpg,nhieu_hoa_hoac_nen_roi,0.581,1.913,0.935,0.227,0.118,0.0,0.0
flowers/tulip/7055500907_dcf2bb50e0.jpg,khong_thay_hoa,,,,,,,
flowers/tulip/7064813645_f7f48fb527.jpg,hoa_sat_bien_khong_crop_duoc,1.0,1.316,0.893,0.315,0.147,0.127,0.0
flowers/tulip/7068715863_a534ac7884_n.jpg,khong_phai_goc_nhin_tren_xuong(dai),1.0,1.467,0.734,0.232,0.159,0.0,0.0
flowers/tulip/7069622551_348d41c327_n.jpg,khong_thay_hoa,,,,,,,
flowers/tulip/7070694881_e9a331fa4e_n.jpg,khong_thay_hoa,,,,,,,
flowers/tulip/7082608511_f4cf233f59_n.jpg,khong_thay_hoa,,,,,,,
flowers/tulip/7094271655_79a6f972c1_n.jpg,khong_thay_hoa,,,,,,,
flowers/tulip/7094415739_6b29e5215c_m.jpg,anh_nho,,,,,,,
flowers/tulip/7136973281_b2a935ce20.jpg,khong_thay_hoa,,,,,,,
flowers/tulip/7144016605_e159b6c06b_m.jpg,lech_tam,1.0,1.176,0.765,0.302,0.236,0.0,0.0
flowers/tulip/7166539842_43b7e02883.jpg,khong_thay_hoa,,,,,,,
flowers/tulip/7166539842_43b7e02883_n.jpg,anh_nho,,,,,,,
flowers/tulip/7166544280_9d975c4d9a_n.jpg,anh_nho,,,,,,,
flowers/tulip/7166546934_c97b08c9d9_n.jpg,anh_nho,,,,,,,
flowers/tulip/7166550328_de0d73cfa9.jpg,hoa_sat_bien_khong_crop_duoc,1.0,1.521,0.822,0.251,0.069,0.163,0.0
flowers/tulip/7166550328_de0d73cfa9_n.jpg,anh_nho,,,,,,,
flowers/tulip/7166552648_28b6dce578.jpg,khong_thay_hoa,,,,,,,
flowers/tulip/7166552648_28b6dce578_n.jpg,anh_nho,,,,,,,
flowers/tulip/7166554924_432aaae4b2_n.jpg,khong_thay_hoa,,,,,,,
flowers/tulip/7166558370_f7f68983ea_n.jpg,anh_nho,,,,,,,
flowers/tulip/7166560822_27b1d1d132_n.jpg,anh_nho,,,,,,,
flowers/tulip/7166564830_8b34a3fd35_n.jpg,khong_thay_hoa,,,,,,,
flowers/tulip/7166567320_0a2beb6d42.jpg,khong_thay_hoa,,,,,,,
flowers/tulip/7166567320_0a2beb6d42_n.jpg,anh_nho,,,,,,,
flowers/tulip/7166570828_7c26ca5766_n.jpg,hoa_sat_bien_khong_crop_duoc,1.0,1.623,0.876,0.251,0.196,0.161,0.0
flowers/tulip/7166574936_3d93a510c5_n.jpg,anh_nho,,,,,,,
flowers/tulip/7166581866_861cd081b8_n.jpg,anh_nho,,,,,,,
flowers/tulip/7166589802_8238cec83b_n.jpg,anh_nho,,,,,,,
flowers/tulip/7166591854_93c0dd6f8d_n.jpg,anh_nho,,,,,,,
flowers/tulip/7166596680_a01961a618_n.jpg,anh_nho,,,,,,,
flowers/tulip/7166598930_18d8686ace_n.jpg,khong_thay_hoa,,,,,,,
flowers/tulip/7166606598_5d2cd307c3.jpg,khong_thay_hoa,,,,,,,
flowers/tulip/7166606598_5d2cd307c3_n.jpg,anh_nho,,,,,,,
flowers/tulip/7166612682_711e680027_n.jpg,anh_nho,,,,,,,
flowers/tulip/7166614014_5f0f8d715b_n.jpg,anh_nho,,,,,,,
flowers/tulip/7166616072_1233051d98_n.jpg,anh_nho,,,,,,,
flowers/tulip/7166618384_850905fc63_n.jpg,hoa_sat_bien_khong_crop_duoc,1.0,1.639,0.744,0.211,0.045,0.184,0.0
flowers/tulip/7166620850_8a37b95972_n.jpg,anh_nho,,,,,,,
flowers/tulip/7166623602_256179ab00_n.jpg,anh_nho,,,,,,,
flowers/tulip/7166626128_8e0983ac8e_n.jpg,khong_thay_hoa,,,,,,,
flowers/tulip/7166632158_666116d770_n.jpg,anh_nho,,,,,,,
flowers/tulip/7166635566_ee240b5408_n.jpg,hoa_sat_bien_khong_crop_duoc,1.0,2.75,0.798,0.135,0.479,0.122,0.0
flowers/tulip/7166640338_46b15d9ec8_n.jpg,anh_nho,,,,,,,
flowers/tulip/7166644048_b00a14f01b.jpg,khong_thay_hoa,,,,,,,
flowers/tulip/7166644048_b00a14f01b_n.jpg,anh_nho,,,,,,,
flowers/tulip/7166646966_41d83cd703.jpg,khong_thay_hoa,,,,,,,
flowers/tulip/7177682195_c29265748d_n.jpg,khong_phai_goc_nhin_tren_xuong(dai),1.0,2.0,1.0,0.232,0.088,0.0,0.0
flowers/tulip/7179796338_05e8b1c87b.jpg,khong_phai_goc_nhin_tren_xuong(dai),166.0,0.265,0.691,0.085,0.208,0.0,0.0
flowers/tulip/7205145492_baec4dbb94.jpg,khong_thay_hoa,,,,,,,
flowers/tulip/7205698252_b972087cc2.jpg,hoa_sat_bien_khong_crop_duoc,1.0,1.43,0.643,0.209,0.076,0.165,0.0
flowers/tulip/7247182064_f8d6759446_n.jpg,khong_thay_hoa,,,,,,,
flowers/tulip/7266196114_c2a736a15a_m.jpg,khong_phai_goc_nhin_tren_xuong(dai),107.0,2.429,1.145,0.219,0.243,0.0,0.0
flowers/tulip/7342871880_c17fe0eb4f_m.jpg,anh_nho,,,,,,,
flowers/tulip/738207467_fc59cfcd9b_z.jpg,khong_thay_hoa,,,,,,,
flowers/tulip/7447655334_e8f805ab95_m.jpg,nhieu_hoa_hoac_nen_roi,19.0,1.0,0.968,0.45,0.346,0.0,0.469
flowers/tulip/7448453762_aea8739f1b.jpg,lech_tam,1.0,1.0,0.904,0.42,0.285,0.0,0.0
flowers/tulip/7481204112_e3c57dd40a_n.jpg,khong_thay_hoa,,,,,,,
flowers/tulip/7481217920_6f65766a1c_n.jpg,khong_thay_hoa,,,,,,,
flowers/tulip/7775145448_c42e638a6a_n.jpg,hoa_sat_bien_khong_crop_duoc,1.0,1.326,0.69,0.242,0.066,0.154,0.0
flowers/tulip/779359602_30abcbf5bb_n.jpg,khong_thay_hoa,,,,,,,
flowers/tulip/8394186551_28eed83a94_m.jpg,khong_thay_hoa,,,,,,,
flowers/tulip/8454707381_453b4862eb_m.jpg,anh_nho,,,,,,,
flowers/tulip/8454719295_4276c0e9c5_n.jpg,lech_tam,1.0,0.883,0.615,0.253,0.322,0.048,0.009
flowers/tulip/8511683706_4173683d45_m.jpg,khong_thay_hoa,,,,,,,
flowers/tulip/8520482921_21dd204ebd_n.jpg,khong_phai_goc_nhin_tren_xuong(dai),1.0,0.627,0.754,0.22,0.237,0.089,0.003
flowers/tulip/8520488975_a50d377f91.jpg,hoa_sat_bien_khong_crop_duoc,1.0,0.182,0.658,0.056,0.575,0.157,0.0
flowers/tulip/8521597402_4b6169ba05.jpg,hoa_sat_bien_khong_crop_duoc,1.0,1.518,0.917,0.281,0.078,0.229,0.0
flowers/tulip/8523133474_d2c0845b54.jpg,khong_thay_hoa,,,,,,,
flowers/tulip/8554190977_37ac747799_m.jpg,hoa_sat_bien_khong_crop_duoc,1.0,0.716,0.758,0.252,0.166,0.145,0.0
flowers/tulip/8555123165_2fe57eff4f.jpg,lech_tam,1.0,0.986,0.789,0.361,0.254,0.0,0.0
flowers/tulip/8562853756_73778dac25_n.jpg,khong_thay_hoa,,,,,,,
flowers/tulip/8585101979_4398146bf1_n.jpg,anh_nho,,,,,,,
flowers/tulip/8585102511_fc452e6700_n.jpg,anh_nho,,,,,,,
flowers/tulip/8585102913_d80d3e2ff7_n.jpg,anh_nho,,,,,,,
flowers/tulip/8585103457_d64697c3cf_n.jpg,anh_nho,,,,,,,
flowers/tulip/8586204750_2891bd2ec9_n.jpg,anh_nho,,,,,,,
flowers/tulip/8586205168_8294e67195_n.jpg,anh_nho,,,,,,,
flowers/tulip/8586205446_8953a6c70e_n.jpg,anh_nho,,,,,,,
flowers/tulip/8586205946_cda045f3f8_n.jpg,anh_nho,,,,,,,
flowers/tulip/8601596054_33e40c2a7a.jpg,hoa_sat_bien_khong_crop_duoc,1.0,1.762,0.703,0.185,0.069,0.196,0.0
flowers/tulip/8603340662_0779bd87fd.jpg,hoa_sat_bien_khong_crop_duoc,1.0,1.731,0.845,0.227,0.17,0.185,0.0
flowers/tulip/8605564823_7a59d3d92a.jpg,nhieu_hoa_hoac_nen_roi,0.681,1.492,0.185,0.058,0.072,0.082,0.006
flowers/tulip/8614237582_74417799f4_m.jpg,lech_tam,1.0,0.967,0.771,0.346,0.194,0.0,0.0
flowers/tulip/8619064872_dea79a9eb9.jpg,khong_phai_goc_nhin_tren_xuong(dai),1.0,0.62,0.889,0.256,0.334,0.0,0.0
flowers/tulip/8622237974_b362574785_n.jpg,khong_thay_hoa,,,,,,,
flowers/tulip/8623170936_83f4152431.jpg,lech_tam,1.0,0.938,0.711,0.31,0.247,0.0,0.0
flowers/tulip/8628453641_6f87755815_m.jpg,khong_thay_hoa,,,,,,,
flowers/tulip/8659691170_09db83d023.jpg,khong_thay_hoa,,,,,,,
flowers/tulip/8668973377_c69527db42_m.jpg,khong_thay_hoa,,,,,,,
flowers/tulip/8668974855_8389ecbdca_m.jpg,khong_thay_hoa,,,,,,,
flowers/tulip/8669794378_97dda6036f_n.jpg,khong_thay_hoa,,,,,,,
flowers/tulip/8673412732_f8fd690ee4_n.jpg,khong_thay_hoa,,,,,,,
flowers/tulip/8673416166_620fc18e2f_n.jpg,khong_phai_goc_nhin_tren_xuong(dai),1.0,0.512,0.668,0.159,0.188,0.0,0.0
flowers/tulip/8677713853_1312f65e71.jpg,khong_thay_hoa,,,,,,,
flowers/tulip/8681825637_837a63513a_n.jpg,khong_thay_hoa,,,,,,,
flowers/tulip/8686013485_3c4dfbfd1f_n.jpg,khong_thay_hoa,,,,,,,
flowers/tulip/8686332852_c6dcb2e86b.jpg,lech_tam,1.0,0.741,1.08,0.372,0.241,0.0,0.0
flowers/tulip/8687675254_c93f50d8b0_m.jpg,khong_thay_hoa,,,,,,,
flowers/tulip/8688502760_1c8d6de921_m.jpg,anh_nho,,,,,,,
flowers/tulip/8689672277_b289909f97_n.jpg,khong_thay_hoa,,,,,,,
flowers/tulip/8690789564_394eb04982_n.jpg,khong_thay_hoa,,,,,,,
flowers/tulip/8690791226_b1f015259f_n.jpg,khong_thay_hoa,,,,,,,
flowers/tulip/8695367666_0809529eaf_n.jpg,khong_thay_hoa,,,,,,,
flowers/tulip/8695372372_302135aeb2.jpg,khong_thay_hoa,,,,,,,
flowers/tulip/8706523526_a0f161b72b.jpg,khong_thay_hoa,,,,,,,
flowers/tulip/8708209606_d3aede4801.jpg,lech_tam,0.941,1.048,0.762,0.338,0.234,0.11,0.0
flowers/tulip/8710148289_6fc196a0f8_n.jpg,hoa_sat_bien_khong_crop_duoc,1.0,1.697,0.896,0.245,0.052,0.166,0.0
flowers/tulip/8711277462_b43df5454b_m.jpg,khong_thay_hoa,,,,,,,
flowers/tulip/8712230357_1298b8513b.jpg,khong_thay_hoa,,,,,,,
flowers/tulip/8712243901_54d686319e_m.jpg,anh_nho,,,,,,,
flowers/tulip/8712244311_da8e90bf8e_n.jpg,khong_thay_hoa,,,,,,,
flowers/tulip/8712263493_3db76c5f82.jpg,khong_thay_hoa,,,,,,,
flowers/tulip/8712266605_3787e346cd_n.jpg,khong_thay_hoa,,,,,,,
flowers/tulip/8712267391_c756f18ee7_n.jpg,khong_thay_hoa,,,,,,,
flowers/tulip/8712267813_f7a9be2ec5.jpg,khong_thay_hoa,,,,,,,
flowers/tulip/8712268519_f4c2c39a06_n.jpg,khong_phai_goc_nhin_tren_xuong(dai),0.889,0.616,1.013,0.29,0.092,0.0,0.022
flowers/tulip/8712269349_2b933da2b8_n.jpg,khong_thay_hoa,,,,,,,
flowers/tulip/8712270243_8512cf4fbd.jpg,khong_thay_hoa,,,,,,,
flowers/tulip/8712270665_57b5bda0a2_n.jpg,khong_thay_hoa,,,,,,,
flowers/tulip/8712282563_3819afb7bc.jpg,khong_thay_hoa,,,,,,,
flowers/tulip/8713387500_6a9138b41b_n.jpg,khong_thay_hoa,,,,,,,
flowers/tulip/8713388322_e5ae26263b_n.jpg,khong_thay_hoa,,,,,,,
flowers/tulip/8713389178_66bceb71a8_n.jpg,khong_phai_goc_nhin_tren_xuong(dai),1.0,1.523,0.818,0.25,0.08,0.0,0.0
flowers/tulip/8713390684_041148dd3e_n.jpg,lech_tam,1.0,0.848,0.936,0.369,0.214,0.0,0.0
flowers/tulip/8713391394_4b679ea1e3_n.jpg,lech_tam,1.0,0.922,0.931,0.399,0.197,0.0,0.0
flowers/tulip/8713392604_90631fb809_n.jpg,lech_tam,1.0,0.818,0.909,0.346,0.257,0.0,0.0
flowers/tulip/8713394070_b24561b0a9.jpg,khong_thay_hoa,,,,,,,
flowers/tulip/8713396140_5af8136136.jpg,khong_thay_hoa,,,,,,,
flowers/tulip/8713398114_bc96f1b624_n.jpg,khong_thay_hoa,,,,,,,
flowers/tulip/8713398614_88202e452e_n.jpg,khong_thay_hoa,,,,,,,
flowers/tulip/8713398906_28e59a225a_n.jpg,hoa_sat_bien_khong_crop_duoc,1.0,1.494,0.8,0.249,0.036,0.181,0.0
flowers/tulip/8713407768_f880df361f.jpg,khong_thay_hoa,,,,,,,
flowers/tulip/8717900362_2aa508e9e5.jpg,khong_thay_hoa,,,,,,,
flowers/tulip/8722514702_7ecc68691c.jpg,khong_thay_hoa,,,,,,,
flowers/tulip/8723767533_9145dec4bd_n.jpg,hoa_sat_bien_khong_crop_duoc,1.0,2.113,0.929,0.204,0.104,0.146,0.0
flowers/tulip/8729501081_b993185542_m.jpg,khong_thay_hoa,,,,,,,
flowers/tulip/8733586143_3139db6e9e_n.jpg,lech_tam,1.0,0.888,0.876,0.361,0.269,0.044,0.0
flowers/tulip/8748266132_5298a91dcf_n.jpg,khong_thay_hoa,,,,,,,
flowers/tulip/8750288831_5e49a9f29b.jpg,lech_tam,0.83,1.018,0.799,0.365,0.319,0.0,0.0
flowers/tulip/8757486380_90952c5377.jpg,khong_thay_hoa,,,,,,,
flowers/tulip/8758464923_75a5ffe320_n.jpg,anh_nho,,,,,,,
flowers/tulip/8758519201_16e8d2d781_n.jpg,anh_nho,,,,,,,
flowers/tulip/8759594528_2534c0ec65_n.jpg,anh_nho,,,,,,,
flowers/tulip/8759597778_7fca5d434b_n.jpg,anh_nho,,,,,,,
flowers/tulip/8759601388_36e2a50d98_n.jpg,anh_nho,,,,,,,
flowers/tulip/8759606166_8e475013fa_n.jpg,anh_nho,,,,,,,
flowers/tulip/8759618746_f5e39fdbf8_n.jpg,anh_nho,,,,,,,
flowers/tulip/8762193202_0fbf2f6a81.jpg,khong_phai_goc_nhin_tren_xuong(dai),1.0,0.565,0.967,0.254,0.606,0.0,0.0
flowers/tulip/8817622133_a42bb90e38_n.jpg,nhieu_hoa_hoac_nen_roi,0.664,0.903,0.967,0.406,0.272,0.0,0.018
flowers/tulip/8838347159_746d14e6c1_m.jpg,anh_nho,,,,,,,
flowers/tulip/8838354855_c474fc66a3_m.jpg,anh_nho,,,,,,,
flowers/tulip/8838914676_8ef4db7f50_n.jpg,khong_thay_hoa,,,,,,,
flowers/tulip/8838975946_f54194894e_m.jpg,anh_nho,,,,,,,
flowers/tulip/8838983024_5c1a767878_n.jpg,nhieu_hoa_hoac_nen_roi,50.0,1.0,0.995,0.462,0.498,0.0,0.297
flowers/tulip/8892851067_79242a7362_n.jpg,khong_thay_hoa,,,,,,,
flowers/tulip/8908062479_449200a1b4.jpg,khong_thay_hoa,,,,,,,
flowers/tulip/8908097235_c3e746d36e_n.jpg,nhieu_hoa_hoac_nen_roi,0.519,1.375,1.06,0.358,0.385,0.096,0.0
flowers/tulip/9019694597_2d3bbedb17.jpg,khong_thay_hoa,,,,,,,
flowers/tulip/9030467406_05e93ff171_n.jpg,lech_tam,1.0,1.346,0.974,0.336,0.314,0.0,0.0
flowers/tulip/9048307967_40a164a459_m.jpg,anh_nho,,,,,,,
flowers/tulip/924782410_94ed7913ca_m.jpg,khong_thay_hoa,,,,,,,
flowers/tulip/9378657435_89fabf13c9_n.jpg,hoa_sat_bien_khong_crop_duoc,1.0,1.661,0.828,0.232,0.082,0.131,0.0
flowers/tulip/9831362123_5aac525a99_n.jpg,hoa_sat_bien_khong_crop_duoc,1.0,1.774,0.697,0.183,0.122,0.218,0.0
flowers/tulip/9947374414_fdf1d0861c_n.jpg,khong_phai_goc_nhin_tren_xuong(dai),185.0,0.52,0.725,0.175,0.471,0.0,0.0
flowers/tulip/9947385346_3a8cacea02_n.jpg,khong_thay_hoa,,,,,,,
flowers/tulip/9976515506_d496c5e72c.jpg,khong_thay_hoa,,,,,,,
jpg/image_00003.jpg,khong_thay_hoa,,,,,,,
jpg/image_00010.jpg,hoa_sat_bien_khong_crop_duoc,1.0,1.277,0.742,0.27,0.044,0.147,0.0
jpg/image_00011.jpg,khong_phai_goc_nhin_tren_xuong(dai),1.0,1.622,0.465,0.133,0.172,0.031,0.0
jpg/image_00018.jpg,hoa_sat_bien_khong_crop_duoc,1.0,1.765,0.805,0.212,0.06,0.197,0.0
jpg/image_00019.jpg,hoa_sat_bien_khong_crop_duoc,1.0,1.276,0.642,0.234,0.146,0.144,0.0
jpg/image_00020.jpg,hoa_sat_bien_khong_crop_duoc,1.0,1.418,0.84,0.275,0.038,0.147,0.0
jpg/image_00023.jpg,khong_thay_hoa,,,,,,,
jpg/image_00026.jpg,hoa_sat_bien_khong_crop_duoc,1.0,1.513,0.859,0.264,0.054,0.166,0.0
jpg/image_00027.jpg,khong_phai_goc_nhin_tren_xuong(dai),1.0,0.684,0.841,0.267,0.179,0.0,0.0
jpg/image_00036.jpg,khong_thay_hoa,,,,,,,
jpg/image_00038.jpg,hoa_sat_bien_khong_crop_duoc,1.0,1.446,0.929,0.299,0.129,0.136,0.0
jpg/image_00040.jpg,hoa_sat_bien_khong_crop_duoc,1.0,1.75,0.687,0.182,0.119,0.13,0.0
jpg/image_00045.jpg,khong_thay_hoa,,,,,,,
jpg/image_00048.jpg,khong_thay_hoa,,,,,,,
jpg/image_00050.jpg,lech_tam,1.0,0.761,0.905,0.32,0.261,0.0,0.0
jpg/image_00051.jpg,hinh_dang_khong_tron,1.0,1.102,0.52,0.219,0.041,0.039,0.0
jpg/image_00052.jpg,khong_phai_goc_nhin_tren_xuong(dai),1.0,1.75,0.671,0.178,0.16,0.0,0.0
jpg/image_00055.jpg,hoa_sat_bien_khong_crop_duoc,1.0,1.333,0.698,0.243,0.003,0.14,0.0
jpg/image_00057.jpg,hoa_sat_bien_khong_crop_duoc,1.0,1.362,0.695,0.237,0.03,0.164,0.0
jpg/image_00059.jpg,lech_tam,1.0,1.138,0.842,0.344,0.187,0.013,0.0
jpg/image_00064.jpg,hoa_sat_bien_khong_crop_duoc,1.0,1.316,0.714,0.252,0.054,0.167,0.0
jpg/image_00069.jpg,hoa_sat_bien_khong_crop_duoc,1.0,1.214,0.871,0.334,0.027,0.121,0.0
jpg/image_00071.jpg,hoa_sat_bien_khong_crop_duoc,1.0,1.506,0.887,0.274,0.11,0.201,0.0
jpg/image_00074.jpg,hoa_sat_bien_khong_crop_duoc,1.0,1.344,0.803,0.278,0.034,0.14,0.0
jpg/image_00077.jpg,lech_tam,1.0,0.911,0.82,0.347,0.256,0.0,0.0
jpg/image_00079.jpg,khong_thay_hoa,,,,,,,
jpg/image_00082.jpg,lech_tam,1.0,1.189,0.955,0.373,0.25,0.057,0.0
jpg/image_00083.jpg,hoa_sat_bien_khong_crop_duoc,1.0,1.453,0.992,0.317,0.041,0.158,0.0
jpg/image_00084.jpg,hoa_sat_bien_khong_crop_duoc,1.0,1.98,0.776,0.182,0.209,0.198,0.0
jpg/image_00088.jpg,hoa_sat_bien_khong_crop_duoc,1.0,1.213,0.814,0.312,0.055,0.12,0.0
jpg/image_00091.jpg,khong_thay_hoa,,,,,,,
jpg/image_00096.jpg,khong_thay_hoa,,,,,,,
jpg/image_00098.jpg,khong_phai_goc_nhin_tren_xuong(dai),1.0,1.452,0.917,0.293,0.156,0.086,0.0
jpg/image_00106.jpg,hoa_sat_bien_khong_crop_duoc,1.0,1.585,0.768,0.225,0.145,0.122,0.005
jpg/image_00109.jpg,hoa_sat_bien_khong_crop_duoc,1.0,1.326,0.739,0.259,0.047,0.148,0.0
jpg/image_00113.jpg,khong_phai_goc_nhin_tren_xuong(dai),1.0,1.592,0.729,0.213,0.053,0.106,0.009
jpg/image_00118.jpg,lech_tam,1.0,1.0,0.934,0.434,0.183,0.0,0.0
jpg/image_00124.jpg,hoa_sat_bien_khong_crop_duoc,1.0,1.63,0.713,0.203,0.036,0.178,0.0
jpg/image_00128.jpg,khong_thay_hoa,,,,,,,
jpg/image_00129.jpg,hoa_sat_bien_khong_crop_duoc,1.0,1.726,0.818,0.22,0.242,0.203,0.004
jpg/image_00131.jpg,nhieu_hoa_hoac_nen_roi,0.379,1.292,0.739,0.266,0.341,0.0,0.0
jpg/image_00135.jpg,khong_thay_hoa,,,,,,,
jpg/image_00140.jpg,hoa_sat_bien_khong_crop_duoc,1.0,1.242,0.734,0.274,0.053,0.133,0.0
jpg/image_00141.jpg,lech_tam,1.0,0.8,0.738,0.274,0.229,0.051,0.0
jpg/image_00142.jpg,khong_phai_goc_nhin_tren_xuong(dai),1.0,1.467,0.81,0.257,0.099,0.051,0.0
jpg/image_00144.jpg,khong_thay_hoa,,,,,,,
jpg/image_00148.jpg,khong_phai_goc_nhin_tren_xuong(dai),1.0,1.478,0.74,0.233,0.11,0.075,0.0
jpg/image_00149.jpg,khong_thay_hoa,,,,,,,
jpg/image_00150.jpg,khong_phai_goc_nhin_tren_xuong(dai),1.0,0.352,0.732,0.12,0.047,0.0,0.0
jpg/image_00151.jpg,hoa_sat_bien_khong_crop_duoc,1.0,1.378,0.859,0.29,0.137,0.155,0.0
jpg/image_00161.jpg,khong_phai_goc_nhin_tren_xuong(dai),1.0,1.484,0.886,0.278,0.046,0.099,0.0
jpg/image_00163.jpg,khong_phai_goc_nhin_tren_xuong(dai),1.0,0.695,0.812,0.262,0.079,0.0,0.0
jpg/image_00167.jpg,hoa_sat_bien_khong_crop_duoc,1.0,1.284,0.814,0.295,0.073,0.156,0.0
jpg/image_00170.jpg,khong_thay_hoa,,,,,,,
jpg/image_00173.jpg,hoa_sat_bien_khong_crop_duoc,1.0,1.764,0.685,0.181,0.035,0.161,0.0
jpg/image_00177.jpg,trung_lap,1.0,1.134,0.772,0.316,0.056,0.063,0.0
jpg/image_00180.jpg,lech_tam,1.0,0.735,0.663,0.226,0.181,0.0,0.0
jpg/image_00182.jpg,trung_lap,1.0,0.988,0.697,0.32,0.01,0.002,0.0
jpg/image_00184.jpg,khong_thay_hoa,,,,,,,
jpg/image_00185.jpg,hoa_sat_bien_khong_crop_duoc,1.0,1.764,0.694,0.183,0.049,0.14,0.0
jpg/image_00189.jpg,hoa_sat_bien_khong_crop_duoc,1.0,1.451,0.746,0.239,0.051,0.148,0.0
jpg/image_00190.jpg,hoa_sat_bien_khong_crop_duoc,1.0,1.541,0.892,0.269,0.13,0.165,0.0
jpg/image_00191.jpg,hoa_sat_bien_khong_crop_duoc,1.0,1.361,0.651,0.222,0.028,0.145,0.0
jpg/image_00195.jpg,khong_phai_goc_nhin_tren_xuong(dai),1.0,0.517,0.683,0.164,0.182,0.066,0.0
jpg/image_00200.jpg,hoa_sat_bien_khong_crop_duoc,1.0,1.616,0.797,0.229,0.061,0.144,0.0
jpg/image_00205.jpg,hoa_sat_bien_khong_crop_duoc,1.0,0.785,0.775,0.283,0.034,0.141,0.0
jpg/image_00207.jpg,lech_tam,1.0,0.833,0.655,0.254,0.228,0.004,0.0
jpg/image_00208.jpg,khong_thay_hoa,,,,,,,
jpg/image_00210.jpg,hoa_sat_bien_khong_crop_duoc,1.0,1.256,0.705,0.261,0.088,0.13,0.0
jpg/image_00212.jpg,hoa_sat_bien_khong_crop_duoc,1.0,1.309,0.862,0.306,0.024,0.132,0.0
jpg/image_00216.jpg,hoa_sat_bien_khong_crop_duoc,1.0,1.962,0.756,0.179,0.199,0.224,0.0
jpg/image_00218.jpg,hoa_sat_bien_khong_crop_duoc,1.0,1.288,0.706,0.255,0.101,0.138,0.0
jpg/image_00220.jpg,hoa_sat_bien_khong_crop_duoc,1.0,1.322,0.815,0.286,0.049,0.138,0.0
jpg/image_00222.jpg,khong_thay_hoa,,,,,,,
jpg/image_00226.jpg,hoa_sat_bien_khong_crop_duoc,1.0,2.19,0.658,0.14,0.105,0.207,0.0
jpg/image_00227.jpg,lech_tam,1.0,0.867,0.764,0.308,0.238,0.057,0.0
jpg/image_00238.jpg,khong_thay_hoa,,,,,,,
jpg/image_00239.jpg,trung_lap,1.0,1.062,0.882,0.386,0.164,0.0,0.0
jpg/image_00243.jpg,khong_phai_goc_nhin_tren_xuong(dai),1.0,1.703,0.895,0.244,0.061,0.1,0.0
jpg/image_00244.jpg,hoa_sat_bien_khong_crop_duoc,1.0,1.82,0.69,0.176,0.075,0.144,0.0
jpg/image_00246.jpg,hoa_sat_bien_khong_crop_duoc,1.0,1.326,0.751,0.263,0.024,0.126,0.0
jpg/image_00248.jpg,lech_tam,1.0,0.825,0.845,0.324,0.294,0.03,0.0
jpg/image_00249.jpg,hoa_sat_bien_khong_crop_duoc,1.0,1.569,0.853,0.253,0.091,0.122,0.0
jpg/image_00250.jpg,hoa_sat_bien_khong_crop_duoc,1.0,1.189,0.627,0.245,0.111,0.131,0.003
jpg/image_00252.jpg,hoa_sat_bien_khong_crop_duoc,1.0,1.432,0.841,0.273,0.059,0.163,0.0
jpg/image_00254.jpg,hoa_sat_bien_khong_crop_duoc,1.0,1.362,0.875,0.299,0.01,0.142,0.0
jpg/image_00255.jpg,hoa_sat_bien_khong_crop_duoc,1.0,1.274,0.77,0.281,0.039,0.15,0.0
jpg/image_00256.jpg,hoa_sat_bien_khong_crop_duoc,1.0,1.4,0.799,0.265,0.063,0.157,0.0
jpg/image_00257.jpg,khong_phai_goc_nhin_tren_xuong(dai),1.0,1.631,0.705,0.201,0.062,0.118,0.0
jpg/image_00258.jpg,hoa_sat_bien_khong_crop_duoc,1.0,0.609,0.764,0.216,0.096,0.192,0.0
jpg/image_00259.jpg,hoa_sat_bien_khong_crop_duoc,1.0,2.017,0.752,0.173,0.109,0.232,0.0
jpg/image_00260.jpg,hoa_sat_bien_khong_crop_duoc,1.0,1.412,0.691,0.227,0.019,0.14,0.0
jpg/image_00261.jpg,hoa_sat_bien_khong_crop_duoc,1.0,1.286,0.84,0.304,0.079,0.169,0.0
jpg/image_00262.jpg,hoa_sat_bien_khong_crop_duoc,1.0,1.345,0.713,0.246,0.049,0.128,0.0
jpg/image_00263.jpg,hoa_sat_bien_khong_crop_duoc,1.0,1.591,0.913,0.267,0.127,0.184,0.0
jpg/image_00266.jpg,hoa_sat_bien_khong_crop_duoc,1.0,1.91,0.884,0.215,0.04,0.215,0.0
jpg/image_00267.jpg,lech_tam,1.0,1.105,0.703,0.296,0.2,0.105,0.006
jpg/image_00268.jpg,hoa_sat_bien_khong_crop_duoc,1.0,1.286,0.81,0.293,0.042,0.143,0.0
jpg/image_00271.jpg,hoa_sat_bien_khong_crop_duoc,1.0,1.455,0.981,0.314,0.025,0.157,0.0
jpg/image_00272.jpg,nhieu_hoa_hoac_nen_roi,0.521,1.196,0.788,0.306,0.272,0.035,0.054
jpg/image_00277.jpg,hoa_sat_bien_khong_crop_duoc,1.0,1.303,0.856,0.305,0.054,0.145,0.0
jpg/image_00278.jpg,lech_tam,1.0,1.074,0.866,0.375,0.208,0.075,0.0
jpg/image_00280.jpg,hoa_sat_bien_khong_crop_duoc,1.0,1.879,0.743,0.184,0.117,0.217,0.0
jpg/image_00281.jpg,hoa_sat_bien_khong_crop_duoc,1.0,1.968,0.897,0.212,0.069,0.214,0.0
jpg/image_00282.jpg,hoa_sat_bien_khong_crop_duoc,1.0,1.276,0.72,0.262,0.025,0.122,0.0
jpg/image_00283.jpg,lech_tam,1.0,0.983,0.854,0.39,0.37,0.0,0.0
jpg/image_00284.jpg,hoa_sat_bien_khong_crop_duoc,1.0,1.487,0.656,0.205,0.091,0.168,0.0
jpg/image_00287.jpg,hoa_sat_bien_khong_crop_duoc,1.0,1.211,0.809,0.311,0.084,0.164,0.0
jpg/image_00288.jpg,hoa_sat_bien_khong_crop_duoc,1.0,1.316,0.637,0.225,0.028,0.153,0.0
jpg/image_00290.jpg,hoa_sat_bien_khong_crop_duoc,1.0,1.514,0.746,0.229,0.136,0.143,0.0
jpg/image_00291.jpg,hoa_sat_bien_khong_crop_duoc,1.0,1.305,0.762,0.271,0.045,0.155,0.0
jpg/image_00292.jpg,khong_phai_goc_nhin_tren_xuong(dai),1.0,1.488,0.666,0.208,0.026,0.074,0.0
jpg/image_00293.jpg,hoa_sat_bien_khong_crop_duoc,1.0,1.38,0.761,0.256,0.017,0.151,0.0
jpg/image_00295.jpg,hoa_sat_bien_khong_crop_duoc,1.0,1.274,0.75,0.274,0.044,0.138,0.0
jpg/image_00296.jpg,khong_phai_goc_nhin_tren_xuong(dai),1.0,1.613,0.693,0.2,0.004,0.095,0.0
jpg/image_00298.jpg,hoa_sat_bien_khong_crop_duoc,1.0,1.326,0.831,0.291,0.104,0.145,0.0
jpg/image_00300.jpg,hoa_sat_bien_khong_crop_duoc,1.0,1.608,0.689,0.199,0.036,0.187,0.0
jpg/image_00302.jpg,hoa_sat_bien_khong_crop_duoc,1.0,1.775,0.746,0.195,0.07,0.221,0.0
jpg/image_00303.jpg,hoa_sat_bien_khong_crop_duoc,1.0,1.28,0.743,0.27,0.06,0.142,0.0
jpg/image_00304.jpg,hoa_sat_bien_khong_crop_duoc,1.0,1.53,0.775,0.235,0.028,0.193,0.0
jpg/image_00311.jpg,hoa_sat_bien_khong_crop_duoc,1.0,1.347,0.839,0.289,0.021,0.149,0.0
jpg/image_00315.jpg,hoa_sat_bien_khong_crop_duoc,1.0,1.352,0.84,0.289,0.075,0.142,0.0
jpg/image_00318.jpg,hoa_sat_bien_khong_crop_duoc,1.0,1.569,0.781,0.231,0.17,0.142,0.0
jpg/image_00324.jpg,lech_tam,1.0,1.083,0.729,0.313,0.289,0.012,0.0
jpg/image_00325.jpg,lech_tam,1.0,1.172,0.698,0.277,0.183,0.055,0.0
jpg/image_00326.jpg,hoa_sat_bien_khong_crop_duoc,1.0,1.455,0.737,0.236,0.023,0.142,0.0
jpg/image_00327.jpg,hoa_sat_bien_khong_crop_duoc,1.0,1.803,0.759,0.196,0.035,0.147,0.0
jpg/image_00328.jpg,hoa_sat_bien_khong_crop_duoc,1.0,1.641,0.858,0.243,0.03,0.158,0.0
jpg/image_00329.jpg,hoa_sat_bien_khong_crop_duoc,1.0,1.658,0.851,0.239,0.099,0.181,0.0
jpg/image_00330.jpg,lech_tam,1.0,1.273,0.901,0.329,0.234,0.069,0.0
jpg/image_00331.jpg,hoa_sat_bien_khong_crop_duoc,1.0,1.547,0.782,0.235,0.175,0.184,0.0
jpg/image_00333.jpg,hoa_sat_bien_khong_crop_duoc,1.0,1.592,0.726,0.212,0.028,0.18,0.0
jpg/image_00338.jpg,hoa_sat_bien_khong_crop_duoc,1.0,1.312,0.824,0.292,0.093,0.13,0.0
jpg/image_00343.jpg,hoa_sat_bien_khong_crop_duoc,1.0,1.281,0.794,0.288,0.049,0.136,0.0
jpg/image_00346.jpg,hoa_sat_bien_khong_crop_duoc,1.0,1.33,0.802,0.28,0.034,0.148,0.0
jpg/image_00347.jpg,hoa_sat_bien_khong_crop_duoc,1.0,1.741,0.712,0.19,0.159,0.175,0.0
jpg/image_00349.jpg,hoa_sat_bien_khong_crop_duoc,1.0,1.952,0.877,0.209,0.054,0.205,0.0
jpg/image_00350.jpg,hoa_sat_bien_khong_crop_duoc,1.0,1.821,0.787,0.201,0.073,0.173,0.0
jpg/image_00351.jpg,hoa_sat_bien_khong_crop_duoc,1.0,1.43,0.641,0.208,0.021,0.121,0.0
jpg/image_00354.jpg,khong_phai_goc_nhin_tren_xuong(dai),1.0,1.635,0.726,0.206,0.189,0.12,0.001
jpg/image_00357.jpg,hoa_sat_bien_khong_crop_duoc,1.0,1.684,0.677,0.187,0.048,0.216,0.0
jpg/image_00359.jpg,hoa_sat_bien_khong_crop_duoc,1.0,1.841,0.875,0.221,0.035,0.217,0.0
jpg/image_00362.jpg,hoa_sat_bien_khong_crop_duoc,1.0,1.385,0.669,0.225,0.019,0.137,0.0
jpg/image_00363.jpg,hoa_sat_bien_khong_crop_duoc,1.0,1.488,0.784,0.245,0.11,0.17,0.0
jpg/image_00364.jpg,khong_phai_goc_nhin_tren_xuong(dai),1.0,1.647,0.79,0.223,0.033,0.099,0.0
jpg/image_00367.jpg,hoa_sat_bien_khong_crop_duoc,1.0,1.238,0.575,0.216,0.16,0.149,0.0
jpg/image_00369.jpg,hoa_sat_bien_khong_crop_duoc,1.0,2.0,0.894,0.208,0.054,0.187,0.0
jpg/image_00370.jpg,khong_phai_goc_nhin_tren_xuong(dai),1.0,1.679,0.719,0.199,0.047,0.0,0.0
jpg/image_00371.jpg,hoa_sat_bien_khong_crop_duoc,1.0,1.309,0.768,0.273,0.047,0.165,0.0
jpg/image_00372.jpg,hoa_sat_bien_khong_crop_duoc,1.0,1.345,0.798,0.276,0.088,0.131,0.0
jpg/image_00373.jpg,hoa_sat_bien_khong_crop_duoc,1.0,1.438,0.847,0.274,0.041,0.161,0.0
jpg/image_00375.jpg,hoa_sat_bien_khong_crop_duoc,1.0,1.924,0.818,0.197,0.008,0.213,0.0
jpg/image_00378.jpg,khong_phai_goc_nhin_tren_xuong(dai),1.0,1.661,0.778,0.218,0.038,0.076,0.0
jpg/image_00380.jpg,hoa_sat_bien_khong_crop_duoc,1.0,1.595,0.889,0.259,0.023,0.174,0.0
jpg/image_00382.jpg,hoa_sat_bien_khong_crop_duoc,1.0,0.587,0.89,0.243,0.038,0.197,0.0
jpg/image_00383.jpg,hoa_sat_bien_khong_crop_duoc,1.0,1.783,0.767,0.2,0.079,0.172,0.0
jpg/image_00385.jpg,hoa_sat_bien_khong_crop_duoc,1.0,1.272,0.674,0.246,0.039,0.121,0.0
jpg/image_00389.jpg,hoa_sat_bien_khong_crop_duoc,1.0,1.459,0.812,0.259,0.073,0.176,0.0
jpg/image_00393.jpg,lech_tam,1.0,1.119,0.661,0.275,0.203,0.043,0.0
jpg/image_00394.jpg,hoa_sat_bien_khong_crop_duoc,1.0,1.369,0.773,0.262,0.092,0.147,0.0
jpg/image_00397.jpg,hoa_sat_bien_khong_crop_duoc,1.0,1.29,0.703,0.253,0.028,0.136,0.0
jpg/image_00398.jpg,hoa_sat_bien_khong_crop_duoc,1.0,1.259,0.79,0.292,0.077,0.12,0.0
jpg/image_00400.jpg,khong_phai_goc_nhin_tren_xuong(dai),1.0,1.462,0.69,0.219,0.174,0.109,0.0
jpg/image_00403.jpg,hoa_sat_bien_khong_crop_duoc,1.0,1.423,0.661,0.216,0.054,0.152,0.0
jpg/image_00404.jpg,hoa_sat_bien_khong_crop_duoc,1.0,1.253,0.713,0.264,0.057,0.133,0.0
jpg/image_00406.jpg,khong_phai_goc_nhin_tren_xuong(dai),1.0,1.632,0.811,0.231,0.03,0.06,0.0
jpg/image_00408.jpg,hoa_sat_bien_khong_crop_duoc,1.0,1.697,0.757,0.207,0.016,0.134,0.0
jpg/image_00410.jpg,hoa_sat_bien_khong_crop_duoc,1.0,1.512,0.835,0.256,0.005,0.163,0.0
jpg/image_00411.jpg,hoa_sat_bien_khong_crop_duoc,1.0,1.662,0.806,0.225,0.035,0.196,0.0
jpg/image_00412.jpg,hoa_sat_bien_khong_crop_duoc,1.0,0.713,0.924,0.306,0.073,0.167,0.0
jpg/image_00414.jpg,khong_phai_goc_nhin_tren_xuong(dai),1.0,1.507,0.697,0.215,0.072,0.104,0.0
jpg/image_00415.jpg,hoa_sat_bien_khong_crop_duoc,1.0,1.882,0.726,0.179,0.024,0.152,0.0
jpg/image_00416.jpg,hoa_sat_bien_khong_crop_duoc,1.0,1.671,0.69,0.192,0.074,0.218,0.0
jpg/image_00417.jpg,hoa_sat_bien_khong_crop_duoc,1.0,1.432,0.6,0.195,0.053,0.146,0.0
jpg/image_00418.jpg,hoa_sat_bien_khong_crop_duoc,1.0,1.506,0.85,0.262,0.021,0.155,0.0
jpg/image_00419.jpg,hoa_sat_bien_khong_crop_duoc,1.0,1.524,0.829,0.253,0.073,0.189,0.0
jpg/image_00421.jpg,nhieu_hoa_hoac_nen_roi,0.706,1.389,0.84,0.281,0.187,0.009,0.135
jpg/image_00422.jpg,khong_phai_goc_nhin_tren_xuong(dai),1.0,1.53,0.723,0.22,0.107,0.115,0.0
jpg/image_00424.jpg,hoa_sat_bien_khong_crop_duoc,1.0,1.38,0.833,0.281,0.043,0.134,0.0
jpg/image_00425.jpg,hoa_sat_bien_khong_crop_duoc,1.0,1.582,0.805,0.236,0.073,0.19,0.0
jpg/image_00427.jpg,hoa_sat_bien_khong_crop_duoc,1.0,1.274,0.877,0.32,0.035,0.148,0.0
jpg/image_00429.jpg,hoa_sat_bien_khong_crop_duoc,1.0,1.564,0.815,0.242,0.111,0.187,0.0
jpg/image_00430.jpg,hoa_sat_bien_khong_crop_duoc,1.0,1.38,0.865,0.291,0.072,0.135,0.0
jpg/image_00433.jpg,nhieu_hoa_hoac_nen_roi,0.547,0.761,0.837,0.296,0.362,0.026,0.0
jpg/image_00435.jpg,hoa_sat_bien_khong_crop_duoc,1.0,1.62,0.718,0.206,0.04,0.15,0.0
jpg/image_00437.jpg,hoa_sat_bien_khong_crop_duoc,0.531,1.786,0.829,0.216,0.318,0.127,0.077
jpg/image_00438.jpg,lech_tam,0.882,0.938,0.782,0.34,0.343,0.0,0.0
jpg/image_00439.jpg,nhieu_hoa_hoac_nen_roi,0.602,1.264,0.89,0.327,0.25,0.07,0.085
jpg/image_00445.jpg,hoa_sat_bien_khong_crop_duoc,1.0,1.347,0.797,0.275,0.016,0.149,0.0
jpg/image_00447.jpg,hoa_sat_bien_khong_crop_duoc,1.0,1.218,0.649,0.247,0.112,0.149,0.0
jpg/image_00448.jpg,khong_thay_hoa,,,,,,,
jpg/image_00449.jpg,nhieu_hoa_hoac_nen_roi,0.705,0.703,0.942,0.308,0.175,0.033,0.111
jpg/image_00450.jpg,khong_thay_hoa,,,,,,,
jpg/image_00452.jpg,hoa_sat_bien_khong_crop_duoc,1.0,1.388,0.945,0.316,0.056,0.142,0.0
jpg/image_00453.jpg,hoa_sat_bien_khong_crop_duoc,1.0,1.41,0.715,0.236,0.072,0.146,0.0
jpg/image_00454.jpg,lech_tam,1.0,0.733,0.915,0.312,0.191,0.112,0.0
jpg/image_00455.jpg,hoa_sat_bien_khong_crop_duoc,1.0,1.326,1.016,0.356,0.038,0.137,0.0
jpg/image_00456.jpg,lech_tam,1.0,0.828,0.77,0.296,0.21,0.074,0.0
jpg/image_00457.jpg,hoa_sat_bien_khong_crop_duoc,1.0,0.695,0.708,0.229,0.076,0.184,0.0
jpg/image_00459.jpg,hoa_sat_bien_khong_crop_duoc,1.0,1.347,0.935,0.323,0.01,0.142,0.0
jpg/image_00460.jpg,nhieu_hoa_hoac_nen_roi,0.759,0.756,0.9,0.316,0.266,0.073,0.038
jpg/image_00465.jpg,nhieu_hoa_hoac_nen_roi,0.582,0.783,0.834,0.303,0.222,0.068,0.167
jpg/image_00466.jpg,lech_tam,1.0,0.87,0.817,0.33,0.319,0.0,0.0
jpg/image_00467.jpg,nhieu_hoa_hoac_nen_roi,0.743,0.877,0.845,0.344,0.243,0.0,0.034
jpg/image_00469.jpg,lech_tam,120.0,1.083,0.979,0.42,0.299,0.0,0.025
jpg/image_00470.jpg,hoa_sat_bien_khong_crop_duoc,1.0,0.651,0.841,0.254,0.142,0.225,0.0
jpg/image_00471.jpg,hoa_sat_bien_khong_crop_duoc,1.0,1.404,0.798,0.264,0.037,0.16,0.0
jpg/image_00473.jpg,lech_tam,1.0,0.963,0.831,0.372,0.222,0.0,0.0
jpg/image_00474.jpg,hoa_sat_bien_khong_crop_duoc,1.0,1.46,0.823,0.262,0.004,0.13,0.0
jpg/image_00475.jpg,hoa_sat_bien_khong_crop_duoc,1.0,1.323,0.942,0.331,0.063,0.171,0.0
jpg/image_00476.jpg,hoa_sat_bien_khong_crop_duoc,1.0,1.306,0.95,0.338,0.072,0.142,0.0
jpg/image_00477.jpg,hoa_sat_bien_khong_crop_duoc,0.873,1.514,0.78,0.239,0.121,0.183,0.062
jpg/image_00478.jpg,lech_tam,1.0,0.92,0.832,0.356,0.336,0.032,0.0
jpg/image_00479.jpg,hoa_sat_bien_khong_crop_duoc,1.0,1.62,0.848,0.243,0.098,0.199,0.0
jpg/image_00480.jpg,hoa_sat_bien_khong_crop_duoc,1.0,0.717,0.65,0.217,0.048,0.141,0.0
jpg/image_00481.jpg,khong_phai_goc_nhin_tren_xuong(dai),1.0,1.468,0.848,0.269,0.02,0.111,0.0
jpg/image_00482.jpg,hoa_sat_bien_khong_crop_duoc,1.0,1.422,0.793,0.259,0.087,0.204,0.0
jpg/image_00483.jpg,nhieu_hoa_hoac_nen_roi,0.586,0.712,0.912,0.302,0.273,0.0,0.034
jpg/image_00484.jpg,nhieu_hoa_hoac_nen_roi,0.777,1.066,0.851,0.371,0.286,0.0,0.0
jpg/image_00486.jpg,hoa_sat_bien_khong_crop_duoc,1.0,1.232,0.718,0.271,0.054,0.13,0.0
jpg/image_00487.jpg,hinh_dang_khong_tron,1.0,1.074,0.549,0.237,0.051,0.0,0.0
jpg/image_00488.jpg,lech_tam,1.0,0.987,0.891,0.409,0.246,0.0,0.0
jpg/image_00492.jpg,hinh_dang_khong_tron,1.0,0.725,0.531,0.179,0.031,0.079,0.0
jpg/image_00496.jpg,hoa_sat_bien_khong_crop_duoc,1.0,1.274,0.71,0.259,0.069,0.135,0.002
jpg/image_00498.jpg,khong_phai_goc_nhin_tren_xuong(dai),1.0,0.44,0.936,0.192,0.075,0.013,0.0
jpg/image_00499.jpg,lech_tam,1.0,0.815,0.862,0.326,0.21,0.095,0.0
jpg/image_00500.jpg,hoa_sat_bien_khong_crop_duoc,1.0,1.432,0.687,0.223,0.067,0.127,0.0
jpg/image_00503.jpg,lech_tam,1.0,1.0,0.987,0.459,0.264,0.0,0.0
jpg/image_00505.jpg,hoa_sat_bien_khong_crop_duoc,1.0,0.856,0.797,0.317,0.094,0.127,0.0
jpg/image_00506.jpg,hoa_sat_bien_khong_crop_duoc,1.0,1.362,0.758,0.259,0.018,0.142,0.0
jpg/image_00507.jpg,hoa_sat_bien_khong_crop_duoc,1.0,0.788,0.966,0.354,0.076,0.126,0.0
jpg/image_00509.jpg,hoa_sat_bien_khong_crop_duoc,1.0,1.226,0.777,0.295,0.053,0.138,0.0
jpg/image_00510.jpg,hoa_sat_bien_khong_crop_duoc,1.0,1.662,0.625,0.175,0.065,0.175,0.0
jpg/image_00511.jpg,hoa_sat_bien_khong_crop_duoc,1.0,1.395,0.772,0.257,0.034,0.152,0.0
jpg/image_00515.jpg,nhieu_hoa_hoac_nen_roi,113.0,0.348,0.782,0.126,0.376,0.0,0.089
jpg/image_00516.jpg,hoa_sat_bien_khong_crop_duoc,1.0,1.341,0.752,0.26,0.014,0.124,0.0
jpg/image_00518.jpg,lech_tam,1.0,0.952,0.62,0.274,0.25,0.018,0.0
jpg/image_00520.jpg,nhieu_hoa_hoac_nen_roi,0.771,1.233,0.857,0.323,0.158,0.042,0.071
jpg/image_00522.jpg,hoa_sat_bien_khong_crop_duoc,1.0,1.228,0.922,0.349,0.072,0.146,0.0
jpg/image_00524.jpg,hoa_sat_bien_khong_crop_duoc,1.0,2.135,0.803,0.175,0.144,0.185,0.0
jpg/image_00525.jpg,hinh_dang_khong_tron,1.0,0.952,0.526,0.233,0.097,0.046,0.0
jpg/image_00527.jpg,hoa_sat_bien_khong_crop_duoc,1.0,1.547,0.948,0.285,0.137,0.214,0.0
jpg/image_00528.jpg,nhieu_hoa_hoac_nen_roi,0.565,0.652,1.02,0.309,0.382,0.04,0.0
jpg/image_00530.jpg,hoa_sat_bien_khong_crop_duoc,1.0,0.756,0.693,0.243,0.095,0.178,0.0
jpg/image_00531.jpg,khong_thay_hoa,,,,,,,
jpg/image_00533.jpg,hoa_sat_bien_khong_crop_duoc,1.0,1.274,0.792,0.289,0.052,0.124,0.0
jpg/image_00534.jpg,hoa_sat_bien_khong_crop_duoc,1.0,1.244,0.926,0.346,0.1,0.157,0.0
jpg/image_00536.jpg,hoa_sat_bien_khong_crop_duoc,1.0,1.434,0.793,0.257,0.056,0.124,0.002
jpg/image_00537.jpg,nhieu_hoa_hoac_nen_roi,0.531,0.699,0.885,0.287,0.325,0.032,0.108
jpg/image_00539.jpg,hoa_sat_bien_khong_crop_duoc,1.0,1.615,0.862,0.248,0.076,0.167,0.0
jpg/image_00540.jpg,hoa_sat_bien_khong_crop_duoc,1.0,1.478,0.962,0.303,0.163,0.193,0.0
jpg/image_00541.jpg,nhieu_hoa_hoac_nen_roi,0.597,0.681,0.858,0.271,0.352,0.06,0.0
jpg/image_00544.jpg,hoa_sat_bien_khong_crop_duoc,1.0,1.43,0.904,0.294,0.073,0.178,0.0
jpg/image_00545.jpg,khong_thay_hoa,,,,,,,
jpg/image_00546.jpg,khong_thay_hoa,,,,,,,
jpg/image_00549.jpg,nhieu_hoa_hoac_nen_roi,0.763,1.215,0.701,0.268,0.298,0.062,0.034
jpg/image_00551.jpg,hoa_sat_bien_khong_crop_duoc,1.0,1.422,0.735,0.24,0.099,0.155,0.0
jpg/image_00553.jpg,hoa_sat_bien_khong_crop_duoc,1.0,1.608,0.825,0.238,0.052,0.161,0.0
jpg/image_00555.jpg,hoa_sat_bien_khong_crop_duoc,1.0,1.295,0.621,0.223,0.119,0.155,0.0
jpg/image_00556.jpg,hoa_sat_bien_khong_crop_duoc,1.0,1.202,0.398,0.154,0.118,0.155,0.0
jpg/image_00557.jpg,hoa_sat_bien_khong_crop_duoc,1.0,0.672,0.92,0.287,0.037,0.16,0.0
jpg/image_00558.jpg,hoa_sat_bien_khong_crop_duoc,1.0,1.566,0.808,0.24,0.106,0.15,0.0
jpg/image_00560.jpg,lech_tam,1.0,0.891,0.728,0.302,0.286,0.0,0.0
jpg/image_00561.jpg,hoa_sat_bien_khong_crop_duoc,1.0,0.609,0.68,0.192,0.095,0.224,0.0
jpg/image_00562.jpg,lech_tam,1.0,0.787,0.914,0.335,0.235,0.118,0.0
jpg/image_00564.jpg,hoa_sat_bien_khong_crop_duoc,1.0,0.79,0.911,0.335,0.057,0.159,0.0
jpg/image_00565.jpg,hoa_sat_bien_khong_crop_duoc,1.0,1.412,0.697,0.229,0.097,0.169,0.0
jpg/image_00567.jpg,lech_tam,1.0,0.915,0.957,0.407,0.235,0.0,0.0
jpg/image_00569.jpg,hoa_sat_bien_khong_crop_duoc,1.0,1.362,0.761,0.26,0.04,0.154,0.0
jpg/image_00570.jpg,khong_thay_hoa,,,,,,,
jpg/image_00573.jpg,khong_phai_goc_nhin_tren_xuong(dai),1.0,0.468,0.964,0.21,0.051,0.053,0.0
jpg/image_00574.jpg,lech_tam,1.0,0.93,0.972,0.42,0.249,0.064,0.001
jpg/image_00580.jpg,hoa_sat_bien_khong_crop_duoc,1.0,0.611,0.822,0.233,0.109,0.144,0.0
jpg/image_00581.jpg,hoa_sat_bien_khong_crop_duoc,1.0,1.532,0.765,0.232,0.079,0.173,0.0
jpg/image_00584.jpg,nhieu_hoa_hoac_nen_roi,0.578,0.772,0.717,0.257,0.29,0.043,0.0
jpg/image_00586.jpg,khong_phai_goc_nhin_tren_xuong(dai),1.0,0.485,1.025,0.231,0.175,0.101,0.0
jpg/image_00588.jpg,hoa_sat_bien_khong_crop_duoc,1.0,0.585,0.755,0.205,0.109,0.168,0.0
jpg/image_00593.jpg,hoa_sat_bien_khong_crop_duoc,1.0,0.719,0.798,0.267,0.026,0.125,0.0
jpg/image_00595.jpg,khong_phai_goc_nhin_tren_xuong(dai),1.0,0.618,0.943,0.271,0.098,0.092,0.0
jpg/image_00597.jpg,nhieu_hoa_hoac_nen_roi,0.639,0.836,0.958,0.372,0.327,0.028,0.034
jpg/image_00603.jpg,hoa_sat_bien_khong_crop_duoc,1.0,1.284,0.863,0.312,0.026,0.122,0.0
jpg/image_00604.jpg,hoa_sat_bien_khong_crop_duoc,1.0,1.226,0.993,0.376,0.14,0.121,0.0
jpg/image_00605.jpg,hoa_sat_bien_khong_crop_duoc,1.0,1.229,0.937,0.354,0.072,0.121,0.0
jpg/image_00608.jpg,hoa_sat_bien_khong_crop_duoc,1.0,1.347,1.072,0.37,0.022,0.141,0.0
jpg/image_00610.jpg,hoa_sat_bien_khong_crop_duoc,1.0,1.287,0.659,0.238,0.023,0.127,0.0
jpg/image_00617.jpg,khong_thay_hoa,,,,,,,
jpg/image_00621.jpg,hoa_sat_bien_khong_crop_duoc,0.96,1.286,0.827,0.299,0.063,0.124,0.0
jpg/image_00622.jpg,hoa_sat_bien_khong_crop_duoc,1.0,1.207,0.867,0.334,0.062,0.137,0.0
jpg/image_00623.jpg,khong_thay_hoa,,,,,,,
jpg/image_00626.jpg,hoa_sat_bien_khong_crop_duoc,1.0,1.367,0.838,0.285,0.058,0.142,0.0
jpg/image_00628.jpg,hoa_sat_bien_khong_crop_duoc,1.0,1.42,0.968,0.317,0.043,0.165,0.0
jpg/image_00630.jpg,hoa_sat_bien_khong_crop_duoc,1.0,1.3,1.009,0.361,0.019,0.134,0.0
jpg/image_00635.jpg,hoa_sat_bien_khong_crop_duoc,1.0,1.403,0.728,0.241,0.078,0.181,0.0
jpg/image_00637.jpg,hoa_sat_bien_khong_crop_duoc,1.0,1.2,0.97,0.376,0.068,0.127,0.0
jpg/image_00643.jpg,hoa_sat_bien_khong_crop_duoc,0.862,0.865,0.737,0.296,0.337,0.134,0.0
jpg/image_00646.jpg,hoa_sat_bien_khong_crop_duoc,1.0,1.345,1.005,0.347,0.048,0.151,0.0
jpg/image_00649.jpg,nhieu_hoa_hoac_nen_roi,0.565,0.722,0.785,0.263,0.317,0.0,0.0
jpg/image_00650.jpg,hoa_sat_bien_khong_crop_duoc,1.0,1.316,0.941,0.332,0.024,0.147,0.0
jpg/image_00655.jpg,hoa_sat_bien_khong_crop_duoc,1.0,1.253,0.914,0.339,0.07,0.142,0.0
jpg/image_00657.jpg,hoa_sat_bien_khong_crop_duoc,1.0,1.259,0.929,0.343,0.115,0.127,0.0
jpg/image_00658.jpg,hoa_sat_bien_khong_crop_duoc,1.0,1.689,0.564,0.155,0.054,0.147,0.001
jpg/image_00661.jpg,hoa_sat_bien_khong_crop_duoc,1.0,1.422,0.936,0.306,0.05,0.188,0.0
jpg/image_00662.jpg,hoa_sat_bien_khong_crop_duoc,1.0,1.73,0.97,0.261,0.038,0.198,0.0
jpg/image_00663.jpg,hoa_sat_bien_khong_crop_duoc,1.0,1.241,0.896,0.335,0.063,0.126,0.0
jpg/image_00667.jpg,hoa_sat_bien_khong_crop_duoc,1.0,1.306,0.914,0.325,0.017,0.135,0.0
jpg/image_00671.jpg,hoa_sat_bien_khong_crop_duoc,1.0,1.392,0.814,0.272,0.17,0.17,0.0
jpg/image_00676.jpg,hoa_sat_bien_khong_crop_duoc,1.0,1.253,0.911,0.338,0.025,0.135,0.0
jpg/image_00678.jpg,hoa_sat_bien_khong_crop_duoc,1.0,1.6,0.776,0.225,0.109,0.173,0.004
jpg/image_00680.jpg,lech_tam,1.0,0.897,0.949,0.396,0.266,0.006,0.0
jpg/image_00685.jpg,hoa_sat_bien_khong_crop_duoc,1.0,1.295,1.046,0.376,0.06,0.132,0.0
jpg/image_00689.jpg,trung_lap,1.0,0.844,1.069,0.419,0.023,0.096,0.0
jpg/image_00695.jpg,khong_phai_goc_nhin_tren_xuong(dai),1.0,1.474,0.843,0.266,0.156,0.119,0.015
jpg/image_00696.jpg,hoa_sat_bien_khong_crop_duoc,1.0,1.353,0.745,0.256,0.072,0.147,0.0
jpg/image_00700.jpg,lech_tam,1.0,0.819,0.95,0.362,0.255,0.093,0.0
jpg/image_00702.jpg,lech_tam,1.0,1.012,1.003,0.46,0.25,0.026,0.0
jpg/image_00706.jpg,hoa_sat_bien_khong_crop_duoc,1.0,1.391,0.837,0.28,0.08,0.141,0.0
jpg/image_00709.jpg,hoa_sat_bien_khong_crop_duoc,1.0,1.326,0.966,0.339,0.027,0.142,0.0
jpg/image_00711.jpg,lech_tam,1.0,0.944,0.947,0.415,0.312,0.014,0.0
jpg/image_00712.jpg,hoa_sat_bien_khong_crop_duoc,1.0,1.337,1.019,0.354,0.006,0.138,0.0
jpg/image_00713.jpg,hoa_sat_bien_khong_crop_duoc,1.0,1.316,0.931,0.329,0.019,0.134,0.0
jpg/image_00714.jpg,hoa_sat_bien_khong_crop_duoc,1.0,1.2,0.992,0.384,0.037,0.127,0.0
jpg/image_00715.jpg,hoa_sat_bien_khong_crop_duoc,1.0,1.514,0.827,0.254,0.152,0.16,0.0
jpg/image_00721.jpg,hoa_sat_bien_khong_crop_duoc,1.0,1.714,1.018,0.276,0.147,0.221,0.0
jpg/image_00734.jpg,hoa_sat_bien_khong_crop_duoc,1.0,1.419,0.946,0.31,0.066,0.162,0.0
jpg/image_00735.jpg,hoa_sat_bien_khong_crop_duoc,1.0,1.476,0.801,0.252,0.056,0.161,0.0
jpg/image_00737.jpg,hoa_sat_bien_khong_crop_duoc,1.0,1.262,0.94,0.346,0.095,0.14,0.0
jpg/image_00739.jpg,khong_thay_hoa,,,,,,,
jpg/image_00741.jpg,hoa_sat_bien_khong_crop_duoc,1.0,1.369,0.897,0.305,0.07,0.15,0.0
jpg/image_00743.jpg,hoa_sat_bien_khong_crop_duoc,1.0,1.347,0.865,0.298,0.062,0.15,0.0
jpg/image_00745.jpg,hoa_sat_bien_khong_crop_duoc,1.0,1.671,0.95,0.264,0.097,0.225,0.0
jpg/image_00746.jpg,nhieu_hoa_hoac_nen_roi,0.557,1.169,0.844,0.335,0.277,0.0,0.082
jpg/image_00748.jpg,hoa_sat_bien_khong_crop_duoc,1.0,1.326,1.019,0.357,0.034,0.135,0.0
jpg/image_00751.jpg,khong_thay_hoa,,,,,,,
jpg/image_00752.jpg,lech_tam,1.0,0.964,1.122,0.503,0.195,0.002,0.0
jpg/image_00753.jpg,hoa_sat_bien_khong_crop_duoc,1.0,1.391,0.813,0.272,0.029,0.142,0.0
jpg/image_00756.jpg,khong_thay_hoa,,,,,,,
jpg/image_00760.jpg,hoa_sat_bien_khong_crop_duoc,1.0,0.701,0.801,0.261,0.083,0.155,0.0
jpg/image_00772.jpg,hoa_sat_bien_khong_crop_duoc,1.0,1.226,0.734,0.278,0.037,0.125,0.0
jpg/image_00773.jpg,hoa_sat_bien_khong_crop_duoc,1.0,1.284,1.023,0.37,0.002,0.126,0.0
jpg/image_00776.jpg,khong_thay_hoa,,,,,,,
jpg/image_00777.jpg,hoa_sat_bien_khong_crop_duoc,1.0,1.412,0.813,0.268,0.094,0.183,0.0
jpg/image_00778.jpg,hoa_sat_bien_khong_crop_duoc,1.0,1.316,0.988,0.349,0.03,0.145,0.0
jpg/image_00780.jpg,lech_tam,1.0,1.107,0.91,0.382,0.183,0.063,0.0
jpg/image_00781.jpg,hoa_sat_bien_khong_crop_duoc,1.0,1.803,0.705,0.182,0.109,0.209,0.0
jpg/image_00782.jpg,khong_thay_hoa,,,,,,,
jpg/image_00783.jpg,hoa_sat_bien_khong_crop_duoc,1.0,1.754,0.858,0.227,0.066,0.234,0.0
jpg/image_00785.jpg,lech_tam,1.0,0.974,0.723,0.327,0.276,0.009,0.0
jpg/image_00787.jpg,hoa_sat_bien_khong_crop_duoc,1.0,1.429,0.667,0.217,0.039,0.137,0.0
jpg/image_00788.jpg,hoa_sat_bien_khong_crop_duoc,1.0,1.319,0.808,0.285,0.06,0.166,0.0
jpg/image_00790.jpg,hoa_sat_bien_khong_crop_duoc,1.0,1.47,0.634,0.201,0.023,0.131,0.0
jpg/image_00793.jpg,khong_thay_hoa,,,,,,,
jpg/image_00794.jpg,hoa_sat_bien_khong_crop_duoc,1.0,1.476,0.792,0.249,0.033,0.191,0.0
jpg/image_00795.jpg,hoa_sat_bien_khong_crop_duoc,1.0,1.345,0.763,0.263,0.056,0.14,0.0
jpg/image_00796.jpg,khong_thay_hoa,,,,,,,
jpg/image_00797.jpg,lech_tam,1.0,1.169,0.755,0.3,0.188,0.007,0.0
jpg/image_00798.jpg,hoa_sat_bien_khong_crop_duoc,1.0,1.463,0.782,0.248,0.076,0.2,0.0
jpg/image_00801.jpg,hoa_sat_bien_khong_crop_duoc,1.0,1.347,0.804,0.277,0.022,0.148,0.0
jpg/image_00803.jpg,lech_tam,1.0,1.097,0.752,0.319,0.242,0.014,0.0
jpg/image_00805.jpg,hoa_sat_bien_khong_crop_duoc,0.753,1.462,0.725,0.23,0.178,0.161,0.088
jpg/image_00806.jpg,khong_thay_hoa,,,,,,,
jpg/image_00807.jpg,hoa_sat_bien_khong_crop_duoc,1.0,1.761,0.832,0.219,0.093,0.231,0.0
jpg/image_00808.jpg,khong_thay_hoa,,,,,,,
jpg/image_00810.jpg,khong_thay_hoa,,,,,,,
jpg/image_00812.jpg,hoa_sat_bien_khong_crop_duoc,0.833,1.244,0.733,0.274,0.188,0.173,0.067
jpg/image_00818.jpg,hoa_sat_bien_khong_crop_duoc,1.0,1.281,0.701,0.254,0.059,0.136,0.0
jpg/image_00819.jpg,hoa_sat_bien_khong_crop_duoc,1.0,2.46,0.678,0.128,0.04,0.147,0.0
jpg/image_00820.jpg,khong_thay_hoa,,,,,,,
jpg/image_00822.jpg,hoa_sat_bien_khong_crop_duoc,1.0,1.13,0.873,0.359,0.078,0.122,0.0
jpg/image_00823.jpg,hoa_sat_bien_khong_crop_duoc,1.0,1.196,0.621,0.241,0.096,0.149,0.0
jpg/image_00824.jpg,khong_thay_hoa,,,,,,,
jpg/image_00826.jpg,hoa_sat_bien_khong_crop_duoc,1.0,1.762,0.799,0.211,0.129,0.124,0.0
jpg/image_00827.jpg,hoa_sat_bien_khong_crop_duoc,1.0,1.526,0.703,0.214,0.092,0.128,0.0
jpg/image_00828.jpg,hoa_sat_bien_khong_crop_duoc,1.0,1.186,0.663,0.26,0.063,0.138,0.0
jpg/image_00830.jpg,hoa_sat_bien_khong_crop_duoc,1.0,1.391,0.867,0.29,0.047,0.18,0.0
jpg/image_00833.jpg,khong_phai_goc_nhin_tren_xuong(dai),97.0,2.286,1.103,0.224,0.388,0.0,0.0
jpg/image_00835.jpg,hoa_sat_bien_khong_crop_duoc,1.0,1.524,0.862,0.263,0.051,0.166,0.0
jpg/image_00840.jpg,hoa_sat_bien_khong_crop_duoc,1.0,1.575,0.747,0.22,0.061,0.148,0.0
jpg/image_00841.jpg,hoa_sat_bien_khong_crop_duoc,1.0,1.488,0.968,0.302,0.017,0.155,0.0
jpg/image_00842.jpg,hoa_sat_bien_khong_crop_duoc,1.0,1.464,0.858,0.272,0.071,0.164,0.0
jpg/image_00843.jpg,hoa_sat_bien_khong_crop_duoc,1.0,1.662,0.7,0.196,0.147,0.188,0.0
jpg/image_00844.jpg,khong_phai_goc_nhin_tren_xuong(dai),1.0,1.474,0.758,0.239,0.117,0.042,0.0
jpg/image_00847.jpg,hoa_sat_bien_khong_crop_duoc,1.0,1.295,0.75,0.269,0.038,0.155,0.0
jpg/image_00849.jpg,khong_thay_hoa,,,,,,,
jpg/image_00850.jpg,khong_thay_hoa,,,,,,,
jpg/image_00851.jpg,hoa_sat_bien_khong_crop_duoc,1.0,1.471,0.541,0.171,0.033,0.162,0.0
jpg/image_00852.jpg,hoa_sat_bien_khong_crop_duoc,1.0,1.641,0.716,0.203,0.075,0.155,0.0
jpg/image_00853.jpg,hoa_sat_bien_khong_crop_duoc,1.0,1.42,0.854,0.279,0.059,0.168,0.0
jpg/image_00854.jpg,hoa_sat_bien_khong_crop_duoc,1.0,1.487,0.92,0.288,0.067,0.173,0.0
jpg/image_00855.jpg,hoa_sat_bien_khong_crop_duoc,1.0,1.295,0.828,0.297,0.026,0.14,0.0
jpg/image_00856.jpg,hoa_sat_bien_khong_crop_duoc,1.0,1.34,0.727,0.252,0.098,0.157,0.001
jpg/image_00860.jpg,hoa_sat_bien_khong_crop_duoc,1.0,1.347,0.875,0.302,0.036,0.168,0.0
jpg/image_00861.jpg,lech_tam,1.0,1.432,0.931,0.302,0.201,0.0,0.0
jpg/image_00862.jpg,hoa_sat_bien_khong_crop_duoc,0.845,1.487,0.682,0.213,0.154,0.17,0.0
jpg/image_00863.jpg,hoa_sat_bien_khong_crop_duoc,1.0,1.269,0.936,0.343,0.041,0.143,0.0
jpg/image_00865.jpg,nhieu_hoa_hoac_nen_roi,28.0,1.75,1.273,0.338,0.447,0.0,0.143
jpg/image_00867.jpg,hoa_sat_bien_khong_crop_duoc,1.0,1.902,0.74,0.181,0.229,0.249,0.002
jpg/image_00868.jpg,hoa_sat_bien_khong_crop_duoc,1.0,1.326,0.897,0.314,0.008,0.135,0.0
jpg/image_00869.jpg,khong_thay_hoa,,,,,,,
jpg/image_00870.jpg,hoa_sat_bien_khong_crop_duoc,1.0,1.326,0.794,0.278,0.088,0.166,0.0
jpg/image_00871.jpg,hoa_sat_bien_khong_crop_duoc,1.0,1.28,0.907,0.33,0.051,0.122,0.0
jpg/image_00877.jpg,khong_thay_hoa,,,,,,,
jpg/image_00878.jpg,lech_tam,1.0,0.935,0.721,0.313,0.191,0.04,0.0
jpg/image_00881.jpg,khong_thay_hoa,,,,,,,
jpg/image_00884.jpg,khong_phai_goc_nhin_tren_xuong(dai),1.0,0.679,0.886,0.279,0.113,0.0,0.011
jpg/image_00888.jpg,nhieu_hoa_hoac_nen_roi,0.391,1.146,0.733,0.297,0.308,0.0,0.028
jpg/image_00889.jpg,hoa_sat_bien_khong_crop_duoc,1.0,1.347,0.886,0.306,0.013,0.145,0.0
jpg/image_00891.jpg,khong_phai_goc_nhin_tren_xuong(dai),1.0,1.638,0.77,0.219,0.048,0.108,0.0
jpg/image_00893.jpg,hoa_sat_bien_khong_crop_duoc,1.0,1.803,0.659,0.17,0.053,0.218,0.0
jpg/image_00894.jpg,hoa_sat_bien_khong_crop_duoc,1.0,1.347,0.892,0.308,0.019,0.148,0.0
jpg/image_00895.jpg,hoa_sat_bien_khong_crop_duoc,1.0,1.271,0.721,0.264,0.054,0.149,0.0
jpg/image_00896.jpg,hoa_sat_bien_khong_crop_duoc,1.0,0.748,0.809,0.281,0.081,0.142,0.0
jpg/image_00898.jpg,hoa_sat_bien_khong_crop_duoc,1.0,1.41,0.59,0.195,0.036,0.161,0.0
jpg/image_00899.jpg,lech_tam,1.0,1.136,0.783,0.32,0.312,0.0,0.0
jpg/image_00900.jpg,lech_tam,1.0,1.075,0.608,0.263,0.233,0.0,0.0
jpg/image_00901.jpg,hoa_sat_bien_khong_crop_duoc,1.0,1.743,0.683,0.182,0.009,0.131,0.0
jpg/image_00902.jpg,hoa_sat_bien_khong_crop_duoc,1.0,1.347,0.834,0.288,0.086,0.17,0.0
jpg/image_00903.jpg,nhieu_hoa_hoac_nen_roi,0.514,1.017,0.936,0.428,0.273,0.0,0.0
jpg/image_00904.jpg,hoa_sat_bien_khong_crop_duoc,1.0,1.412,1.007,0.332,0.087,0.177,0.0
jpg/image_00905.jpg,hoa_sat_bien_khong_crop_duoc,1.0,1.376,0.732,0.247,0.072,0.157,0.0
jpg/image_00906.jpg,hoa_sat_bien_khong_crop_duoc,1.0,0.812,0.916,0.346,0.042,0.142,0.0
jpg/image_00907.jpg,hoa_sat_bien_khong_crop_duoc,1.0,1.407,0.681,0.225,0.042,0.161,0.0
jpg/image_00908.jpg,hoa_sat_bien_khong_crop_duoc,1.0,1.561,0.798,0.238,0.018,0.165,0.0
jpg/image_00911.jpg,hoa_sat_bien_khong_crop_duoc,1.0,1.662,0.932,0.261,0.033,0.191,0.0
jpg/image_00912.jpg,hoa_sat_bien_khong_crop_duoc,1.0,0.74,0.84,0.289,0.033,0.129,0.0
jpg/image_00914.jpg,hoa_sat_bien_khong_crop_duoc,1.0,1.33,0.934,0.327,0.057,0.164,0.0
jpg/image_00918.jpg,hoa_sat_bien_khong_crop_duoc,1.0,1.69,0.702,0.193,0.05,0.137,0.0
jpg/image_00919.jpg,hoa_sat_bien_khong_crop_duoc,1.0,0.561,0.753,0.196,0.056,0.163,0.0
jpg/image_00921.jpg,hoa_sat_bien_khong_crop_duoc,1.0,1.211,0.764,0.293,0.084,0.149,0.0
jpg/image_00922.jpg,hoa_sat_bien_khong_crop_duoc,1.0,1.329,0.836,0.292,0.085,0.163,0.0
jpg/image_00925.jpg,nhieu_hoa_hoac_nen_roi,0.566,0.925,0.744,0.32,0.38,0.003,0.0
jpg/image_00926.jpg,hoa_sat_bien_khong_crop_duoc,1.0,1.464,0.856,0.272,0.071,0.164,0.0
jpg/image_00929.jpg,nhieu_hoa_hoac_nen_roi,0.815,0.948,0.645,0.284,0.092,0.047,0.107
jpg/image_00930.jpg,hoa_sat_bien_khong_crop_duoc,1.0,1.123,0.754,0.312,0.074,0.131,0.0
jpg/image_00931.jpg,khong_thay_hoa,,,,,,,
jpg/image_00932.jpg,hoa_sat_bien_khong_crop_duoc,1.0,1.255,0.748,0.277,0.034,0.131,0.0
jpg/image_00933.jpg,hoa_sat_bien_khong_crop_duoc,1.0,1.391,0.807,0.269,0.044,0.163,0.0
jpg/image_00934.jpg,nhieu_hoa_hoac_nen_roi,0.813,0.864,0.672,0.27,0.173,0.062,0.076
jpg/image_00935.jpg,hoa_sat_bien_khong_crop_duoc,1.0,1.364,0.833,0.284,0.126,0.141,0.0
jpg/image_00940.jpg,hoa_sat_bien_khong_crop_duoc,1.0,1.266,0.714,0.262,0.075,0.142,0.0
jpg/image_00941.jpg,hoa_sat_bien_khong_crop_duoc,1.0,1.221,0.75,0.286,0.051,0.13,0.0
jpg/image_00942.jpg,hoa_sat_bien_khong_crop_duoc,1.0,1.284,0.965,0.349,0.055,0.148,0.0
jpg/image_00943.jpg,lech_tam,1.0,0.852,0.773,0.306,0.252,0.0,0.0
jpg/image_00944.jpg,nhieu_hoa_hoac_nen_roi,0.564,1.0,0.823,0.383,0.223,0.0,0.116
jpg/image_00945.jpg,lech_tam,1.0,0.75,0.829,0.289,0.29,0.04,0.0
jpg/image_00946.jpg,hoa_sat_bien_khong_crop_duoc,1.0,1.476,0.814,0.256,0.044,0.177,0.0
jpg/image_00947.jpg,lech_tam,1.0,0.842,0.818,0.32,0.26,0.0,0.0
jpg/image_00948.jpg,lech_tam,1.0,0.817,0.864,0.328,0.226,0.1,0.0
jpg/image_00950.jpg,nhieu_hoa_hoac_nen_roi,0.611,0.602,0.921,0.258,0.338,0.089,0.015
jpg/image_00951.jpg,lech_tam,1.0,0.933,0.795,0.345,0.213,0.023,0.0
jpg/image_00955.jpg,khong_thay_hoa,,,,,,,
jpg/image_00956.jpg,lech_tam,1.0,0.924,0.87,0.374,0.185,0.046,0.0
jpg/image_00959.jpg,nhieu_hoa_hoac_nen_roi,0.633,1.108,0.86,0.361,0.219,0.0,0.043
jpg/image_00960.jpg,nhieu_hoa_hoac_nen_roi,0.896,1.22,0.922,0.351,0.076,0.0,0.057
jpg/image_00969.jpg,hoa_sat_bien_khong_crop_duoc,1.0,1.24,0.827,0.31,0.213,0.135,0.0
jpg/image_00970.jpg,lech_tam,1.0,0.901,0.836,0.35,0.18,0.023,0.0
jpg/image_00972.jpg,nhieu_hoa_hoac_nen_roi,36.0,1.0,0.935,0.435,0.227,0.0,0.268
jpg/image_00981.jpg,hoa_sat_bien_khong_crop_duoc,1.0,1.305,0.692,0.246,0.045,0.129,0.0
jpg/image_00982.jpg,khong_phai_goc_nhin_tren_xuong(dai),1.0,1.548,0.902,0.271,0.048,0.087,0.0
jpg/image_00988.jpg,hoa_sat_bien_khong_crop_duoc,1.0,1.325,0.796,0.279,0.087,0.133,0.0
jpg/image_00991.jpg,hoa_sat_bien_khong_crop_duoc,1.0,1.192,0.812,0.317,0.095,0.143,0.0
jpg/image_00998.jpg,lech_tam,1.0,1.108,0.942,0.395,0.205,0.048,0.0
jpg/image_01008.jpg,hoa_sat_bien_khong_crop_duoc,1.0,1.528,0.746,0.227,0.095,0.193,0.0
jpg/image_01012.jpg,hoa_sat_bien_khong_crop_duoc,1.0,1.185,0.811,0.318,0.14,0.125,0.0
jpg/image_01014.jpg,hoa_sat_bien_khong_crop_duoc,1.0,1.405,0.96,0.318,0.006,0.154,0.0
jpg/image_01018.jpg,hoa_sat_bien_khong_crop_duoc,1.0,1.527,0.716,0.218,0.231,0.182,0.001
jpg/image_01027.jpg,hoa_sat_bien_khong_crop_duoc,1.0,1.716,0.579,0.157,0.056,0.212,0.0
jpg/image_01033.jpg,hoa_sat_bien_khong_crop_duoc,1.0,1.207,0.866,0.333,0.133,0.139,0.0
jpg/image_01037.jpg,hoa_sat_bien_khong_crop_duoc,1.0,1.487,0.872,0.273,0.039,0.173,0.0
jpg/image_01040.jpg,hoa_sat_bien_khong_crop_duoc,1.0,1.306,0.81,0.288,0.096,0.127,0.0
jpg/image_01046.jpg,hoa_sat_bien_khong_crop_duoc,1.0,1.25,0.884,0.329,0.081,0.146,0.0
jpg/image_01047.jpg,lech_tam,1.0,1.0,0.826,0.384,0.189,0.027,0.0
jpg/image_01048.jpg,hoa_sat_bien_khong_crop_duoc,1.0,1.237,0.631,0.237,0.098,0.138,0.0
jpg/image_01049.jpg,khong_phai_goc_nhin_tren_xuong(dai),0.868,1.542,0.753,0.227,0.27,0.038,0.016
jpg/image_01050.jpg,nhieu_hoa_hoac_nen_roi,0.618,0.952,0.803,0.355,0.097,0.0,0.066
jpg/image_01051.jpg,hoa_sat_bien_khong_crop_duoc,1.0,1.512,0.801,0.246,0.064,0.203,0.0
jpg/image_01052.jpg,hoa_sat_bien_khong_crop_duoc,1.0,1.862,0.823,0.205,0.052,0.198,0.0
jpg/image_01057.jpg,hoa_sat_bien_khong_crop_duoc,1.0,0.766,0.8,0.285,0.107,0.143,0.0
jpg/image_01059.jpg,hoa_sat_bien_khong_crop_duoc,1.0,0.812,0.869,0.328,0.107,0.15,0.0
jpg/image_01063.jpg,hoa_sat_bien_khong_crop_duoc,1.0,1.298,0.844,0.302,0.061,0.155,0.0
jpg/image_01067.jpg,hoa_sat_bien_khong_crop_duoc,1.0,0.778,0.646,0.233,0.043,0.149,0.0
jpg/image_01068.jpg,lech_tam,1.0,0.923,0.761,0.326,0.259,0.036,0.0
jpg/image_01069.jpg,hoa_sat_bien_khong_crop_duoc,1.0,0.785,0.916,0.334,0.069,0.135,0.0
jpg/image_01073.jpg,hoa_sat_bien_khong_crop_duoc,1.0,0.63,0.676,0.198,0.115,0.203,0.0
jpg/image_01074.jpg,khong_phai_goc_nhin_tren_xuong(dai),1.0,0.693,0.867,0.279,0.062,0.106,0.0
jpg/image_01075.jpg,hoa_sat_bien_khong_crop_duoc,1.0,1.481,0.737,0.231,0.021,0.151,0.0
jpg/image_01082.jpg,nhieu_hoa_hoac_nen_roi,0.779,0.785,0.793,0.289,0.14,0.042,0.028
jpg/image_01083.jpg,hoa_sat_bien_khong_crop_duoc,1.0,0.689,0.73,0.234,0.089,0.223,0.0
jpg/image_01084.jpg,hoa_sat_bien_khong_crop_duoc,1.0,0.722,0.697,0.234,0.061,0.159,0.0
jpg/image_01085.jpg,hoa_sat_bien_khong_crop_duoc,1.0,0.691,0.848,0.272,0.09,0.133,0.0
jpg/image_01086.jpg,hoa_sat_bien_khong_crop_duoc,1.0,1.535,0.838,0.254,0.075,0.179,0.0
jpg/image_01087.jpg,lech_tam,1.0,1.268,0.775,0.284,0.254,0.093,0.0
jpg/image_01088.jpg,hoa_sat_bien_khong_crop_duoc,1.0,1.284,0.748,0.271,0.08,0.142,0.0
jpg/image_01089.jpg,hoa_sat_bien_khong_crop_duoc,1.0,1.486,0.684,0.214,0.058,0.129,0.0
jpg/image_01093.jpg,khong_phai_goc_nhin_tren_xuong(dai),1.0,1.827,0.681,0.173,0.074,0.113,0.0
jpg/image_01096.jpg,khong_phai_goc_nhin_tren_xuong(dai),1.0,1.632,0.735,0.209,0.109,0.067,0.0
jpg/image_01101.jpg,hoa_sat_bien_khong_crop_duoc,1.0,1.214,0.703,0.269,0.105,0.153,0.0
jpg/image_01102.jpg,hoa_sat_bien_khong_crop_duoc,1.0,1.506,0.801,0.247,0.055,0.195,0.0
jpg/image_01105.jpg,khong_thay_hoa,,,,,,,
jpg/image_01106.jpg,hoa_sat_bien_khong_crop_duoc,1.0,0.745,0.719,0.249,0.066,0.157,0.0
jpg/image_01113.jpg,lech_tam,1.0,0.863,0.8,0.321,0.201,0.086,0.0
jpg/image_01115.jpg,hoa_sat_bien_khong_crop_duoc,1.0,1.37,0.779,0.264,0.139,0.145,0.0
jpg/image_01117.jpg,lech_tam,1.0,1.2,0.856,0.331,0.238,0.101,0.0
jpg/image_01121.jpg,hoa_sat_bien_khong_crop_duoc,1.0,1.173,0.709,0.281,0.063,0.121,0.0
jpg/image_01128.jpg,khong_thay_hoa,,,,,,,
jpg/image_01130.jpg,hoa_sat_bien_khong_crop_duoc,1.0,1.513,0.586,0.18,0.034,0.166,0.0
jpg/image_01136.jpg,khong_thay_hoa,,,,,,,
jpg/image_01138.jpg,hinh_dang_khong_tron,1.0,1.077,0.527,0.228,0.155,0.036,0.0
jpg/image_01143.jpg,khong_phai_goc_nhin_tren_xuong(dai),1.0,1.54,0.93,0.281,0.05,0.099,0.0
jpg/image_01148.jpg,lech_tam,1.0,1.103,0.754,0.318,0.186,0.042,0.0
jpg/image_01149.jpg,hoa_sat_bien_khong_crop_duoc,1.0,1.405,0.856,0.283,0.098,0.161,0.0
jpg/image_01150.jpg,lech_tam,1.0,1.324,0.877,0.308,0.203,0.074,0.0
jpg/image_01156.jpg,hoa_sat_bien_khong_crop_duoc,1.0,1.342,0.864,0.299,0.1,0.157,0.0
jpg/image_01160.jpg,hoa_sat_bien_khong_crop_duoc,1.0,1.537,0.695,0.21,0.036,0.132,0.0
jpg/image_01164.jpg,hoa_sat_bien_khong_crop_duoc,1.0,1.34,0.986,0.342,0.043,0.156,0.0
jpg/image_01166.jpg,nhieu_hoa_hoac_nen_roi,0.87,0.944,0.828,0.363,0.116,0.0,0.068
jpg/image_01167.jpg,hoa_sat_bien_khong_crop_duoc,1.0,1.189,0.849,0.332,0.155,0.137,0.002
jpg/image_01168.jpg,hoa_sat_bien_khong_crop_duoc,1.0,1.435,0.804,0.26,0.038,0.187,0.0
jpg/image_01171.jpg,hoa_sat_bien_khong_crop_duoc,1.0,1.316,0.952,0.336,0.028,0.14,0.0
jpg/image_01172.jpg,hoa_sat_bien_khong_crop_duoc,1.0,1.326,0.901,0.316,0.03,0.158,0.0
jpg/image_01173.jpg,nhieu_hoa_hoac_nen_roi,0.561,0.887,0.861,0.355,0.357,0.002,0.0
jpg/image_01176.jpg,lech_tam,1.0,0.7,0.933,0.304,0.185,0.0,0.0
jpg/image_01177.jpg,hoa_sat_bien_khong_crop_duoc,1.0,1.371,0.873,0.296,0.069,0.163,0.0
jpg/image_01178.jpg,hoa_sat_bien_khong_crop_duoc,1.0,1.442,0.815,0.263,0.172,0.125,0.0
jpg/image_01179.jpg,lech_tam,1.0,1.136,0.765,0.313,0.289,0.005,0.0
jpg/image_01180.jpg,lech_tam,1.0,0.95,0.943,0.417,0.197,0.0,0.0
jpg/image_01182.jpg,hoa_sat_bien_khong_crop_duoc,1.0,1.471,0.843,0.267,0.04,0.195,0.0
jpg/image_01183.jpg,khong_phai_goc_nhin_tren_xuong(dai),1.0,0.693,0.86,0.277,0.186,0.022,0.0
jpg/image_01187.jpg,khong_phai_goc_nhin_tren_xuong(dai),1.0,1.542,0.654,0.197,0.015,0.098,0.0
jpg/image_01193.jpg,lech_tam,1.0,1.039,0.962,0.43,0.181,0.007,0.0
jpg/image_01195.jpg,hoa_sat_bien_khong_crop_duoc,1.0,1.386,0.758,0.254,0.058,0.18,0.0
jpg/image_01196.jpg,lech_tam,1.0,0.8,0.972,0.361,0.242,0.0,0.0
jpg/image_01197.jpg,hoa_sat_bien_khong_crop_duoc,1.0,1.453,0.913,0.292,0.116,0.147,0.0
jpg/image_01198.jpg,lech_tam,1.0,1.443,0.846,0.272,0.199,0.094,0.0
jpg/image_01199.jpg,hoa_sat_bien_khong_crop_duoc,1.0,1.244,0.954,0.356,0.112,0.129,0.0
jpg/image_01203.jpg,hoa_sat_bien_khong_crop_duoc,1.0,1.543,0.83,0.25,0.076,0.168,0.0
jpg/image_01204.jpg,hoa_sat_bien_khong_crop_duoc,1.0,1.265,1.031,0.379,0.05,0.137,0.0
jpg/image_01205.jpg,hoa_sat_bien_khong_crop_duoc,1.0,1.354,0.703,0.241,0.09,0.146,0.0
jpg/image_01206.jpg,hoa_sat_bien_khong_crop_duoc,1.0,1.203,0.832,0.322,0.063,0.125,0.0
jpg/image_01207.jpg,hoa_sat_bien_khong_crop_duoc,1.0,1.532,0.748,0.227,0.028,0.151,0.0
jpg/image_01209.jpg,khong_thay_hoa,,,,,,,
jpg/image_01210.jpg,hoa_sat_bien_khong_crop_duoc,1.0,1.48,0.958,0.301,0.099,0.163,0.0
jpg/image_01213.jpg,lech_tam,1.0,1.113,0.965,0.403,0.247,0.035,0.0
jpg/image_01215.jpg,hoa_sat_bien_khong_crop_duoc,1.0,1.443,0.954,0.307,0.166,0.131,0.0
jpg/image_01217.jpg,hoa_sat_bien_khong_crop_duoc,1.0,1.494,0.768,0.239,0.042,0.12,0.0
jpg/image_01223.jpg,hoa_sat_bien_khong_crop_duoc,1.0,1.5,0.77,0.239,0.04,0.182,0.0
jpg/image_01225.jpg,hoa_sat_bien_khong_crop_duoc,1.0,1.286,0.798,0.288,0.064,0.127,0.0
jpg/image_01229.jpg,hoa_sat_bien_khong_crop_duoc,1.0,1.455,0.856,0.273,0.012,0.144,0.0
jpg/image_01233.jpg,hoa_sat_bien_khong_crop_duoc,1.0,1.406,0.632,0.209,0.047,0.142,0.002
jpg/image_01234.jpg,trung_lap,1.0,1.016,0.774,0.354,0.132,0.0,0.0
jpg/image_01235.jpg,hoa_sat_bien_khong_crop_duoc,1.0,1.398,0.861,0.286,0.095,0.144,0.0
jpg/image_01236.jpg,hoa_sat_bien_khong_crop_duoc,1.0,1.481,0.818,0.257,0.011,0.157,0.0
jpg/image_01240.jpg,hoa_sat_bien_khong_crop_duoc,1.0,1.227,0.754,0.286,0.054,0.132,0.0
jpg/image_01241.jpg,khong_phai_goc_nhin_tren_xuong(dai),1.0,1.8,0.763,0.197,0.104,0.052,0.001
jpg/image_01242.jpg,lech_tam,1.0,0.933,0.934,0.405,0.244,0.01,0.0
jpg/image_01245.jpg,lech_tam,1.0,1.136,0.79,0.323,0.298,0.042,0.0
jpg/image_01247.jpg,hoa_sat_bien_khong_crop_duoc,1.0,1.369,0.929,0.315,0.061,0.143,0.0
jpg/image_01249.jpg,hoa_sat_bien_khong_crop_duoc,1.0,1.4,0.737,0.245,0.109,0.16,0.0
jpg/image_01252.jpg,hoa_sat_bien_khong_crop_duoc,1.0,1.507,0.834,0.257,0.068,0.157,0.0
jpg/image_01253.jpg,hoa_sat_bien_khong_crop_duoc,1.0,1.667,0.975,0.272,0.074,0.219,0.0
jpg/image_01255.jpg,hoa_sat_bien_khong_crop_duoc,1.0,1.298,0.921,0.33,0.08,0.167,0.0
jpg/image_01256.jpg,hoa_sat_bien_khong_crop_duoc,1.0,1.407,0.878,0.29,0.049,0.178,0.0
jpg/image_01258.jpg,hoa_sat_bien_khong_crop_duoc,1.0,1.42,0.783,0.256,0.053,0.131,0.0
jpg/image_01262.jpg,lech_tam,1.0,1.057,0.85,0.374,0.196,0.0,0.0
jpg/image_01264.jpg,trung_lap,1.0,1.022,0.765,0.348,0.129,0.0,0.0
jpg/image_01266.jpg,lech_tam,1.0,0.817,0.695,0.264,0.424,0.109,0.005
jpg/image_01273.jpg,hoa_sat_bien_khong_crop_duoc,1.0,1.284,0.948,0.343,0.039,0.153,0.0
jpg/image_01276.jpg,lech_tam,1.0,0.705,0.92,0.302,0.196,0.107,0.0
jpg/image_01279.jpg,hoa_sat_bien_khong_crop_duoc,1.0,1.362,0.885,0.302,0.051,0.145,0.0
jpg/image_01284.jpg,hoa_sat_bien_khong_crop_duoc,1.0,1.5,0.919,0.285,0.009,0.18,0.0
jpg/image_01286.jpg,hoa_sat_bien_khong_crop_duoc,1.0,1.189,1.036,0.405,0.083,0.124,0.0
jpg/image_01292.jpg,hoa_sat_bien_khong_crop_duoc,1.0,1.557,0.881,0.263,0.012,0.171,0.0
jpg/image_01296.jpg,hoa_sat_bien_khong_crop_duoc,1.0,1.36,0.874,0.299,0.045,0.154,0.0
jpg/image_01301.jpg,hoa_sat_bien_khong_crop_duoc,1.0,1.393,1.022,0.341,0.071,0.155,0.0
jpg/image_01305.jpg,hoa_sat_bien_khong_crop_duoc,1.0,1.422,1.009,0.33,0.05,0.178,0.0
jpg/image_01310.jpg,lech_tam,1.0,1.043,0.725,0.323,0.2,0.089,0.005
jpg/image_01314.jpg,nhieu_hoa_hoac_nen_roi,9.0,1.0,1.273,0.592,0.096,0.0,0.562
jpg/image_01315.jpg,hoa_sat_bien_khong_crop_duoc,1.0,0.562,0.888,0.232,0.093,0.164,0.0
jpg/image_01317.jpg,hoa_sat_bien_khong_crop_duoc,1.0,1.91,0.676,0.165,0.143,0.224,0.0
jpg/image_01318.jpg,hoa_sat_bien_khong_crop_duoc,1.0,2.155,0.82,0.177,0.143,0.246,0.0
jpg/image_01319.jpg,nhieu_hoa_hoac_nen_roi,0.515,0.778,0.944,0.341,0.346,0.0,0.0
jpg/image_01320.jpg,khong_thay_hoa,,,,,,,
jpg/image_01321.jpg,khong_thay_hoa,,,,,,,
jpg/image_01322.jpg,khong_thay_hoa,,,,,,,
jpg/image_01323.jpg,lech_tam,1.0,0.826,1.057,0.406,0.2,0.075,0.0
jpg/image_01324.jpg,lech_tam,1.0,0.94,0.891,0.389,0.211,0.064,0.0
jpg/image_01325.jpg,khong_thay_hoa,,,,,,,
jpg/image_01327.jpg,khong_thay_hoa,,,,,,,
jpg/image_01333.jpg,hoa_sat_bien_khong_crop_duoc,1.0,0.546,0.845,0.214,0.024,0.16,0.0
jpg/image_01334.jpg,hoa_sat_bien_khong_crop_duoc,1.0,0.694,0.684,0.221,0.016,0.173,0.0
jpg/image_01335.jpg,lech_tam,1.0,0.79,0.942,0.346,0.328,0.0,0.0
jpg/image_01336.jpg,khong_thay_hoa,,,,,,,
jpg/image_01338.jpg,hoa_sat_bien_khong_crop_duoc,1.0,0.519,0.748,0.18,0.094,0.161,0.0
jpg/image_01339.jpg,lech_tam,1.0,1.07,0.987,0.429,0.365,0.0,0.0
jpg/image_01346.jpg,hoa_sat_bien_khong_crop_duoc,1.0,1.214,0.974,0.373,0.046,0.134,0.0
jpg/image_01347.jpg,lech_tam,1.0,1.0,0.878,0.408,0.265,0.004,0.0
jpg/image_01349.jpg,hoa_sat_bien_khong_crop_duoc,1.0,1.347,0.844,0.291,0.111,0.138,0.0
jpg/image_01351.jpg,hoa_sat_bien_khong_crop_duoc,1.0,1.286,0.893,0.323,0.068,0.17,0.0
jpg/image_01354.jpg,hoa_sat_bien_khong_crop_duoc,1.0,0.578,0.825,0.222,0.052,0.202,0.0
jpg/image_01355.jpg,lech_tam,1.0,1.358,0.84,0.287,0.236,0.054,0.0
jpg/image_01357.jpg,nhieu_hoa_hoac_nen_roi,0.502,0.711,0.914,0.302,0.413,0.093,0.11
jpg/image_01359.jpg,hoa_sat_bien_khong_crop_duoc,0.653,0.603,0.917,0.257,0.26,0.181,0.048
jpg/image_01360.jpg,hoa_sat_bien_khong_crop_duoc,1.0,0.641,0.895,0.267,0.111,0.13,0.0
jpg/image_01363.jpg,khong_thay_hoa,,,,,,,
jpg/image_01365.jpg,khong_thay_hoa,,,,,,,
jpg/image_01370.jpg,hoa_sat_bien_khong_crop_duoc,1.0,1.422,0.904,0.295,0.033,0.176,0.0
jpg/image_01372.jpg,khong_thay_hoa,,,,,,,
jpg/image_01373.jpg,lech_tam,1.0,0.857,0.95,0.378,0.476,0.0,0.0
jpg/image_01374.jpg,hoa_sat_bien_khong_crop_duoc,1.0,1.36,0.627,0.214,0.114,0.139,0.0
jpg/image_01375.jpg,khong_thay_hoa,,,,,,,
jpg/image_01376.jpg,hoa_sat_bien_khong_crop_duoc,1.0,1.455,0.717,0.229,0.055,0.197,0.0
jpg/image_01377.jpg,hoa_sat_bien_khong_crop_duoc,1.0,0.844,0.879,0.345,0.063,0.124,0.0
jpg/image_01379.jpg,hoa_sat_bien_khong_crop_duoc,1.0,1.225,0.681,0.258,0.14,0.126,0.0
jpg/image_01381.jpg,lech_tam,1.0,1.102,0.735,0.31,0.211,0.0,0.0
jpg/image_01386.jpg,lech_tam,1.0,0.852,0.96,0.38,0.267,0.069,0.0
jpg/image_01387.jpg,lech_tam,1.0,1.09,0.835,0.356,0.223,0.067,0.0
jpg/image_01389.jpg,hoa_sat_bien_khong_crop_duoc,1.0,1.376,0.691,0.233,0.059,0.164,0.0
jpg/image_01393.jpg,khong_thay_hoa,,,,,,,
jpg/image_01395.jpg,lech_tam,1.0,1.117,0.824,0.343,0.219,0.06,0.0
jpg/image_01397.jpg,lech_tam,1.0,1.0,0.677,0.315,0.222,0.059,0.005
jpg/image_01399.jpg,nhieu_hoa_hoac_nen_roi,0.516,0.797,0.806,0.298,0.287,0.116,0.079
jpg/image_01402.jpg,hoa_sat_bien_khong_crop_duoc,1.0,0.569,0.764,0.202,0.035,0.163,0.0
jpg/image_01404.jpg,nhieu_hoa_hoac_nen_roi,0.802,0.817,0.751,0.285,0.332,0.0,0.09
jpg/image_01407.jpg,hoa_sat_bien_khong_crop_duoc,1.0,1.494,0.676,0.21,0.067,0.184,0.0
jpg/image_01409.jpg,hoa_sat_bien_khong_crop_duoc,1.0,1.592,0.691,0.202,0.098,0.187,0.0
jpg/image_01410.jpg,hoa_sat_bien_khong_crop_duoc,1.0,1.229,0.737,0.279,0.049,0.132,0.0
jpg/image_01413.jpg,hoa_sat_bien_khong_crop_duoc,1.0,1.375,0.808,0.273,0.126,0.172,0.0
jpg/image_01414.jpg,khong_phai_goc_nhin_tren_xuong(dai),1.0,0.667,0.817,0.253,0.06,0.0,0.0
jpg/image_01416.jpg,hoa_sat_bien_khong_crop_duoc,1.0,0.492,0.799,0.183,0.113,0.234,0.0
jpg/image_01417.jpg,hoa_sat_bien_khong_crop_duoc,1.0,1.542,0.76,0.229,0.038,0.207,0.0
jpg/image_01421.jpg,lech_tam,1.0,1.088,0.796,0.34,0.226,0.0,0.0
jpg/image_01427.jpg,hoa_sat_bien_khong_crop_duoc,1.0,1.262,0.807,0.297,0.096,0.149,0.0
jpg/image_01433.jpg,hoa_sat_bien_khong_crop_duoc,1.0,1.964,0.628,0.149,0.074,0.178,0.0
jpg/image_01436.jpg,khong_thay_hoa,,,,,,,
jpg/image_01437.jpg,hoa_sat_bien_khong_crop_duoc,1.0,1.432,0.814,0.264,0.123,0.132,0.0
jpg/image_01438.jpg,lech_tam,1.0,1.017,0.62,0.283,0.281,0.0,0.0
jpg/image_01440.jpg,hoa_sat_bien_khong_crop_duoc,1.0,1.261,0.759,0.28,0.129,0.12,0.002
jpg/image_01441.jpg,lech_tam,1.0,0.849,0.805,0.318,0.206,0.047,0.0
jpg/image_01443.jpg,hoa_sat_bien_khong_crop_duoc,1.0,0.831,0.771,0.298,0.187,0.126,0.0
jpg/image_01444.jpg,lech_tam,1.0,0.854,0.797,0.316,0.231,0.0,0.0
jpg/image_01445.jpg,khong_thay_hoa,,,,,,,
jpg/image_01446.jpg,lech_tam,1.0,0.877,0.724,0.295,0.294,0.006,0.0
jpg/image_01447.jpg,hoa_sat_bien_khong_crop_duoc,1.0,1.561,0.692,0.206,0.048,0.175,0.0
jpg/image_01448.jpg,nhieu_hoa_hoac_nen_roi,0.575,1.16,0.744,0.298,0.337,0.0,0.0
jpg/image_01449.jpg,hoa_sat_bien_khong_crop_duoc,1.0,1.583,0.704,0.207,0.089,0.185,0.0
jpg/image_01450.jpg,nhieu_hoa_hoac_nen_roi,0.778,0.922,0.831,0.356,0.272,0.0,0.014
jpg/image_01452.jpg,khong_phai_goc_nhin_tren_xuong(dai),1.0,1.717,0.694,0.188,0.099,0.075,0.0
jpg/image_01453.jpg,khong_thay_hoa,,,,,,,
jpg/image_01454.jpg,nhieu_hoa_hoac_nen_roi,0.584,1.02,0.552,0.251,0.334,0.0,0.0
jpg/image_01455.jpg,lech_tam,1.0,0.898,0.751,0.313,0.231,0.0,0.0
jpg/image_01459.jpg,lech_tam,1.0,1.128,0.791,0.326,0.228,0.072,0.0
jpg/image_01460.jpg,khong_thay_hoa,,,,,,,
jpg/image_01461.jpg,khong_phai_goc_nhin_tren_xuong(dai),1.0,1.478,0.647,0.204,0.049,0.103,0.0
jpg/image_01462.jpg,hoa_sat_bien_khong_crop_duoc,1.0,2.083,0.557,0.124,0.484,0.19,0.0
jpg/image_01463.jpg,lech_tam,1.0,1.302,0.733,0.262,0.257,0.119,0.0
jpg/image_01467.jpg,khong_phai_goc_nhin_tren_xuong(dai),1.0,1.5,0.734,0.227,0.002,0.0,0.0
jpg/image_01470.jpg,khong_thay_hoa,,,,,,,
jpg/image_01472.jpg,lech_tam,0.893,0.967,0.708,0.318,0.308,0.0,0.0
jpg/image_01474.jpg,nhieu_hoa_hoac_nen_roi,0.525,0.948,0.688,0.303,0.233,0.0,0.1
jpg/image_01476.jpg,hoa_sat_bien_khong_crop_duoc,1.0,1.354,0.826,0.284,0.239,0.178,0.0
jpg/image_01479.jpg,hoa_sat_bien_khong_crop_duoc,1.0,1.371,0.833,0.282,0.155,0.171,0.0
jpg/image_01480.jpg,hoa_sat_bien_khong_crop_duoc,1.0,1.407,0.984,0.325,0.027,0.174,0.0
jpg/image_01481.jpg,hoa_sat_bien_khong_crop_duoc,1.0,1.44,0.673,0.217,0.058,0.176,0.0
jpg/image_01484.jpg,khong_thay_hoa,,,,,,,
jpg/image_01485.jpg,hoa_sat_bien_khong_crop_duoc,1.0,1.407,0.778,0.257,0.016,0.166,0.0
jpg/image_01486.jpg,khong_thay_hoa,,,,,,,
jpg/image_01487.jpg,khong_thay_hoa,,,,,,,
jpg/image_01488.jpg,nhieu_hoa_hoac_nen_roi,0.556,0.755,0.716,0.251,0.135,0.0,0.092
jpg/image_01489.jpg,nhieu_hoa_hoac_nen_roi,0.453,1.333,0.921,0.321,0.253,0.055,0.1
jpg/image_01490.jpg,trung_lap,1.0,0.989,0.824,0.379,0.11,0.062,0.0
jpg/image_01491.jpg,hoa_sat_bien_khong_crop_duoc,1.0,0.906,0.784,0.33,0.088,0.129,0.0
jpg/image_01492.jpg,lech_tam,106.0,1.214,0.567,0.217,0.317,0.0,0.0
jpg/image_01493.jpg,nhieu_hoa_hoac_nen_roi,24.0,2.667,1.273,0.222,0.189,0.0,0.094
jpg/image_01495.jpg,hoa_sat_bien_khong_crop_duoc,1.0,1.362,0.878,0.3,0.066,0.182,0.0
jpg/image_01496.jpg,hoa_sat_bien_khong_crop_duoc,1.0,0.789,0.885,0.324,0.063,0.145,0.0
jpg/image_01498.jpg,khong_thay_hoa,,,,,,,
jpg/image_01500.jpg,khong_thay_hoa,,,,,,,
jpg/image_01501.jpg,lech_tam,1.0,1.267,0.809,0.297,0.191,0.097,0.003
jpg/image_01502.jpg,khong_thay_hoa,,,,,,,
jpg/image_01503.jpg,khong_thay_hoa,,,,,,,
jpg/image_01505.jpg,khong_thay_hoa,,,,,,,
jpg/image_01506.jpg,khong_thay_hoa,,,,,,,
jpg/image_01509.jpg,nhieu_hoa_hoac_nen_roi,32.0,0.857,0.97,0.386,0.405,0.0,0.196
jpg/image_01514.jpg,khong_thay_hoa,,,,,,,
jpg/image_01515.jpg,hoa_sat_bien_khong_crop_duoc,1.0,1.639,0.871,0.247,0.088,0.174,0.0
jpg/image_01516.jpg,khong_phai_goc_nhin_tren_xuong(dai),1.0,0.436,0.78,0.158,0.03,0.0,0.0
jpg/image_01517.jpg,khong_thay_hoa,,,,,,,
jpg/image_01518.jpg,hoa_sat_bien_khong_crop_duoc,1.0,2.016,0.759,0.175,0.209,0.238,0.0
jpg/image_01521.jpg,khong_thay_hoa,,,,,,,
jpg/image_01522.jpg,hoa_sat_bien_khong_crop_duoc,1.0,1.348,0.688,0.237,0.057,0.166,0.0
jpg/image_01523.jpg,lech_tam,55.0,1.111,0.778,0.325,0.326,0.0,0.045
jpg/image_01524.jpg,khong_thay_hoa,,,,,,,
jpg/image_01525.jpg,hoa_sat_bien_khong_crop_duoc,1.0,1.208,0.792,0.305,0.092,0.173,0.0
jpg/image_01526.jpg,khong_thay_hoa,,,,,,,
jpg/image_01527.jpg,khong_thay_hoa,,,,,,,
jpg/image_01528.jpg,lech_tam,1.0,1.111,0.796,0.333,0.371,0.0,0.0
jpg/image_01529.jpg,khong_thay_hoa,,,,,,,
jpg/image_01530.jpg,khong_thay_hoa,,,,,,,
jpg/image_01532.jpg,hoa_sat_bien_khong_crop_duoc,1.0,1.764,0.781,0.206,0.067,0.178,0.0
jpg/image_01533.jpg,hoa_sat_bien_khong_crop_duoc,1.0,1.278,0.823,0.3,0.089,0.133,0.0
jpg/image_01535.jpg,hoa_sat_bien_khong_crop_duoc,1.0,1.094,0.919,0.39,0.078,0.126,0.0
jpg/image_01536.jpg,khong_thay_hoa,,,,,,,
jpg/image_01538.jpg,hoa_sat_bien_khong_crop_duoc,1.0,1.337,0.971,0.337,0.059,0.158,0.0
jpg/image_01540.jpg,hoa_sat_bien_khong_crop_duoc,1.0,1.58,0.836,0.246,0.112,0.223,0.0
jpg/image_01543.jpg,hoa_sat_bien_khong_crop_duoc,1.0,1.232,0.917,0.346,0.064,0.125,0.0
jpg/image_01545.jpg,hoa_sat_bien_khong_crop_duoc,1.0,1.305,0.821,0.292,0.078,0.131,0.0
jpg/image_01546.jpg,hoa_sat_bien_khong_crop_duoc,1.0,1.333,0.734,0.256,0.094,0.192,0.0
jpg/image_01547.jpg,hoa_sat_bien_khong_crop_duoc,1.0,1.284,0.943,0.341,0.05,0.134,0.0
jpg/image_01548.jpg,khong_thay_hoa,,,,,,,
jpg/image_01549.jpg,khong_thay_hoa,,,,,,,
jpg/image_01550.jpg,khong_thay_hoa,,,,,,,
jpg/image_01551.jpg,khong_phai_goc_nhin_tren_xuong(dai),1.0,1.667,0.889,0.248,0.177,0.0,0.0
jpg/image_01552.jpg,khong_phai_goc_nhin_tren_xuong(dai),36.0,1.8,1.019,0.263,0.199,0.0,0.037
jpg/image_01553.jpg,lech_tam,1.0,1.044,0.921,0.41,0.234,0.0,0.0
jpg/image_01554.jpg,khong_thay_hoa,,,,,,,
jpg/image_01555.jpg,khong_thay_hoa,,,,,,,
jpg/image_01558.jpg,khong_thay_hoa,,,,,,,
jpg/image_01559.jpg,hoa_sat_bien_khong_crop_duoc,1.0,1.53,0.719,0.218,0.048,0.212,0.0
jpg/image_01560.jpg,khong_thay_hoa,,,,,,,
jpg/image_01561.jpg,khong_thay_hoa,,,,,,,
jpg/image_01565.jpg,hoa_sat_bien_khong_crop_duoc,1.0,1.253,0.871,0.323,0.014,0.126,0.0
jpg/image_01567.jpg,khong_thay_hoa,,,,,,,
jpg/image_01568.jpg,khong_thay_hoa,,,,,,,
jpg/image_01569.jpg,hoa_sat_bien_khong_crop_duoc,1.0,1.221,0.76,0.289,0.085,0.139,0.0
jpg/image_01570.jpg,khong_thay_hoa,,,,,,,
jpg/image_01572.jpg,hoa_sat_bien_khong_crop_duoc,1.0,1.253,0.834,0.309,0.069,0.149,0.0
jpg/image_01573.jpg,khong_phai_goc_nhin_tren_xuong(dai),50.0,0.615,0.612,0.175,0.146,0.0,0.0
jpg/image_01575.jpg,hoa_sat_bien_khong_crop_duoc,1.0,1.512,0.752,0.231,0.052,0.184,0.0
jpg/image_01576.jpg,khong_thay_hoa,,,,,,,
jpg/image_01577.jpg,hoa_sat_bien_khong_crop_duoc,1.0,1.326,0.604,0.212,0.054,0.172,0.0
jpg/image_01578.jpg,khong_thay_hoa,,,,,,,
jpg/image_01579.jpg,hoa_sat_bien_khong_crop_duoc,1.0,1.402,0.83,0.275,0.088,0.156,0.0
jpg/image_01580.jpg,hoa_sat_bien_khong_crop_duoc,1.0,1.376,0.962,0.325,0.046,0.174,0.0
jpg/image_01581.jpg,hoa_sat_bien_khong_crop_duoc,1.0,1.316,0.802,0.283,0.061,0.176,0.0
jpg/image_01583.jpg,hoa_sat_bien_khong_crop_duoc,1.0,2.209,0.698,0.147,0.172,0.183,0.0
jpg/image_01584.jpg,hoa_sat_bien_khong_crop_duoc,1.0,1.58,0.672,0.198,0.052,0.209,0.0
jpg/image_01585.jpg,hoa_sat_bien_khong_crop_duoc,1.0,1.524,0.81,0.247,0.016,0.187,0.0
jpg/image_01586.jpg,hoa_sat_bien_khong_crop_duoc,1.0,1.662,0.779,0.218,0.112,0.194,0.001
jpg/image_01587.jpg,khong_phai_goc_nhin_tren_xuong(dai),1.0,0.628,0.974,0.284,0.208,0.0,0.0
jpg/image_01589.jpg,hoa_sat_bien_khong_crop_duoc,0.827,1.857,0.763,0.191,0.202,0.137,0.0
jpg/image_01590.jpg,hoa_sat_bien_khong_crop_duoc,1.0,1.347,0.842,0.29,0.048,0.141,0.0
jpg/image_01591.jpg,hoa_sat_bien_khong_crop_duoc,1.0,1.542,0.797,0.24,0.059,0.163,0.0
jpg/image_01593.jpg,hoa_sat_bien_khong_crop_duoc,1.0,1.287,0.846,0.305,0.031,0.144,0.0
jpg/image_01594.jpg,hoa_sat_bien_khong_crop_duoc,1.0,1.5,0.803,0.249,0.108,0.145,0.0
jpg/image_01595.jpg,hoa_sat_bien_khong_crop_duoc,1.0,1.36,0.816,0.279,0.056,0.159,0.0
jpg/image_01596.jpg,hoa_sat_bien_khong_crop_duoc,1.0,1.635,0.669,0.19,0.036,0.141,0.0
jpg/image_01597.jpg,nhieu_hoa_hoac_nen_roi,0.623,1.194,0.794,0.309,0.323,0.06,0.061
jpg/image_01599.jpg,khong_thay_hoa,,,,,,,
jpg/image_01601.jpg,hoa_sat_bien_khong_crop_duoc,1.0,1.524,0.719,0.219,0.035,0.159,0.0
jpg/image_01602.jpg,hoa_sat_bien_khong_crop_duoc,1.0,1.284,0.928,0.336,0.026,0.134,0.0
jpg/image_01603.jpg,khong_phai_goc_nhin_tren_xuong(dai),0.811,0.655,0.632,0.193,0.106,0.042,0.027
jpg/image_01609.jpg,khong_thay_hoa,,,,,,,
jpg/image_01610.jpg,hoa_sat_bien_khong_crop_duoc,1.0,1.262,0.842,0.31,0.069,0.127,0.0
jpg/image_01611.jpg,khong_thay_hoa,,,,,,,
jpg/image_01612.jpg,hoa_sat_bien_khong_crop_duoc,1.0,1.295,0.945,0.339,0.026,0.133,0.0
jpg/image_01615.jpg,khong_phai_goc_nhin_tren_xuong(dai),1.0,0.691,0.782,0.251,0.37,0.031,0.0
jpg/image_01617.jpg,khong_phai_goc_nhin_tren_xuong(dai),1.0,1.483,0.873,0.274,0.11,0.035,0.0
jpg/image_01618.jpg,khong_thay_hoa,,,,,,,
jpg/image_01619.jpg,hoa_sat_bien_khong_crop_duoc,1.0,1.204,0.793,0.306,0.034,0.12,0.0
jpg/image_01622.jpg,hoa_sat_bien_khong_crop_duoc,1.0,1.263,0.919,0.338,0.031,0.133,0.0
jpg/image_01624.jpg,hoa_sat_bien_khong_crop_duoc,1.0,1.5,0.836,0.259,0.037,0.157,0.0
jpg/image_01629.jpg,hoa_sat_bien_khong_crop_duoc,1.0,1.69,0.845,0.232,0.108,0.156,0.0
jpg/image_01630.jpg,khong_thay_hoa,,,,,,,
jpg/image_01631.jpg,hoa_sat_bien_khong_crop_duoc,1.0,1.803,0.713,0.184,0.202,0.219,0.0
jpg/image_01633.jpg,hoa_sat_bien_khong_crop_duoc,1.0,0.661,0.768,0.236,0.012,0.188,0.0
jpg/image_01634.jpg,khong_thay_hoa,,,,,,,
jpg/image_01635.jpg,hoa_sat_bien_khong_crop_duoc,1.0,1.185,0.675,0.265,0.058,0.135,0.0
jpg/image_01637.jpg,hoa_sat_bien_khong_crop_duoc,1.0,1.113,0.79,0.33,0.086,0.138,0.0
jpg/image_01638.jpg,hoa_sat_bien_khong_crop_duoc,1.0,1.17,0.73,0.29,0.064,0.123,0.003
jpg/image_01640.jpg,khong_thay_hoa,,,,,,,
jpg/image_01641.jpg,khong_thay_hoa,,,,,,,
jpg/image_01642.jpg,khong_thay_hoa,,,,,,,
jpg/image_01644.jpg,khong_thay_hoa,,,,,,,
jpg/image_01645.jpg,hoa_sat_bien_khong_crop_duoc,1.0,1.286,0.803,0.29,0.009,0.123,0.0
jpg/image_01648.jpg,hoa_sat_bien_khong_crop_duoc,1.0,1.273,0.891,0.325,0.036,0.133,0.0
jpg/image_01649.jpg,hoa_sat_bien_khong_crop_duoc,1.0,1.333,0.659,0.23,0.093,0.148,0.004
jpg/image_01650.jpg,khong_thay_hoa,,,,,,,
jpg/image_01652.jpg,khong_thay_hoa,,,,,,,
jpg/image_01654.jpg,khong_phai_goc_nhin_tren_xuong(dai),1.0,1.469,0.802,0.254,0.278,0.009,0.0
jpg/image_01655.jpg,khong_thay_hoa,,,,,,,
jpg/image_01660.jpg,khong_phai_goc_nhin_tren_xuong(dai),1.0,1.714,0.724,0.196,0.267,0.008,0.0
jpg/image_01661.jpg,khong_thay_hoa,,,,,,,
jpg/image_01662.jpg,khong_phai_goc_nhin_tren_xuong(dai),1.0,0.694,0.762,0.246,0.065,0.092,0.0
jpg/image_01665.jpg,lech_tam,1.0,0.835,0.784,0.304,0.194,0.026,0.001
jpg/image_01666.jpg,lech_tam,1.0,0.976,0.873,0.396,0.227,0.022,0.0
jpg/image_01667.jpg,hoa_sat_bien_khong_crop_duoc,1.0,1.156,0.892,0.359,0.048,0.122,0.0
jpg/image_01669.jpg,hoa_sat_bien_khong_crop_duoc,1.0,1.295,0.813,0.292,0.034,0.134,0.0
jpg/image_01670.jpg,lech_tam,1.0,1.145,0.817,0.332,0.24,0.0,0.0
jpg/image_01676.jpg,khong_thay_hoa,,,,,,,
jpg/image_01677.jpg,khong_phai_goc_nhin_tren_xuong(dai),1.0,1.636,0.835,0.237,0.075,0.1,0.0
jpg/image_01681.jpg,hoa_sat_bien_khong_crop_duoc,1.0,1.524,0.825,0.252,0.029,0.187,0.0
jpg/image_01682.jpg,nhieu_hoa_hoac_nen_roi,0.581,0.861,0.849,0.34,0.361,0.021,0.053
jpg/image_01683.jpg,hoa_sat_bien_khong_crop_duoc,1.0,1.319,0.752,0.265,0.047,0.157,0.0
jpg/image_01685.jpg,hoa_sat_bien_khong_crop_duoc,1.0,1.189,0.829,0.324,0.037,0.121,0.0
jpg/image_01689.jpg,hoa_sat_bien_khong_crop_duoc,1.0,1.292,0.792,0.285,0.016,0.134,0.0
jpg/image_01691.jpg,hoa_sat_bien_khong_crop_duoc,1.0,1.289,0.801,0.289,0.025,0.124,0.0
jpg/image_01693.jpg,hoa_sat_bien_khong_crop_duoc,1.0,1.353,0.953,0.327,0.058,0.135,0.0
jpg/image_01694.jpg,hoa_sat_bien_khong_crop_duoc,1.0,1.359,0.699,0.239,0.002,0.138,0.0
jpg/image_01695.jpg,hoa_sat_bien_khong_crop_duoc,1.0,1.185,0.787,0.309,0.054,0.136,0.0
jpg/image_01698.jpg,khong_phai_goc_nhin_tren_xuong(dai),1.0,1.533,0.874,0.265,0.111,0.0,0.0
jpg/image_01700.jpg,hoa_sat_bien_khong_crop_duoc,1.0,1.284,1.017,0.368,0.035,0.134,0.0
jpg/image_01707.jpg,hoa_sat_bien_khong_crop_duoc,1.0,1.641,0.666,0.189,0.05,0.206,0.0
jpg/image_01715.jpg,hoa_sat_bien_khong_crop_duoc,1.0,1.278,0.904,0.329,0.058,0.139,0.0
jpg/image_01717.jpg,hoa_sat_bien_khong_crop_duoc,1.0,1.263,0.853,0.314,0.009,0.125,0.0
jpg/image_01724.jpg,hoa_sat_bien_khong_crop_duoc,1.0,1.404,0.921,0.305,0.036,0.133,0.0
jpg/image_01726.jpg,hoa_sat_bien_khong_crop_duoc,1.0,1.5,1.013,0.314,0.008,0.177,0.0
jpg/image_01728.jpg,khong_phai_goc_nhin_tren_xuong(dai),1.0,1.481,0.916,0.287,0.051,0.081,0.0
jpg/image_01741.jpg,hoa_sat_bien_khong_crop_duoc,1.0,1.422,0.828,0.271,0.041,0.17,0.0
jpg/image_01746.jpg,hoa_sat_bien_khong_crop_duoc,1.0,1.262,0.929,0.342,0.018,0.125,0.0
jpg/image_01747.jpg,hoa_sat_bien_khong_crop_duoc,1.0,1.506,1.011,0.312,0.076,0.183,0.0
jpg/image_01749.jpg,hoa_sat_bien_khong_crop_duoc,1.0,1.291,0.904,0.325,0.076,0.136,0.0
jpg/image_01751.jpg,hoa_sat_bien_khong_crop_duoc,1.0,1.211,0.84,0.322,0.066,0.129,0.0
jpg/image_01752.jpg,khong_thay_hoa,,,,,,,
jpg/image_01753.jpg,hoa_sat_bien_khong_crop_duoc,1.0,1.321,0.88,0.309,0.057,0.121,0.0
jpg/image_01754.jpg,hoa_sat_bien_khong_crop_duoc,1.0,1.211,0.983,0.377,0.095,0.132,0.0
jpg/image_01756.jpg,hoa_sat_bien_khong_crop_duoc,1.0,1.299,0.985,0.353,0.11,0.129,0.0
jpg/image_01763.jpg,hoa_sat_bien_khong_crop_duoc,1.0,1.253,0.953,0.354,0.074,0.156,0.0
jpg/image_01764.jpg,hoa_sat_bien_khong_crop_duoc,1.0,1.391,0.818,0.273,0.058,0.174,0.0
jpg/image_01765.jpg,hoa_sat_bien_khong_crop_duoc,1.0,1.2,1.025,0.397,0.121,0.125,0.0
jpg/image_01770.jpg,hoa_sat_bien_khong_crop_duoc,1.0,1.954,0.752,0.179,0.023,0.149,0.0
jpg/image_01771.jpg,hoa_sat_bien_khong_crop_duoc,1.0,1.641,0.814,0.23,0.077,0.19,0.0
jpg/image_01774.jpg,trung_lap,1.0,1.189,0.621,0.243,0.083,0.104,0.0
jpg/image_01776.jpg,hoa_sat_bien_khong_crop_duoc,1.0,1.242,0.905,0.339,0.027,0.125,0.0
jpg/image_01777.jpg,hoa_sat_bien_khong_crop_duoc,1.0,1.455,0.924,0.295,0.051,0.179,0.0
jpg/image_01787.jpg,hoa_sat_bien_khong_crop_duoc,1.0,1.297,0.821,0.294,0.079,0.173,0.0
jpg/image_01792.jpg,hoa_sat_bien_khong_crop_duoc,1.0,1.29,0.913,0.329,0.069,0.135,0.0
jpg/image_01794.jpg,khong_thay_hoa,,,,,,,
jpg/image_01795.jpg,nhieu_hoa_hoac_nen_roi,0.629,1.028,0.958,0.433,0.303,0.027,0.139
jpg/image_01800.jpg,lech_tam,1.0,0.949,0.855,0.377,0.265,0.015,0.0
jpg/image_01807.jpg,lech_tam,1.0,0.905,0.876,0.368,0.2,0.016,0.0
jpg/image_01810.jpg,hoa_sat_bien_khong_crop_duoc,1.0,1.31,0.884,0.314,0.029,0.138,0.0
jpg/image_01812.jpg,hoa_sat_bien_khong_crop_duoc,1.0,1.347,0.992,0.342,0.019,0.14,0.0
jpg/image_01814.jpg,khong_thay_hoa,,,,,,,
jpg/image_01817.jpg,hoa_sat_bien_khong_crop_duoc,1.0,1.417,0.818,0.268,0.016,0.147,0.0
jpg/image_01822.jpg,hoa_sat_bien_khong_crop_duoc,1.0,1.241,0.918,0.344,0.123,0.139,0.0
jpg/image_01824.jpg,hoa_sat_bien_khong_crop_duoc,1.0,1.443,0.96,0.309,0.025,0.169,0.0
jpg/image_01825.jpg,lech_tam,1.0,1.175,0.96,0.379,0.184,0.072,0.0
jpg/image_01826.jpg,hoa_sat_bien_khong_crop_duoc,1.0,1.3,0.849,0.304,0.023,0.129,0.0
jpg/image_01827.jpg,hoa_sat_bien_khong_crop_duoc,1.0,1.189,0.783,0.306,0.212,0.13,0.0
jpg/image_01830.jpg,hoa_sat_bien_khong_crop_duoc,1.0,1.29,0.841,0.303,0.057,0.121,0.0
jpg/image_01832.jpg,hoa_sat_bien_khong_crop_duoc,1.0,1.351,0.761,0.262,0.075,0.158,0.0
jpg/image_01833.jpg,hoa_sat_bien_khong_crop_duoc,1.0,1.879,0.834,0.206,0.07,0.2,0.0
jpg/image_01835.jpg,hoa_sat_bien_khong_crop_duoc,1.0,1.31,0.833,0.295,0.094,0.148,0.0
jpg/image_01837.jpg,hoa_sat_bien_khong_crop_duoc,1.0,1.646,0.841,0.237,0.117,0.174,0.0
jpg/image_01839.jpg,lech_tam,1.0,0.775,0.821,0.296,0.194,0.003,0.0
jpg/image_01840.jpg,hoa_sat_bien_khong_crop_duoc,1.0,1.464,0.868,0.275,0.056,0.172,0.0
jpg/image_01844.jpg,hoa_sat_bien_khong_crop_duoc,1.0,1.436,0.72,0.233,0.055,0.169,0.0
jpg/image_01845.jpg,hoa_sat_bien_khong_crop_duoc,1.0,1.482,0.866,0.272,0.019,0.172,0.0
jpg/image_01846.jpg,hoa_sat_bien_khong_crop_duoc,1.0,1.512,0.829,0.255,0.007,0.167,0.0
jpg/image_01847.jpg,hoa_sat_bien_khong_crop_duoc,1.0,1.618,0.808,0.232,0.084,0.173,0.0
jpg/image_01848.jpg,hoa_sat_bien_khong_crop_duoc,1.0,1.46,0.759,0.242,0.021,0.147,0.0
jpg/image_01850.jpg,khong_phai_goc_nhin_tren_xuong(dai),1.0,0.691,0.946,0.304,0.117,0.038,0.0
jpg/image_01851.jpg,khong_phai_goc_nhin_tren_xuong(dai),1.0,1.493,0.909,0.283,0.089,0.085,0.0
jpg/image_01852.jpg,hoa_sat_bien_khong_crop_duoc,1.0,1.575,0.732,0.216,0.037,0.179,0.0
jpg/image_01854.jpg,hoa_sat_bien_khong_crop_duoc,1.0,1.265,0.861,0.316,0.068,0.142,0.0
jpg/image_01855.jpg,hoa_sat_bien_khong_crop_duoc,1.0,1.481,0.808,0.254,0.096,0.195,0.0
jpg/image_01857.jpg,hoa_sat_bien_khong_crop_duoc,1.0,1.293,1.021,0.367,0.021,0.13,0.0
jpg/image_01858.jpg,hoa_sat_bien_khong_crop_duoc,1.0,1.31,0.761,0.27,0.058,0.133,0.0
jpg/image_01859.jpg,khong_phai_goc_nhin_tren_xuong(dai),1.0,1.563,0.691,0.205,0.115,0.113,0.0
jpg/image_01862.jpg,hoa_sat_bien_khong_crop_duoc,1.0,1.298,0.737,0.264,0.043,0.127,0.0
jpg/image_01865.jpg,hoa_sat_bien_khong_crop_duoc,1.0,1.635,0.841,0.239,0.13,0.122,0.0
jpg/image_01867.jpg,hoa_sat_bien_khong_crop_duoc,1.0,1.841,0.662,0.167,0.143,0.227,0.006
jpg/image_01868.jpg,hoa_sat_bien_khong_crop_duoc,1.0,1.341,0.772,0.268,0.045,0.138,0.0
jpg/image_01869.jpg,hoa_sat_bien_khong_crop_duoc,1.0,1.472,0.763,0.241,0.119,0.16,0.0
jpg/image_01870.jpg,hoa_sat_bien_khong_crop_duoc,1.0,1.189,0.783,0.306,0.212,0.13,0.0
jpg/image_01874.jpg,hoa_sat_bien_khong_crop_duoc,1.0,1.706,0.861,0.235,0.119,0.161,0.0
jpg/image_01875.jpg,hoa_sat_bien_khong_crop_duoc,1.0,1.369,0.597,0.203,0.05,0.122,0.0
jpg/image_01876.jpg,hoa_sat_bien_khong_crop_duoc,1.0,1.347,0.901,0.311,0.058,0.17,0.0
jpg/image_01877.jpg,hoa_sat_bien_khong_crop_duoc,1.0,1.518,0.786,0.241,0.069,0.131,0.0
jpg/image_01878.jpg,hoa_sat_bien_khong_crop_duoc,1.0,1.524,0.718,0.219,0.047,0.197,0.0
jpg/image_01881.jpg,hoa_sat_bien_khong_crop_duoc,1.0,1.451,0.911,0.292,0.052,0.186,0.0
jpg/image_01882.jpg,hoa_sat_bien_khong_crop_duoc,1.0,1.372,0.785,0.266,0.102,0.137,0.0
jpg/image_01883.jpg,hoa_sat_bien_khong_crop_duoc,1.0,1.413,0.841,0.277,0.158,0.169,0.0
jpg/image_01885.jpg,hoa_sat_bien_khong_crop_duoc,1.0,1.662,0.893,0.25,0.037,0.197,0.0
jpg/image_01887.jpg,hoa_sat_bien_khong_crop_duoc,1.0,1.298,0.737,0.264,0.043,0.127,0.0
jpg/image_01890.jpg,nhieu_hoa_hoac_nen_roi,0.586,1.49,0.774,0.241,0.267,0.0,0.042
jpg/image_01892.jpg,hoa_sat_bien_khong_crop_duoc,1.0,1.429,0.615,0.2,0.111,0.191,0.0
jpg/image_01893.jpg,hoa_sat_bien_khong_crop_duoc,1.0,1.28,0.846,0.307,0.026,0.144,0.0
jpg/image_01897.jpg,hoa_sat_bien_khong_crop_duoc,1.0,1.494,0.731,0.227,0.122,0.159,0.0
jpg/image_01898.jpg,hoa_sat_bien_khong_crop_duoc,1.0,1.256,0.703,0.26,0.055,0.121,0.0
jpg/image_01900.jpg,hoa_sat_bien_khong_crop_duoc,1.0,1.541,0.779,0.235,0.113,0.159,0.0
jpg/image_01901.jpg,hoa_sat_bien_khong_crop_duoc,1.0,1.646,0.796,0.225,0.054,0.15,0.0
jpg/image_01902.jpg,hinh_dang_khong_tron,1.0,0.933,0.532,0.231,0.065,0.058,0.0
jpg/image_01904.jpg,hoa_sat_bien_khong_crop_duoc,1.0,1.541,0.783,0.236,0.112,0.159,0.0
jpg/image_01905.jpg,hoa_sat_bien_khong_crop_duoc,1.0,1.333,0.745,0.26,0.111,0.16,0.0
jpg/image_01906.jpg,trung_lap,1.0,1.29,0.744,0.268,0.111,0.0,0.0
jpg/image_01907.jpg,hoa_sat_bien_khong_crop_duoc,1.0,1.476,0.928,0.292,0.012,0.177,0.0
jpg/image_01908.jpg,hoa_sat_bien_khong_crop_duoc,1.0,1.768,0.778,0.205,0.097,0.162,0.0
jpg/image_01913.jpg,hoa_sat_bien_khong_crop_duoc,1.0,1.471,1.025,0.324,0.039,0.169,0.0
jpg/image_01917.jpg,hoa_sat_bien_khong_crop_duoc,1.0,1.362,0.859,0.293,0.009,0.148,0.0
jpg/image_01918.jpg,hoa_sat_bien_khong_crop_duoc,1.0,1.376,0.822,0.278,0.042,0.141,0.0
jpg/image_01920.jpg,hoa_sat_bien_khong_crop_duoc,1.0,1.44,0.877,0.283,0.01,0.167,0.0
jpg/image_01921.jpg,hoa_sat_bien_khong_crop_duoc,1.0,1.785,0.619,0.161,0.078,0.158,0.0
jpg/image_01923.jpg,khong_phai_goc_nhin_tren_xuong(dai),1.0,1.603,0.682,0.198,0.076,0.104,0.0
jpg/image_01924.jpg,hoa_sat_bien_khong_crop_duoc,0.655,2.061,0.74,0.167,0.258,0.199,0.098
jpg/image_01926.jpg,hoa_sat_bien_khong_crop_duoc,1.0,1.446,0.694,0.223,0.033,0.176,0.0
jpg/image_01928.jpg,hoa_sat_bien_khong_crop_duoc,1.0,1.524,0.828,0.253,0.03,0.198,0.0
jpg/image_01929.jpg,hoa_sat_bien_khong_crop_duoc,1.0,1.345,0.781,0.27,0.008,0.141,0.0
jpg/image_01930.jpg,hoa_sat_bien_khong_crop_duoc,1.0,1.422,0.872,0.285,0.063,0.18,0.0
jpg/image_01932.jpg,hoa_sat_bien_khong_crop_duoc,1.0,1.828,0.795,0.202,0.098,0.189,0.0
jpg/image_01933.jpg,hoa_sat_bien_khong_crop_duoc,1.0,1.841,0.659,0.166,0.145,0.226,0.005
jpg/image_01934.jpg,hoa_sat_bien_khong_crop_duoc,1.0,1.321,0.811,0.285,0.098,0.177,0.0
jpg/image_01935.jpg,hoa_sat_bien_khong_crop_duoc,1.0,1.36,0.728,0.249,0.106,0.137,0.0
jpg/image_01937.jpg,hoa_sat_bien_khong_crop_duoc,1.0,1.684,0.709,0.196,0.061,0.194,0.0
jpg/image_01940.jpg,hoa_sat_bien_khong_crop_duoc,1.0,1.537,0.717,0.217,0.081,0.186,0.0
jpg/image_01941.jpg,hoa_sat_bien_khong_crop_duoc,1.0,1.461,0.785,0.25,0.095,0.176,0.0
jpg/image_01944.jpg,hoa_sat_bien_khong_crop_duoc,1.0,1.494,0.89,0.277,0.049,0.17,0.0
jpg/image_01945.jpg,hoa_sat_bien_khong_crop_duoc,1.0,1.5,0.65,0.201,0.053,0.181,0.0
jpg/image_01946.jpg,hoa_sat_bien_khong_crop_duoc,1.0,1.707,0.821,0.224,0.023,0.181,0.0
jpg/image_01949.jpg,hoa_sat_bien_khong_crop_duoc,1.0,2.068,0.843,0.189,0.042,0.173,0.0
jpg/image_01950.jpg,hoa_sat_bien_khong_crop_duoc,1.0,1.531,0.822,0.25,0.073,0.207,0.0
jpg/image_01951.jpg,lech_tam,1.0,1.435,0.774,0.251,0.229,0.117,0.0
jpg/image_01955.jpg,khong_phai_goc_nhin_tren_xuong(dai),1.0,1.559,0.7,0.209,0.019,0.058,0.0
jpg/image_01957.jpg,hoa_sat_bien_khong_crop_duoc,1.0,1.28,0.785,0.285,0.109,0.124,0.0
jpg/image_01958.jpg,hoa_sat_bien_khong_crop_duoc,1.0,1.435,0.736,0.238,0.054,0.161,0.0
jpg/image_01959.jpg,hoa_sat_bien_khong_crop_duoc,1.0,1.345,0.781,0.27,0.009,0.141,0.0
jpg/image_01965.jpg,nhieu_hoa_hoac_nen_roi,0.529,0.883,1.005,0.413,0.336,0.0,0.014
jpg/image_01966.jpg,hoa_sat_bien_khong_crop_duoc,1.0,2.231,0.956,0.199,0.254,0.245,0.0
jpg/image_01968.jpg,khong_phai_goc_nhin_tren_xuong(dai),151.0,0.333,1.001,0.155,0.395,0.0,0.0
jpg/image_01969.jpg,hoa_sat_bien_khong_crop_duoc,1.0,1.265,0.532,0.196,0.153,0.216,0.0
jpg/image_01971.jpg,hoa_sat_bien_khong_crop_duoc,1.0,1.323,1.01,0.355,0.017,0.139,0.0
jpg/image_01975.jpg,khong_thay_hoa,,,,,,,
jpg/image_01977.jpg,hoa_sat_bien_khong_crop_duoc,1.0,1.239,0.859,0.322,0.073,0.141,0.0
jpg/image_01979.jpg,hoa_sat_bien_khong_crop_duoc,1.0,1.256,0.983,0.364,0.059,0.121,0.0
jpg/image_01981.jpg,hoa_sat_bien_khong_crop_duoc,1.0,1.326,0.826,0.289,0.009,0.136,0.0
jpg/image_01983.jpg,hoa_sat_bien_khong_crop_duoc,1.0,0.789,0.811,0.297,0.1,0.154,0.005
jpg/image_01984.jpg,hoa_sat_bien_khong_crop_duoc,1.0,1.407,0.761,0.252,0.022,0.136,0.0
jpg/image_01986.jpg,khong_phai_goc_nhin_tren_xuong(dai),0.885,0.463,0.972,0.209,0.072,0.063,0.001
jpg/image_01987.jpg,hoa_sat_bien_khong_crop_duoc,1.0,0.798,0.831,0.308,0.036,0.122,0.0
jpg/image_01988.jpg,hoa_sat_bien_khong_crop_duoc,1.0,1.551,0.988,0.296,0.082,0.175,0.0
jpg/image_01989.jpg,khong_thay_hoa,,,,,,,
jpg/image_01990.jpg,hoa_sat_bien_khong_crop_duoc,1.0,0.68,0.996,0.314,0.035,0.167,0.0
jpg/image_01991.jpg,khong_thay_hoa,,,,,,,
jpg/image_01992.jpg,hoa_sat_bien_khong_crop_duoc,1.0,1.764,0.729,0.192,0.14,0.199,0.005
jpg/image_01993.jpg,hoa_sat_bien_khong_crop_duoc,1.0,1.471,0.849,0.268,0.014,0.148,0.0
jpg/image_01994.jpg,khong_phai_goc_nhin_tren_xuong(dai),1.0,1.5,0.738,0.229,0.025,0.107,0.0
jpg/image_01996.jpg,lech_tam,1.0,1.397,0.806,0.268,0.208,0.094,0.006
jpg/image_01997.jpg,hoa_sat_bien_khong_crop_duoc,1.0,1.154,0.669,0.27,0.134,0.184,0.0
jpg/image_01998.jpg,hoa_sat_bien_khong_crop_duoc,1.0,0.712,0.919,0.304,0.158,0.17,0.0
jpg/image_01999.jpg,hoa_sat_bien_khong_crop_duoc,1.0,0.664,0.897,0.277,0.173,0.181,0.0
jpg/image_02001.jpg,hoa_sat_bien_khong_crop_duoc,1.0,0.65,0.775,0.234,0.023,0.123,0.0
jpg/image_02011.jpg,khong_phai_goc_nhin_tren_xuong(dai),1.0,5.455,0.941,0.08,0.108,0.0,0.0
jpg/image_02013.jpg,hoa_sat_bien_khong_crop_duoc,1.0,0.664,0.771,0.238,0.081,0.174,0.0
jpg/image_02015.jpg,hoa_sat_bien_khong_crop_duoc,1.0,0.597,0.742,0.206,0.056,0.194,0.0
jpg/image_02016.jpg,hoa_sat_bien_khong_crop_duoc,1.0,1.523,0.7,0.213,0.144,0.159,0.0
jpg/image_02018.jpg,hoa_sat_bien_khong_crop_duoc,1.0,1.5,0.802,0.249,0.092,0.141,0.0
jpg/image_02019.jpg,hoa_sat_bien_khong_crop_duoc,1.0,1.287,0.922,0.333,0.032,0.14,0.0
jpg/image_02020.jpg,khong_phai_goc_nhin_tren_xuong(dai),1.0,1.667,0.855,0.238,0.074,0.0,0.0
jpg/image_02021.jpg,hoa_sat_bien_khong_crop_duoc,1.0,1.415,0.915,0.3,0.109,0.148,0.0
jpg/image_02024.jpg,hoa_sat_bien_khong_crop_duoc,1.0,1.693,0.93,0.255,0.038,0.197,0.0
jpg/image_02028.jpg,hoa_sat_bien_khong_crop_duoc,1.0,0.641,0.765,0.228,0.045,0.169,0.0
jpg/image_02030.jpg,hoa_sat_bien_khong_crop_duoc,1.0,1.241,0.98,0.367,0.071,0.136,0.0
jpg/image_02031.jpg,hoa_sat_bien_khong_crop_duoc,1.0,2.146,0.789,0.171,0.218,0.248,0.0
jpg/image_02033.jpg,hinh_dang_khong_tron,1.0,0.708,0.421,0.139,0.082,0.0,0.0
jpg/image_02034.jpg,hoa_sat_bien_khong_crop_duoc,1.0,1.31,0.681,0.241,0.161,0.132,0.002
jpg/image_02035.jpg,hoa_sat_bien_khong_crop_duoc,1.0,0.746,0.982,0.341,0.044,0.141,0.0
jpg/image_02036.jpg,hoa_sat_bien_khong_crop_duoc,1.0,1.31,0.692,0.246,0.18,0.12,0.0
jpg/image_02039.jpg,lech_tam,1.0,0.894,0.988,0.41,0.185,0.052,0.0
jpg/image_02040.jpg,hoa_sat_bien_khong_crop_duoc,1.0,1.381,0.953,0.321,0.028,0.159,0.0
jpg/image_02042.jpg,khong_phai_goc_nhin_tren_xuong(dai),1.0,1.54,0.969,0.292,0.093,0.093,0.0
jpg/image_02046.jpg,hoa_sat_bien_khong_crop_duoc,1.0,0.796,0.886,0.328,0.159,0.175,0.0
jpg/image_02050.jpg,khong_phai_goc_nhin_tren_xuong(dai),1.0,0.696,0.944,0.305,0.047,0.031,0.0
jpg/image_02051.jpg,khong_phai_goc_nhin_tren_xuong(dai),1.0,1.631,0.786,0.224,0.075,0.114,0.0
jpg/image_02052.jpg,hoa_sat_bien_khong_crop_duoc,1.0,0.672,0.814,0.254,0.06,0.164,0.0
jpg/image_02053.jpg,hoa_sat_bien_khong_crop_duoc,1.0,1.308,0.787,0.28,0.048,0.131,0.0
jpg/image_02056.jpg,trung_lap,1.0,0.989,0.899,0.413,0.02,0.0,0.0
jpg/image_02061.jpg,hoa_sat_bien_khong_crop_duoc,1.0,0.796,0.97,0.359,0.03,0.12,0.0
jpg/image_02062.jpg,lech_tam,1.0,1.012,1.004,0.461,0.212,0.055,0.0
jpg/image_02063.jpg,lech_tam,1.0,1.012,0.97,0.445,0.202,0.0,0.0
jpg/image_02064.jpg,hoa_sat_bien_khong_crop_duoc,1.0,1.306,0.758,0.27,0.035,0.155,0.0
jpg/image_02070.jpg,hoa_sat_bien_khong_crop_duoc,1.0,1.326,1.094,0.383,0.029,0.149,0.0
jpg/image_02076.jpg,hoa_sat_bien_khong_crop_duoc,1.0,1.367,0.942,0.32,0.093,0.149,0.0
jpg/image_02077.jpg,hoa_sat_bien_khong_crop_duoc,1.0,1.44,0.643,0.207,0.044,0.136,0.0
jpg/image_02083.jpg,nhieu_hoa_hoac_nen_roi,0.651,0.943,0.842,0.369,0.297,0.008,0.0
jpg/image_02095.jpg,khong_phai_goc_nhin_tren_xuong(dai),1.0,0.624,0.872,0.253,0.22,0.054,0.0
jpg/image_02096.jpg,lech_tam,1.0,0.845,1.055,0.414,0.31,0.017,0.0
jpg/image_02100.jpg,hoa_sat_bien_khong_crop_duoc,1.0,1.16,0.528,0.211,0.123,0.122,0.025
jpg/image_02101.jpg,lech_tam,1.0,0.933,0.96,0.417,0.273,0.003,0.0
jpg/image_02102.jpg,hinh_dang_khong_tron,1.0,0.853,0.539,0.213,0.171,0.055,0.025
jpg/image_02107.jpg,khong_phai_goc_nhin_tren_xuong(dai),1.0,1.585,0.929,0.272,0.017,0.0,0.0
jpg/image_02114.jpg,khong_phai_goc_nhin_tren_xuong(dai),1.0,1.554,0.9,0.269,0.073,0.117,0.0
jpg/image_02115.jpg,hoa_sat_bien_khong_crop_duoc,1.0,1.467,1.026,0.325,0.241,0.142,0.0
jpg/image_02123.jpg,lech_tam,1.0,1.176,0.813,0.321,0.285,0.104,0.0
jpg/image_02134.jpg,lech_tam,1.0,1.183,0.984,0.386,0.242,0.049,0.0
jpg/image_02143.jpg,khong_phai_goc_nhin_tren_xuong(dai),1.0,1.73,0.927,0.249,0.063,0.0,0.0
jpg/image_02145.jpg,hoa_sat_bien_khong_crop_duoc,1.0,1.369,0.7,0.238,0.041,0.173,0.0
jpg/image_02148.jpg,nhieu_hoa_hoac_nen_roi,0.524,1.034,0.894,0.402,0.3,0.0,0.105
jpg/image_02154.jpg,trung_lap,1.0,1.042,0.935,0.417,0.051,0.075,0.0
jpg/image_02162.jpg,nhieu_hoa_hoac_nen_roi,0.595,1.241,1.018,0.381,0.292,0.018,0.0
jpg/image_02170.jpg,khong_phai_goc_nhin_tren_xuong(dai),1.0,1.722,0.92,0.248,0.195,0.096,0.0
jpg/image_02171.jpg,khong_phai_goc_nhin_tren_xuong(dai),1.0,1.7,0.907,0.248,0.048,0.0,0.0
jpg/image_02173.jpg,hoa_sat_bien_khong_crop_duoc,1.0,1.615,0.823,0.237,0.119,0.209,0.0
jpg/image_02175.jpg,lech_tam,1.0,1.036,0.946,0.425,0.212,0.059,0.0
jpg/image_02176.jpg,trung_lap,1.0,1.125,0.991,0.409,0.024,0.068,0.0
jpg/image_02178.jpg,lech_tam,1.0,0.964,0.81,0.363,0.195,0.002,0.0
jpg/image_02181.jpg,hoa_sat_bien_khong_crop_duoc,1.0,1.23,0.843,0.318,0.036,0.123,0.0
jpg/image_02182.jpg,hoa_sat_bien_khong_crop_duoc,1.0,1.256,0.749,0.277,0.036,0.121,0.0
jpg/image_02186.jpg,hoa_sat_bien_khong_crop_duoc,1.0,1.302,0.995,0.355,0.034,0.132,0.0
jpg/image_02189.jpg,hoa_sat_bien_khong_crop_duoc,1.0,1.333,0.874,0.305,0.059,0.163,0.0
jpg/image_02192.jpg,hoa_sat_bien_khong_crop_duoc,1.0,1.347,1.031,0.356,0.02,0.157,0.0
jpg/image_02195.jpg,hoa_sat_bien_khong_crop_duoc,1.0,1.31,0.992,0.352,0.075,0.137,0.0
jpg/image_02196.jpg,hoa_sat_bien_khong_crop_duoc,1.0,1.351,0.99,0.341,0.022,0.151,0.0
jpg/image_02197.jpg,hoa_sat_bien_khong_crop_duoc,1.0,1.532,0.728,0.221,0.1,0.195,0.0
jpg/image_02199.jpg,hoa_sat_bien_khong_crop_duoc,1.0,1.347,1.059,0.365,0.029,0.148,0.0
jpg/image_02200.jpg,nhieu_hoa_hoac_nen_roi,0.51,1.056,0.968,0.426,0.335,0.0,0.0
jpg/image_02201.jpg,hoa_sat_bien_khong_crop_duoc,1.0,1.315,1.001,0.354,0.031,0.149,0.0
jpg/image_02202.jpg,hoa_sat_bien_khong_crop_duoc,1.0,0.68,0.988,0.312,0.073,0.197,0.0
jpg/image_02204.jpg,khong_thay_hoa,,,,,,,
jpg/image_02206.jpg,khong_thay_hoa,,,,,,,
jpg/image_02207.jpg,khong_thay_hoa,,,,,,,
jpg/image_02212.jpg,khong_thay_hoa,,,,,,,
jpg/image_02213.jpg,hoa_sat_bien_khong_crop_duoc,1.0,1.347,0.965,0.333,0.014,0.143,0.0
jpg/image_02214.jpg,hoa_sat_bien_khong_crop_duoc,1.0,1.429,0.774,0.252,0.092,0.199,0.0
jpg/image_02216.jpg,hoa_sat_bien_khong_crop_duoc,1.0,1.506,0.923,0.285,0.029,0.147,0.0
jpg/image_02217.jpg,hoa_sat_bien_khong_crop_duoc,1.0,1.722,0.847,0.229,0.091,0.197,0.0
jpg/image_02223.jpg,hoa_sat_bien_khong_crop_duoc,1.0,1.286,1.02,0.369,0.033,0.136,0.0
jpg/image_02227.jpg,hoa_sat_bien_khong_crop_duoc,1.0,1.347,0.77,0.266,0.04,0.164,0.0
jpg/image_02229.jpg,khong_thay_hoa,,,,,,,
jpg/image_02230.jpg,hoa_sat_bien_khong_crop_duoc,1.0,0.677,0.902,0.284,0.037,0.161,0.0
jpg/image_02231.jpg,khong_thay_hoa,,,,,,,
jpg/image_02232.jpg,khong_thay_hoa,,,,,,,
jpg/image_02237.jpg,khong_phai_goc_nhin_tren_xuong(dai),1.0,1.5,0.87,0.27,0.057,0.11,0.0
jpg/image_02238.jpg,lech_tam,1.0,0.94,0.98,0.428,0.251,0.012,0.0
jpg/image_02241.jpg,hoa_sat_bien_khong_crop_duoc,1.0,1.506,0.946,0.292,0.009,0.173,0.0
jpg/image_02242.jpg,hoa_sat_bien_khong_crop_duoc,1.0,1.422,0.88,0.288,0.093,0.205,0.0
jpg/image_02243.jpg,hoa_sat_bien_khong_crop_duoc,1.0,1.391,1.066,0.356,0.011,0.154,0.0
jpg/image_02244.jpg,hoa_sat_bien_khong_crop_duoc,1.0,1.333,0.613,0.214,0.055,0.142,0.0
jpg/image_02249.jpg,hoa_sat_bien_khong_crop_duoc,1.0,1.286,0.982,0.355,0.017,0.135,0.0
jpg/image_02250.jpg,hoa_sat_bien_khong_crop_duoc,1.0,1.244,1.005,0.375,0.083,0.128,0.0
jpg/image_02251.jpg,hoa_sat_bien_khong_crop_duoc,1.0,1.305,1.006,0.358,0.035,0.139,0.0
jpg/image_02252.jpg,hoa_sat_bien_khong_crop_duoc,1.0,1.326,0.883,0.309,0.043,0.122,0.0
jpg/image_02253.jpg,khong_thay_hoa,,,,,,,
jpg/image_02257.jpg,hoa_sat_bien_khong_crop_duoc,1.0,1.333,1.046,0.365,0.035,0.162,0.0
jpg/image_02258.jpg,hoa_sat_bien_khong_crop_duoc,1.0,0.781,0.896,0.325,0.07,0.122,0.0
jpg/image_02260.jpg,hoa_sat_bien_khong_crop_duoc,1.0,1.306,0.977,0.348,0.031,0.151,0.0
jpg/image_02262.jpg,hoa_sat_bien_khong_crop_duoc,1.0,1.337,1.067,0.371,0.029,0.146,0.0
jpg/image_02263.jpg,hoa_sat_bien_khong_crop_duoc,1.0,1.589,0.966,0.283,0.078,0.163,0.0
jpg/image_02266.jpg,khong_thay_hoa,,,,,,,
jpg/image_02267.jpg,hoa_sat_bien_khong_crop_duoc,1.0,1.261,0.892,0.329,0.048,0.134,0.0
jpg/image_02268.jpg,khong_thay_hoa,,,,,,,
jpg/image_02270.jpg,khong_thay_hoa,,,,,,,
jpg/image_02273.jpg,hoa_sat_bien_khong_crop_duoc,1.0,1.6,0.973,0.283,0.012,0.145,0.0
jpg/image_02274.jpg,hoa_sat_bien_khong_crop_duoc,1.0,1.333,0.881,0.307,0.015,0.136,0.0
jpg/image_02277.jpg,hoa_sat_bien_khong_crop_duoc,1.0,1.245,0.928,0.346,0.054,0.126,0.0
jpg/image_02278.jpg,hoa_sat_bien_khong_crop_duoc,1.0,1.347,1.12,0.386,0.023,0.154,0.0
jpg/image_02280.jpg,lech_tam,1.0,0.905,1.01,0.425,0.205,0.05,0.0
jpg/image_02286.jpg,hoa_sat_bien_khong_crop_duoc,1.0,1.326,0.951,0.333,0.026,0.151,0.0
jpg/image_02288.jpg,hoa_sat_bien_khong_crop_duoc,1.0,1.542,0.969,0.292,0.11,0.201,0.0
jpg/image_02290.jpg,hoa_sat_bien_khong_crop_duoc,1.0,1.274,0.929,0.339,0.046,0.125,0.0
jpg/image_02292.jpg,hoa_sat_bien_khong_crop_duoc,1.0,1.323,1.053,0.37,0.048,0.135,0.0
jpg/image_02293.jpg,hoa_sat_bien_khong_crop_duoc,1.0,1.829,0.902,0.229,0.119,0.257,0.0
jpg/image_02295.jpg,hoa_sat_bien_khong_crop_duoc,1.0,1.512,1.073,0.33,0.077,0.192,0.0
jpg/image_02296.jpg,hoa_sat_bien_khong_crop_duoc,1.0,1.391,1.098,0.367,0.026,0.16,0.0
jpg/image_02298.jpg,hoa_sat_bien_khong_crop_duoc,1.0,1.284,0.925,0.335,0.015,0.129,0.0
jpg/image_02299.jpg,khong_phai_goc_nhin_tren_xuong(dai),1.0,0.593,0.945,0.26,0.145,0.0,0.0
jpg/image_02301.jpg,hoa_sat_bien_khong_crop_duoc,1.0,1.292,0.916,0.33,0.048,0.163,0.0
jpg/image_02305.jpg,hoa_sat_bien_khong_crop_duoc,1.0,0.805,0.739,0.277,0.032,0.122,0.0
jpg/image_02306.jpg,hoa_sat_bien_khong_crop_duoc,1.0,1.347,0.939,0.324,0.019,0.143,0.0
jpg/image_02309.jpg,khong_thay_hoa,,,,,,,
jpg/image_02310.jpg,trung_lap,1.0,1.034,0.94,0.422,0.141,0.0,0.0
jpg/image_02313.jpg,lech_tam,1.0,0.789,1.072,0.393,0.366,0.0,0.0
jpg/image_02315.jpg,hoa_sat_bien_khong_crop_duoc,1.0,1.803,0.885,0.228,0.04,0.207,0.0
jpg/image_02316.jpg,khong_thay_hoa,,,,,,,
jpg/image_02318.jpg,khong_thay_hoa,,,,,,,
jpg/image_02319.jpg,hoa_sat_bien_khong_crop_duoc,1.0,0.575,0.865,0.231,0.071,0.165,0.0
jpg/image_02322.jpg,hoa_sat_bien_khong_crop_duoc,1.0,0.551,0.825,0.211,0.04,0.2,0.0
jpg/image_02325.jpg,khong_thay_hoa,,,,,,,
jpg/image_02327.jpg,hoa_sat_bien_khong_crop_duoc,1.0,0.627,0.649,0.189,0.077,0.172,0.0
jpg/image_02328.jpg,hoa_sat_bien_khong_crop_duoc,1.0,0.536,0.769,0.192,0.168,0.214,0.0
jpg/image_02330.jpg,khong_thay_hoa,,,,,,,
jpg/image_02331.jpg,hoa_sat_bien_khong_crop_duoc,1.0,1.347,0.965,0.333,0.059,0.155,0.0
jpg/image_02332.jpg,hoa_sat_bien_khong_crop_duoc,1.0,0.496,0.842,0.194,0.009,0.139,0.0
jpg/image_02333.jpg,hoa_sat_bien_khong_crop_duoc,1.0,0.67,0.854,0.266,0.08,0.126,0.0
jpg/image_02336.jpg,hoa_sat_bien_khong_crop_duoc,1.0,0.771,0.622,0.223,0.063,0.124,0.003
jpg/image_02337.jpg,hoa_sat_bien_khong_crop_duoc,1.0,1.333,0.827,0.288,0.034,0.141,0.0
jpg/image_02338.jpg,hoa_sat_bien_khong_crop_duoc,1.0,1.25,0.675,0.251,0.108,0.168,0.0
jpg/image_02340.jpg,hoa_sat_bien_khong_crop_duoc,1.0,0.64,0.761,0.226,0.048,0.167,0.0
jpg/image_02341.jpg,khong_thay_hoa,,,,,,,
jpg/image_02343.jpg,khong_thay_hoa,,,,,,,
jpg/image_02344.jpg,hoa_sat_bien_khong_crop_duoc,1.0,0.542,0.767,0.193,0.028,0.2,0.0
jpg/image_02346.jpg,lech_tam,1.0,0.76,0.683,0.241,0.252,0.115,0.002
jpg/image_02347.jpg,hoa_sat_bien_khong_crop_duoc,1.0,0.468,0.798,0.173,0.117,0.262,0.0
jpg/image_02349.jpg,khong_thay_hoa,,,,,,,
jpg/image_02350.jpg,hoa_sat_bien_khong_crop_duoc,1.0,1.293,0.866,0.311,0.082,0.151,0.0
jpg/image_02353.jpg,khong_thay_hoa,,,,,,,
jpg/image_02354.jpg,hoa_sat_bien_khong_crop_duoc,1.0,0.641,0.724,0.215,0.035,0.167,0.0
jpg/image_02355.jpg,hoa_sat_bien_khong_crop_duoc,1.0,0.585,0.822,0.224,0.101,0.186,0.0
jpg/image_02356.jpg,hoa_sat_bien_khong_crop_duoc,1.0,0.726,0.83,0.28,0.089,0.137,0.0
jpg/image_02357.jpg,hoa_sat_bien_khong_crop_duoc,1.0,0.683,0.685,0.218,0.109,0.161,0.0
jpg/image_02358.jpg,hoa_sat_bien_khong_crop_duoc,1.0,0.713,0.654,0.217,0.089,0.146,0.0
jpg/image_02359.jpg,hoa_sat_bien_khong_crop_duoc,1.0,1.295,0.718,0.258,0.086,0.177,0.0
jpg/image_02360.jpg,hoa_sat_bien_khong_crop_duoc,1.0,0.678,0.767,0.242,0.123,0.189,0.0
jpg/image_02361.jpg,hoa_sat_bien_khong_crop_duoc,1.0,0.703,0.878,0.287,0.037,0.161,0.0
jpg/image_02364.jpg,khong_thay_hoa,,,,,,,
jpg/image_02365.jpg,khong_thay_hoa,,,,,,,
jpg/image_02371.jpg,hoa_sat_bien_khong_crop_duoc,1.0,0.695,1.03,0.333,0.022,0.174,0.0
jpg/image_02372.jpg,hoa_sat_bien_khong_crop_duoc,1.0,1.2,0.971,0.376,0.044,0.122,0.0
jpg/image_02373.jpg,hoa_sat_bien_khong_crop_duoc,1.0,0.767,0.782,0.279,0.074,0.151,0.0
jpg/image_02378.jpg,hoa_sat_bien_khong_crop_duoc,1.0,0.729,0.852,0.289,0.144,0.163,0.0
jpg/image_02379.jpg,khong_thay_hoa,,,,,,,
jpg/image_02380.jpg,hoa_sat_bien_khong_crop_duoc,1.0,0.75,0.882,0.307,0.091,0.165,0.0
jpg/image_02381.jpg,hoa_sat_bien_khong_crop_duoc,1.0,0.574,0.867,0.231,0.1,0.171,0.0
jpg/image_02382.jpg,hoa_sat_bien_khong_crop_duoc,1.0,0.594,0.821,0.227,0.05,0.14,0.0
jpg/image_02383.jpg,khong_thay_hoa,,,,,,,
jpg/image_02384.jpg,khong_phai_goc_nhin_tren_xuong(dai),1.0,0.653,0.952,0.289,0.13,0.023,0.0
jpg/image_02386.jpg,hoa_sat_bien_khong_crop_duoc,1.0,0.628,0.872,0.255,0.06,0.154,0.0
jpg/image_02387.jpg,hoa_sat_bien_khong_crop_duoc,1.0,0.684,0.721,0.229,0.075,0.163,0.0
jpg/image_02388.jpg,khong_thay_hoa,,,,,,,
jpg/image_02390.jpg,hoa_sat_bien_khong_crop_duoc,1.0,0.581,0.878,0.237,0.07,0.197,0.0
jpg/image_02391.jpg,khong_thay_hoa,,,,,,,
jpg/image_02393.jpg,hoa_sat_bien_khong_crop_duoc,1.0,0.571,0.635,0.169,0.3,0.174,0.0
jpg/image_02394.jpg,hoa_sat_bien_khong_crop_duoc,1.0,0.69,0.929,0.298,0.006,0.163,0.0
jpg/image_02395.jpg,hoa_sat_bien_khong_crop_duoc,1.0,1.322,0.754,0.265,0.076,0.156,0.0
jpg/image_02397.jpg,hoa_sat_bien_khong_crop_duoc,1.0,1.287,0.913,0.33,0.052,0.16,0.0
jpg/image_02399.jpg,khong_thay_hoa,,,,,,,
jpg/image_02400.jpg,hoa_sat_bien_khong_crop_duoc,1.0,0.734,0.937,0.32,0.165,0.147,0.0
jpg/image_02402.jpg,hoa_sat_bien_khong_crop_duoc,1.0,0.694,0.712,0.23,0.12,0.14,0.0
jpg/image_02408.jpg,hoa_sat_bien_khong_crop_duoc,1.0,0.78,0.897,0.325,0.037,0.127,0.0
jpg/image_02409.jpg,khong_thay_hoa,,,,,,,
jpg/image_02410.jpg,hoa_sat_bien_khong_crop_duoc,1.0,0.504,0.823,0.193,0.086,0.242,0.0
jpg/image_02411.jpg,hoa_sat_bien_khong_crop_duoc,1.0,1.3,0.832,0.297,0.034,0.129,0.0
jpg/image_02412.jpg,khong_thay_hoa,,,,,,,
jpg/image_02413.jpg,hoa_sat_bien_khong_crop_duoc,1.0,1.274,0.631,0.23,0.115,0.204,0.0
jpg/image_02415.jpg,khong_thay_hoa,,,,,,,
jpg/image_02418.jpg,hoa_sat_bien_khong_crop_duoc,1.0,1.455,0.845,0.27,0.067,0.169,0.0
jpg/image_02420.jpg,khong_phai_goc_nhin_tren_xuong(dai),1.0,0.571,0.829,0.22,0.225,0.06,0.0
jpg/image_02421.jpg,khong_thay_hoa,,,,,,,
jpg/image_02424.jpg,hoa_sat_bien_khong_crop_duoc,1.0,0.562,0.78,0.204,0.108,0.232,0.0
jpg/image_02425.jpg,nhieu_hoa_hoac_nen_roi,0.797,1.323,0.711,0.25,0.095,0.049,0.079
jpg/image_02426.jpg,hoa_sat_bien_khong_crop_duoc,1.0,0.748,0.65,0.226,0.05,0.165,0.0
jpg/image_02427.jpg,hoa_sat_bien_khong_crop_duoc,1.0,1.333,0.941,0.328,0.054,0.178,0.0
jpg/image_02428.jpg,hoa_sat_bien_khong_crop_duoc,1.0,0.734,0.917,0.313,0.054,0.171,0.0
jpg/image_02430.jpg,hoa_sat_bien_khong_crop_duoc,1.0,1.347,0.943,0.325,0.052,0.153,0.0
jpg/image_02431.jpg,hoa_sat_bien_khong_crop_duoc,1.0,1.326,0.991,0.347,0.052,0.174,0.0
jpg/image_02432.jpg,hoa_sat_bien_khong_crop_duoc,1.0,0.781,0.85,0.309,0.095,0.122,0.0
jpg/image_02433.jpg,hoa_sat_bien_khong_crop_duoc,1.0,1.337,0.938,0.326,0.044,0.17,0.0
jpg/image_02436.jpg,hoa_sat_bien_khong_crop_duoc,1.0,0.736,0.836,0.286,0.028,0.137,0.0
jpg/image_02439.jpg,hoa_sat_bien_khong_crop_duoc,1.0,1.26,0.954,0.352,0.059,0.138,0.0
jpg/image_02441.jpg,nhieu_hoa_hoac_nen_roi,22.0,0.667,1.167,0.362,0.198,0.0,0.208
jpg/image_02442.jpg,hoa_sat_bien_khong_crop_duoc,1.0,0.533,0.743,0.184,0.117,0.22,0.0
jpg/image_02443.jpg,khong_thay_hoa,,,,,,,
jpg/image_02445.jpg,khong_thay_hoa,,,,,,,
jpg/image_02446.jpg,nhieu_hoa_hoac_nen_roi,0.705,0.855,0.923,0.367,0.336,0.0,0.0
jpg/image_02448.jpg,hoa_sat_bien_khong_crop_duoc,1.0,1.28,0.779,0.283,0.073,0.144,0.0
jpg/image_02449.jpg,hoa_sat_bien_khong_crop_duoc,1.0,1.263,1.055,0.388,0.017,0.129,0.0
jpg/image_02455.jpg,hinh_dang_khong_tron,1.0,1.076,0.516,0.223,0.059,0.0,0.043
jpg/image_02457.jpg,lech_tam,1.0,1.194,0.919,0.358,0.205,0.002,0.0
jpg/image_02459.jpg,hoa_sat_bien_khong_crop_duoc,1.0,1.326,0.962,0.337,0.077,0.169,0.0
jpg/image_02468.jpg,lech_tam,1.0,1.032,0.951,0.428,0.194,0.0,0.0
jpg/image_02469.jpg,hoa_sat_bien_khong_crop_duoc,1.0,1.622,0.895,0.256,0.031,0.149,0.0
jpg/image_02470.jpg,hoa_sat_bien_khong_crop_duoc,1.0,0.667,1.011,0.313,0.031,0.168,0.0
jpg/image_02474.jpg,nhieu_hoa_hoac_nen_roi,0.582,1.111,0.906,0.379,0.231,0.0,0.123
jpg/image_02475.jpg,lech_tam,1.0,0.986,0.987,0.452,0.213,0.0,0.0
jpg/image_02481.jpg,lech_tam,1.0,1.028,0.932,0.421,0.245,0.0,0.0
jpg/image_02484.jpg,lech_tam,1.0,1.012,1.009,0.463,0.215,0.058,0.0
jpg/image_02485.jpg,hoa_sat_bien_khong_crop_duoc,1.0,1.393,0.972,0.324,0.035,0.165,0.0
jpg/image_02486.jpg,nhieu_hoa_hoac_nen_roi,0.645,0.853,1.039,0.412,0.285,0.027,0.023
jpg/image_02487.jpg,lech_tam,1.0,0.822,0.943,0.36,0.248,0.065,0.0
jpg/image_02490.jpg,hoa_sat_bien_khong_crop_duoc,1.0,1.618,0.99,0.284,0.009,0.205,0.0
jpg/image_02493.jpg,hoa_sat_bien_khong_crop_duoc,1.0,1.333,0.963,0.336,0.021,0.132,0.0
jpg/image_02505.jpg,hoa_sat_bien_khong_crop_duoc,1.0,0.688,1.009,0.322,0.027,0.158,0.0
jpg/image_02506.jpg,lech_tam,1.0,1.273,1.018,0.372,0.266,0.043,0.0
jpg/image_02516.jpg,khong_phai_goc_nhin_tren_xuong(dai),1.0,1.5,0.799,0.248,0.056,0.112,0.0
jpg/image_02522.jpg,hoa_sat_bien_khong_crop_duoc,1.0,1.362,0.946,0.323,0.017,0.154,0.0
jpg/image_02526.jpg,hoa_sat_bien_khong_crop_duoc,1.0,1.488,0.957,0.299,0.032,0.171,0.0
jpg/image_02527.jpg,hoa_sat_bien_khong_crop_duoc,1.0,1.524,0.86,0.262,0.066,0.203,0.0
jpg/image_02528.jpg,lech_tam,1.0,1.039,0.941,0.421,0.272,0.034,0.0
jpg/image_02531.jpg,hoa_sat_bien_khong_crop_duoc,1.0,1.255,0.767,0.284,0.037,0.139,0.0
jpg/image_02533.jpg,hoa_sat_bien_khong_crop_duoc,1.0,0.688,1.005,0.321,0.017,0.15,0.0
jpg/image_02539.jpg,hoa_sat_bien_khong_crop_duoc,1.0,1.302,0.961,0.343,0.003,0.132,0.0
jpg/image_02541.jpg,hoa_sat_bien_khong_crop_duoc,1.0,1.347,1.077,0.371,0.009,0.142,0.0
jpg/image_02542.jpg,khong_thay_hoa,,,,,,,
jpg/image_02544.jpg,hoa_sat_bien_khong_crop_duoc,1.0,1.584,0.775,0.227,0.069,0.202,0.0
jpg/image_02550.jpg,hoa_sat_bien_khong_crop_duoc,1.0,1.494,0.966,0.301,0.14,0.191,0.0
jpg/image_02554.jpg,hoa_sat_bien_khong_crop_duoc,1.0,1.286,0.567,0.205,0.114,0.198,0.0
jpg/image_02555.jpg,hoa_sat_bien_khong_crop_duoc,1.0,1.765,0.816,0.215,0.08,0.201,0.0
jpg/image_02560.jpg,lech_tam,1.0,1.114,0.71,0.296,0.199,0.01,0.0
jpg/image_02563.jpg,hinh_dang_khong_tron,1.0,1.155,0.433,0.174,0.034,0.087,0.0
jpg/image_02567.jpg,hoa_sat_bien_khong_crop_duoc,1.0,0.576,0.678,0.182,0.297,0.139,0.0
jpg/image_02571.jpg,hoa_sat_bien_khong_crop_duoc,1.0,1.476,0.712,0.224,0.025,0.129,0.0
jpg/image_02575.jpg,trung_lap,1.0,1.112,0.565,0.236,0.113,0.037,0.0
jpg/image_02580.jpg,lech_tam,1.0,1.278,0.735,0.267,0.204,0.118,0.0
jpg/image_02581.jpg,lech_tam,1.0,1.093,0.772,0.328,0.192,0.0,0.0
jpg/image_02582.jpg,khong_thay_hoa,,,,,,,
jpg/image_02585.jpg,nhieu_hoa_hoac_nen_roi,0.595,0.753,0.81,0.284,0.162,0.0,0.087
jpg/image_02589.jpg,hoa_sat_bien_khong_crop_duoc,1.0,1.542,0.756,0.228,0.033,0.15,0.0
jpg/image_02590.jpg,hoa_sat_bien_khong_crop_duoc,1.0,1.43,0.575,0.187,0.068,0.186,0.0
jpg/image_02602.jpg,khong_thay_hoa,,,,,,,
jpg/image_02606.jpg,lech_tam,1.0,0.906,0.638,0.269,0.183,0.047,0.0
jpg/image_02611.jpg,hoa_sat_bien_khong_crop_duoc,1.0,1.316,0.821,0.29,0.04,0.141,0.0
jpg/image_02613.jpg,khong_thay_hoa,,,,,,,
jpg/image_02617.jpg,hoa_sat_bien_khong_crop_duoc,1.0,1.269,0.724,0.265,0.064,0.139,0.0
jpg/image_02625.jpg,hoa_sat_bien_khong_crop_duoc,1.0,1.231,0.445,0.168,0.024,0.126,0.0
jpg/image_02629.jpg,khong_thay_hoa,,,,,,,
jpg/image_02632.jpg,lech_tam,1.0,0.753,0.726,0.254,0.198,0.027,0.0
jpg/image_02636.jpg,hoa_sat_bien_khong_crop_duoc,1.0,1.22,0.704,0.268,0.059,0.142,0.0
jpg/image_02637.jpg,hinh_dang_khong_tron,1.0,0.949,0.496,0.219,0.043,0.032,0.0
jpg/image_02638.jpg,hoa_sat_bien_khong_crop_duoc,1.0,1.202,0.749,0.29,0.046,0.131,0.0
jpg/image_02639.jpg,hoa_sat_bien_khong_crop_duoc,1.0,1.438,0.713,0.231,0.064,0.179,0.0
jpg/image_02642.jpg,hoa_sat_bien_khong_crop_duoc,1.0,1.291,0.786,0.283,0.047,0.125,0.0
jpg/image_02644.jpg,hoa_sat_bien_khong_crop_duoc,1.0,1.524,0.98,0.299,0.046,0.205,0.0
jpg/image_02645.jpg,hoa_sat_bien_khong_crop_duoc,1.0,1.721,0.753,0.203,0.056,0.146,0.0
jpg/image_02647.jpg,hoa_sat_bien_khong_crop_duoc,1.0,1.561,0.968,0.288,0.014,0.186,0.0
jpg/image_02654.jpg,lech_tam,1.0,0.775,0.887,0.32,0.226,0.083,0.0
jpg/image_02657.jpg,nhieu_hoa_hoac_nen_roi,0.542,0.938,0.999,0.436,0.33,0.0,0.151
jpg/image_02662.jpg,hoa_sat_bien_khong_crop_duoc,1.0,1.533,0.931,0.282,0.079,0.195,0.0
jpg/image_02668.jpg,hoa_sat_bien_khong_crop_duoc,1.0,1.456,0.903,0.288,0.012,0.148,0.0
jpg/image_02674.jpg,hoa_sat_bien_khong_crop_duoc,1.0,1.439,0.869,0.281,0.07,0.185,0.0
jpg/image_02683.jpg,khong_thay_hoa,,,,,,,
jpg/image_02684.jpg,hoa_sat_bien_khong_crop_duoc,1.0,1.289,0.756,0.273,0.022,0.134,0.0
jpg/image_02685.jpg,hoa_sat_bien_khong_crop_duoc,1.0,1.896,0.877,0.215,0.037,0.199,0.0
jpg/image_02690.jpg,lech_tam,1.0,0.843,0.74,0.29,0.265,0.01,0.0
jpg/image_02692.jpg,hoa_sat_bien_khong_crop_duoc,1.0,1.476,0.771,0.243,0.014,0.171,0.0
jpg/image_02693.jpg,hoa_sat_bien_khong_crop_duoc,1.0,1.35,0.786,0.271,0.164,0.162,0.0
jpg/image_02695.jpg,hoa_sat_bien_khong_crop_duoc,1.0,0.75,0.766,0.267,0.091,0.136,0.0
jpg/image_02697.jpg,hoa_sat_bien_khong_crop_duoc,1.0,1.538,0.816,0.247,0.033,0.186,0.0
jpg/image_02698.jpg,lech_tam,1.0,0.962,0.857,0.383,0.244,0.028,0.0
jpg/image_02702.jpg,hoa_sat_bien_khong_crop_duoc,1.0,1.4,0.749,0.249,0.043,0.161,0.0
jpg/image_02706.jpg,trung_lap,1.0,0.94,0.963,0.421,0.063,0.05,0.0
jpg/image_02710.jpg,hoa_sat_bien_khong_crop_duoc,1.0,1.494,0.793,0.247,0.067,0.212,0.0
jpg/image_02711.jpg,hoa_sat_bien_khong_crop_duoc,1.0,1.384,0.845,0.284,0.118,0.147,0.0
jpg/image_02712.jpg,khong_thay_hoa,,,,,,,
jpg/image_02713.jpg,hoa_sat_bien_khong_crop_duoc,1.0,1.349,0.714,0.246,0.056,0.174,0.0
jpg/image_02714.jpg,lech_tam,1.0,0.986,0.696,0.319,0.281,0.0,0.0
jpg/image_02715.jpg,hoa_sat_bien_khong_crop_duoc,1.0,1.708,0.941,0.256,0.084,0.221,0.0
jpg/image_02718.jpg,lech_tam,0.844,0.987,0.84,0.385,0.197,0.0,0.0
jpg/image_02721.jpg,hoa_sat_bien_khong_crop_duoc,1.0,1.524,0.886,0.27,0.053,0.19,0.0
jpg/image_02725.jpg,khong_phai_goc_nhin_tren_xuong(dai),1.0,1.518,0.808,0.247,0.122,0.112,0.0
jpg/image_02727.jpg,khong_phai_goc_nhin_tren_xuong(dai),1.0,1.617,0.769,0.221,0.112,0.067,0.0
jpg/image_02730.jpg,hoa_sat_bien_khong_crop_duoc,1.0,1.405,0.651,0.215,0.035,0.121,0.0
jpg/image_02735.jpg,hoa_sat_bien_khong_crop_duoc,1.0,1.278,0.858,0.312,0.17,0.129,0.0
jpg/image_02737.jpg,hoa_sat_bien_khong_crop_duoc,1.0,1.214,0.997,0.381,0.053,0.121,0.0
jpg/image_02740.jpg,hoa_sat_bien_khong_crop_duoc,1.0,1.57,0.868,0.257,0.03,0.187,0.0
jpg/image_02745.jpg,hoa_sat_bien_khong_crop_duoc,1.0,1.333,0.957,0.334,0.076,0.149,0.0
jpg/image_02746.jpg,hoa_sat_bien_khong_crop_duoc,1.0,1.494,0.785,0.244,0.089,0.186,0.0
jpg/image_02747.jpg,hoa_sat_bien_khong_crop_duoc,1.0,0.479,0.871,0.194,0.126,0.125,0.0
jpg/image_02750.jpg,hoa_sat_bien_khong_crop_duoc,1.0,1.28,0.746,0.271,0.063,0.127,0.0
jpg/image_02751.jpg,khong_thay_hoa,,,,,,,
jpg/image_02752.jpg,hoa_sat_bien_khong_crop_duoc,1.0,1.44,0.789,0.255,0.051,0.192,0.0
jpg/image_02754.jpg,hoa_sat_bien_khong_crop_duoc,1.0,1.342,0.843,0.292,0.043,0.121,0.0
jpg/image_02757.jpg,hoa_sat_bien_khong_crop_duoc,1.0,1.392,0.865,0.289,0.055,0.145,0.0
jpg/image_02768.jpg,hoa_sat_bien_khong_crop_duoc,1.0,1.329,0.745,0.26,0.087,0.125,0.0
jpg/image_02770.jpg,lech_tam,1.0,1.091,0.854,0.364,0.248,0.0,0.0
jpg/image_02772.jpg,hoa_sat_bien_khong_crop_duoc,1.0,1.8,0.806,0.208,0.074,0.222,0.0
jpg/image_02774.jpg,hoa_sat_bien_khong_crop_duoc,1.0,1.298,0.732,0.262,0.052,0.156,0.0
jpg/image_02786.jpg,lech_tam,1.0,0.954,1.045,0.463,0.227,0.052,0.0
jpg/image_02788.jpg,hoa_sat_bien_khong_crop_duoc,1.0,0.735,0.795,0.271,0.045,0.157,0.0
jpg/image_02789.jpg,nhieu_hoa_hoac_nen_roi,0.698,1.188,0.874,0.342,0.188,0.059,0.082
jpg/image_02794.jpg,hoa_sat_bien_khong_crop_duoc,1.0,1.542,0.838,0.253,0.068,0.214,0.0
jpg/image_02796.jpg,lech_tam,1.0,0.949,0.996,0.439,0.27,0.0,0.0
jpg/image_02807.jpg,hoa_sat_bien_khong_crop_duoc,1.0,1.19,0.91,0.355,0.054,0.12,0.0
jpg/image_02813.jpg,hinh_dang_khong_tron,1.0,1.049,0.4,0.177,0.047,0.0,0.0
jpg/image_02834.jpg,hoa_sat_bien_khong_crop_duoc,1.0,1.393,0.895,0.299,0.068,0.163,0.0
jpg/image_02835.jpg,hoa_sat_bien_khong_crop_duoc,1.0,1.616,0.832,0.239,0.109,0.189,0.0
jpg/image_02837.jpg,lech_tam,1.0,1.095,0.974,0.413,0.216,0.094,0.0
jpg/image_02841.jpg,khong_thay_hoa,,,,,,,
jpg/image_02844.jpg,hoa_sat_bien_khong_crop_duoc,1.0,1.179,0.867,0.342,0.068,0.122,0.0
jpg/image_02846.jpg,hoa_sat_bien_khong_crop_duoc,1.0,1.286,0.719,0.26,0.06,0.133,0.0
jpg/image_02848.jpg,khong_phai_goc_nhin_tren_xuong(dai),1.0,1.5,0.841,0.261,0.058,0.102,0.0
jpg/image_02853.jpg,hoa_sat_bien_khong_crop_duoc,1.0,1.354,0.67,0.23,0.024,0.132,0.0
jpg/image_02860.jpg,hinh_dang_khong_tron,1.0,1.109,0.542,0.227,0.008,0.0,0.0
jpg/image_02861.jpg,lech_tam,1.0,1.0,0.905,0.42,0.306,0.0,0.0
jpg/image_02863.jpg,khong_thay_hoa,,,,,,,
jpg/image_02865.jpg,khong_thay_hoa,,,,,,,
jpg/image_02868.jpg,hoa_sat_bien_khong_crop_duoc,1.0,1.532,0.906,0.275,0.111,0.184,0.0
jpg/image_02871.jpg,hoa_sat_bien_khong_crop_duoc,1.0,1.443,0.894,0.288,0.067,0.171,0.0
jpg/image_02872.jpg,hoa_sat_bien_khong_crop_duoc,1.0,1.393,0.817,0.273,0.063,0.156,0.0
jpg/image_02874.jpg,hoa_sat_bien_khong_crop_duoc,1.0,1.333,0.792,0.276,0.037,0.127,0.0
jpg/image_02880.jpg,hoa_sat_bien_khong_crop_duoc,1.0,1.386,0.896,0.301,0.046,0.152,0.0
jpg/image_02881.jpg,hoa_sat_bien_khong_crop_duoc,1.0,1.304,0.995,0.355,0.068,0.141,0.0
jpg/image_02882.jpg,hoa_sat_bien_khong_crop_duoc,1.0,1.147,0.721,0.292,0.062,0.121,0.0
jpg/image_02883.jpg,hoa_sat_bien_khong_crop_duoc,1.0,1.373,0.994,0.336,0.055,0.142,0.0
jpg/image_02887.jpg,khong_thay_hoa,,,,,,,
jpg/image_02889.jpg,hoa_sat_bien_khong_crop_duoc,1.0,1.323,0.873,0.307,0.012,0.138,0.0
jpg/image_02892.jpg,hoa_sat_bien_khong_crop_duoc,1.0,1.524,1.042,0.318,0.031,0.195,0.0
jpg/image_02894.jpg,hoa_sat_bien_khong_crop_duoc,1.0,1.62,0.891,0.256,0.056,0.212,0.0
jpg/image_02895.jpg,nhieu_hoa_hoac_nen_roi,0.593,0.952,0.872,0.386,0.271,0.0,0.091
jpg/image_02898.jpg,khong_thay_hoa,,,,,,,
jpg/image_02900.jpg,hoa_sat_bien_khong_crop_duoc,1.0,1.232,0.928,0.35,0.038,0.136,0.0
jpg/image_02901.jpg,hoa_sat_bien_khong_crop_duoc,1.0,1.347,1.065,0.367,0.037,0.155,0.0
jpg/image_02902.jpg,khong_thay_hoa,,,,,,,
jpg/image_02904.jpg,hoa_sat_bien_khong_crop_duoc,1.0,1.274,1.018,0.372,0.018,0.125,0.0
jpg/image_02905.jpg,hoa_sat_bien_khong_crop_duoc,1.0,1.456,0.885,0.282,0.175,0.16,0.0
jpg/image_02906.jpg,hoa_sat_bien_khong_crop_duoc,1.0,1.267,0.881,0.323,0.059,0.145,0.0
jpg/image_02908.jpg,khong_thay_hoa,,,,,,,
jpg/image_02909.jpg,hoa_sat_bien_khong_crop_duoc,1.0,1.211,1.022,0.392,0.058,0.13,0.0
jpg/image_02910.jpg,khong_thay_hoa,,,,,,,
jpg/image_02911.jpg,hoa_sat_bien_khong_crop_duoc,1.0,1.58,0.935,0.275,0.104,0.201,0.0
jpg/image_02914.jpg,hoa_sat_bien_khong_crop_duoc,1.0,1.183,0.976,0.383,0.088,0.127,0.0
jpg/image_02915.jpg,hoa_sat_bien_khong_crop_duoc,1.0,1.524,1.101,0.336,0.02,0.191,0.0
jpg/image_02918.jpg,hoa_sat_bien_khong_crop_duoc,1.0,1.421,0.898,0.294,0.094,0.13,0.0
jpg/image_02930.jpg,nhieu_hoa_hoac_nen_roi,0.629,1.016,0.96,0.439,0.313,0.0,0.0
jpg/image_02933.jpg,hoa_sat_bien_khong_crop_duoc,1.0,1.707,0.841,0.229,0.025,0.19,0.0
jpg/image_02938.jpg,lech_tam,1.0,0.956,1.001,0.445,0.181,0.033,0.0
jpg/image_02939.jpg,nhieu_hoa_hoac_nen_roi,0.77,1.034,0.574,0.258,0.106,0.077,0.039
jpg/image_02942.jpg,hoa_sat_bien_khong_crop_duoc,1.0,1.381,0.652,0.219,0.099,0.155,0.0
jpg/image_02949.jpg,nhieu_hoa_hoac_nen_roi,0.628,1.033,0.878,0.395,0.224,0.0,0.015
jpg/image_02952.jpg,lech_tam,1.0,1.034,0.872,0.392,0.361,0.0,0.0
jpg/image_02953.jpg,lech_tam,1.0,0.91,0.884,0.374,0.27,0.022,0.0
jpg/image_02955.jpg,hoa_sat_bien_khong_crop_duoc,1.0,0.667,0.658,0.204,0.095,0.178,0.0
jpg/image_02956.jpg,lech_tam,1.0,1.26,0.823,0.303,0.191,0.033,0.0
jpg/image_02957.jpg,nhieu_hoa_hoac_nen_roi,0.748,1.085,0.911,0.39,0.303,0.0,0.0
jpg/image_02959.jpg,nhieu_hoa_hoac_nen_roi,0.567,1.167,0.961,0.383,0.329,0.081,0.003
jpg/image_02961.jpg,lech_tam,1.0,0.83,0.98,0.378,0.19,0.0,0.0
jpg/image_02962.jpg,hoa_sat_bien_khong_crop_duoc,1.0,1.684,0.832,0.229,0.027,0.185,0.0
jpg/image_02963.jpg,hoa_sat_bien_khong_crop_duoc,0.514,1.348,1.016,0.35,0.424,0.129,0.0
jpg/image_02966.jpg,khong_phai_goc_nhin_tren_xuong(dai),1.0,1.5,0.817,0.253,0.257,0.007,0.0
jpg/image_02967.jpg,khong_phai_goc_nhin_tren_xuong(dai),1.0,0.663,0.904,0.278,0.105,0.038,0.0
jpg/image_02968.jpg,hoa_sat_bien_khong_crop_duoc,1.0,1.667,0.736,0.205,0.106,0.149,0.0
jpg/image_02969.jpg,lech_tam,1.0,1.214,0.91,0.348,0.28,0.0,0.0
jpg/image_02970.jpg,lech_tam,1.0,0.94,0.977,0.427,0.283,0.0,0.0
jpg/image_02971.jpg,lech_tam,1.0,0.987,0.911,0.418,0.261,0.018,0.0
jpg/image_02972.jpg,nhieu_hoa_hoac_nen_roi,0.615,0.822,0.751,0.287,0.239,0.0,0.038
jpg/image_02973.jpg,lech_tam,1.0,1.426,0.902,0.294,0.324,0.062,0.0
jpg/image_02974.jpg,nhieu_hoa_hoac_nen_roi,0.621,1.056,0.893,0.393,0.307,0.0,0.0
jpg/image_02977.jpg,khong_phai_goc_nhin_tren_xuong(dai),1.0,0.628,0.953,0.278,0.14,0.0,0.0
jpg/image_02978.jpg,hoa_sat_bien_khong_crop_duoc,1.0,0.748,0.754,0.262,0.06,0.143,0.0
jpg/image_02980.jpg,hoa_sat_bien_khong_crop_duoc,1.0,0.677,0.768,0.242,0.022,0.185,0.0
jpg/image_02981.jpg,hoa_sat_bien_khong_crop_duoc,1.0,0.669,0.777,0.242,0.029,0.14,0.0
jpg/image_02984.jpg,hoa_sat_bien_khong_crop_duoc,1.0,1.468,0.904,0.286,0.123,0.152,0.0
jpg/image_02987.jpg,hoa_sat_bien_khong_crop_duoc,1.0,0.531,0.953,0.235,0.026,0.195,0.0
jpg/image_02988.jpg,nhieu_hoa_hoac_nen_roi,0.725,0.983,0.937,0.428,0.34,0.0,0.0
jpg/image_02991.jpg,nhieu_hoa_hoac_nen_roi,0.743,1.086,0.909,0.389,0.24,0.047,0.02
jpg/image_02992.jpg,hoa_sat_bien_khong_crop_duoc,1.0,0.594,0.713,0.197,0.016,0.19,0.0
jpg/image_02994.jpg,hoa_sat_bien_khong_crop_duoc,1.0,0.619,0.731,0.21,0.163,0.16,0.0
jpg/image_02997.jpg,lech_tam,1.0,1.378,0.854,0.288,0.408,0.038,0.0
jpg/image_03002.jpg,nhieu_hoa_hoac_nen_roi,0.527,1.246,0.657,0.245,0.256,0.083,0.1
jpg/image_03004.jpg,hoa_sat_bien_khong_crop_duoc,1.0,0.727,0.783,0.265,0.029,0.139,0.0
jpg/image_03010.jpg,hoa_sat_bien_khong_crop_duoc,1.0,1.426,0.759,0.247,0.108,0.125,0.001
jpg/image_03011.jpg,trung_lap,1.0,0.939,0.884,0.386,0.045,0.0,0.0
jpg/image_03012.jpg,hoa_sat_bien_khong_crop_duoc,1.0,1.812,0.757,0.194,0.042,0.2,0.0
jpg/image_03013.jpg,nhieu_hoa_hoac_nen_roi,0.551,1.102,0.673,0.284,0.337,0.043,0.101
jpg/image_03018.jpg,hoa_sat_bien_khong_crop_duoc,1.0,0.63,0.691,0.202,0.069,0.124,0.0
jpg/image_03019.jpg,lech_tam,1.0,0.808,0.852,0.32,0.213,0.0,0.0
jpg/image_03021.jpg,khong_thay_hoa,,,,,,,
jpg/image_03024.jpg,lech_tam,1.0,0.833,0.879,0.34,0.392,0.003,0.0
jpg/image_03028.jpg,nhieu_hoa_hoac_nen_roi,0.709,0.733,0.919,0.313,0.234,0.001,0.038
jpg/image_03029.jpg,hinh_dang_khong_tron,1.0,0.962,0.529,0.237,0.034,0.0,0.0
jpg/image_03030.jpg,hoa_sat_bien_khong_crop_duoc,1.0,1.194,0.779,0.303,0.049,0.121,0.0
jpg/image_03034.jpg,khong_thay_hoa,,,,,,,
jpg/image_03035.jpg,khong_phai_goc_nhin_tren_xuong(dai),1.0,2.17,0.839,0.18,0.124,0.11,0.0
jpg/image_03037.jpg,lech_tam,1.0,1.083,0.884,0.379,0.186,0.0,0.0
jpg/image_03038.jpg,khong_phai_goc_nhin_tren_xuong(dai),1.0,1.53,0.742,0.225,0.025,0.0,0.0
jpg/image_03039.jpg,hoa_sat_bien_khong_crop_duoc,1.0,0.764,0.619,0.22,0.091,0.121,0.001
jpg/image_03041.jpg,khong_thay_hoa,,,,,,,
jpg/image_03042.jpg,khong_thay_hoa,,,,,,,
jpg/image_03044.jpg,lech_tam,1.0,0.921,0.812,0.347,0.244,0.0,0.0
jpg/image_03045.jpg,khong_thay_hoa,,,,,,,
jpg/image_03047.jpg,hoa_sat_bien_khong_crop_duoc,1.0,1.621,0.511,0.146,0.094,0.129,0.0
jpg/image_03050.jpg,khong_thay_hoa,,,,,,,
jpg/image_03051.jpg,khong_thay_hoa,,,,,,,
jpg/image_03057.jpg,khong_thay_hoa,,,,,,,
jpg/image_03059.jpg,hoa_sat_bien_khong_crop_duoc,1.0,1.596,0.664,0.193,0.21,0.178,0.0
jpg/image_03060.jpg,khong_thay_hoa,,,,,,,
jpg/image_03062.jpg,hoa_sat_bien_khong_crop_duoc,1.0,1.27,0.859,0.314,0.06,0.138,0.0
jpg/image_03063.jpg,khong_thay_hoa,,,,,,,
jpg/image_03064.jpg,khong_thay_hoa,,,,,,,
jpg/image_03072.jpg,khong_phai_goc_nhin_tren_xuong(dai),1.0,1.456,0.68,0.217,0.144,0.033,0.0
jpg/image_03073.jpg,khong_thay_hoa,,,,,,,
jpg/image_03074.jpg,khong_phai_goc_nhin_tren_xuong(dai),1.0,1.456,0.673,0.215,0.275,0.059,0.0
jpg/image_03079.jpg,lech_tam,1.0,1.404,0.774,0.256,0.225,0.007,0.0
jpg/image_03081.jpg,hoa_sat_bien_khong_crop_duoc,1.0,1.407,0.588,0.194,0.111,0.194,0.0
jpg/image_03083.jpg,hoa_sat_bien_khong_crop_duoc,1.0,1.3,0.513,0.183,0.088,0.164,0.0
jpg/image_03084.jpg,khong_thay_hoa,,,,,,,
jpg/image_03088.jpg,lech_tam,1.0,0.823,0.815,0.312,0.21,0.098,0.0
jpg/image_03090.jpg,khong_phai_goc_nhin_tren_xuong(dai),1.0,1.491,0.757,0.236,0.193,0.027,0.0
jpg/image_03093.jpg,khong_phai_goc_nhin_tren_xuong(dai),1.0,0.663,0.726,0.224,0.096,0.037,0.0
jpg/image_03097.jpg,hoa_sat_bien_khong_crop_duoc,1.0,0.675,0.866,0.272,0.038,0.14,0.0
jpg/image_03098.jpg,khong_thay_hoa,,,,,,,
jpg/image_03099.jpg,hoa_sat_bien_khong_crop_duoc,1.0,1.521,0.721,0.22,0.131,0.201,0.0
jpg/image_03102.jpg,hoa_sat_bien_khong_crop_duoc,1.0,0.715,0.932,0.31,0.046,0.182,0.0
jpg/image_03104.jpg,khong_phai_goc_nhin_tren_xuong(dai),1.0,0.507,0.784,0.185,0.078,0.002,0.0
jpg/image_03105.jpg,hoa_sat_bien_khong_crop_duoc,1.0,1.243,0.89,0.333,0.035,0.127,0.0
jpg/image_03106.jpg,hoa_sat_bien_khong_crop_duoc,1.0,1.174,0.773,0.306,0.072,0.124,0.0
jpg/image_03107.jpg,hoa_sat_bien_khong_crop_duoc,1.0,0.812,0.901,0.34,0.016,0.121,0.0
jpg/image_03110.jpg,lech_tam,1.0,1.212,0.806,0.309,0.211,0.0,0.0
jpg/image_03111.jpg,hoa_sat_bien_khong_crop_duoc,1.0,0.6,0.75,0.209,0.155,0.171,0.0
jpg/image_03114.jpg,hoa_sat_bien_khong_crop_duoc,1.0,0.72,0.941,0.315,0.209,0.15,0.0
jpg/image_03116.jpg,lech_tam,1.0,1.279,0.738,0.268,0.206,0.0,0.0
jpg/image_03120.jpg,hoa_sat_bien_khong_crop_duoc,1.0,0.741,0.903,0.311,0.089,0.157,0.0
jpg/image_03121.jpg,hoa_sat_bien_khong_crop_duoc,1.0,1.476,0.927,0.292,0.042,0.183,0.0
jpg/image_03123.jpg,khong_thay_hoa,,,,,,,
jpg/image_03126.jpg,khong_thay_hoa,,,,,,,
jpg/image_03127.jpg,khong_thay_hoa,,,,,,,
jpg/image_03131.jpg,khong_thay_hoa,,,,,,,
jpg/image_03133.jpg,hoa_sat_bien_khong_crop_duoc,1.0,1.234,0.963,0.363,0.091,0.131,0.0
jpg/image_03134.jpg,khong_thay_hoa,,,,,,,
jpg/image_03135.jpg,hoa_sat_bien_khong_crop_duoc,1.0,0.688,0.921,0.294,0.021,0.14,0.0
jpg/image_03137.jpg,hoa_sat_bien_khong_crop_duoc,1.0,0.754,0.76,0.266,0.035,0.135,0.0
jpg/image_03139.jpg,hoa_sat_bien_khong_crop_duoc,0.756,1.727,0.629,0.169,0.151,0.183,0.046
jpg/image_03140.jpg,hoa_sat_bien_khong_crop_duoc,1.0,0.642,0.751,0.224,0.154,0.178,0.0
jpg/image_03142.jpg,hoa_sat_bien_khong_crop_duoc,1.0,0.648,0.801,0.241,0.163,0.19,0.001
jpg/image_03146.jpg,lech_tam,1.0,0.961,0.898,0.401,0.233,0.0,0.0
jpg/image_03150.jpg,hoa_sat_bien_khong_crop_duoc,1.0,1.187,0.72,0.282,0.141,0.122,0.0
jpg/image_03151.jpg,hoa_sat_bien_khong_crop_duoc,1.0,0.7,0.859,0.28,0.023,0.169,0.0
jpg/image_03156.jpg,hoa_sat_bien_khong_crop_duoc,1.0,1.301,0.972,0.347,0.056,0.12,0.0
jpg/image_03157.jpg,hoa_sat_bien_khong_crop_duoc,1.0,1.455,0.774,0.247,0.057,0.202,0.0
jpg/image_03160.jpg,hoa_sat_bien_khong_crop_duoc,1.0,1.253,0.811,0.301,0.026,0.127,0.0
jpg/image_03162.jpg,hoa_sat_bien_khong_crop_duoc,1.0,0.768,0.86,0.307,0.079,0.151,0.0
jpg/image_03164.jpg,khong_thay_hoa,,,,,,,
jpg/image_03167.jpg,hoa_sat_bien_khong_crop_duoc,1.0,1.168,0.782,0.311,0.103,0.135,0.0
jpg/image_03168.jpg,hoa_sat_bien_khong_crop_duoc,1.0,0.594,0.7,0.193,0.107,0.225,0.0
jpg/image_03169.jpg,hoa_sat_bien_khong_crop_duoc,1.0,1.658,0.853,0.239,0.112,0.196,0.0
jpg/image_03170.jpg,khong_thay_hoa,,,,,,,
jpg/image_03171.jpg,hoa_sat_bien_khong_crop_duoc,1.0,1.253,0.752,0.279,0.039,0.139,0.0
jpg/image_03172.jpg,hoa_sat_bien_khong_crop_duoc,1.0,0.667,0.876,0.271,0.093,0.177,0.0
jpg/image_03176.jpg,khong_thay_hoa,,,,,,,
jpg/image_03177.jpg,khong_thay_hoa,,,,,,,
jpg/image_03178.jpg,khong_thay_hoa,,,,,,,
jpg/image_03180.jpg,khong_thay_hoa,,,,,,,
jpg/image_03181.jpg,khong_thay_hoa,,,,,,,
jpg/image_03184.jpg,lech_tam,0.808,1.0,0.932,0.433,0.371,0.0,0.0
jpg/image_03189.jpg,nhieu_hoa_hoac_nen_roi,0.614,1.019,0.909,0.415,0.369,0.0,0.0
jpg/image_03191.jpg,hoa_sat_bien_khong_crop_duoc,1.0,1.333,0.972,0.339,0.197,0.15,0.0
jpg/image_03192.jpg,hoa_sat_bien_khong_crop_duoc,1.0,1.435,0.869,0.281,0.083,0.179,0.0
jpg/image_03197.jpg,lech_tam,1.0,1.123,0.955,0.395,0.183,0.035,0.0
jpg/image_03198.jpg,lech_tam,1.0,1.237,0.878,0.33,0.254,0.0,0.0
jpg/image_03200.jpg,lech_tam,1.0,1.136,0.945,0.387,0.289,0.0,0.0
jpg/image_03201.jpg,lech_tam,1.0,0.923,0.891,0.382,0.357,0.045,0.004
jpg/image_03202.jpg,khong_phai_goc_nhin_tren_xuong(dai),1.0,1.5,0.85,0.263,0.092,0.001,0.0
jpg/image_03204.jpg,khong_phai_goc_nhin_tren_xuong(dai),1.0,1.566,0.768,0.228,0.02,0.111,0.0
jpg/image_03206.jpg,hoa_sat_bien_khong_crop_duoc,1.0,1.689,0.635,0.175,0.215,0.155,0.0
jpg/image_03207.jpg,nhieu_hoa_hoac_nen_roi,0.614,1.744,0.813,0.217,0.299,0.0,0.061
jpg/image_03208.jpg,nhieu_hoa_hoac_nen_roi,0.749,1.155,1.032,0.415,0.379,0.026,0.0
jpg/image_03213.jpg,khong_phai_goc_nhin_tren_xuong(dai),1.0,0.636,0.752,0.222,0.044,0.117,0.002
jpg/image_03214.jpg,lech_tam,1.0,1.26,0.906,0.334,0.264,0.064,0.0
jpg/image_03220.jpg,lech_tam,1.0,1.327,1.058,0.371,0.203,0.0,0.0
jpg/image_03221.jpg,khong_phai_goc_nhin_tren_xuong(dai),1.0,1.464,0.916,0.291,0.125,0.092,0.0
jpg/image_03224.jpg,khong_phai_goc_nhin_tren_xuong(dai),1.0,1.625,0.734,0.21,0.215,0.066,0.0
jpg/image_03225.jpg,hoa_sat_bien_khong_crop_duoc,1.0,1.945,0.762,0.182,0.109,0.144,0.0
jpg/image_03232.jpg,lech_tam,1.0,0.936,0.926,0.403,0.235,0.005,0.0
jpg/image_03233.jpg,nhieu_hoa_hoac_nen_roi,0.729,1.151,1.007,0.407,0.246,0.046,0.0
jpg/image_03234.jpg,hoa_sat_bien_khong_crop_duoc,1.0,1.647,0.895,0.252,0.268,0.154,0.0
jpg/image_03235.jpg,lech_tam,1.0,1.138,0.921,0.376,0.24,0.0,0.0
jpg/image_03236.jpg,khong_phai_goc_nhin_tren_xuong(dai),1.0,1.657,0.9,0.252,0.046,0.0,0.0
jpg/image_03237.jpg,nhieu_hoa_hoac_nen_roi,0.512,1.341,0.923,0.32,0.113,0.0,0.096
jpg/image_03238.jpg,khong_phai_goc_nhin_tren_xuong(dai),1.0,1.531,0.831,0.252,0.139,0.0,0.0
jpg/image_03239.jpg,hoa_sat_bien_khong_crop_duoc,1.0,1.674,0.832,0.231,0.329,0.123,0.0
jpg/image_03240.jpg,khong_phai_goc_nhin_tren_xuong(dai),1.0,1.816,0.782,0.2,0.295,0.0,0.0
jpg/image_03241.jpg,lech_tam,1.0,1.448,0.992,0.318,0.227,0.052,0.0
jpg/image_03242.jpg,khong_phai_goc_nhin_tren_xuong(dai),1.0,1.694,0.887,0.243,0.338,0.106,0.0
jpg/image_03243.jpg,hoa_sat_bien_khong_crop_duoc,1.0,1.81,0.806,0.207,0.225,0.213,0.0
jpg/image_03244.jpg,khong_phai_goc_nhin_tren_xuong(dai),1.0,1.657,0.926,0.26,0.034,0.0,0.0
jpg/image_03245.jpg,khong_phai_goc_nhin_tren_xuong(dai),1.0,1.703,0.841,0.23,0.281,0.0,0.0
jpg/image_03247.jpg,khong_phai_goc_nhin_tren_xuong(dai),1.0,0.469,0.793,0.173,0.343,0.0,0.0
jpg/image_03248.jpg,lech_tam,59.0,0.889,1.043,0.431,0.232,0.0,0.05
jpg/image_03250.jpg,lech_tam,1.0,0.944,0.961,0.421,0.255,0.057,0.0
jpg/image_03251.jpg,hoa_sat_bien_khong_crop_duoc,1.0,1.258,0.94,0.347,0.253,0.15,0.0
jpg/image_03252.jpg,lech_tam,1.0,1.137,0.904,0.37,0.193,0.0,0.0
jpg/image_03253.jpg,hoa_sat_bien_khong_crop_duoc,1.0,1.588,0.771,0.226,0.013,0.179,0.0
jpg/image_03254.jpg,lech_tam,1.0,0.907,0.879,0.37,0.282,0.04,0.031
jpg/image_03256.jpg,nhieu_hoa_hoac_nen_roi,0.541,0.982,0.916,0.418,0.384,0.0,0.119
jpg/image_03257.jpg,lech_tam,1.0,1.027,0.885,0.4,0.239,0.0,0.0
jpg/image_03258.jpg,lech_tam,1.0,1.063,0.872,0.381,0.318,0.006,0.0
jpg/image_03259.jpg,lech_tam,1.0,1.355,0.688,0.236,0.2,0.109,0.004
jpg/image_03260.jpg,lech_tam,0.934,0.922,0.973,0.417,0.341,0.0,0.0
jpg/image_03261.jpg,lech_tam,1.0,1.044,0.986,0.439,0.199,0.0,0.0
jpg/image_03263.jpg,hoa_sat_bien_khong_crop_duoc,1.0,1.474,0.864,0.272,0.041,0.164,0.0
jpg/image_03264.jpg,lech_tam,1.0,0.957,0.961,0.428,0.273,0.0,0.0
jpg/image_03267.jpg,hoa_sat_bien_khong_crop_duoc,1.0,1.506,0.951,0.293,0.045,0.16,0.0
jpg/image_03271.jpg,hoa_sat_bien_khong_crop_duoc,1.0,0.75,0.871,0.303,0.101,0.155,0.0
jpg/image_03272.jpg,lech_tam,1.0,0.844,0.96,0.376,0.234,0.0,0.0
jpg/image_03281.jpg,nhieu_hoa_hoac_nen_roi,0.652,1.775,0.805,0.211,0.132,0.0,0.057
jpg/image_03282.jpg,khong_phai_goc_nhin_tren_xuong(dai),1.0,1.476,0.898,0.283,0.051,0.009,0.0
jpg/image_03284.jpg,khong_phai_goc_nhin_tren_xuong(dai),1.0,1.462,0.694,0.221,0.198,0.002,0.001
jpg/image_03285.jpg,hinh_dang_khong_tron,1.0,1.422,0.452,0.148,0.174,0.067,0.0
jpg/image_03286.jpg,hinh_dang_khong_tron,1.0,0.819,0.469,0.178,0.022,0.057,0.0
jpg/image_03287.jpg,hinh_dang_khong_tron,1.0,1.113,0.41,0.171,0.075,0.084,0.006
jpg/image_03288.jpg,hoa_sat_bien_khong_crop_duoc,1.0,1.41,0.826,0.272,0.112,0.132,0.0
jpg/image_03289.jpg,hoa_sat_bien_khong_crop_duoc,1.0,1.253,0.502,0.186,0.11,0.173,0.0
jpg/image_03291.jpg,khong_phai_goc_nhin_tren_xuong(dai),0.827,3.147,0.431,0.064,0.162,0.108,0.004
jpg/image_03293.jpg,hoa_sat_bien_khong_crop_duoc,1.0,0.45,0.593,0.124,0.073,0.162,0.0
jpg/image_03294.jpg,lech_tam,1.0,0.765,0.838,0.298,0.254,0.0,0.0
jpg/image_03295.jpg,lech_tam,1.0,1.042,0.689,0.307,0.195,0.0,0.0
jpg/image_03297.jpg,hinh_dang_khong_tron,1.0,0.872,0.369,0.149,0.224,0.038,0.009
jpg/image_03298.jpg,lech_tam,1.0,0.711,0.724,0.239,0.351,0.0,0.0
jpg/image_03299.jpg,hoa_sat_bien_khong_crop_duoc,1.0,1.514,0.674,0.207,0.055,0.173,0.0
jpg/image_03301.jpg,khong_phai_goc_nhin_tren_xuong(dai),181.0,3.5,0.658,0.087,0.045,0.0,0.0
jpg/image_03302.jpg,hoa_sat_bien_khong_crop_duoc,1.0,1.676,0.514,0.143,0.073,0.218,0.0
jpg/image_03303.jpg,hinh_dang_khong_tron,1.0,1.115,0.484,0.202,0.091,0.03,0.007
jpg/image_03304.jpg,hinh_dang_khong_tron,1.0,0.94,0.538,0.235,0.236,0.021,0.0
jpg/image_03305.jpg,hoa_sat_bien_khong_crop_duoc,1.0,1.447,0.47,0.151,0.16,0.191,0.001
jpg/image_03306.jpg,hinh_dang_khong_tron,1.0,0.773,0.468,0.168,0.125,0.003,0.0
jpg/image_03307.jpg,hoa_sat_bien_khong_crop_duoc,1.0,1.403,0.779,0.258,0.196,0.124,0.0
jpg/image_03308.jpg,hinh_dang_khong_tron,1.0,1.364,0.399,0.136,0.052,0.065,0.007
jpg/image_03309.jpg,hoa_sat_bien_khong_crop_duoc,1.0,1.405,0.63,0.208,0.202,0.131,0.007
jpg/image_03310.jpg,hoa_sat_bien_khong_crop_duoc,1.0,1.742,0.556,0.148,0.175,0.172,0.002
jpg/image_03311.jpg,khong_phai_goc_nhin_tren_xuong(dai),1.0,0.579,0.585,0.157,0.051,0.08,0.0
jpg/image_03312.jpg,khong_phai_goc_nhin_tren_xuong(dai),1.0,0.462,0.548,0.118,0.141,0.0,0.0
jpg/image_03313.jpg,nhieu_hoa_hoac_nen_roi,0.758,2.281,0.416,0.085,0.231,0.065,0.026
jpg/image_03314.jpg,hinh_dang_khong_tron,1.0,1.212,0.506,0.194,0.259,0.0,0.003
jpg/image_03315.jpg,hinh_dang_khong_tron,1.0,1.333,0.547,0.191,0.171,0.098,0.0
jpg/image_03316.jpg,khong_phai_goc_nhin_tren_xuong(dai),1.0,0.5,0.795,0.185,0.181,0.0,0.0
jpg/image_03317.jpg,hinh_dang_khong_tron,1.0,1.309,0.515,0.183,0.093,0.069,0.006
jpg/image_03318.jpg,khong_phai_goc_nhin_tren_xuong(dai),1.0,1.567,0.523,0.155,0.031,0.089,0.0
jpg/image_03319.jpg,hinh_dang_khong_tron,1.0,1.317,0.341,0.12,0.147,0.032,0.0
jpg/image_03321.jpg,lech_tam,1.0,0.814,0.785,0.297,0.247,0.016,0.0
jpg/image_03322.jpg,hoa_sat_bien_khong_crop_duoc,1.0,1.356,0.315,0.108,0.082,0.156,0.0
jpg/image_03324.jpg,lech_tam,1.0,1.136,0.679,0.278,0.25,0.0,0.0
jpg/image_03326.jpg,hinh_dang_khong_tron,1.0,1.368,0.281,0.096,0.056,0.017,0.011
jpg/image_03327.jpg,hinh_dang_khong_tron,1.0,1.16,0.533,0.214,0.241,0.045,0.0
jpg/image_03328.jpg,hinh_dang_khong_tron,1.0,1.061,0.53,0.232,0.23,0.0,0.0
jpg/image_03329.jpg,khong_phai_goc_nhin_tren_xuong(dai),1.0,0.37,0.824,0.142,0.198,0.0,0.0
jpg/image_03330.jpg,khong_thay_hoa,,,,,,,
jpg/image_03332.jpg,lech_tam,1.0,1.348,0.626,0.216,0.22,0.041,0.006
jpg/image_03333.jpg,hinh_dang_khong_tron,0.806,0.95,0.37,0.163,0.179,0.0,0.0
jpg/image_03335.jpg,hoa_sat_bien_khong_crop_duoc,1.0,0.46,0.615,0.132,0.193,0.153,0.0
jpg/image_03336.jpg,hinh_dang_khong_tron,1.0,1.275,0.497,0.181,0.035,0.0,0.0
jpg/image_03337.jpg,lech_tam,1.0,1.35,0.681,0.234,0.227,0.03,0.0
jpg/image_03338.jpg,hinh_dang_khong_tron,1.0,0.973,0.521,0.236,0.193,0.0,0.025
jpg/image_03339.jpg,lech_tam,1.0,1.026,0.828,0.375,0.208,0.038,0.0
jpg/image_03340.jpg,khong_phai_goc_nhin_tren_xuong(dai),1.0,0.626,0.522,0.152,0.012,0.079,0.0
jpg/image_03341.jpg,nhieu_hoa_hoac_nen_roi,0.513,0.73,0.475,0.161,0.068,0.0,0.105
jpg/image_03342.jpg,nhieu_hoa_hoac_nen_roi,0.826,0.619,0.897,0.258,0.261,0.0,0.06
jpg/image_03343.jpg,khong_phai_goc_nhin_tren_xuong(dai),1.0,0.512,0.472,0.112,0.056,0.05,0.01
jpg/image_03344.jpg,khong_phai_goc_nhin_tren_xuong(dai),1.0,0.628,0.663,0.194,0.279,0.0,0.0
jpg/image_03345.jpg,khong_phai_goc_nhin_tren_xuong(dai),1.0,0.571,0.76,0.202,0.218,0.0,0.012
jpg/image_03346.jpg,khong_phai_goc_nhin_tren_xuong(dai),1.0,0.324,0.698,0.105,0.231,0.0,0.0
jpg/image_03347.jpg,hoa_sat_bien_khong_crop_duoc,1.0,1.239,0.512,0.192,0.155,0.14,0.001
jpg/image_03349.jpg,lech_tam,1.0,1.206,0.711,0.274,0.182,0.102,0.0
jpg/image_03350.jpg,hinh_dang_khong_tron,1.0,1.276,0.487,0.177,0.105,0.054,0.001
jpg/image_03351.jpg,hinh_dang_khong_tron,1.0,1.438,0.449,0.145,0.174,0.072,0.0
jpg/image_03352.jpg,lech_tam,1.0,1.27,0.71,0.26,0.211,0.08,0.0
jpg/image_03353.jpg,khong_phai_goc_nhin_tren_xuong(dai),1.0,0.299,0.797,0.111,0.242,0.0,0.008
jpg/image_03354.jpg,hinh_dang_khong_tron,1.0,1.143,0.465,0.189,0.123,0.029,0.003
jpg/image_03357.jpg,khong_phai_goc_nhin_tren_xuong(dai),1.0,1.5,0.742,0.23,0.177,0.084,0.003
jpg/image_03358.jpg,khong_thay_hoa,,,,,,,
jpg/image_03359.jpg,khong_phai_goc_nhin_tren_xuong(dai),62.0,0.538,0.867,0.217,0.061,0.0,0.0
jpg/image_03360.jpg,lech_tam,1.0,1.105,0.644,0.271,0.186,0.0,0.0
jpg/image_03361.jpg,hoa_sat_bien_khong_crop_duoc,1.0,0.872,0.357,0.145,0.17,0.137,0.0
jpg/image_03362.jpg,khong_phai_goc_nhin_tren_xuong(dai),1.0,0.615,0.683,0.195,0.012,0.0,0.0
jpg/image_03363.jpg,hinh_dang_khong_tron,1.0,1.059,0.45,0.197,0.118,0.113,0.019
jpg/image_03364.jpg,hoa_sat_bien_khong_crop_duoc,1.0,1.638,0.388,0.11,0.016,0.15,0.0
jpg/image_03365.jpg,khong_phai_goc_nhin_tren_xuong(dai),1.0,1.64,0.609,0.173,0.212,0.0,0.0
jpg/image_03366.jpg,hinh_dang_khong_tron,1.0,1.068,0.404,0.176,0.161,0.112,0.006
jpg/image_03367.jpg,hinh_dang_khong_tron,1.0,1.095,0.486,0.206,0.051,0.067,0.0
jpg/image_03369.jpg,khong_thay_hoa,,,,,,,
jpg/image_03373.jpg,hoa_sat_bien_khong_crop_duoc,1.0,0.541,0.841,0.212,0.143,0.214,0.0
jpg/image_03375.jpg,khong_thay_hoa,,,,,,,
jpg/image_03378.jpg,hoa_sat_bien_khong_crop_duoc,1.0,0.716,0.907,0.302,0.089,0.14,0.0
jpg/image_03380.jpg,lech_tam,1.0,1.03,0.89,0.401,0.256,0.005,0.0
jpg/image_03381.jpg,hoa_sat_bien_khong_crop_duoc,1.0,0.82,0.696,0.265,0.055,0.123,0.0
jpg/image_03383.jpg,nhieu_hoa_hoac_nen_roi,0.543,0.625,1.052,0.306,0.426,0.099,0.0
jpg/image_03386.jpg,hoa_sat_bien_khong_crop_duoc,1.0,1.493,0.85,0.265,0.196,0.195,0.0
jpg/image_03391.jpg,lech_tam,1.0,0.711,1.067,0.353,0.182,0.085,0.0
jpg/image_03392.jpg,khong_phai_goc_nhin_tren_xuong(dai),1.0,0.622,1.058,0.306,0.127,0.0,0.0
jpg/image_03393.jpg,lech_tam,1.0,0.928,0.927,0.399,0.288,0.0,0.0
jpg/image_03396.jpg,khong_phai_goc_nhin_tren_xuong(dai),1.0,0.689,1.031,0.33,0.215,0.0,0.0
jpg/image_03398.jpg,khong_phai_goc_nhin_tren_xuong(dai),1.0,0.698,0.684,0.222,0.217,0.078,0.0
jpg/image_03399.jpg,hoa_sat_bien_khong_crop_duoc,1.0,0.724,0.943,0.317,0.073,0.134,0.0
jpg/image_03400.jpg,lech_tam,1.0,0.933,1.122,0.487,0.332,0.0,0.0
jpg/image_03405.jpg,hoa_sat_bien_khong_crop_duoc,1.0,0.675,1.0,0.314,0.062,0.139,0.0
jpg/image_03406.jpg,khong_thay_hoa,,,,,,,
jpg/image_03408.jpg,nhieu_hoa_hoac_nen_roi,0.634,1.219,0.903,0.344,0.225,0.053,0.123
jpg/image_03409.jpg,hoa_sat_bien_khong_crop_duoc,1.0,0.693,0.985,0.317,0.033,0.149,0.0
jpg/image_03414.jpg,lech_tam,1.0,1.157,0.799,0.321,0.189,0.0,0.0
jpg/image_03417.jpg,lech_tam,1.0,0.829,1.129,0.435,0.234,0.0,0.0
jpg/image_03418.jpg,lech_tam,1.0,0.958,0.929,0.414,0.201,0.0,0.0
jpg/image_03420.jpg,lech_tam,1.0,0.723,0.983,0.33,0.302,0.0,0.0
jpg/image_03421.jpg,khong_phai_goc_nhin_tren_xuong(dai),1.0,0.674,1.015,0.318,0.228,0.114,0.0
jpg/image_03423.jpg,hoa_sat_bien_khong_crop_duoc,1.0,1.471,0.875,0.276,0.009,0.148,0.0
jpg/image_03429.jpg,khong_phai_goc_nhin_tren_xuong(dai),1.0,0.684,0.951,0.302,0.045,0.038,0.0
jpg/image_03431.jpg,hoa_sat_bien_khong_crop_duoc,1.0,0.739,0.897,0.308,0.053,0.156,0.0
jpg/image_03436.jpg,trung_lap,1.0,0.791,0.883,0.325,0.02,0.08,0.0
jpg/image_03439.jpg,nhieu_hoa_hoac_nen_roi,0.583,0.567,0.725,0.191,0.405,0.044,0.0
jpg/image_03445.jpg,trung_lap,1.0,0.826,1.015,0.389,0.085,0.0,0.0
jpg/image_03453.jpg,lech_tam,1.0,0.831,1.028,0.397,0.298,0.0,0.0
jpg/image_03456.jpg,khong_phai_goc_nhin_tren_xuong(dai),1.0,0.427,0.879,0.174,0.038,0.024,0.0
jpg/image_03457.jpg,khong_thay_hoa,,,,,,,
jpg/image_03458.jpg,lech_tam,1.0,0.91,1.024,0.433,0.343,0.0,0.0
jpg/image_03459.jpg,hoa_sat_bien_khong_crop_duoc,1.0,0.49,0.909,0.207,0.201,0.171,0.0
jpg/image_03460.jpg,khong_phai_goc_nhin_tren_xuong(dai),96.0,0.5,0.955,0.222,0.064,0.0,0.0
jpg/image_03463.jpg,hoa_sat_bien_khong_crop_duoc,1.0,1.529,0.833,0.253,0.187,0.173,0.0
jpg/image_03467.jpg,hoa_sat_bien_khong_crop_duoc,1.0,1.425,0.895,0.292,0.034,0.15,0.0
jpg/image_03468.jpg,khong_thay_hoa,,,,,,,
jpg/image_03470.jpg,lech_tam,1.0,1.282,0.781,0.283,0.193,0.079,0.0
jpg/image_03471.jpg,hoa_sat_bien_khong_crop_duoc,1.0,1.376,1.026,0.346,0.042,0.173,0.0
jpg/image_03472.jpg,hoa_sat_bien_khong_crop_duoc,1.0,1.683,0.733,0.202,0.18,0.205,0.0
jpg/image_03473.jpg,khong_thay_hoa,,,,,,,
jpg/image_03474.jpg,khong_thay_hoa,,,,,,,
jpg/image_03475.jpg,khong_thay_hoa,,,,,,,
jpg/image_03476.jpg,khong_thay_hoa,,,,,,,
jpg/image_03477.jpg,lech_tam,1.0,1.324,0.874,0.307,0.194,0.04,0.0
jpg/image_03479.jpg,khong_thay_hoa,,,,,,,
jpg/image_03480.jpg,khong_thay_hoa,,,,,,,
jpg/image_03482.jpg,hoa_sat_bien_khong_crop_duoc,1.0,1.425,0.876,0.286,0.072,0.165,0.0
jpg/image_03483.jpg,khong_thay_hoa,,,,,,,
jpg/image_03484.jpg,khong_thay_hoa,,,,,,,
jpg/image_03485.jpg,khong_thay_hoa,,,,,,,
jpg/image_03486.jpg,khong_thay_hoa,,,,,,,
jpg/image_03487.jpg,khong_thay_hoa,,,,,,,
jpg/image_03488.jpg,khong_thay_hoa,,,,,,,
jpg/image_03490.jpg,khong_thay_hoa,,,,,,,
jpg/image_03491.jpg,hoa_sat_bien_khong_crop_duoc,1.0,1.39,1.055,0.353,0.17,0.171,0.0
jpg/image_03493.jpg,hoa_sat_bien_khong_crop_duoc,1.0,1.256,0.966,0.358,0.03,0.123,0.0
jpg/image_03497.jpg,khong_thay_hoa,,,,,,,
jpg/image_03498.jpg,khong_thay_hoa,,,,,,,
jpg/image_03499.jpg,khong_thay_hoa,,,,,,,
jpg/image_03500.jpg,khong_thay_hoa,,,,,,,
jpg/image_03502.jpg,khong_thay_hoa,,,,,,,
jpg/image_03503.jpg,lech_tam,1.0,0.8,0.806,0.3,0.197,0.0,0.0
jpg/image_03504.jpg,khong_thay_hoa,,,,,,,
jpg/image_03505.jpg,khong_thay_hoa,,,,,,,
jpg/image_03506.jpg,khong_phai_goc_nhin_tren_xuong(dai),1.0,1.889,1.014,0.25,0.384,0.0,0.0
jpg/image_03507.jpg,hoa_sat_bien_khong_crop_duoc,1.0,0.705,0.718,0.235,0.074,0.132,0.0
jpg/image_03508.jpg,khong_thay_hoa,,,,,,,
jpg/image_03509.jpg,hoa_sat_bien_khong_crop_duoc,1.0,0.738,0.676,0.232,0.095,0.143,0.0
jpg/image_03510.jpg,khong_thay_hoa,,,,,,,
jpg/image_03512.jpg,khong_thay_hoa,,,,,,,
jpg/image_03513.jpg,khong_thay_hoa,,,,,,,
jpg/image_03514.jpg,khong_thay_hoa,,,,,,,
jpg/image_03515.jpg,khong_thay_hoa,,,,,,,
jpg/image_03516.jpg,khong_thay_hoa,,,,,,,
jpg/image_03517.jpg,lech_tam,1.0,1.075,0.873,0.377,0.356,0.0,0.0
jpg/image_03518.jpg,khong_phai_goc_nhin_tren_xuong(dai),1.0,0.537,0.796,0.199,0.196,0.0,0.0
jpg/image_03520.jpg,khong_thay_hoa,,,,,,,
jpg/image_03521.jpg,khong_phai_goc_nhin_tren_xuong(dai),1.0,1.84,0.559,0.141,0.245,0.0,0.004
jpg/image_03522.jpg,khong_thay_hoa,,,,,,,
jpg/image_03523.jpg,khong_thay_hoa,,,,,,,
jpg/image_03524.jpg,lech_tam,1.0,1.076,0.858,0.371,0.281,0.003,0.0
jpg/image_03527.jpg,khong_thay_hoa,,,,,,,
jpg/image_03528.jpg,khong_thay_hoa,,,,,,,
jpg/image_03529.jpg,hoa_sat_bien_khong_crop_duoc,1.0,0.736,0.917,0.314,0.039,0.136,0.0
jpg/image_03530.jpg,khong_thay_hoa,,,,,,,
jpg/image_03531.jpg,khong_thay_hoa,,,,,,,
jpg/image_03533.jpg,nhieu_hoa_hoac_nen_roi,0.741,0.899,0.742,0.31,0.21,0.082,0.122
jpg/image_03534.jpg,khong_thay_hoa,,,,,,,
jpg/image_03535.jpg,khong_thay_hoa,,,,,,,
jpg/image_03536.jpg,khong_thay_hoa,,,,,,,
jpg/image_03537.jpg,khong_thay_hoa,,,,,,,
jpg/image_03538.jpg,khong_thay_hoa,,,,,,,
jpg/image_03539.jpg,khong_thay_hoa,,,,,,,
jpg/image_03540.jpg,khong_thay_hoa,,,,,,,
jpg/image_03541.jpg,hoa_sat_bien_khong_crop_duoc,1.0,1.321,0.806,0.283,0.101,0.136,0.0
jpg/image_03542.jpg,khong_thay_hoa,,,,,,,
jpg/image_03543.jpg,khong_thay_hoa,,,,,,,
jpg/image_03544.jpg,khong_thay_hoa,,,,,,,
jpg/image_03547.jpg,hoa_sat_bien_khong_crop_duoc,1.0,1.305,0.912,0.325,0.038,0.157,0.0
jpg/image_03549.jpg,khong_phai_goc_nhin_tren_xuong(dai),94.0,1.889,0.782,0.192,0.285,0.0,0.0
jpg/image_03550.jpg,khong_thay_hoa,,,,,,,
jpg/image_03552.jpg,hoa_sat_bien_khong_crop_duoc,1.0,1.512,0.868,0.267,0.048,0.208,0.0
jpg/image_03553.jpg,lech_tam,1.0,0.871,0.929,0.376,0.206,0.038,0.0
jpg/image_03557.jpg,hoa_sat_bien_khong_crop_duoc,1.0,1.345,0.895,0.309,0.02,0.14,0.0
jpg/image_03558.jpg,hoa_sat_bien_khong_crop_duoc,1.0,1.425,0.739,0.241,0.111,0.143,0.0
jpg/image_03559.jpg,hoa_sat_bien_khong_crop_duoc,1.0,1.422,0.762,0.249,0.042,0.152,0.0
jpg/image_03560.jpg,hoa_sat_bien_khong_crop_duoc,1.0,1.788,0.781,0.203,0.066,0.191,0.0
jpg/image_03561.jpg,hoa_sat_bien_khong_crop_duoc,1.0,1.438,0.79,0.255,0.021,0.146,0.0
jpg/image_03562.jpg,hoa_sat_bien_khong_crop_duoc,1.0,1.902,0.883,0.216,0.316,0.144,0.0
jpg/image_03563.jpg,hoa_sat_bien_khong_crop_duoc,1.0,1.58,0.792,0.233,0.027,0.196,0.0
jpg/image_03564.jpg,hoa_sat_bien_khong_crop_duoc,1.0,1.443,0.672,0.217,0.053,0.157,0.0
jpg/image_03565.jpg,khong_thay_hoa,,,,,,,
jpg/image_03566.jpg,khong_thay_hoa,,,,,,,
jpg/image_03569.jpg,hoa_sat_bien_khong_crop_duoc,1.0,1.362,0.854,0.292,0.002,0.144,0.0
jpg/image_03571.jpg,lech_tam,1.0,1.27,0.657,0.24,0.256,0.006,0.019
jpg/image_03572.jpg,lech_tam,1.0,0.816,0.92,0.349,0.336,0.0,0.0
jpg/image_03574.jpg,hoa_sat_bien_khong_crop_duoc,1.0,1.161,0.698,0.279,0.057,0.12,0.0
jpg/image_03575.jpg,hoa_sat_bien_khong_crop_duoc,1.0,1.162,0.899,0.359,0.106,0.122,0.0
jpg/image_03576.jpg,hoa_sat_bien_khong_crop_duoc,1.0,1.345,0.825,0.285,0.048,0.152,0.0
jpg/image_03577.jpg,hoa_sat_bien_khong_crop_duoc,1.0,1.284,0.828,0.3,0.065,0.139,0.0
jpg/image_03579.jpg,khong_thay_hoa,,,,,,,
jpg/image_03582.jpg,khong_thay_hoa,,,,,,,
jpg/image_03583.jpg,khong_thay_hoa,,,,,,,
jpg/image_03585.jpg,lech_tam,1.0,0.915,0.608,0.258,0.206,0.0,0.002
jpg/image_03586.jpg,lech_tam,1.0,1.143,0.71,0.289,0.196,0.0,0.0
jpg/image_03587.jpg,hoa_sat_bien_khong_crop_duoc,1.0,1.457,1.029,0.328,0.053,0.176,0.0
jpg/image_03589.jpg,nhieu_hoa_hoac_nen_roi,55.0,0.7,1.0,0.325,0.297,0.0,0.068
jpg/image_03591.jpg,hoa_sat_bien_khong_crop_duoc,1.0,1.417,0.952,0.312,0.011,0.16,0.0
jpg/image_03593.jpg,khong_thay_hoa,,,,,,,
jpg/image_03595.jpg,hoa_sat_bien_khong_crop_duoc,1.0,1.371,0.863,0.293,0.056,0.161,0.0
jpg/image_03596.jpg,hoa_sat_bien_khong_crop_duoc,1.0,1.524,1.039,0.317,0.019,0.184,0.0
jpg/image_03597.jpg,hoa_sat_bien_khong_crop_duoc,1.0,1.337,0.705,0.245,0.119,0.184,0.0
jpg/image_03598.jpg,khong_thay_hoa,,,,,,,
jpg/image_03599.jpg,lech_tam,1.0,1.172,0.948,0.376,0.299,0.0,0.0
jpg/image_03602.jpg,hoa_sat_bien_khong_crop_duoc,1.0,1.388,0.887,0.297,0.119,0.173,0.0
jpg/image_03603.jpg,hoa_sat_bien_khong_crop_duoc,1.0,1.312,0.943,0.334,0.009,0.132,0.0
jpg/image_03604.jpg,khong_thay_hoa,,,,,,,
jpg/image_03605.jpg,khong_thay_hoa,,,,,,,
jpg/image_03607.jpg,khong_thay_hoa,,,,,,,
jpg/image_03608.jpg,hoa_sat_bien_khong_crop_duoc,1.0,1.321,0.789,0.278,0.083,0.139,0.0
jpg/image_03609.jpg,hoa_sat_bien_khong_crop_duoc,1.0,1.233,0.842,0.318,0.059,0.134,0.0
jpg/image_03610.jpg,khong_thay_hoa,,,,,,,
jpg/image_03613.jpg,hoa_sat_bien_khong_crop_duoc,1.0,1.329,0.853,0.298,0.079,0.16,0.0
jpg/image_03615.jpg,lech_tam,1.0,0.981,0.939,0.428,0.294,0.0,0.0
jpg/image_03616.jpg,nhieu_hoa_hoac_nen_roi,41.0,0.75,1.088,0.379,0.355,0.0,0.188
jpg/image_03618.jpg,hoa_sat_bien_khong_crop_duoc,1.0,1.326,1.111,0.389,0.047,0.135,0.0
jpg/image_03620.jpg,khong_thay_hoa,,,,,,,
jpg/image_03621.jpg,hoa_sat_bien_khong_crop_duoc,1.0,1.36,0.88,0.301,0.028,0.121,0.0
jpg/image_03622.jpg,khong_thay_hoa,,,,,,,
jpg/image_03624.jpg,hoa_sat_bien_khong_crop_duoc,1.0,1.25,0.947,0.352,0.028,0.122,0.0
jpg/image_03625.jpg,hoa_sat_bien_khong_crop_duoc,1.0,1.213,0.893,0.342,0.029,0.121,0.0
jpg/image_03628.jpg,hoa_sat_bien_khong_crop_duoc,1.0,1.242,0.862,0.323,0.022,0.129,0.0
jpg/image_03630.jpg,khong_thay_hoa,,,,,,,
jpg/image_03631.jpg,khong_thay_hoa,,,,,,,
jpg/image_03632.jpg,hoa_sat_bien_khong_crop_duoc,1.0,1.391,0.895,0.299,0.067,0.164,0.0
jpg/image_03634.jpg,hoa_sat_bien_khong_crop_duoc,1.0,1.315,0.921,0.326,0.093,0.173,0.0
jpg/image_03635.jpg,hoa_sat_bien_khong_crop_duoc,1.0,1.33,0.773,0.27,0.074,0.174,0.0
jpg/image_03636.jpg,hoa_sat_bien_khong_crop_duoc,1.0,1.597,0.774,0.225,0.053,0.171,0.0
jpg/image_03637.jpg,hoa_sat_bien_khong_crop_duoc,1.0,1.27,0.887,0.325,0.032,0.128,0.0
jpg/image_03638.jpg,khong_thay_hoa,,,,,,,
jpg/image_03639.jpg,khong_thay_hoa,,,,,,,
jpg/image_03640.jpg,khong_thay_hoa,,,,,,,
jpg/image_03641.jpg,hoa_sat_bien_khong_crop_duoc,1.0,1.274,1.072,0.391,0.029,0.13,0.0
jpg/image_03642.jpg,hoa_sat_bien_khong_crop_duoc,1.0,1.512,0.823,0.253,0.072,0.177,0.0
jpg/image_03648.jpg,hoa_sat_bien_khong_crop_duoc,1.0,1.253,0.905,0.336,0.017,0.121,0.0
jpg/image_03649.jpg,hoa_sat_bien_khong_crop_duoc,1.0,1.313,0.916,0.324,0.037,0.14,0.0
jpg/image_03653.jpg,hoa_sat_bien_khong_crop_duoc,1.0,1.313,0.88,0.312,0.025,0.136,0.0
jpg/image_03654.jpg,khong_thay_hoa,,,,,,,
jpg/image_03656.jpg,hoa_sat_bien_khong_crop_duoc,1.0,1.258,0.877,0.324,0.074,0.135,0.0
jpg/image_03657.jpg,khong_thay_hoa,,,,,,,
jpg/image_03659.jpg,hoa_sat_bien_khong_crop_duoc,1.0,1.563,0.814,0.242,0.123,0.185,0.0
jpg/image_03664.jpg,lech_tam,1.0,1.029,0.793,0.358,0.188,0.0,0.0
jpg/image_03665.jpg,khong_phai_goc_nhin_tren_xuong(dai),1.0,0.674,0.739,0.232,0.333,0.0,0.0
jpg/image_03669.jpg,lech_tam,1.0,1.104,1.038,0.437,0.215,0.047,0.0
jpg/image_03671.jpg,hoa_sat_bien_khong_crop_duoc,1.0,1.518,0.995,0.305,0.072,0.208,0.0
jpg/image_03673.jpg,nhieu_hoa_hoac_nen_roi,9.0,1.0,1.273,0.592,0.393,0.0,0.562
jpg/image_03674.jpg,hoa_sat_bien_khong_crop_duoc,1.0,0.784,0.837,0.305,0.027,0.14,0.0
jpg/image_03679.jpg,khong_thay_hoa,,,,,,,
jpg/image_03681.jpg,khong_phai_goc_nhin_tren_xuong(dai),1.0,0.569,0.723,0.191,0.068,0.0,0.002
jpg/image_03682.jpg,hoa_sat_bien_khong_crop_duoc,1.0,1.14,0.816,0.333,0.118,0.142,0.0
jpg/image_03683.jpg,nhieu_hoa_hoac_nen_roi,0.538,0.963,0.854,0.382,0.246,0.0,0.0
jpg/image_03687.jpg,hoa_sat_bien_khong_crop_duoc,1.0,1.494,0.95,0.295,0.052,0.164,0.0
jpg/image_03691.jpg,hoa_sat_bien_khong_crop_duoc,1.0,1.303,0.912,0.325,0.049,0.159,0.0
jpg/image_03692.jpg,hoa_sat_bien_khong_crop_duoc,1.0,1.422,0.952,0.311,0.037,0.157,0.0
jpg/image_03694.jpg,hoa_sat_bien_khong_crop_duoc,1.0,1.326,1.015,0.356,0.057,0.152,0.0
jpg/image_03695.jpg,hoa_sat_bien_khong_crop_duoc,1.0,0.828,0.987,0.38,0.032,0.121,0.0
jpg/image_03696.jpg,hoa_sat_bien_khong_crop_duoc,1.0,1.333,0.773,0.27,0.113,0.152,0.0
jpg/image_03699.jpg,hoa_sat_bien_khong_crop_duoc,1.0,1.649,0.833,0.235,0.022,0.159,0.0
jpg/image_03701.jpg,hoa_sat_bien_khong_crop_duoc,1.0,1.315,0.782,0.276,0.096,0.153,0.0
jpg/image_03702.jpg,hoa_sat_bien_khong_crop_duoc,1.0,1.36,0.909,0.311,0.039,0.15,0.0
jpg/image_03703.jpg,hoa_sat_bien_khong_crop_duoc,1.0,1.284,1.018,0.369,0.05,0.14,0.0
jpg/image_03704.jpg,khong_thay_hoa,,,,,,,
jpg/image_03706.jpg,hoa_sat_bien_khong_crop_duoc,1.0,1.267,1.126,0.413,0.026,0.134,0.0
jpg/image_03708.jpg,hoa_sat_bien_khong_crop_duoc,1.0,1.368,0.963,0.327,0.07,0.163,0.0
jpg/image_03710.jpg,hoa_sat_bien_khong_crop_duoc,1.0,1.333,0.884,0.308,0.051,0.171,0.0
jpg/image_03711.jpg,khong_thay_hoa,,,,,,,
jpg/image_03714.jpg,hoa_sat_bien_khong_crop_duoc,1.0,1.383,0.979,0.329,0.133,0.174,0.0
jpg/image_03716.jpg,nhieu_hoa_hoac_nen_roi,9.0,1.0,1.273,0.592,0.432,0.0,0.562
jpg/image_03718.jpg,hoa_sat_bien_khong_crop_duoc,1.0,1.488,0.882,0.276,0.056,0.18,0.0
jpg/image_03719.jpg,khong_thay_hoa,,,,,,,
jpg/image_03720.jpg,hoa_sat_bien_khong_crop_duoc,1.0,1.255,1.107,0.41,0.02,0.13,0.0
jpg/image_03721.jpg,khong_thay_hoa,,,,,,,
jpg/image_03722.jpg,hoa_sat_bien_khong_crop_duoc,1.0,1.215,0.932,0.356,0.07,0.142,0.0
jpg/image_03723.jpg,hoa_sat_bien_khong_crop_duoc,1.0,1.391,0.937,0.313,0.043,0.184,0.0
jpg/image_03724.jpg,hoa_sat_bien_khong_crop_duoc,1.0,1.402,0.795,0.263,0.071,0.144,0.0
jpg/image_03726.jpg,hoa_sat_bien_khong_crop_duoc,1.0,1.407,0.982,0.324,0.064,0.183,0.0
jpg/image_03729.jpg,khong_phai_goc_nhin_tren_xuong(dai),1.0,1.467,0.944,0.299,0.044,0.0,0.0
jpg/image_03730.jpg,khong_thay_hoa,,,,,,,
jpg/image_03731.jpg,nhieu_hoa_hoac_nen_roi,0.505,0.952,0.967,0.428,0.164,0.0,0.0
jpg/image_03732.jpg,hoa_sat_bien_khong_crop_duoc,1.0,1.447,1.002,0.322,0.13,0.163,0.0
jpg/image_03735.jpg,khong_thay_hoa,,,,,,,
jpg/image_03736.jpg,hinh_dang_khong_tron,1.0,1.187,0.476,0.186,0.075,0.064,0.0
jpg/image_03737.jpg,hinh_dang_khong_tron,1.0,1.379,0.507,0.171,0.078,0.118,0.0
jpg/image_03739.jpg,hoa_sat_bien_khong_crop_duoc,1.0,1.302,0.828,0.296,0.053,0.127,0.0
jpg/image_03741.jpg,lech_tam,1.0,0.88,0.579,0.237,0.26,0.0,0.0
jpg/image_03742.jpg,khong_thay_hoa,,,,,,,
jpg/image_03744.jpg,khong_thay_hoa,,,,,,,
jpg/image_03745.jpg,khong_thay_hoa,,,,,,,
jpg/image_03746.jpg,khong_thay_hoa,,,,,,,
jpg/image_03747.jpg,hoa_sat_bien_khong_crop_duoc,1.0,2.133,0.566,0.123,0.03,0.184,0.0
jpg/image_03749.jpg,lech_tam,1.0,1.049,0.694,0.308,0.396,0.0,0.0
jpg/image_03751.jpg,khong_thay_hoa,,,,,,,
jpg/image_03752.jpg,khong_thay_hoa,,,,,,,
jpg/image_03753.jpg,khong_phai_goc_nhin_tren_xuong(dai),1.0,1.833,0.594,0.151,0.121,0.0,0.0
jpg/image_03754.jpg,khong_thay_hoa,,,,,,,
jpg/image_03755.jpg,hinh_dang_khong_tron,1.0,1.078,0.495,0.213,0.076,0.023,0.001
jpg/image_03756.jpg,hinh_dang_khong_tron,1.0,0.9,0.49,0.205,0.041,0.092,0.0
jpg/image_03757.jpg,hinh_dang_khong_tron,1.0,1.101,0.525,0.222,0.063,0.069,0.0
jpg/image_03758.jpg,hoa_sat_bien_khong_crop_duoc,1.0,1.283,0.668,0.242,0.092,0.128,0.001
jpg/image_03759.jpg,khong_thay_hoa,,,,,,,
jpg/image_03760.jpg,khong_thay_hoa,,,,,,,
jpg/image_03761.jpg,khong_thay_hoa,,,,,,,
jpg/image_03763.jpg,khong_thay_hoa,,,,,,,
jpg/image_03765.jpg,khong_thay_hoa,,,,,,,
jpg/image_03766.jpg,khong_thay_hoa,,,,,,,
jpg/image_03768.jpg,khong_phai_goc_nhin_tren_xuong(dai),1.0,1.47,0.685,0.217,0.015,0.103,0.0
jpg/image_03769.jpg,hoa_sat_bien_khong_crop_duoc,1.0,0.532,0.605,0.149,0.067,0.153,0.0
jpg/image_03770.jpg,khong_phai_goc_nhin_tren_xuong(dai),1.0,0.639,0.561,0.166,0.016,0.095,0.0
jpg/image_03771.jpg,khong_thay_hoa,,,,,,,
jpg/image_03773.jpg,khong_thay_hoa,,,,,,,
jpg/image_03774.jpg,hinh_dang_khong_tron,1.0,0.903,0.395,0.166,0.131,0.0,0.002
jpg/image_03775.jpg,nhieu_hoa_hoac_nen_roi,0.62,0.701,0.654,0.213,0.235,0.0,0.044
jpg/image_03776.jpg,hoa_sat_bien_khong_crop_duoc,1.0,1.765,0.587,0.155,0.035,0.197,0.0
jpg/image_03777.jpg,hoa_sat_bien_khong_crop_duoc,1.0,1.333,0.373,0.13,0.133,0.14,0.0
jpg/image_03778.jpg,nhieu_hoa_hoac_nen_roi,0.568,0.971,0.47,0.212,0.215,0.0,0.005
jpg/image_03779.jpg,khong_thay_hoa,,,,,,,
jpg/image_03780.jpg,khong_thay_hoa,,,,,,,
jpg/image_03781.jpg,hoa_sat_bien_khong_crop_duoc,1.0,2.26,0.626,0.129,0.037,0.158,0.0
jpg/image_03782.jpg,nhieu_hoa_hoac_nen_roi,0.525,0.982,0.662,0.302,0.345,0.0,0.0
jpg/image_03783.jpg,lech_tam,0.862,0.722,0.718,0.241,0.268,0.021,0.006
jpg/image_03784.jpg,khong_thay_hoa,,,,,,,
jpg/image_03785.jpg,khong_thay_hoa,,,,,,,
jpg/image_03787.jpg,khong_thay_hoa,,,,,,,
jpg/image_03788.jpg,khong_thay_hoa,,,,,,,
jpg/image_03789.jpg,khong_thay_hoa,,,,,,,
jpg/image_03790.jpg,hoa_sat_bien_khong_crop_duoc,1.0,0.655,0.613,0.187,0.026,0.135,0.0
jpg/image_03792.jpg,khong_thay_hoa,,,,,,,
jpg/image_03793.jpg,hoa_sat_bien_khong_crop_duoc,1.0,0.795,0.527,0.195,0.101,0.15,0.004
jpg/image_03794.jpg,khong_thay_hoa,,,,,,,
jpg/image_03795.jpg,khong_thay_hoa,,,,,,,
jpg/image_03796.jpg,khong_thay_hoa,,,,,,,
jpg/image_03797.jpg,hoa_sat_bien_khong_crop_duoc,1.0,1.6,0.512,0.149,0.054,0.136,0.0
jpg/image_03798.jpg,hoa_sat_bien_khong_crop_duoc,1.0,1.403,0.569,0.189,0.04,0.121,0.0
jpg/image_03799.jpg,hoa_sat_bien_khong_crop_duoc,1.0,1.622,0.592,0.17,0.088,0.182,0.0
jpg/image_03802.jpg,hinh_dang_khong_tron,1.0,0.866,0.519,0.209,0.044,0.072,0.0
jpg/image_03809.jpg,khong_thay_hoa,,,,,,,
jpg/image_03810.jpg,khong_phai_goc_nhin_tren_xuong(dai),1.0,0.681,0.919,0.291,0.213,0.0,0.0
jpg/image_03811.jpg,khong_thay_hoa,,,,,,,
jpg/image_03812.jpg,hinh_dang_khong_tron,1.0,1.012,0.461,0.212,0.138,0.0,0.002
jpg/image_03813.jpg,hinh_dang_khong_tron,1.0,1.146,0.526,0.213,0.077,0.051,0.0
jpg/image_03814.jpg,hinh_dang_khong_tron,1.0,0.796,0.499,0.185,0.153,0.101,0.002
jpg/image_03815.jpg,nhieu_hoa_hoac_nen_roi,0.619,1.286,0.499,0.181,0.165,0.0,0.013
jpg/image_03816.jpg,hoa_sat_bien_khong_crop_duoc,1.0,2.179,0.547,0.117,0.068,0.206,0.0
jpg/image_03817.jpg,hinh_dang_khong_tron,1.0,1.304,0.519,0.185,0.268,0.0,0.0
jpg/image_03819.jpg,khong_thay_hoa,,,,,,,
jpg/image_03820.jpg,khong_phai_goc_nhin_tren_xuong(dai),1.0,0.495,0.775,0.178,0.044,0.0,0.0
jpg/image_03822.jpg,khong_thay_hoa,,,,,,,
jpg/image_03823.jpg,khong_phai_goc_nhin_tren_xuong(dai),1.0,0.619,0.64,0.184,0.097,0.069,0.0
jpg/image_03824.jpg,khong_phai_goc_nhin_tren_xuong(dai),1.0,2.0,0.475,0.11,0.277,0.0,0.0
jpg/image_03825.jpg,khong_phai_goc_nhin_tren_xuong(dai),1.0,0.54,0.595,0.149,0.039,0.0,0.0
jpg/image_03826.jpg,khong_thay_hoa,,,,,,,
jpg/image_03827.jpg,hinh_dang_khong_tron,1.0,1.043,0.431,0.192,0.219,0.0,0.0
jpg/image_03831.jpg,hoa_sat_bien_khong_crop_duoc,1.0,1.442,0.659,0.212,0.058,0.136,0.0
jpg/image_03833.jpg,lech_tam,1.0,1.0,0.908,0.422,0.26,0.0,0.0
jpg/image_03836.jpg,hoa_sat_bien_khong_crop_duoc,1.0,1.464,0.56,0.178,0.105,0.155,0.001
jpg/image_03839.jpg,hoa_sat_bien_khong_crop_duoc,1.0,1.38,0.743,0.25,0.032,0.163,0.0
jpg/image_03841.jpg,hoa_sat_bien_khong_crop_duoc,1.0,1.292,0.869,0.312,0.067,0.131,0.0
jpg/image_03843.jpg,khong_thay_hoa,,,,,,,
jpg/image_03847.jpg,hoa_sat_bien_khong_crop_duoc,1.0,1.28,0.922,0.335,0.047,0.132,0.0
jpg/image_03848.jpg,hoa_sat_bien_khong_crop_duoc,1.0,1.338,0.883,0.307,0.109,0.159,0.0
jpg/image_03856.jpg,hoa_sat_bien_khong_crop_duoc,1.0,1.518,0.811,0.248,0.052,0.172,0.0
jpg/image_03858.jpg,lech_tam,1.0,1.041,0.721,0.322,0.274,0.063,0.0
jpg/image_03859.jpg,nhieu_hoa_hoac_nen_roi,0.727,1.023,0.579,0.263,0.254,0.0,0.113
jpg/image_03860.jpg,hoa_sat_bien_khong_crop_duoc,1.0,1.59,0.783,0.229,0.067,0.173,0.0
jpg/image_03861.jpg,hoa_sat_bien_khong_crop_duoc,1.0,1.287,0.926,0.334,0.038,0.154,0.0
jpg/image_03864.jpg,nhieu_hoa_hoac_nen_roi,0.776,1.458,0.739,0.235,0.227,0.046,0.047
jpg/image_03865.jpg,khong_thay_hoa,,,,,,,
jpg/image_03866.jpg,hoa_sat_bien_khong_crop_duoc,1.0,1.323,0.955,0.335,0.017,0.147,0.0
jpg/image_03868.jpg,hoa_sat_bien_khong_crop_duoc,1.0,1.363,0.792,0.27,0.08,0.159,0.0
jpg/image_03869.jpg,hoa_sat_bien_khong_crop_duoc,1.0,0.772,0.9,0.323,0.071,0.135,0.0
jpg/image_03871.jpg,hoa_sat_bien_khong_crop_duoc,1.0,0.661,0.735,0.226,0.036,0.151,0.0
jpg/image_03872.jpg,khong_thay_hoa,,,,,,,
jpg/image_03873.jpg,hoa_sat_bien_khong_crop_duoc,1.0,1.788,0.735,0.191,0.102,0.236,0.0
jpg/image_03874.jpg,hoa_sat_bien_khong_crop_duoc,1.0,1.337,0.915,0.318,0.056,0.141,0.0
jpg/image_03876.jpg,nhieu_hoa_hoac_nen_roi,0.701,0.904,0.797,0.335,0.269,0.0,0.0
jpg/image_03877.jpg,hoa_sat_bien_khong_crop_duoc,1.0,1.487,0.612,0.191,0.041,0.16,0.0
jpg/image_03878.jpg,khong_thay_hoa,,,,,,,
jpg/image_03881.jpg,hoa_sat_bien_khong_crop_duoc,1.0,1.352,0.774,0.266,0.015,0.143,0.0
jpg/image_03882.jpg,hoa_sat_bien_khong_crop_duoc,1.0,1.5,0.525,0.163,0.084,0.205,0.0
jpg/image_03888.jpg,khong_thay_hoa,,,,,,,
jpg/image_03889.jpg,hoa_sat_bien_khong_crop_duoc,1.0,1.242,0.696,0.261,0.072,0.128,0.0
jpg/image_03892.jpg,lech_tam,0.907,0.714,1.019,0.338,0.228,0.0,0.042
jpg/image_03894.jpg,nhieu_hoa_hoac_nen_roi,0.575,1.308,0.979,0.348,0.497,0.0,0.0
jpg/image_03895.jpg,khong_phai_goc_nhin_tren_xuong(dai),1.0,1.467,0.694,0.22,0.082,0.082,0.0
jpg/image_03897.jpg,hoa_sat_bien_khong_crop_duoc,1.0,1.347,0.83,0.286,0.035,0.141,0.0
jpg/image_03900.jpg,hoa_sat_bien_khong_crop_duoc,1.0,1.333,0.888,0.31,0.017,0.147,0.0
jpg/image_03901.jpg,hoa_sat_bien_khong_crop_duoc,1.0,1.269,0.811,0.297,0.042,0.136,0.0
jpg/image_03902.jpg,hoa_sat_bien_khong_crop_duoc,1.0,1.34,0.913,0.317,0.02,0.145,0.0
jpg/image_03905.jpg,khong_thay_hoa,,,,,,,
jpg/image_03907.jpg,lech_tam,1.0,1.274,0.784,0.286,0.237,0.03,0.0
jpg/image_03909.jpg,hoa_sat_bien_khong_crop_duoc,1.0,1.312,0.737,0.261,0.028,0.125,0.0
jpg/image_03911.jpg,lech_tam,1.0,0.979,0.611,0.278,0.226,0.087,0.0
jpg/image_03912.jpg,lech_tam,1.0,0.972,0.909,0.41,0.268,0.0,0.0
jpg/image_03914.jpg,khong_thay_hoa,,,,,,,
jpg/image_03916.jpg,lech_tam,1.0,1.041,0.939,0.419,0.248,0.015,0.0
jpg/image_03917.jpg,khong_thay_hoa,,,,,,,
jpg/image_03918.jpg,hoa_sat_bien_khong_crop_duoc,1.0,1.448,0.909,0.292,0.188,0.149,0.0
jpg/image_03919.jpg,nhieu_hoa_hoac_nen_roi,0.625,1.132,0.887,0.364,0.335,0.0,0.0
jpg/image_03922.jpg,hoa_sat_bien_khong_crop_duoc,1.0,1.438,0.987,0.319,0.009,0.144,0.0
jpg/image_03925.jpg,nhieu_hoa_hoac_nen_roi,0.885,0.984,0.971,0.444,0.067,0.0,0.06
jpg/image_03929.jpg,lech_tam,1.0,1.061,0.997,0.437,0.198,0.018,0.0
jpg/image_03930.jpg,khong_thay_hoa,,,,,,,
jpg/image_03931.jpg,khong_thay_hoa,,,,,,,
jpg/image_03933.jpg,khong_thay_hoa,,,,,,,
jpg/image_03934.jpg,khong_thay_hoa,,,,,,,
jpg/image_03935.jpg,hoa_sat_bien_khong_crop_duoc,1.0,1.6,0.925,0.269,0.027,0.2,0.0
jpg/image_03936.jpg,khong_thay_hoa,,,,,,,
jpg/image_03937.jpg,hoa_sat_bien_khong_crop_duoc,1.0,1.645,0.986,0.278,0.054,0.228,0.0
jpg/image_03938.jpg,hoa_sat_bien_khong_crop_duoc,1.0,1.488,0.844,0.264,0.098,0.177,0.0
jpg/image_03941.jpg,khong_thay_hoa,,,,,,,
jpg/image_03943.jpg,khong_thay_hoa,,,,,,,
jpg/image_03944.jpg,khong_thay_hoa,,,,,,,
jpg/image_03948.jpg,nhieu_hoa_hoac_nen_roi,0.506,0.757,0.946,0.333,0.324,0.067,0.01
jpg/image_03951.jpg,lech_tam,1.0,0.988,1.049,0.482,0.21,0.019,0.0
jpg/image_03952.jpg,hoa_sat_bien_khong_crop_duoc,1.0,1.274,1.062,0.387,0.014,0.125,0.0
jpg/image_03953.jpg,hoa_sat_bien_khong_crop_duoc,1.0,0.553,0.968,0.249,0.005,0.13,0.0
jpg/image_03954.jpg,lech_tam,1.0,0.903,1.025,0.43,0.391,0.033,0.0
jpg/image_03955.jpg,hoa_sat_bien_khong_crop_duoc,1.0,1.276,0.767,0.279,0.147,0.161,0.0
jpg/image_03956.jpg,khong_phai_goc_nhin_tren_xuong(dai),1.0,1.588,0.827,0.242,0.4,0.043,0.0
jpg/image_03960.jpg,khong_thay_hoa,,,,,,,
jpg/image_03962.jpg,khong_phai_goc_nhin_tren_xuong(dai),191.0,2.667,1.126,0.196,0.366,0.0,0.0
jpg/image_03964.jpg,khong_thay_hoa,,,,,,,
jpg/image_03967.jpg,hinh_dang_khong_tron,1.0,0.867,0.542,0.218,0.24,0.0,0.0
jpg/image_03969.jpg,hoa_sat_bien_khong_crop_duoc,1.0,1.506,1.025,0.316,0.012,0.152,0.0
jpg/image_03970.jpg,lech_tam,1.0,1.071,0.953,0.413,0.238,0.0,0.0
jpg/image_03971.jpg,hoa_sat_bien_khong_crop_duoc,1.0,0.722,0.784,0.263,0.054,0.148,0.0
jpg/image_03972.jpg,lech_tam,1.0,0.875,0.836,0.34,0.248,0.05,0.0
jpg/image_03974.jpg,lech_tam,1.0,1.014,0.903,0.414,0.247,0.0,0.0
jpg/image_03976.jpg,hoa_sat_bien_khong_crop_duoc,1.0,1.524,0.852,0.26,0.084,0.197,0.0
jpg/image_03977.jpg,hoa_sat_bien_khong_crop_duoc,1.0,1.395,0.892,0.297,0.078,0.186,0.0
jpg/image_03979.jpg,nhieu_hoa_hoac_nen_roi,0.583,0.809,0.924,0.347,0.311,0.082,0.143
jpg/image_03980.jpg,khong_thay_hoa,,,,,,,
jpg/image_03981.jpg,hoa_sat_bien_khong_crop_duoc,1.0,1.2,0.983,0.381,0.047,0.134,0.0
jpg/image_03983.jpg,hoa_sat_bien_khong_crop_duoc,1.0,0.861,0.912,0.365,0.085,0.125,0.0
jpg/image_03984.jpg,hoa_sat_bien_khong_crop_duoc,1.0,0.79,0.659,0.242,0.14,0.129,0.0
jpg/image_03985.jpg,hoa_sat_bien_khong_crop_duoc,1.0,1.232,0.942,0.355,0.21,0.155,0.0
jpg/image_03987.jpg,nhieu_hoa_hoac_nen_roi,0.754,1.158,0.841,0.337,0.217,0.103,0.078
jpg/image_03988.jpg,hoa_sat_bien_khong_crop_duoc,1.0,1.731,0.83,0.223,0.094,0.193,0.0
jpg/image_03990.jpg,khong_thay_hoa,,,,,,,
jpg/image_03991.jpg,hoa_sat_bien_khong_crop_duoc,1.0,1.379,0.694,0.234,0.126,0.145,0.001
jpg/image_03992.jpg,nhieu_hoa_hoac_nen_roi,0.735,0.94,0.795,0.348,0.183,0.01,0.055
jpg/image_03995.jpg,lech_tam,1.0,1.055,1.023,0.451,0.337,0.0,0.0
jpg/image_03996.jpg,khong_thay_hoa,,,,,,,
jpg/image_03997.jpg,hoa_sat_bien_khong_crop_duoc,1.0,0.465,0.856,0.185,0.126,0.155,0.0
jpg/image_04000.jpg,khong_thay_hoa,,,,,,,
jpg/image_04001.jpg,nhieu_hoa_hoac_nen_roi,0.57,0.985,1.077,0.493,0.311,0.0,0.015
jpg/image_04002.jpg,khong_thay_hoa,,,,,,,
jpg/image_04003.jpg,khong_thay_hoa,,,,,,,
jpg/image_04005.jpg,lech_tam,1.0,1.07,0.986,0.428,0.187,0.029,0.0
jpg/image_04006.jpg,khong_phai_goc_nhin_tren_xuong(dai),1.0,1.544,0.973,0.293,0.207,0.022,0.0
jpg/image_04008.jpg,khong_thay_hoa,,,,,,,
jpg/image_04011.jpg,hoa_sat_bien_khong_crop_duoc,1.0,1.284,0.789,0.286,0.012,0.131,0.0
jpg/image_04012.jpg,lech_tam,1.0,1.062,0.767,0.335,0.183,0.0,0.0
jpg/image_04014.jpg,nhieu_hoa_hoac_nen_roi,0.648,0.728,0.689,0.233,0.289,0.105,0.079
jpg/image_04016.jpg,khong_phai_goc_nhin_tren_xuong(dai),1.0,0.664,0.718,0.222,0.17,0.116,0.02
jpg/image_04018.jpg,khong_thay_hoa,,,,,,,
jpg/image_04021.jpg,khong_thay_hoa,,,,,,,
jpg/image_04022.jpg,hoa_sat_bien_khong_crop_duoc,1.0,1.364,1.05,0.358,0.149,0.13,0.0
jpg/image_04024.jpg,khong_thay_hoa,,,,,,,
jpg/image_04025.jpg,lech_tam,1.0,0.763,0.955,0.338,0.38,0.014,0.003
jpg/image_04027.jpg,lech_tam,1.0,1.055,1.025,0.452,0.37,0.0,0.0
jpg/image_04029.jpg,khong_thay_hoa,,,,,,,
jpg/image_04032.jpg,lech_tam,1.0,0.851,0.942,0.373,0.192,0.056,0.0
jpg/image_04033.jpg,lech_tam,1.0,1.42,0.809,0.265,0.22,0.0,0.0
jpg/image_04036.jpg,hoa_sat_bien_khong_crop_duoc,1.0,1.423,0.915,0.299,0.126,0.185,0.0
jpg/image_04037.jpg,khong_thay_hoa,,,,,,,
jpg/image_04038.jpg,lech_tam,1.0,0.919,0.935,0.399,0.288,0.001,0.0
jpg/image_04043.jpg,hoa_sat_bien_khong_crop_duoc,1.0,1.443,0.886,0.285,0.015,0.165,0.0
jpg/image_04047.jpg,hoa_sat_bien_khong_crop_duoc,1.0,1.255,0.885,0.328,0.016,0.124,0.0
jpg/image_04050.jpg,hoa_sat_bien_khong_crop_duoc,1.0,1.256,0.764,0.283,0.068,0.146,0.0
jpg/image_04052.jpg,hoa_sat_bien_khong_crop_duoc,1.0,1.684,0.922,0.254,0.08,0.201,0.0
jpg/image_04053.jpg,hoa_sat_bien_khong_crop_duoc,1.0,1.208,0.897,0.345,0.048,0.121,0.0
jpg/image_04055.jpg,hoa_sat_bien_khong_crop_duoc,0.816,1.484,0.866,0.271,0.138,0.136,0.064
jpg/image_04058.jpg,khong_thay_hoa,,,,,,,
jpg/image_04073.jpg,lech_tam,1.0,1.06,0.942,0.413,0.187,0.056,0.0
jpg/image_04074.jpg,hoa_sat_bien_khong_crop_duoc,1.0,1.764,0.881,0.232,0.098,0.25,0.0
jpg/image_04076.jpg,khong_thay_hoa,,,,,,,
jpg/image_04078.jpg,nhieu_hoa_hoac_nen_roi,0.645,1.194,0.773,0.301,0.286,0.064,0.023
jpg/image_04080.jpg,lech_tam,1.0,1.377,0.953,0.322,0.251,0.092,0.0
jpg/image_04086.jpg,khong_thay_hoa,,,,,,,
jpg/image_04087.jpg,hoa_sat_bien_khong_crop_duoc,1.0,1.271,0.876,0.321,0.117,0.179,0.0
jpg/image_04088.jpg,hoa_sat_bien_khong_crop_duoc,1.0,1.479,0.967,0.304,0.122,0.159,0.0
jpg/image_04093.jpg,khong_thay_hoa,,,,,,,
jpg/image_04094.jpg,hoa_sat_bien_khong_crop_duoc,1.0,1.519,0.947,0.29,0.064,0.187,0.0
jpg/image_04098.jpg,hoa_sat_bien_khong_crop_duoc,1.0,1.337,0.97,0.337,0.047,0.17,0.0
jpg/image_04101.jpg,khong_thay_hoa,,,,,,,
jpg/image_04103.jpg,khong_phai_goc_nhin_tren_xuong(dai),1.0,0.635,1.001,0.295,0.021,0.052,0.0
jpg/image_04104.jpg,hoa_sat_bien_khong_crop_duoc,1.0,1.409,0.802,0.264,0.038,0.151,0.0
jpg/image_04111.jpg,hoa_sat_bien_khong_crop_duoc,1.0,1.699,0.747,0.204,0.135,0.228,0.0
jpg/image_04115.jpg,hoa_sat_bien_khong_crop_duoc,1.0,1.284,0.887,0.321,0.045,0.144,0.0
jpg/image_04116.jpg,hoa_sat_bien_khong_crop_duoc,1.0,1.239,0.923,0.346,0.052,0.14,0.0
jpg/image_04117.jpg,hoa_sat_bien_khong_crop_duoc,1.0,1.286,0.991,0.358,0.057,0.126,0.0
jpg/image_04120.jpg,khong_phai_goc_nhin_tren_xuong(dai),1.0,1.49,0.89,0.278,0.156,0.0,0.0
jpg/image_04121.jpg,hoa_sat_bien_khong_crop_duoc,1.0,1.648,0.877,0.247,0.097,0.129,0.0
jpg/image_04124.jpg,hoa_sat_bien_khong_crop_duoc,1.0,1.229,1.071,0.405,0.015,0.121,0.0
jpg/image_04125.jpg,hoa_sat_bien_khong_crop_duoc,1.0,1.385,0.978,0.328,0.033,0.158,0.0
jpg/image_04126.jpg,hoa_sat_bien_khong_crop_duoc,1.0,1.703,0.922,0.252,0.038,0.147,0.0
jpg/image_04132.jpg,lech_tam,1.0,1.07,0.873,0.379,0.328,0.0,0.0
jpg/image_04133.jpg,hoa_sat_bien_khong_crop_duoc,1.0,1.253,1.017,0.377,0.02,0.13,0.0
jpg/image_04136.jpg,khong_thay_hoa,,,,,,,
jpg/image_04139.jpg,hoa_sat_bien_khong_crop_duoc,1.0,1.263,0.867,0.319,0.033,0.126,0.0
jpg/image_04142.jpg,lech_tam,1.0,0.969,0.905,0.407,0.353,0.0,0.0
jpg/image_04144.jpg,lech_tam,1.0,1.029,1.022,0.461,0.285,0.011,0.0
jpg/image_04146.jpg,lech_tam,1.0,1.375,0.985,0.333,0.205,0.0,0.0
jpg/image_04148.jpg,lech_tam,1.0,1.109,0.904,0.379,0.187,0.0,0.0
jpg/image_04155.jpg,khong_thay_hoa,,,,,,,
jpg/image_04156.jpg,lech_tam,1.0,1.07,0.96,0.417,0.257,0.0,0.0
jpg/image_04159.jpg,nhieu_hoa_hoac_nen_roi,0.773,0.938,0.952,0.415,0.339,0.0,0.0
jpg/image_04160.jpg,hoa_sat_bien_khong_crop_duoc,1.0,1.412,0.758,0.25,0.069,0.153,0.0
jpg/image_04163.jpg,lech_tam,0.89,0.875,0.843,0.343,0.274,0.065,0.0
jpg/image_04167.jpg,nhieu_hoa_hoac_nen_roi,0.739,1.25,0.919,0.342,0.239,0.048,0.0
jpg/image_04168.jpg,hoa_sat_bien_khong_crop_duoc,1.0,1.37,0.758,0.257,0.094,0.134,0.0
jpg/image_04169.jpg,lech_tam,1.0,0.867,0.987,0.398,0.271,0.063,0.0
jpg/image_04173.jpg,nhieu_hoa_hoac_nen_roi,0.64,0.607,0.775,0.219,0.18,0.011,0.14
jpg/image_04178.jpg,hoa_sat_bien_khong_crop_duoc,1.0,1.5,0.71,0.22,0.02,0.136,0.0
jpg/image_04179.jpg,hoa_sat_bien_khong_crop_duoc,1.0,0.779,0.899,0.325,0.093,0.149,0.0
jpg/image_04180.jpg,hoa_sat_bien_khong_crop_duoc,1.0,0.57,0.742,0.197,0.007,0.152,0.0
jpg/image_04183.jpg,lech_tam,1.0,1.148,0.789,0.319,0.228,0.067,0.0
jpg/image_04185.jpg,hoa_sat_bien_khong_crop_duoc,1.0,1.321,0.813,0.286,0.095,0.163,0.0
jpg/image_04188.jpg,lech_tam,1.0,0.731,0.708,0.241,0.224,0.0,0.0
jpg/image_04193.jpg,hoa_sat_bien_khong_crop_duoc,1.0,0.748,0.909,0.316,0.08,0.165,0.0
jpg/image_04195.jpg,lech_tam,1.0,1.284,0.734,0.266,0.227,0.024,0.0
jpg/image_04197.jpg,lech_tam,1.0,1.268,0.921,0.337,0.246,0.11,0.0
jpg/image_04204.jpg,hoa_sat_bien_khong_crop_duoc,1.0,0.656,0.891,0.272,0.078,0.13,0.003
jpg/image_04205.jpg,hoa_sat_bien_khong_crop_duoc,1.0,0.695,0.98,0.317,0.033,0.149,0.0
jpg/image_04206.jpg,hoa_sat_bien_khong_crop_duoc,1.0,0.76,0.944,0.333,0.067,0.154,0.0
jpg/image_04208.jpg,hoa_sat_bien_khong_crop_duoc,1.0,1.448,0.835,0.268,0.054,0.201,0.0
jpg/image_04209.jpg,hoa_sat_bien_khong_crop_duoc,1.0,0.758,0.895,0.315,0.054,0.139,0.0
jpg/image_04211.jpg,hoa_sat_bien_khong_crop_duoc,1.0,0.773,0.939,0.337,0.034,0.127,0.0
jpg/image_04216.jpg,hoa_sat_bien_khong_crop_duoc,1.0,1.526,0.91,0.277,0.292,0.152,0.0
jpg/image_04217.jpg,hoa_sat_bien_khong_crop_duoc,1.0,0.771,0.919,0.329,0.126,0.123,0.0
jpg/image_04229.jpg,trung_lap,1.0,0.73,0.874,0.296,0.071,0.008,0.0
jpg/image_04235.jpg,hoa_sat_bien_khong_crop_duoc,1.0,1.793,0.951,0.247,0.193,0.217,0.0
jpg/image_04236.jpg,khong_thay_hoa,,,,,,,
jpg/image_04243.jpg,nhieu_hoa_hoac_nen_roi,0.902,0.841,0.812,0.317,0.112,0.038,0.051
jpg/image_04245.jpg,hoa_sat_bien_khong_crop_duoc,1.0,1.393,0.913,0.305,0.058,0.159,0.0
jpg/image_04247.jpg,hoa_sat_bien_khong_crop_duoc,1.0,1.73,0.832,0.223,0.019,0.184,0.0
jpg/image_04249.jpg,hoa_sat_bien_khong_crop_duoc,1.0,1.306,0.757,0.269,0.083,0.192,0.0
jpg/image_04253.jpg,hoa_sat_bien_khong_crop_duoc,1.0,0.782,0.66,0.24,0.071,0.126,0.0
jpg/image_04255.jpg,lech_tam,1.0,0.907,0.882,0.371,0.253,0.001,0.0
jpg/image_04256.jpg,lech_tam,1.0,1.0,0.919,0.427,0.299,0.0,0.0
jpg/image_04259.jpg,hoa_sat_bien_khong_crop_duoc,1.0,1.34,0.801,0.278,0.077,0.122,0.0
jpg/image_04262.jpg,khong_phai_goc_nhin_tren_xuong(dai),1.0,1.732,0.83,0.223,0.305,0.04,0.0
jpg/image_04263.jpg,khong_thay_hoa,,,,,,,
jpg/image_04268.jpg,khong_thay_hoa,,,,,,,
jpg/image_04269.jpg,hoa_sat_bien_khong_crop_duoc,1.0,1.321,0.65,0.229,0.121,0.158,0.0
jpg/image_04272.jpg,khong_thay_hoa,,,,,,,
jpg/image_04273.jpg,lech_tam,1.0,1.268,0.829,0.304,0.269,0.0,0.0
jpg/image_04274.jpg,hoa_sat_bien_khong_crop_duoc,1.0,1.38,0.852,0.287,0.018,0.152,0.0
jpg/image_04275.jpg,khong_thay_hoa,,,,,,,
jpg/image_04280.jpg,hoa_sat_bien_khong_crop_duoc,1.0,1.28,0.742,0.269,0.032,0.124,0.0
jpg/image_04282.jpg,hoa_sat_bien_khong_crop_duoc,1.0,1.287,0.923,0.333,0.027,0.12,0.0
jpg/image_04285.jpg,lech_tam,1.0,1.425,0.747,0.244,0.219,0.082,0.0
jpg/image_04287.jpg,lech_tam,1.0,1.0,0.804,0.374,0.376,0.0,0.0
jpg/image_04289.jpg,hoa_sat_bien_khong_crop_duoc,1.0,1.506,0.869,0.268,0.077,0.216,0.0
jpg/image_04291.jpg,hoa_sat_bien_khong_crop_duoc,1.0,1.274,0.827,0.302,0.065,0.142,0.0
jpg/image_04295.jpg,hoa_sat_bien_khong_crop_duoc,1.0,1.219,0.615,0.234,0.035,0.127,0.0
jpg/image_04296.jpg,khong_thay_hoa,,,,,,,
jpg/image_04297.jpg,khong_thay_hoa,,,,,,,
jpg/image_04298.jpg,khong_thay_hoa,,,,,,,
jpg/image_04300.jpg,hoa_sat_bien_khong_crop_duoc,1.0,0.828,0.744,0.286,0.089,0.123,0.0
jpg/image_04301.jpg,khong_thay_hoa,,,,,,,
jpg/image_04302.jpg,hoa_sat_bien_khong_crop_duoc,1.0,1.6,0.879,0.255,0.051,0.227,0.0
jpg/image_04304.jpg,hoa_sat_bien_khong_crop_duoc,1.0,1.392,0.824,0.275,0.061,0.144,0.0
jpg/image_04307.jpg,lech_tam,1.0,1.036,0.854,0.383,0.189,0.043,0.0
jpg/image_04309.jpg,hoa_sat_bien_khong_crop_duoc,1.0,1.253,0.825,0.306,0.122,0.123,0.0
jpg/image_04310.jpg,khong_thay_hoa,,,,,,,
jpg/image_04311.jpg,khong_thay_hoa,,,,,,,
jpg/image_04313.jpg,khong_thay_hoa,,,,,,,
jpg/image_04314.jpg,hoa_sat_bien_khong_crop_duoc,1.0,1.485,0.83,0.26,0.126,0.149,0.0
jpg/image_04315.jpg,hoa_sat_bien_khong_crop_duoc,1.0,1.512,0.828,0.254,0.033,0.177,0.0
jpg/image_04316.jpg,khong_thay_hoa,,,,,,,
jpg/image_04317.jpg,khong_thay_hoa,,,,,,,
jpg/image_04318.jpg,lech_tam,1.0,0.94,0.712,0.311,0.218,0.035,0.0
jpg/image_04319.jpg,hoa_sat_bien_khong_crop_duoc,1.0,1.524,0.683,0.208,0.034,0.158,0.0
jpg/image_04320.jpg,khong_thay_hoa,,,,,,,
jpg/image_04321.jpg,hoa_sat_bien_khong_crop_duoc,1.0,1.263,1.06,0.39,0.02,0.128,0.0
jpg/image_04322.jpg,nhieu_hoa_hoac_nen_roi,0.711,1.478,0.8,0.252,0.282,0.0,0.0
jpg/image_04323.jpg,hoa_sat_bien_khong_crop_duoc,1.0,1.542,0.753,0.227,0.082,0.126,0.0
jpg/image_04326.jpg,hoa_sat_bien_khong_crop_duoc,1.0,1.376,0.852,0.288,0.05,0.148,0.0
jpg/image_04331.jpg,khong_thay_hoa,,,,,,,
jpg/image_04332.jpg,hoa_sat_bien_khong_crop_duoc,1.0,1.388,0.809,0.271,0.124,0.194,0.0
jpg/image_04334.jpg,hoa_sat_bien_khong_crop_duoc,1.0,1.524,0.624,0.19,0.042,0.187,0.0
jpg/image_04335.jpg,hoa_sat_bien_khong_crop_duoc,1.0,1.411,0.68,0.224,0.071,0.202,0.0
jpg/image_04336.jpg,hoa_sat_bien_khong_crop_duoc,1.0,1.352,0.728,0.25,0.051,0.16,0.0
jpg/image_04338.jpg,hoa_sat_bien_khong_crop_duoc,1.0,1.28,0.824,0.299,0.027,0.12,0.0
jpg/image_04339.jpg,hoa_sat_bien_khong_crop_duoc,1.0,1.494,0.578,0.18,0.046,0.184,0.0
jpg/image_04341.jpg,hoa_sat_bien_khong_crop_duoc,1.0,0.824,0.854,0.327,0.039,0.124,0.0
jpg/image_04344.jpg,hoa_sat_bien_khong_crop_duoc,1.0,1.355,0.787,0.27,0.037,0.159,0.0
jpg/image_04346.jpg,hoa_sat_bien_khong_crop_duoc,1.0,1.362,0.67,0.229,0.037,0.161,0.0
jpg/image_04349.jpg,hoa_sat_bien_khong_crop_duoc,1.0,1.347,0.748,0.258,0.031,0.142,0.0
jpg/image_04352.jpg,hoa_sat_bien_khong_crop_duoc,1.0,1.455,0.89,0.284,0.03,0.179,0.0
jpg/image_04354.jpg,khong_phai_goc_nhin_tren_xuong(dai),1.0,0.683,0.706,0.224,0.105,0.101,0.0
jpg/image_04356.jpg,hoa_sat_bien_khong_crop_duoc,1.0,1.309,0.67,0.238,0.074,0.183,0.0
jpg/image_04358.jpg,hoa_sat_bien_khong_crop_duoc,1.0,1.232,0.612,0.231,0.062,0.148,0.0
jpg/image_04359.jpg,hoa_sat_bien_khong_crop_duoc,1.0,1.271,0.737,0.27,0.037,0.145,0.0
jpg/image_04360.jpg,hoa_sat_bien_khong_crop_duoc,1.0,1.255,0.51,0.189,0.052,0.15,0.0
jpg/image_04361.jpg,hoa_sat_bien_khong_crop_duoc,1.0,1.44,0.642,0.207,0.065,0.165,0.0
jpg/image_04362.jpg,hoa_sat_bien_khong_crop_duoc,1.0,1.455,0.765,0.245,0.024,0.153,0.0
jpg/image_04363.jpg,hoa_sat_bien_khong_crop_duoc,1.0,1.302,0.627,0.224,0.01,0.135,0.0
jpg/image_04364.jpg,hoa_sat_bien_khong_crop_duoc,1.0,1.362,0.461,0.157,0.043,0.146,0.0
jpg/image_04367.jpg,hoa_sat_bien_khong_crop_duoc,1.0,1.347,0.713,0.246,0.068,0.171,0.0
jpg/image_04370.jpg,hoa_sat_bien_khong_crop_duoc,1.0,1.333,0.73,0.255,0.039,0.146,0.0
jpg/image_04372.jpg,hoa_sat_bien_khong_crop_duoc,1.0,1.407,0.624,0.206,0.025,0.129,0.0
jpg/image_04373.jpg,hoa_sat_bien_khong_crop_duoc,1.0,1.323,0.639,0.225,0.078,0.189,0.0
jpg/image_04374.jpg,hoa_sat_bien_khong_crop_duoc,1.0,1.333,0.844,0.294,0.104,0.159,0.0
jpg/image_04375.jpg,hoa_sat_bien_khong_crop_duoc,1.0,1.309,0.722,0.256,0.027,0.126,0.0
jpg/image_04377.jpg,nhieu_hoa_hoac_nen_roi,0.633,0.684,0.666,0.212,0.151,0.0,0.056
jpg/image_04378.jpg,hoa_sat_bien_khong_crop_duoc,1.0,1.147,0.557,0.226,0.083,0.139,0.0
jpg/image_04382.jpg,hoa_sat_bien_khong_crop_duoc,1.0,1.26,0.577,0.213,0.013,0.125,0.0
jpg/image_04383.jpg,hoa_sat_bien_khong_crop_duoc,1.0,1.407,0.821,0.271,0.041,0.163,0.0
jpg/image_04384.jpg,hoa_sat_bien_khong_crop_duoc,1.0,1.333,0.701,0.244,0.056,0.161,0.0
jpg/image_04385.jpg,hoa_sat_bien_khong_crop_duoc,1.0,1.506,0.907,0.28,0.046,0.192,0.0
jpg/image_04387.jpg,hoa_sat_bien_khong_crop_duoc,1.0,1.323,0.656,0.231,0.045,0.167,0.0
jpg/image_04388.jpg,hoa_sat_bien_khong_crop_duoc,1.0,1.347,0.779,0.269,0.05,0.172,0.0
jpg/image_04389.jpg,hoa_sat_bien_khong_crop_duoc,1.0,1.362,0.609,0.208,0.039,0.143,0.0
jpg/image_04391.jpg,hoa_sat_bien_khong_crop_duoc,1.0,1.309,0.693,0.246,0.018,0.131,0.0
jpg/image_04393.jpg,hoa_sat_bien_khong_crop_duoc,1.0,1.352,0.643,0.221,0.052,0.162,0.0
jpg/image_04394.jpg,hoa_sat_bien_khong_crop_duoc,1.0,1.337,0.628,0.218,0.048,0.164,0.0
jpg/image_04395.jpg,hoa_sat_bien_khong_crop_duoc,1.0,1.24,0.637,0.239,0.067,0.131,0.0
jpg/image_04396.jpg,nhieu_hoa_hoac_nen_roi,0.605,0.655,0.739,0.225,0.221,0.0,0.0
jpg/image_04397.jpg,hoa_sat_bien_khong_crop_duoc,1.0,1.471,0.569,0.18,0.068,0.158,0.0
jpg/image_04398.jpg,hoa_sat_bien_khong_crop_duoc,1.0,1.333,0.852,0.297,0.043,0.153,0.0
jpg/image_04399.jpg,hoa_sat_bien_khong_crop_duoc,1.0,1.366,0.857,0.292,0.038,0.153,0.0
jpg/image_04400.jpg,hoa_sat_bien_khong_crop_duoc,1.0,1.641,0.743,0.211,0.102,0.238,0.0
jpg/image_04402.jpg,hoa_sat_bien_khong_crop_duoc,1.0,1.455,0.837,0.267,0.031,0.164,0.0
jpg/image_04406.jpg,hoa_sat_bien_khong_crop_duoc,1.0,2.018,0.794,0.183,0.229,0.275,0.0
jpg/image_04408.jpg,hoa_sat_bien_khong_crop_duoc,1.0,0.792,1.114,0.41,0.041,0.133,0.0
jpg/image_04412.jpg,hoa_sat_bien_khong_crop_duoc,1.0,0.633,0.752,0.221,0.031,0.143,0.0
jpg/image_04414.jpg,hoa_sat_bien_khong_crop_duoc,1.0,1.829,0.76,0.193,0.087,0.24,0.0
jpg/image_04416.jpg,hoa_sat_bien_khong_crop_duoc,1.0,1.259,0.865,0.319,0.073,0.121,0.0
jpg/image_04417.jpg,hoa_sat_bien_khong_crop_duoc,1.0,1.274,0.953,0.348,0.036,0.132,0.0
jpg/image_04418.jpg,hoa_sat_bien_khong_crop_duoc,1.0,1.47,0.837,0.265,0.092,0.192,0.0
jpg/image_04419.jpg,hoa_sat_bien_khong_crop_duoc,1.0,0.64,0.831,0.247,0.092,0.185,0.0
jpg/image_04421.jpg,khong_thay_hoa,,,,,,,
jpg/image_04422.jpg,hoa_sat_bien_khong_crop_duoc,1.0,0.798,0.71,0.263,0.035,0.122,0.0
jpg/image_04423.jpg,hoa_sat_bien_khong_crop_duoc,1.0,1.423,0.856,0.28,0.075,0.134,0.0
jpg/image_04425.jpg,hoa_sat_bien_khong_crop_duoc,1.0,1.228,0.795,0.301,0.054,0.133,0.0
jpg/image_04428.jpg,hoa_sat_bien_khong_crop_duoc,1.0,0.74,0.739,0.254,0.051,0.122,0.0
jpg/image_04429.jpg,hoa_sat_bien_khong_crop_duoc,1.0,0.714,0.778,0.258,0.006,0.126,0.0
jpg/image_04430.jpg,hoa_sat_bien_khong_crop_duoc,1.0,1.295,0.871,0.313,0.023,0.139,0.0
jpg/image_04431.jpg,hoa_sat_bien_khong_crop_duoc,1.0,1.274,0.728,0.266,0.089,0.125,0.002
jpg/image_04433.jpg,hoa_sat_bien_khong_crop_duoc,1.0,0.808,0.532,0.2,0.134,0.181,0.003
jpg/image_04434.jpg,khong_thay_hoa,,,,,,,
jpg/image_04436.jpg,hoa_sat_bien_khong_crop_duoc,1.0,1.422,0.81,0.265,0.041,0.172,0.0
jpg/image_04440.jpg,hoa_sat_bien_khong_crop_duoc,1.0,0.75,0.898,0.313,0.02,0.146,0.0
jpg/image_04442.jpg,hoa_sat_bien_khong_crop_duoc,1.0,1.286,0.713,0.258,0.049,0.128,0.0
jpg/image_04446.jpg,hoa_sat_bien_khong_crop_duoc,1.0,1.362,0.842,0.287,0.015,0.141,0.0
jpg/image_04447.jpg,hoa_sat_bien_khong_crop_duoc,1.0,0.64,0.875,0.26,0.105,0.163,0.001
jpg/image_04449.jpg,hoa_sat_bien_khong_crop_duoc,1.0,1.697,0.739,0.202,0.121,0.187,0.002
jpg/image_04451.jpg,khong_thay_hoa,,,,,,,
jpg/image_04452.jpg,hoa_sat_bien_khong_crop_duoc,1.0,1.219,0.727,0.277,0.059,0.125,0.0
jpg/image_04453.jpg,hoa_sat_bien_khong_crop_duoc,1.0,1.455,0.755,0.241,0.071,0.15,0.0
jpg/image_04454.jpg,hoa_sat_bien_khong_crop_duoc,1.0,0.752,0.694,0.242,0.159,0.17,0.0
jpg/image_04456.jpg,hoa_sat_bien_khong_crop_duoc,1.0,1.253,1.04,0.386,0.073,0.138,0.0
jpg/image_04457.jpg,hoa_sat_bien_khong_crop_duoc,1.0,1.422,0.781,0.255,0.023,0.152,0.0
jpg/image_04459.jpg,hoa_sat_bien_khong_crop_duoc,1.0,1.371,0.655,0.222,0.046,0.159,0.0
jpg/image_04461.jpg,hoa_sat_bien_khong_crop_duoc,1.0,0.764,0.711,0.252,0.042,0.125,0.0
jpg/image_04468.jpg,hoa_sat_bien_khong_crop_duoc,1.0,0.708,0.88,0.29,0.067,0.169,0.0
jpg/image_04471.jpg,hoa_sat_bien_khong_crop_duoc,1.0,0.831,0.748,0.289,0.05,0.129,0.0
jpg/image_04473.jpg,hoa_sat_bien_khong_crop_duoc,1.0,1.295,0.729,0.262,0.053,0.16,0.0
jpg/image_04475.jpg,khong_thay_hoa,,,,,,,
jpg/image_04476.jpg,hoa_sat_bien_khong_crop_duoc,1.0,1.277,0.994,0.362,0.044,0.124,0.0
jpg/image_04477.jpg,hoa_sat_bien_khong_crop_duoc,1.0,1.274,0.872,0.318,0.099,0.171,0.0
jpg/image_04480.jpg,hoa_sat_bien_khong_crop_duoc,1.0,1.28,0.916,0.333,0.012,0.122,0.0
jpg/image_04481.jpg,khong_thay_hoa,,,,,,,
jpg/image_04482.jpg,hoa_sat_bien_khong_crop_duoc,1.0,1.242,0.965,0.361,0.029,0.131,0.0
jpg/image_04483.jpg,khong_thay_hoa,,,,,,,
jpg/image_04484.jpg,hoa_sat_bien_khong_crop_duoc,1.0,1.347,1.006,0.347,0.009,0.144,0.0
jpg/image_04486.jpg,hoa_sat_bien_khong_crop_duoc,1.0,1.286,0.926,0.335,0.024,0.138,0.0
jpg/image_04487.jpg,hoa_sat_bien_khong_crop_duoc,1.0,1.347,1.11,0.383,0.013,0.151,0.0
jpg/image_04489.jpg,lech_tam,0.821,0.947,0.986,0.434,0.31,0.033,0.0
jpg/image_04492.jpg,lech_tam,1.0,1.09,0.93,0.397,0.233,0.09,0.0
jpg/image_04494.jpg,khong_thay_hoa,,,,,,,
jpg/image_04497.jpg,hoa_sat_bien_khong_crop_duoc,1.0,1.753,0.839,0.222,0.1,0.208,0.0
jpg/image_04498.jpg,khong_thay_hoa,,,,,,,
jpg/image_04499.jpg,nhieu_hoa_hoac_nen_roi,21.0,1.0,1.07,0.497,0.225,0.0,0.531
jpg/image_04500.jpg,nhieu_hoa_hoac_nen_roi,36.0,1.167,1.091,0.435,0.356,0.0,0.214
jpg/image_04503.jpg,khong_thay_hoa,,,,,,,
jpg/image_04507.jpg,hoa_sat_bien_khong_crop_duoc,1.0,1.232,0.973,0.367,0.067,0.128,0.0
jpg/image_04508.jpg,khong_thay_hoa,,,,,,,
jpg/image_04509.jpg,khong_thay_hoa,,,,,,,
jpg/image_04511.jpg,hoa_sat_bien_khong_crop_duoc,1.0,1.293,0.984,0.354,0.046,0.15,0.0
jpg/image_04513.jpg,khong_thay_hoa,,,,,,,
jpg/image_04514.jpg,hoa_sat_bien_khong_crop_duoc,1.0,1.438,0.928,0.3,0.021,0.146,0.0
jpg/image_04519.jpg,khong_thay_hoa,,,,,,,
jpg/image_04521.jpg,khong_thay_hoa,,,,,,,
jpg/image_04522.jpg,khong_thay_hoa,,,,,,,
jpg/image_04526.jpg,hoa_sat_bien_khong_crop_duoc,1.0,1.512,0.902,0.277,0.034,0.2,0.0
jpg/image_04527.jpg,khong_thay_hoa,,,,,,,
jpg/image_04531.jpg,hoa_sat_bien_khong_crop_duoc,1.0,1.472,0.76,0.24,0.026,0.13,0.0
jpg/image_04532.jpg,khong_thay_hoa,,,,,,,
jpg/image_04534.jpg,hoa_sat_bien_khong_crop_duoc,1.0,1.707,0.946,0.258,0.037,0.165,0.0
jpg/image_04535.jpg,hoa_sat_bien_khong_crop_duoc,1.0,1.362,0.852,0.291,0.025,0.157,0.0
jpg/image_04537.jpg,hoa_sat_bien_khong_crop_duoc,1.0,0.781,0.767,0.278,0.031,0.121,0.0
jpg/image_04542.jpg,lech_tam,1.0,0.948,0.727,0.32,0.251,0.036,0.0
jpg/image_04543.jpg,khong_thay_hoa,,,,,,,
jpg/image_04544.jpg,hoa_sat_bien_khong_crop_duoc,1.0,1.326,0.817,0.286,0.036,0.136,0.0
jpg/image_04545.jpg,khong_thay_hoa,,,,,,,
jpg/image_04548.jpg,hoa_sat_bien_khong_crop_duoc,1.0,1.274,1.023,0.373,0.052,0.14,0.0
jpg/image_04552.jpg,khong_thay_hoa,,,,,,,
jpg/image_04553.jpg,khong_thay_hoa,,,,,,,
jpg/image_04555.jpg,hoa_sat_bien_khong_crop_duoc,1.0,0.828,0.928,0.357,0.059,0.144,0.0
jpg/image_04561.jpg,khong_thay_hoa,,,,,,,
jpg/image_04566.jpg,hoa_sat_bien_khong_crop_duoc,1.0,1.836,1.014,0.257,0.124,0.211,0.0
jpg/image_04569.jpg,hoa_sat_bien_khong_crop_duoc,1.0,1.881,0.935,0.231,0.027,0.178,0.0
jpg/image_04576.jpg,hoa_sat_bien_khong_crop_duoc,1.0,0.672,0.72,0.225,0.082,0.157,0.0
jpg/image_04578.jpg,khong_phai_goc_nhin_tren_xuong(dai),1.0,2.25,0.689,0.142,0.109,0.043,0.0
jpg/image_04579.jpg,hoa_sat_bien_khong_crop_duoc,1.0,2.182,0.758,0.162,0.206,0.17,0.0
jpg/image_04582.jpg,lech_tam,1.0,1.396,0.856,0.285,0.213,0.0,0.0
jpg/image_04583.jpg,hoa_sat_bien_khong_crop_duoc,1.0,1.426,0.92,0.3,0.234,0.144,0.0
jpg/image_04586.jpg,khong_thay_hoa,,,,,,,
jpg/image_04589.jpg,lech_tam,1.0,1.051,0.815,0.36,0.194,0.021,0.0
jpg/image_04591.jpg,nhieu_hoa_hoac_nen_roi,0.912,1.221,0.812,0.309,0.195,0.113,0.065
jpg/image_04593.jpg,hoa_sat_bien_khong_crop_duoc,1.0,1.267,0.958,0.351,0.263,0.124,0.0
jpg/image_04597.jpg,khong_thay_hoa,,,,,,,
jpg/image_04602.jpg,hoa_sat_bien_khong_crop_duoc,1.0,1.771,0.865,0.227,0.081,0.18,0.0
jpg/image_04605.jpg,hoa_sat_bien_khong_crop_duoc,1.0,1.373,0.912,0.309,0.077,0.196,0.0
jpg/image_04608.jpg,nhieu_hoa_hoac_nen_roi,12.0,0.75,1.273,0.444,0.291,0.0,0.458
jpg/image_04609.jpg,lech_tam,1.0,1.092,1.026,0.437,0.292,0.0,0.0
jpg/image_04610.jpg,lech_tam,1.0,1.157,0.652,0.262,0.217,0.072,0.002
jpg/image_04612.jpg,lech_tam,1.0,1.0,1.061,0.493,0.323,0.0,0.0
jpg/image_04614.jpg,hoa_sat_bien_khong_crop_duoc,1.0,1.28,0.8,0.29,0.032,0.125,0.0
jpg/image_04624.jpg,hoa_sat_bien_khong_crop_duoc,1.0,1.382,0.959,0.323,0.07,0.134,0.0
jpg/image_04625.jpg,lech_tam,1.0,1.047,0.984,0.437,0.188,0.034,0.0
jpg/image_04626.jpg,lech_tam,1.0,1.153,0.917,0.37,0.215,0.025,0.0
jpg/image_04627.jpg,lech_tam,1.0,1.215,0.94,0.36,0.207,0.0,0.0
jpg/image_04634.jpg,nhieu_hoa_hoac_nen_roi,0.78,1.389,0.945,0.316,0.025,0.0,0.037
jpg/image_04635.jpg,lech_tam,1.0,1.196,0.833,0.324,0.289,0.0,0.0
jpg/image_04636.jpg,lech_tam,1.0,1.184,0.986,0.387,0.198,0.071,0.0
jpg/image_04638.jpg,lech_tam,1.0,1.221,0.957,0.364,0.199,0.082,0.0
jpg/image_04640.jpg,lech_tam,1.0,0.939,0.912,0.398,0.239,0.031,0.0
jpg/image_04641.jpg,lech_tam,1.0,0.97,1.041,0.469,0.359,0.049,0.0
jpg/image_04642.jpg,lech_tam,0.933,0.899,1.003,0.419,0.18,0.041,0.0
jpg/image_04643.jpg,lech_tam,1.0,1.23,0.914,0.345,0.254,0.0,0.0
jpg/image_04646.jpg,lech_tam,1.0,0.975,1.019,0.462,0.267,0.043,0.0
jpg/image_04665.jpg,hoa_sat_bien_khong_crop_duoc,1.0,0.742,0.907,0.313,0.03,0.137,0.0
jpg/image_04674.jpg,hoa_sat_bien_khong_crop_duoc,1.0,1.231,1.039,0.392,0.044,0.136,0.0
jpg/image_04686.jpg,khong_phai_goc_nhin_tren_xuong(dai),1.0,1.537,0.853,0.258,0.003,0.0,0.0
jpg/image_04687.jpg,lech_tam,1.0,0.857,0.988,0.393,0.212,0.0,0.0
jpg/image_04688.jpg,trung_lap,1.0,1.055,0.909,0.401,0.08,0.0,0.0
jpg/image_04690.jpg,khong_phai_goc_nhin_tren_xuong(dai),1.0,1.528,0.908,0.276,0.126,0.0,0.0
jpg/image_04691.jpg,trung_lap,1.0,0.926,0.876,0.377,0.12,0.0,0.0
jpg/image_04693.jpg,lech_tam,1.0,1.091,0.912,0.388,0.216,0.0,0.0
jpg/image_04694.jpg,nhieu_hoa_hoac_nen_roi,0.747,1.091,0.956,0.407,0.14,0.0,0.0
jpg/image_04698.jpg,khong_phai_goc_nhin_tren_xuong(dai),1.0,0.622,0.724,0.209,0.2,0.066,0.0
jpg/image_04700.jpg,lech_tam,0.805,1.098,0.905,0.383,0.366,0.0,0.0
jpg/image_04702.jpg,lech_tam,1.0,0.812,0.854,0.322,0.208,0.0,0.0
jpg/image_04704.jpg,khong_phai_goc_nhin_tren_xuong(dai),1.0,2.414,0.798,0.154,0.039,0.0,0.0
jpg/image_04705.jpg,lech_tam,1.0,1.0,0.907,0.422,0.273,0.0,0.0
jpg/image_04706.jpg,lech_tam,1.0,0.817,0.867,0.329,0.39,0.004,0.0
jpg/image_04707.jpg,hoa_sat_bien_khong_crop_duoc,1.0,1.707,0.831,0.226,0.036,0.187,0.0
jpg/image_04708.jpg,lech_tam,1.0,0.915,0.91,0.387,0.345,0.0,0.0
jpg/image_04713.jpg,lech_tam,1.0,1.081,0.772,0.332,0.296,0.0,0.0
jpg/image_04720.jpg,hoa_sat_bien_khong_crop_duoc,1.0,1.532,0.809,0.245,0.019,0.163,0.0
jpg/image_04721.jpg,nhieu_hoa_hoac_nen_roi,0.68,1.0,0.958,0.445,0.235,0.0,0.074
jpg/image_04722.jpg,hoa_sat_bien_khong_crop_duoc,1.0,0.526,0.838,0.205,0.057,0.163,0.0
jpg/image_04723.jpg,lech_tam,1.0,0.918,0.958,0.409,0.361,0.038,0.0
jpg/image_04725.jpg,lech_tam,1.0,0.959,0.869,0.388,0.206,0.0,0.02
jpg/image_04726.jpg,hinh_dang_khong_tron,148.0,1.353,0.482,0.166,0.359,0.0,0.0
jpg/image_04727.jpg,khong_phai_goc_nhin_tren_xuong(dai),1.0,0.667,0.779,0.241,0.077,0.0,0.0
jpg/image_04729.jpg,lech_tam,1.0,1.431,0.928,0.301,0.316,0.086,0.0
jpg/image_04731.jpg,hoa_sat_bien_khong_crop_duoc,1.0,1.39,0.797,0.266,0.076,0.127,0.0
jpg/image_04732.jpg,lech_tam,0.956,1.176,0.907,0.358,0.311,0.048,0.0
jpg/image_04733.jpg,lech_tam,1.0,1.268,0.908,0.333,0.376,0.062,0.0
jpg/image_04737.jpg,lech_tam,1.0,0.95,0.797,0.352,0.208,0.0,0.0
jpg/image_04739.jpg,hoa_sat_bien_khong_crop_duoc,1.0,1.661,0.668,0.187,0.214,0.216,0.0
jpg/image_04740.jpg,lech_tam,1.0,1.104,1.032,0.434,0.284,0.062,0.0
jpg/image_04743.jpg,lech_tam,1.0,1.073,0.944,0.409,0.207,0.0,0.0
jpg/image_04744.jpg,nhieu_hoa_hoac_nen_roi,0.512,0.951,1.038,0.459,0.359,0.0,0.0
jpg/image_04746.jpg,lech_tam,1.0,1.0,0.929,0.432,0.307,0.0,0.0
jpg/image_04749.jpg,lech_tam,1.0,1.045,0.873,0.388,0.2,0.001,0.0
jpg/image_04750.jpg,khong_thay_hoa,,,,,,,
jpg/image_04753.jpg,lech_tam,0.924,1.104,0.909,0.383,0.249,0.0,0.0
jpg/image_04763.jpg,lech_tam,1.0,0.89,0.821,0.34,0.256,0.037,0.0
jpg/image_04767.jpg,nhieu_hoa_hoac_nen_roi,0.648,0.899,0.494,0.206,0.244,0.059,0.056
jpg/image_04771.jpg,lech_tam,1.0,0.922,0.718,0.308,0.207,0.0,0.0
jpg/image_04772.jpg,hoa_sat_bien_khong_crop_duoc,1.0,1.347,0.843,0.291,0.02,0.147,0.0
jpg/image_04773.jpg,khong_thay_hoa,,,,,,,
jpg/image_04774.jpg,hoa_sat_bien_khong_crop_duoc,1.0,1.333,0.622,0.217,0.074,0.126,0.0
jpg/image_04775.jpg,khong_thay_hoa,,,,,,,
jpg/image_04777.jpg,khong_thay_hoa,,,,,,,
jpg/image_04779.jpg,lech_tam,1.0,1.282,0.8,0.29,0.231,0.105,0.0
jpg/image_04780.jpg,khong_phai_goc_nhin_tren_xuong(dai),1.0,1.701,0.796,0.217,0.092,0.097,0.0
jpg/image_04781.jpg,lech_tam,1.0,0.94,0.894,0.391,0.266,0.045,0.0
jpg/image_04786.jpg,nhieu_hoa_hoac_nen_roi,0.733,0.871,0.858,0.347,0.195,0.0,0.035
jpg/image_04787.jpg,hoa_sat_bien_khong_crop_duoc,1.0,1.365,0.924,0.315,0.042,0.123,0.0
jpg/image_04789.jpg,hoa_sat_bien_khong_crop_duoc,1.0,1.6,0.726,0.211,0.04,0.182,0.0
jpg/image_04790.jpg,hoa_sat_bien_khong_crop_duoc,1.0,1.253,0.649,0.241,0.055,0.128,0.0
jpg/image_04791.jpg,hoa_sat_bien_khong_crop_duoc,1.0,0.729,0.72,0.244,0.209,0.135,0.0
jpg/image_04792.jpg,khong_thay_hoa,,,,,,,
jpg/image_04793.jpg,hoa_sat_bien_khong_crop_duoc,1.0,1.605,0.793,0.23,0.071,0.173,0.0
jpg/image_04800.jpg,khong_thay_hoa,,,,,,,
jpg/image_04806.jpg,lech_tam,1.0,1.173,0.98,0.388,0.229,0.087,0.0
jpg/image_04811.jpg,hoa_sat_bien_khong_crop_duoc,1.0,1.198,0.586,0.227,0.031,0.123,0.0
jpg/image_04812.jpg,hoa_sat_bien_khong_crop_duoc,1.0,1.242,0.807,0.302,0.077,0.126,0.0
jpg/image_04813.jpg,khong_thay_hoa,,,,,,,
jpg/image_04814.jpg,khong_thay_hoa,,,,,,,
jpg/image_04815.jpg,khong_thay_hoa,,,,,,,
jpg/image_04817.jpg,lech_tam,1.0,1.018,0.953,0.435,0.324,0.0,0.0
jpg/image_04819.jpg,hoa_sat_bien_khong_crop_duoc,1.0,1.347,0.728,0.251,0.056,0.165,0.0
jpg/image_04820.jpg,hoa_sat_bien_khong_crop_duoc,1.0,1.726,0.832,0.224,0.039,0.199,0.0
jpg/image_04823.jpg,lech_tam,1.0,0.92,0.919,0.393,0.31,0.0,0.0
jpg/image_04824.jpg,lech_tam,1.0,0.921,0.85,0.364,0.223,0.0,0.005
jpg/image_04825.jpg,hoa_sat_bien_khong_crop_duoc,1.0,1.45,0.734,0.235,0.188,0.157,0.016
jpg/image_04827.jpg,hoa_sat_bien_khong_crop_duoc,1.0,1.535,0.866,0.262,0.19,0.201,0.0
jpg/image_04832.jpg,hoa_sat_bien_khong_crop_duoc,1.0,1.391,0.774,0.258,0.021,0.165,0.0
jpg/image_04835.jpg,hoa_sat_bien_khong_crop_duoc,1.0,0.669,0.784,0.244,0.131,0.142,0.0
jpg/image_04836.jpg,khong_thay_hoa,,,,,,,
jpg/image_04838.jpg,hoa_sat_bien_khong_crop_duoc,1.0,1.333,0.768,0.268,0.009,0.146,0.0
jpg/image_04839.jpg,hoa_sat_bien_khong_crop_duoc,1.0,1.348,0.92,0.317,0.023,0.139,0.0
jpg/image_04841.jpg,hoa_sat_bien_khong_crop_duoc,1.0,1.378,0.84,0.283,0.073,0.145,0.0
jpg/image_04844.jpg,khong_thay_hoa,,,,,,,
jpg/image_04845.jpg,hoa_sat_bien_khong_crop_duoc,1.0,1.255,0.89,0.33,0.096,0.128,0.0
jpg/image_04850.jpg,hoa_sat_bien_khong_crop_duoc,1.0,1.347,0.938,0.324,0.037,0.164,0.0
jpg/image_04851.jpg,khong_thay_hoa,,,,,,,
jpg/image_04858.jpg,hoa_sat_bien_khong_crop_duoc,1.0,1.337,0.681,0.237,0.03,0.146,0.0
jpg/image_04860.jpg,hoa_sat_bien_khong_crop_duoc,1.0,0.617,0.799,0.229,0.025,0.191,0.0
jpg/image_04863.jpg,khong_phai_goc_nhin_tren_xuong(dai),1.0,1.481,0.747,0.235,0.059,0.104,0.0
jpg/image_04870.jpg,hinh_dang_khong_tron,1.0,1.255,0.533,0.197,0.114,0.109,0.006
jpg/image_04874.jpg,hoa_sat_bien_khong_crop_duoc,1.0,1.471,0.726,0.229,0.012,0.145,0.0
jpg/image_04875.jpg,khong_thay_hoa,,,,,,,
jpg/image_04878.jpg,hoa_sat_bien_khong_crop_duoc,1.0,1.362,0.95,0.324,0.011,0.14,0.0
jpg/image_04879.jpg,hoa_sat_bien_khong_crop_duoc,1.0,0.642,0.702,0.209,0.148,0.145,0.0
jpg/image_04880.jpg,khong_thay_hoa,,,,,,,
jpg/image_04889.jpg,hoa_sat_bien_khong_crop_duoc,1.0,1.488,0.921,0.288,0.034,0.167,0.0
jpg/image_04891.jpg,hoa_sat_bien_khong_crop_duoc,1.0,1.455,0.823,0.263,0.059,0.198,0.0
jpg/image_04898.jpg,hoa_sat_bien_khong_crop_duoc,1.0,0.812,0.551,0.208,0.226,0.176,0.017
jpg/image_04901.jpg,hoa_sat_bien_khong_crop_duoc,1.0,1.278,0.988,0.359,0.095,0.145,0.0
jpg/image_04902.jpg,khong_thay_hoa,,,,,,,
jpg/image_04905.jpg,khong_phai_goc_nhin_tren_xuong(dai),1.0,0.495,0.806,0.185,0.014,0.02,0.0
jpg/image_04906.jpg,lech_tam,1.0,1.183,0.992,0.39,0.191,0.0,0.0
jpg/image_04910.jpg,lech_tam,1.0,1.066,0.807,0.352,0.324,0.061,0.0
jpg/image_04913.jpg,nhieu_hoa_hoac_nen_roi,0.388,1.354,1.019,0.35,0.325,0.0,0.0
jpg/image_04915.jpg,hoa_sat_bien_khong_crop_duoc,1.0,1.068,0.66,0.287,0.118,0.133,0.0
jpg/image_04916.jpg,hoa_sat_bien_khong_crop_duoc,1.0,1.107,0.658,0.276,0.106,0.146,0.0
jpg/image_04918.jpg,khong_phai_goc_nhin_tren_xuong(dai),1.0,1.644,0.979,0.277,0.288,0.115,0.0
jpg/image_04919.jpg,nhieu_hoa_hoac_nen_roi,0.664,1.194,0.887,0.345,0.052,0.0,0.0
jpg/image_04920.jpg,lech_tam,1.0,0.837,0.634,0.247,0.295,0.083,0.01
jpg/image_04921.jpg,hoa_sat_bien_khong_crop_duoc,1.0,0.583,1.03,0.279,0.016,0.193,0.0
jpg/image_04923.jpg,nhieu_hoa_hoac_nen_roi,0.625,1.304,0.567,0.202,0.239,0.032,0.101
jpg/image_04924.jpg,hoa_sat_bien_khong_crop_duoc,1.0,1.032,0.796,0.358,0.095,0.122,0.007
jpg/image_04925.jpg,hoa_sat_bien_khong_crop_duoc,1.0,1.318,0.723,0.255,0.059,0.151,0.0
jpg/image_04927.jpg,khong_phai_goc_nhin_tren_xuong(dai),1.0,0.597,0.431,0.12,0.059,0.039,0.0
jpg/image_04928.jpg,hoa_sat_bien_khong_crop_duoc,1.0,1.256,0.878,0.325,0.087,0.168,0.0
jpg/image_04930.jpg,hoa_sat_bien_khong_crop_duoc,1.0,0.655,0.814,0.248,0.049,0.171,0.0
jpg/image_04931.jpg,lech_tam,1.0,1.057,0.653,0.287,0.291,0.111,0.009
jpg/image_04932.jpg,hoa_sat_bien_khong_crop_duoc,1.0,0.726,0.801,0.27,0.139,0.18,0.0
jpg/image_04934.jpg,hoa_sat_bien_khong_crop_duoc,1.0,0.5,0.842,0.196,0.144,0.19,0.0
jpg/image_04936.jpg,hoa_sat_bien_khong_crop_duoc,1.0,1.262,0.895,0.33,0.194,0.122,0.0
jpg/image_04937.jpg,hinh_dang_khong_tron,1.0,1.043,0.467,0.208,0.048,0.0,0.03
jpg/image_04938.jpg,khong_phai_goc_nhin_tren_xuong(dai),1.0,1.75,0.728,0.193,0.093,0.0,0.01
jpg/image_04939.jpg,hoa_sat_bien_khong_crop_duoc,1.0,1.595,0.559,0.163,0.12,0.175,0.0
jpg/image_04940.jpg,hoa_sat_bien_khong_crop_duoc,1.0,1.293,1.051,0.378,0.019,0.142,0.0
jpg/image_04943.jpg,hoa_sat_bien_khong_crop_duoc,1.0,1.429,1.08,0.351,0.066,0.164,0.0
jpg/image_04944.jpg,hoa_sat_bien_khong_crop_duoc,1.0,1.33,1.018,0.356,0.042,0.137,0.0
jpg/image_04945.jpg,hoa_sat_bien_khong_crop_duoc,1.0,1.25,0.578,0.215,0.133,0.206,0.0
jpg/image_04948.jpg,lech_tam,1.0,1.392,0.877,0.293,0.266,0.026,0.0
jpg/image_04949.jpg,lech_tam,1.0,1.169,0.843,0.335,0.266,0.059,0.013
jpg/image_04951.jpg,hoa_sat_bien_khong_crop_duoc,1.0,1.5,0.865,0.268,0.137,0.187,0.0
jpg/image_04952.jpg,nhieu_hoa_hoac_nen_roi,0.751,1.578,0.853,0.251,0.191,0.0,0.028
jpg/image_04953.jpg,hoa_sat_bien_khong_crop_duoc,1.0,1.56,0.938,0.279,0.126,0.211,0.0
jpg/image_04954.jpg,khong_thay_hoa,,,,,,,
jpg/image_04955.jpg,hoa_sat_bien_khong_crop_duoc,1.0,1.275,0.73,0.266,0.051,0.142,0.0
jpg/image_04960.jpg,nhieu_hoa_hoac_nen_roi,0.783,1.101,1.058,0.446,0.263,0.054,0.052
jpg/image_04962.jpg,hoa_sat_bien_khong_crop_duoc,1.0,0.641,0.829,0.247,0.047,0.131,0.0
jpg/image_04963.jpg,hoa_sat_bien_khong_crop_duoc,1.0,0.703,0.909,0.297,0.055,0.121,0.0
jpg/image_04967.jpg,hoa_sat_bien_khong_crop_duoc,1.0,1.391,0.898,0.3,0.091,0.139,0.0
jpg/image_04968.jpg,hoa_sat_bien_khong_crop_duoc,1.0,0.667,1.004,0.311,0.183,0.121,0.0
jpg/image_04969.jpg,hoa_sat_bien_khong_crop_duoc,1.0,0.797,0.828,0.306,0.058,0.12,0.0
jpg/image_04970.jpg,hoa_sat_bien_khong_crop_duoc,1.0,0.664,1.032,0.319,0.04,0.139,0.0
jpg/image_04973.jpg,khong_phai_goc_nhin_tren_xuong(dai),1.0,1.556,0.907,0.271,0.14,0.119,0.0
jpg/image_04977.jpg,hoa_sat_bien_khong_crop_duoc,1.0,1.412,0.892,0.294,0.052,0.131,0.0
jpg/image_04978.jpg,hoa_sat_bien_khong_crop_duoc,1.0,1.514,0.9,0.276,0.095,0.163,0.0
jpg/image_04979.jpg,hoa_sat_bien_khong_crop_duoc,1.0,1.851,0.954,0.239,0.042,0.196,0.0
jpg/image_04980.jpg,lech_tam,1.0,1.338,0.786,0.273,0.197,0.06,0.0
jpg/image_04982.jpg,hoa_sat_bien_khong_crop_duoc,1.0,1.296,0.846,0.303,0.01,0.12,0.0
jpg/image_04984.jpg,hoa_sat_bien_khong_crop_duoc,1.0,0.697,0.888,0.288,0.139,0.168,0.0
jpg/image_04986.jpg,hoa_sat_bien_khong_crop_duoc,1.0,0.722,1.01,0.339,0.095,0.122,0.0
jpg/image_04987.jpg,hoa_sat_bien_khong_crop_duoc,1.0,0.76,0.906,0.32,0.023,0.133,0.0
jpg/image_04994.jpg,lech_tam,0.841,0.975,0.996,0.451,0.237,0.008,0.012
jpg/image_04997.jpg,lech_tam,1.0,1.149,0.961,0.389,0.192,0.0,0.0
jpg/image_04998.jpg,lech_tam,1.0,1.123,0.963,0.398,0.231,0.013,0.0
jpg/image_05001.jpg,lech_tam,1.0,1.036,1.113,0.499,0.393,0.0,0.0
jpg/image_05002.jpg,khong_thay_hoa,,,,,,,
jpg/image_05004.jpg,hoa_sat_bien_khong_crop_duoc,1.0,0.622,0.896,0.259,0.155,0.217,0.0
jpg/image_05006.jpg,hoa_sat_bien_khong_crop_duoc,1.0,0.609,0.887,0.251,0.087,0.181,0.0
jpg/image_05007.jpg,lech_tam,1.0,1.034,0.922,0.414,0.31,0.0,0.0
jpg/image_05008.jpg,hoa_sat_bien_khong_crop_duoc,1.0,0.786,0.845,0.309,0.108,0.127,0.0
jpg/image_05009.jpg,hoa_sat_bien_khong_crop_duoc,1.0,1.31,0.708,0.251,0.062,0.169,0.0
jpg/image_05013.jpg,khong_thay_hoa,,,,,,,
jpg/image_05018.jpg,nhieu_hoa_hoac_nen_roi,0.781,0.828,0.984,0.378,0.253,0.082,0.029
jpg/image_05021.jpg,hoa_sat_bien_khong_crop_duoc,1.0,1.406,0.773,0.256,0.136,0.157,0.0
jpg/image_05022.jpg,khong_phai_goc_nhin_tren_xuong(dai),1.0,1.635,0.59,0.168,0.056,0.103,0.0
jpg/image_05034.jpg,hoa_sat_bien_khong_crop_duoc,1.0,1.569,0.725,0.215,0.102,0.131,0.0
jpg/image_05042.jpg,khong_phai_goc_nhin_tren_xuong(dai),1.0,1.533,0.751,0.228,0.016,0.07,0.0
jpg/image_05046.jpg,lech_tam,1.0,0.874,0.819,0.332,0.205,0.049,0.0
jpg/image_05047.jpg,hoa_sat_bien_khong_crop_duoc,1.0,1.368,0.664,0.226,0.183,0.164,0.007
jpg/image_05048.jpg,khong_phai_goc_nhin_tren_xuong(dai),1.0,1.8,0.639,0.165,0.042,0.047,0.0
jpg/image_05053.jpg,lech_tam,0.883,0.795,0.823,0.304,0.233,0.02,0.0
jpg/image_05054.jpg,lech_tam,1.0,1.165,0.758,0.302,0.195,0.097,0.0
jpg/image_05057.jpg,khong_phai_goc_nhin_tren_xuong(dai),1.0,1.837,0.642,0.162,0.132,0.101,0.0
jpg/image_05060.jpg,khong_phai_goc_nhin_tren_xuong(dai),1.0,1.453,0.678,0.217,0.02,0.0,0.0
jpg/image_05062.jpg,lech_tam,1.0,1.13,0.807,0.332,0.19,0.088,0.0
jpg/image_05085.jpg,hoa_sat_bien_khong_crop_duoc,1.0,1.563,0.866,0.257,0.123,0.153,0.0
jpg/image_05086.jpg,hoa_sat_bien_khong_crop_duoc,1.0,1.5,0.801,0.248,0.063,0.192,0.0
jpg/image_05091.jpg,khong_phai_goc_nhin_tren_xuong(dai),1.0,0.646,0.827,0.248,0.06,0.111,0.0
jpg/image_05092.jpg,hoa_sat_bien_khong_crop_duoc,1.0,0.703,1.011,0.33,0.068,0.167,0.0
jpg/image_05093.jpg,hoa_sat_bien_khong_crop_duoc,1.0,0.727,0.793,0.268,0.019,0.158,0.0
jpg/image_05095.jpg,hoa_sat_bien_khong_crop_duoc,1.0,0.697,0.818,0.265,0.025,0.163,0.0
jpg/image_05099.jpg,khong_phai_goc_nhin_tren_xuong(dai),1.0,0.689,0.83,0.266,0.079,0.116,0.0
jpg/image_05103.jpg,hoa_sat_bien_khong_crop_duoc,1.0,0.832,0.802,0.31,0.084,0.146,0.0
jpg/image_05104.jpg,trung_lap,1.0,0.782,0.991,0.36,0.025,0.026,0.0
jpg/image_05115.jpg,hoa_sat_bien_khong_crop_duoc,1.0,0.802,0.849,0.316,0.147,0.121,0.0
jpg/image_05117.jpg,hoa_sat_bien_khong_crop_duoc,1.0,0.695,0.92,0.297,0.038,0.174,0.0
jpg/image_05118.jpg,lech_tam,1.0,0.988,0.979,0.449,0.198,0.0,0.0
jpg/image_05121.jpg,hoa_sat_bien_khong_crop_duoc,1.0,0.664,0.899,0.277,0.049,0.199,0.0
jpg/image_05123.jpg,trung_lap,1.0,0.755,1.005,0.353,0.068,0.025,0.0
jpg/image_05129.jpg,hoa_sat_bien_khong_crop_duoc,1.0,0.738,0.755,0.259,0.049,0.15,0.0
jpg/image_05130.jpg,hoa_sat_bien_khong_crop_duoc,1.0,0.748,0.89,0.309,0.037,0.152,0.0
jpg/image_05131.jpg,hoa_sat_bien_khong_crop_duoc,1.0,0.677,0.858,0.27,0.03,0.147,0.0
jpg/image_05135.jpg,hoa_sat_bien_khong_crop_duoc,0.927,0.673,0.842,0.263,0.118,0.157,0.018
jpg/image_05138.jpg,hoa_sat_bien_khong_crop_duoc,1.0,0.648,0.935,0.282,0.047,0.194,0.0
jpg/image_05145.jpg,hoa_sat_bien_khong_crop_duoc,1.0,0.727,0.993,0.335,0.024,0.148,0.0
jpg/image_05148.jpg,khong_phai_goc_nhin_tren_xuong(dai),1.0,1.468,0.927,0.293,0.099,0.018,0.0
jpg/image_05149.jpg,hoa_sat_bien_khong_crop_duoc,1.0,0.602,0.772,0.216,0.036,0.164,0.0
jpg/image_05155.jpg,hoa_sat_bien_khong_crop_duoc,1.0,1.351,0.928,0.319,0.156,0.146,0.0
jpg/image_05157.jpg,hoa_sat_bien_khong_crop_duoc,1.0,2.207,0.934,0.197,0.167,0.295,0.0
jpg/image_05161.jpg,hoa_sat_bien_khong_crop_duoc,1.0,1.455,1.038,0.332,0.032,0.161,0.0
jpg/image_05164.jpg,khong_phai_goc_nhin_tren_xuong(dai),1.0,1.974,0.948,0.223,0.219,0.0,0.0
jpg/image_05165.jpg,hoa_sat_bien_khong_crop_duoc,1.0,1.363,0.975,0.333,0.042,0.149,0.0
jpg/image_05167.jpg,hoa_sat_bien_khong_crop_duoc,1.0,1.902,0.748,0.183,0.107,0.226,0.0
jpg/image_05169.jpg,nhieu_hoa_hoac_nen_roi,0.53,1.895,0.982,0.241,0.377,0.104,0.116
jpg/image_05173.jpg,hoa_sat_bien_khong_crop_duoc,1.0,1.257,0.919,0.34,0.071,0.154,0.0
jpg/image_05174.jpg,hoa_sat_bien_khong_crop_duoc,1.0,1.286,0.952,0.344,0.033,0.141,0.0
jpg/image_05177.jpg,hoa_sat_bien_khong_crop_duoc,1.0,1.284,0.867,0.314,0.065,0.157,0.0
jpg/image_05183.jpg,hoa_sat_bien_khong_crop_duoc,1.0,1.326,0.909,0.319,0.041,0.144,0.0
jpg/image_05185.jpg,hoa_sat_bien_khong_crop_duoc,1.0,1.274,1.009,0.368,0.037,0.125,0.0
jpg/image_05186.jpg,hoa_sat_bien_khong_crop_duoc,1.0,1.217,1.0,0.382,0.058,0.128,0.0
jpg/image_05187.jpg,hoa_sat_bien_khong_crop_duoc,1.0,1.344,1.022,0.353,0.039,0.141,0.0
jpg/image_05190.jpg,hoa_sat_bien_khong_crop_duoc,1.0,1.283,1.071,0.388,0.008,0.129,0.0
jpg/image_05191.jpg,lech_tam,1.0,0.989,0.969,0.445,0.189,0.037,0.0
jpg/image_05193.jpg,hoa_sat_bien_khong_crop_duoc,1.0,1.355,0.824,0.283,0.03,0.145,0.0
jpg/image_05196.jpg,hoa_sat_bien_khong_crop_duoc,1.0,1.347,1.062,0.366,0.01,0.148,0.0
jpg/image_05205.jpg,hoa_sat_bien_khong_crop_duoc,1.0,1.347,0.989,0.341,0.024,0.16,0.0
jpg/image_05206.jpg,hoa_sat_bien_khong_crop_duoc,1.0,1.417,0.901,0.296,0.048,0.167,0.0
jpg/image_05207.jpg,hinh_dang_khong_tron,190.0,1.263,0.531,0.195,0.23,0.0,0.0
jpg/image_05209.jpg,hoa_sat_bien_khong_crop_duoc,1.0,1.257,0.838,0.31,0.02,0.128,0.0
jpg/image_05210.jpg,hoa_sat_bien_khong_crop_duoc,1.0,1.439,0.805,0.26,0.054,0.161,0.0
jpg/image_05214.jpg,khong_thay_hoa,,,,,,,
jpg/image_05217.jpg,khong_phai_goc_nhin_tren_xuong(dai),1.0,1.597,0.711,0.207,0.067,0.004,0.0
jpg/image_05219.jpg,lech_tam,1.0,1.138,0.761,0.311,0.181,0.049,0.0
jpg/image_05220.jpg,hoa_sat_bien_khong_crop_duoc,1.0,1.481,0.79,0.248,0.091,0.17,0.0
jpg/image_05221.jpg,khong_phai_goc_nhin_tren_xuong(dai),1.0,1.597,0.793,0.231,0.078,0.081,0.0
jpg/image_05222.jpg,nhieu_hoa_hoac_nen_roi,0.53,1.019,0.786,0.359,0.366,0.0,0.0
jpg/image_05225.jpg,khong_thay_hoa,,,,,,,
jpg/image_05226.jpg,khong_phai_goc_nhin_tren_xuong(dai),1.0,0.609,0.949,0.268,0.427,0.0,0.0
jpg/image_05228.jpg,khong_thay_hoa,,,,,,,
jpg/image_05230.jpg,lech_tam,1.0,1.281,0.763,0.277,0.215,0.0,0.0
jpg/image_05232.jpg,hoa_sat_bien_khong_crop_duoc,1.0,1.2,0.879,0.34,0.083,0.123,0.0
jpg/image_05235.jpg,hoa_sat_bien_khong_crop_duoc,1.0,1.312,0.818,0.29,0.074,0.136,0.0
jpg/image_05236.jpg,hinh_dang_khong_tron,1.0,0.975,0.532,0.241,0.062,0.04,0.0
jpg/image_05237.jpg,khong_thay_hoa,,,,,,,
jpg/image_05238.jpg,hoa_sat_bien_khong_crop_duoc,1.0,1.347,0.849,0.293,0.037,0.121,0.0
jpg/image_05240.jpg,khong_phai_goc_nhin_tren_xuong(dai),1.0,0.61,0.759,0.215,0.142,0.0,0.0
jpg/image_05242.jpg,nhieu_hoa_hoac_nen_roi,0.529,1.023,0.964,0.438,0.289,0.0,0.0
jpg/image_05243.jpg,hoa_sat_bien_khong_crop_duoc,0.542,0.58,0.801,0.216,0.235,0.141,0.176
jpg/image_05245.jpg,khong_thay_hoa,,,,,,,
jpg/image_05246.jpg,lech_tam,1.0,0.977,0.629,0.285,0.241,0.0,0.0
jpg/image_05248.jpg,khong_thay_hoa,,,,,,,
jpg/image_05249.jpg,khong_thay_hoa,,,,,,,
jpg/image_05252.jpg,khong_thay_hoa,,,,,,,
jpg/image_05257.jpg,khong_thay_hoa,,,,,,,
jpg/image_05258.jpg,hoa_sat_bien_khong_crop_duoc,1.0,1.302,0.927,0.331,0.033,0.147,0.0
jpg/image_05261.jpg,nhieu_hoa_hoac_nen_roi,30.0,1.0,1.061,0.493,0.035,0.0,0.292
jpg/image_05264.jpg,hoa_sat_bien_khong_crop_duoc,1.0,1.274,0.92,0.336,0.056,0.132,0.0
jpg/image_05269.jpg,hoa_sat_bien_khong_crop_duoc,1.0,1.493,0.699,0.217,0.134,0.145,0.0
jpg/image_05273.jpg,khong_thay_hoa,,,,,,,
jpg/image_05278.jpg,hoa_sat_bien_khong_crop_duoc,1.0,1.542,0.852,0.257,0.007,0.183,0.0
jpg/image_05280.jpg,hoa_sat_bien_khong_crop_duoc,1.0,1.255,0.95,0.352,0.024,0.132,0.0
jpg/image_05282.jpg,hoa_sat_bien_khong_crop_duoc,1.0,1.528,0.734,0.223,0.079,0.142,0.011
jpg/image_05283.jpg,hoa_sat_bien_khong_crop_duoc,1.0,1.575,0.654,0.193,0.058,0.164,0.0
jpg/image_05284.jpg,hoa_sat_bien_khong_crop_duoc,1.0,1.716,0.781,0.211,0.033,0.163,0.0
jpg/image_05285.jpg,hoa_sat_bien_khong_crop_duoc,1.0,0.748,0.923,0.321,0.038,0.165,0.0
jpg/image_05286.jpg,hoa_sat_bien_khong_crop_duoc,1.0,1.43,0.808,0.263,0.028,0.154,0.0
jpg/image_05289.jpg,hoa_sat_bien_khong_crop_duoc,1.0,1.402,0.79,0.262,0.071,0.153,0.0
jpg/image_05290.jpg,hoa_sat_bien_khong_crop_duoc,1.0,1.592,0.805,0.235,0.098,0.157,0.0
jpg/image_05291.jpg,hoa_sat_bien_khong_crop_duoc,1.0,1.314,0.914,0.323,0.046,0.128,0.0
jpg/image_05293.jpg,hoa_sat_bien_khong_crop_duoc,1.0,1.303,0.704,0.251,0.049,0.126,0.0
jpg/image_05296.jpg,hoa_sat_bien_khong_crop_duoc,1.0,1.476,0.879,0.277,0.019,0.173,0.0
jpg/image_05299.jpg,hoa_sat_bien_khong_crop_duoc,1.0,1.229,1.061,0.401,0.154,0.121,0.0
jpg/image_05300.jpg,hoa_sat_bien_khong_crop_duoc,1.0,1.638,0.969,0.275,0.128,0.177,0.0
jpg/image_05303.jpg,hoa_sat_bien_khong_crop_duoc,1.0,1.338,0.806,0.28,0.068,0.133,0.0
jpg/image_05304.jpg,hoa_sat_bien_khong_crop_duoc,1.0,1.293,0.901,0.324,0.022,0.136,0.0
jpg/image_05305.jpg,lech_tam,1.0,1.226,0.869,0.329,0.324,0.046,0.0
jpg/image_05307.jpg,hoa_sat_bien_khong_crop_duoc,1.0,1.354,0.888,0.305,0.061,0.179,0.0
jpg/image_05309.jpg,hoa_sat_bien_khong_crop_duoc,1.0,1.26,0.908,0.335,0.038,0.126,0.0
jpg/image_05310.jpg,hoa_sat_bien_khong_crop_duoc,1.0,1.532,1.047,0.318,0.04,0.21,0.0
jpg/image_05311.jpg,hoa_sat_bien_khong_crop_duoc,1.0,1.475,1.038,0.327,0.043,0.193,0.0
jpg/image_05312.jpg,khong_thay_hoa,,,,,,,
jpg/image_05313.jpg,lech_tam,1.0,1.096,0.819,0.347,0.183,0.0,0.0
jpg/image_05314.jpg,hoa_sat_bien_khong_crop_duoc,1.0,1.846,0.921,0.232,0.087,0.23,0.0
jpg/image_05316.jpg,hoa_sat_bien_khong_crop_duoc,1.0,1.257,0.876,0.324,0.13,0.148,0.002
jpg/image_05317.jpg,hoa_sat_bien_khong_crop_duoc,1.0,1.368,0.736,0.25,0.087,0.136,0.0
jpg/image_05319.jpg,hoa_sat_bien_khong_crop_duoc,1.0,1.333,0.75,0.262,0.029,0.141,0.0
jpg/image_05322.jpg,hoa_sat_bien_khong_crop_duoc,1.0,1.419,0.811,0.266,0.02,0.172,0.0
jpg/image_05329.jpg,hoa_sat_bien_khong_crop_duoc,1.0,1.443,0.887,0.286,0.114,0.184,0.0
jpg/image_05338.jpg,hoa_sat_bien_khong_crop_duoc,1.0,1.233,1.007,0.38,0.022,0.12,0.0
jpg/image_05339.jpg,hoa_sat_bien_khong_crop_duoc,1.0,1.362,0.916,0.313,0.042,0.147,0.0
jpg/image_05347.jpg,hoa_sat_bien_khong_crop_duoc,1.0,1.46,0.733,0.233,0.029,0.155,0.0
jpg/image_05353.jpg,khong_phai_goc_nhin_tren_xuong(dai),1.0,2.412,0.659,0.127,0.006,0.1,0.0
jpg/image_05354.jpg,khong_phai_goc_nhin_tren_xuong(dai),1.0,0.622,0.811,0.235,0.13,0.067,0.0
jpg/image_05359.jpg,hoa_sat_bien_khong_crop_duoc,1.0,1.542,0.828,0.249,0.06,0.153,0.0
jpg/image_05361.jpg,lech_tam,1.0,1.041,0.933,0.416,0.261,0.0,0.0
jpg/image_05362.jpg,hoa_sat_bien_khong_crop_duoc,1.0,1.506,0.896,0.277,0.007,0.145,0.0
jpg/image_05365.jpg,khong_thay_hoa,,,,,,,
jpg/image_05366.jpg,hoa_sat_bien_khong_crop_duoc,1.0,1.256,0.91,0.337,0.055,0.138,0.0
jpg/image_05367.jpg,hoa_sat_bien_khong_crop_duoc,1.0,1.536,0.895,0.271,0.108,0.154,0.0
jpg/image_05369.jpg,hoa_sat_bien_khong_crop_duoc,0.901,1.554,0.84,0.251,0.131,0.155,0.042
jpg/image_05370.jpg,nhieu_hoa_hoac_nen_roi,0.526,1.0,0.919,0.427,0.311,0.0,0.012
jpg/image_05371.jpg,nhieu_hoa_hoac_nen_roi,0.684,1.216,0.783,0.299,0.411,0.0,0.0
jpg/image_05372.jpg,nhieu_hoa_hoac_nen_roi,0.754,0.776,0.967,0.349,0.027,0.0,0.1
jpg/image_05375.jpg,khong_phai_goc_nhin_tren_xuong(dai),1.0,1.82,0.551,0.141,0.073,0.06,0.0
jpg/image_05381.jpg,hoa_sat_bien_khong_crop_duoc,1.0,2.133,0.697,0.152,0.078,0.203,0.0
jpg/image_05390.jpg,khong_thay_hoa,,,,,,,
jpg/image_05393.jpg,nhieu_hoa_hoac_nen_roi,0.672,1.025,0.875,0.397,0.222,0.018,0.072
jpg/image_05394.jpg,hoa_sat_bien_khong_crop_duoc,1.0,1.316,0.869,0.307,0.053,0.172,0.0
jpg/image_05395.jpg,hoa_sat_bien_khong_crop_duoc,1.0,1.345,0.843,0.291,0.083,0.162,0.0
jpg/image_05398.jpg,hoa_sat_bien_khong_crop_duoc,1.0,1.556,0.826,0.247,0.029,0.152,0.0
jpg/image_05400.jpg,khong_phai_goc_nhin_tren_xuong(dai),1.0,0.566,0.919,0.242,0.074,0.094,0.0
jpg/image_05401.jpg,hoa_sat_bien_khong_crop_duoc,1.0,1.278,0.84,0.305,0.057,0.133,0.0
jpg/image_05404.jpg,lech_tam,1.0,0.868,0.844,0.341,0.194,0.071,0.0
jpg/image_05412.jpg,hoa_sat_bien_khong_crop_duoc,1.0,1.25,1.049,0.39,0.05,0.121,0.0
jpg/image_05417.jpg,hoa_sat_bien_khong_crop_duoc,1.0,0.771,0.968,0.347,0.048,0.149,0.0
jpg/image_05419.jpg,khong_thay_hoa,,,,,,,
jpg/image_05420.jpg,khong_thay_hoa,,,,,,,
jpg/image_05427.jpg,hoa_sat_bien_khong_crop_duoc,1.0,1.266,0.866,0.318,0.052,0.148,0.0
jpg/image_05431.jpg,hoa_sat_bien_khong_crop_duoc,1.0,1.28,0.992,0.36,0.022,0.125,0.0
jpg/image_05442.jpg,lech_tam,1.0,1.0,0.967,0.449,0.271,0.0,0.0
jpg/image_05445.jpg,hoa_sat_bien_khong_crop_duoc,1.0,1.223,0.899,0.341,0.03,0.123,0.0
jpg/image_05451.jpg,hoa_sat_bien_khong_crop_duoc,1.0,1.395,0.834,0.278,0.125,0.162,0.0
jpg/image_05460.jpg,khong_thay_hoa,,,,,,,
jpg/image_05461.jpg,hoa_sat_bien_khong_crop_duoc,1.0,1.305,0.736,0.262,0.073,0.134,0.0
jpg/image_05462.jpg,hoa_sat_bien_khong_crop_duoc,1.0,1.374,0.765,0.259,0.035,0.158,0.0
jpg/image_05465.jpg,hoa_sat_bien_khong_crop_duoc,1.0,1.295,0.716,0.257,0.044,0.129,0.0
jpg/image_05467.jpg,hoa_sat_bien_khong_crop_duoc,1.0,1.355,0.689,0.236,0.024,0.146,0.0
jpg/image_05468.jpg,hinh_dang_khong_tron,1.0,1.205,0.48,0.185,0.089,0.053,0.0
jpg/image_05470.jpg,hoa_sat_bien_khong_crop_duoc,1.0,1.5,0.811,0.251,0.016,0.145,0.0
jpg/image_05471.jpg,hoa_sat_bien_khong_crop_duoc,1.0,1.506,0.798,0.246,0.087,0.181,0.0
jpg/image_05472.jpg,hoa_sat_bien_khong_crop_duoc,1.0,1.376,0.709,0.239,0.047,0.167,0.0
jpg/image_05474.jpg,hoa_sat_bien_khong_crop_duoc,1.0,1.684,0.773,0.213,0.081,0.158,0.0
jpg/image_05477.jpg,hoa_sat_bien_khong_crop_duoc,1.0,1.815,0.76,0.194,0.142,0.176,0.0
jpg/image_05478.jpg,khong_thay_hoa,,,,,,,
jpg/image_05479.jpg,hoa_sat_bien_khong_crop_duoc,0.593,1.509,0.8,0.246,0.202,0.127,0.19
jpg/image_05482.jpg,khong_phai_goc_nhin_tren_xuong(dai),1.0,1.464,0.888,0.282,0.098,0.0,0.0
jpg/image_05483.jpg,hinh_dang_khong_tron,1.0,1.145,0.432,0.175,0.099,0.029,0.0
jpg/image_05485.jpg,hoa_sat_bien_khong_crop_duoc,1.0,1.443,0.63,0.203,0.1,0.133,0.0
jpg/image_05487.jpg,hoa_sat_bien_khong_crop_duoc,1.0,1.247,0.751,0.28,0.104,0.152,0.0
jpg/image_05489.jpg,hoa_sat_bien_khong_crop_duoc,1.0,1.366,0.497,0.169,0.007,0.138,0.0
jpg/image_05490.jpg,khong_thay_hoa,,,,,,,
jpg/image_05491.jpg,hoa_sat_bien_khong_crop_duoc,1.0,1.589,0.725,0.212,0.104,0.168,0.0
jpg/image_05492.jpg,hoa_sat_bien_khong_crop_duoc,0.85,1.677,0.775,0.215,0.147,0.192,0.04
jpg/image_05493.jpg,hoa_sat_bien_khong_crop_duoc,1.0,1.309,0.703,0.25,0.098,0.144,0.0
jpg/image_05495.jpg,hoa_sat_bien_khong_crop_duoc,1.0,1.924,0.719,0.174,0.074,0.138,0.0
jpg/image_05499.jpg,khong_thay_hoa,,,,,,,
jpg/image_05501.jpg,hoa_sat_bien_khong_crop_duoc,1.0,1.494,0.683,0.212,0.079,0.179,0.0
jpg/image_05503.jpg,khong_thay_hoa,,,,,,,
jpg/image_05504.jpg,hoa_sat_bien_khong_crop_duoc,1.0,1.611,0.852,0.246,0.115,0.201,0.0
jpg/image_05505.jpg,hoa_sat_bien_khong_crop_duoc,1.0,1.347,0.829,0.286,0.014,0.146,0.0
jpg/image_05506.jpg,khong_thay_hoa,,,,,,,
jpg/image_05507.jpg,khong_phai_goc_nhin_tren_xuong(dai),1.0,1.623,0.823,0.236,0.028,0.091,0.0
jpg/image_05508.jpg,khong_thay_hoa,,,,,,,
jpg/image_05510.jpg,hoa_sat_bien_khong_crop_duoc,1.0,1.672,0.764,0.212,0.105,0.161,0.0
jpg/image_05511.jpg,hoa_sat_bien_khong_crop_duoc,1.0,1.455,0.719,0.23,0.065,0.142,0.0
jpg/image_05513.jpg,hoa_sat_bien_khong_crop_duoc,1.0,1.301,0.73,0.261,0.041,0.153,0.0
jpg/image_05515.jpg,khong_thay_hoa,,,,,,,
jpg/image_05516.jpg,khong_thay_hoa,,,,,,,
jpg/image_05517.jpg,khong_thay_hoa,,,,,,,
jpg/image_05518.jpg,hoa_sat_bien_khong_crop_duoc,1.0,1.588,0.535,0.157,0.102,0.173,0.001
jpg/image_05519.jpg,hoa_sat_bien_khong_crop_duoc,1.0,1.446,0.781,0.251,0.044,0.186,0.0
jpg/image_05521.jpg,hoa_sat_bien_khong_crop_duoc,1.0,1.183,0.974,0.383,0.087,0.13,0.0
jpg/image_05522.jpg,hoa_sat_bien_khong_crop_duoc,1.0,1.308,0.897,0.319,0.021,0.13,0.0
jpg/image_05523.jpg,khong_thay_hoa,,,,,,,
jpg/image_05524.jpg,khong_phai_goc_nhin_tren_xuong(dai),1.0,1.623,0.619,0.177,0.156,0.116,0.0
jpg/image_05527.jpg,hoa_sat_bien_khong_crop_duoc,1.0,1.475,0.807,0.254,0.069,0.137,0.0
jpg/image_05528.jpg,lech_tam,1.0,1.101,0.936,0.395,0.26,0.067,0.0
jpg/image_05530.jpg,nhieu_hoa_hoac_nen_roi,0.576,1.078,0.871,0.375,0.344,0.0,0.0
jpg/image_05531.jpg,hoa_sat_bien_khong_crop_duoc,1.0,1.521,0.855,0.261,0.097,0.184,0.0
jpg/image_05532.jpg,nhieu_hoa_hoac_nen_roi,0.549,0.803,0.89,0.332,0.288,0.033,0.099
jpg/image_05534.jpg,khong_phai_goc_nhin_tren_xuong(dai),1.0,1.472,0.841,0.266,0.107,0.086,0.0
jpg/image_05536.jpg,lech_tam,1.0,1.057,0.861,0.378,0.248,0.0,0.0
jpg/image_05537.jpg,hoa_sat_bien_khong_crop_duoc,1.0,1.542,0.759,0.229,0.091,0.124,0.0
jpg/image_05539.jpg,khong_phai_goc_nhin_tren_xuong(dai),1.0,1.493,0.812,0.253,0.091,0.084,0.0
jpg/image_05541.jpg,hoa_sat_bien_khong_crop_duoc,1.0,1.289,0.785,0.283,0.086,0.148,0.0
jpg/image_05542.jpg,nhieu_hoa_hoac_nen_roi,0.63,1.308,0.901,0.32,0.306,0.083,0.005
jpg/image_05544.jpg,nhieu_hoa_hoac_nen_roi,0.598,1.017,0.881,0.403,0.297,0.0,0.0
jpg/image_05546.jpg,nhieu_hoa_hoac_nen_roi,0.643,0.972,0.946,0.427,0.293,0.0,0.108
jpg/image_05547.jpg,khong_phai_goc_nhin_tren_xuong(dai),1.0,1.635,0.927,0.263,0.075,0.115,0.0
jpg/image_05553.jpg,hoa_sat_bien_khong_crop_duoc,1.0,1.24,0.813,0.305,0.073,0.121,0.0
jpg/image_05554.jpg,hoa_sat_bien_khong_crop_duoc,1.0,1.73,0.857,0.23,0.035,0.206,0.0
jpg/image_05556.jpg,nhieu_hoa_hoac_nen_roi,0.604,1.08,0.838,0.36,0.381,0.0,0.0
jpg/image_05558.jpg,nhieu_hoa_hoac_nen_roi,0.668,1.078,0.895,0.386,0.212,0.0,0.0
jpg/image_05562.jpg,hoa_sat_bien_khong_crop_duoc,1.0,0.828,0.959,0.369,0.049,0.126,0.0
jpg/image_05570.jpg,hoa_sat_bien_khong_crop_duoc,1.0,0.794,0.942,0.347,0.041,0.131,0.0
jpg/image_05572.jpg,hoa_sat_bien_khong_crop_duoc,1.0,1.333,0.869,0.303,0.047,0.133,0.0
jpg/image_05575.jpg,hoa_sat_bien_khong_crop_duoc,1.0,1.32,1.012,0.357,0.032,0.135,0.0
jpg/image_05578.jpg,khong_phai_goc_nhin_tren_xuong(dai),1.0,1.473,0.804,0.254,0.101,0.043,0.0
jpg/image_05579.jpg,hoa_sat_bien_khong_crop_duoc,1.0,1.545,0.788,0.237,0.16,0.132,0.0
jpg/image_05582.jpg,hoa_sat_bien_khong_crop_duoc,1.0,0.736,0.811,0.277,0.207,0.128,0.0
jpg/image_05583.jpg,lech_tam,1.0,1.095,0.952,0.404,0.189,0.07,0.0
jpg/image_05584.jpg,hoa_sat_bien_khong_crop_duoc,1.0,1.518,0.791,0.242,0.074,0.148,0.0
jpg/image_05587.jpg,khong_thay_hoa,,,,,,,
jpg/image_05588.jpg,khong_thay_hoa,,,,,,,
jpg/image_05589.jpg,hoa_sat_bien_khong_crop_duoc,1.0,1.237,0.74,0.278,0.053,0.133,0.0
jpg/image_05590.jpg,lech_tam,1.0,1.25,0.911,0.339,0.227,0.0,0.0
jpg/image_05591.jpg,hoa_sat_bien_khong_crop_duoc,1.0,1.5,0.813,0.252,0.055,0.187,0.0
jpg/image_05592.jpg,khong_thay_hoa,,,,,,,
jpg/image_05593.jpg,khong_thay_hoa,,,,,,,
jpg/image_05594.jpg,khong_thay_hoa,,,,,,,
jpg/image_05597.jpg,khong_phai_goc_nhin_tren_xuong(dai),1.0,0.629,0.878,0.257,0.056,0.0,0.0
jpg/image_05599.jpg,khong_thay_hoa,,,,,,,
jpg/image_05600.jpg,khong_thay_hoa,,,,,,,
jpg/image_05601.jpg,hoa_sat_bien_khong_crop_duoc,1.0,1.253,0.976,0.362,0.113,0.122,0.0
jpg/image_05602.jpg,khong_thay_hoa,,,,,,,
jpg/image_05603.jpg,khong_thay_hoa,,,,,,,
jpg/image_05604.jpg,khong_thay_hoa,,,,,,,
jpg/image_05608.jpg,hoa_sat_bien_khong_crop_duoc,1.0,1.306,0.883,0.314,0.201,0.133,0.0
jpg/image_05609.jpg,hoa_sat_bien_khong_crop_duoc,1.0,1.342,0.782,0.271,0.104,0.147,0.0
jpg/image_05610.jpg,lech_tam,1.0,1.257,0.565,0.209,0.227,0.0,0.0
jpg/image_05611.jpg,khong_thay_hoa,,,,,,,
jpg/image_05613.jpg,nhieu_hoa_hoac_nen_roi,0.765,1.365,0.707,0.241,0.137,0.052,0.063
jpg/image_05614.jpg,khong_thay_hoa,,,,,,,
jpg/image_05615.jpg,hoa_sat_bien_khong_crop_duoc,1.0,1.514,0.895,0.275,0.102,0.149,0.0
jpg/image_05617.jpg,hoa_sat_bien_khong_crop_duoc,1.0,1.414,0.931,0.306,0.07,0.129,0.0
jpg/image_05620.jpg,lech_tam,1.0,1.157,0.757,0.304,0.188,0.063,0.0
jpg/image_05621.jpg,khong_thay_hoa,,,,,,,
jpg/image_05624.jpg,hoa_sat_bien_khong_crop_duoc,1.0,1.588,0.934,0.273,0.049,0.173,0.0
jpg/image_05625.jpg,khong_thay_hoa,,,,,,,
jpg/image_05626.jpg,khong_thay_hoa,,,,,,,
jpg/image_05627.jpg,khong_thay_hoa,,,,,,,
jpg/image_05628.jpg,nhieu_hoa_hoac_nen_roi,37.0,0.857,1.122,0.447,0.473,0.0,0.214
jpg/image_05629.jpg,hoa_sat_bien_khong_crop_duoc,1.0,0.659,0.53,0.162,0.085,0.168,0.0
jpg/image_05631.jpg,lech_tam,1.0,1.25,0.837,0.311,0.297,0.0,0.0
jpg/image_05632.jpg,hoa_sat_bien_khong_crop_duoc,1.0,0.648,0.614,0.185,0.082,0.194,0.0
jpg/image_05633.jpg,khong_thay_hoa,,,,,,,
jpg/image_05636.jpg,hoa_sat_bien_khong_crop_duoc,1.0,0.785,0.864,0.315,0.054,0.144,0.0
jpg/image_05637.jpg,hoa_sat_bien_khong_crop_duoc,1.0,0.766,0.665,0.237,0.042,0.161,0.0
jpg/image_05638.jpg,nhieu_hoa_hoac_nen_roi,0.597,1.0,0.642,0.298,0.169,0.0,0.082
jpg/image_05639.jpg,khong_thay_hoa,,,,,,,
jpg/image_05640.jpg,hoa_sat_bien_khong_crop_duoc,1.0,0.724,0.608,0.204,0.054,0.17,0.0
jpg/image_05644.jpg,khong_thay_hoa,,,,,,,
jpg/image_05645.jpg,hoa_sat_bien_khong_crop_duoc,1.0,0.648,0.695,0.209,0.024,0.197,0.0
jpg/image_05646.jpg,hoa_sat_bien_khong_crop_duoc,1.0,0.776,0.862,0.311,0.028,0.127,0.0
jpg/image_05647.jpg,hoa_sat_bien_khong_crop_duoc,1.0,0.805,0.547,0.205,0.054,0.13,0.0
jpg/image_05648.jpg,khong_thay_hoa,,,,,,,
jpg/image_05649.jpg,hoa_sat_bien_khong_crop_duoc,1.0,0.701,0.566,0.184,0.079,0.167,0.0
jpg/image_05651.jpg,hoa_sat_bien_khong_crop_duoc,1.0,0.695,0.831,0.269,0.043,0.146,0.0
jpg/image_05652.jpg,khong_thay_hoa,,,,,,,
jpg/image_05653.jpg,khong_phai_goc_nhin_tren_xuong(dai),1.0,0.654,0.802,0.244,0.381,0.0,0.0
jpg/image_05654.jpg,khong_phai_goc_nhin_tren_xuong(dai),1.0,0.638,0.853,0.253,0.092,0.0,0.0
jpg/image_05657.jpg,hoa_sat_bien_khong_crop_duoc,1.0,0.657,0.654,0.2,0.17,0.166,0.0
jpg/image_05659.jpg,hoa_sat_bien_khong_crop_duoc,1.0,0.758,0.775,0.273,0.038,0.131,0.0
jpg/image_05661.jpg,hoa_sat_bien_khong_crop_duoc,1.0,0.508,0.926,0.219,0.047,0.212,0.0
jpg/image_05662.jpg,hoa_sat_bien_khong_crop_duoc,1.0,0.661,0.805,0.247,0.031,0.188,0.0
jpg/image_05664.jpg,hoa_sat_bien_khong_crop_duoc,1.0,1.376,0.765,0.258,0.045,0.135,0.0
jpg/image_05665.jpg,hoa_sat_bien_khong_crop_duoc,1.0,0.74,0.637,0.219,0.095,0.178,0.0
jpg/image_05666.jpg,hoa_sat_bien_khong_crop_duoc,1.0,0.807,0.631,0.237,0.107,0.132,0.0
jpg/image_05667.jpg,lech_tam,1.0,0.9,0.779,0.326,0.363,0.0,0.0
jpg/image_05668.jpg,nhieu_hoa_hoac_nen_roi,0.629,1.258,0.635,0.234,0.299,0.047,0.047
jpg/image_05670.jpg,nhieu_hoa_hoac_nen_roi,0.669,1.048,0.587,0.26,0.218,0.02,0.102
jpg/image_05672.jpg,hoa_sat_bien_khong_crop_duoc,1.0,1.512,0.759,0.233,0.06,0.181,0.0
jpg/image_05673.jpg,hoa_sat_bien_khong_crop_duoc,1.0,0.595,0.686,0.19,0.01,0.167,0.0
jpg/image_05675.jpg,hoa_sat_bien_khong_crop_duoc,1.0,0.617,0.999,0.287,0.054,0.218,0.0
jpg/image_05676.jpg,lech_tam,1.0,0.963,0.623,0.279,0.305,0.0,0.0
jpg/image_05680.jpg,hoa_sat_bien_khong_crop_duoc,1.0,1.568,0.656,0.194,0.057,0.188,0.0
jpg/image_05681.jpg,hinh_dang_khong_tron,1.0,1.195,0.454,0.177,0.046,0.072,0.0
jpg/image_05682.jpg,hoa_sat_bien_khong_crop_duoc,1.0,0.673,0.833,0.261,0.168,0.172,0.0
jpg/image_05683.jpg,khong_thay_hoa,,,,,,,
jpg/image_05685.jpg,hinh_dang_khong_tron,1.0,1.114,0.534,0.223,0.055,0.0,0.0
jpg/image_05691.jpg,hoa_sat_bien_khong_crop_duoc,1.0,1.162,0.52,0.208,0.265,0.157,0.001
jpg/image_05693.jpg,hoa_sat_bien_khong_crop_duoc,1.0,1.627,0.791,0.226,0.051,0.168,0.0
jpg/image_05695.jpg,hoa_sat_bien_khong_crop_duoc,1.0,0.732,0.708,0.241,0.012,0.15,0.0
jpg/image_05697.jpg,lech_tam,1.0,1.048,0.813,0.361,0.192,0.06,0.0
jpg/image_05699.jpg,nhieu_hoa_hoac_nen_roi,0.801,0.915,0.791,0.336,0.251,0.034,0.09
jpg/image_05705.jpg,lech_tam,1.0,1.013,0.875,0.402,0.209,0.001,0.0
jpg/image_05712.jpg,hoa_sat_bien_khong_crop_duoc,1.0,1.323,0.86,0.302,0.096,0.135,0.0
jpg/image_05717.jpg,nhieu_hoa_hoac_nen_roi,0.508,1.161,0.813,0.326,0.254,0.092,0.099
jpg/image_05718.jpg,hoa_sat_bien_khong_crop_duoc,1.0,1.271,0.593,0.217,0.031,0.124,0.0
jpg/image_05725.jpg,hoa_sat_bien_khong_crop_duoc,1.0,0.713,0.855,0.283,0.116,0.147,0.0
jpg/image_05729.jpg,hoa_sat_bien_khong_crop_duoc,1.0,1.269,0.827,0.303,0.063,0.155,0.0
jpg/image_05730.jpg,lech_tam,1.0,1.194,0.773,0.301,0.245,0.058,0.0
jpg/image_05733.jpg,trung_lap,1.0,1.097,0.79,0.335,0.102,0.093,0.0
jpg/image_05735.jpg,lech_tam,1.0,1.194,0.806,0.314,0.208,0.003,0.0
jpg/image_05738.jpg,hoa_sat_bien_khong_crop_duoc,1.0,1.411,0.567,0.187,0.026,0.149,0.0
jpg/image_05739.jpg,hoa_sat_bien_khong_crop_duoc,1.0,1.108,0.674,0.283,0.123,0.153,0.0
jpg/image_05741.jpg,lech_tam,1.0,0.785,0.747,0.273,0.203,0.05,0.0
jpg/image_05749.jpg,hoa_sat_bien_khong_crop_duoc,1.0,1.385,0.92,0.309,0.096,0.132,0.0
jpg/image_05752.jpg,hoa_sat_bien_khong_crop_duoc,1.0,1.468,0.819,0.259,0.144,0.128,0.0
jpg/image_05755.jpg,hoa_sat_bien_khong_crop_duoc,1.0,1.308,0.906,0.322,0.044,0.125,0.0
jpg/image_05756.jpg,hoa_sat_bien_khong_crop_duoc,1.0,1.321,0.72,0.253,0.03,0.137,0.0
jpg/image_05761.jpg,khong_thay_hoa,,,,,,,
jpg/image_05762.jpg,lech_tam,1.0,1.023,0.765,0.348,0.243,0.0,0.0
jpg/image_05764.jpg,khong_phai_goc_nhin_tren_xuong(dai),1.0,0.664,0.797,0.246,0.059,0.108,0.0
jpg/image_05765.jpg,hoa_sat_bien_khong_crop_duoc,1.0,1.293,0.985,0.354,0.023,0.13,0.0
jpg/image_05768.jpg,trung_lap,1.0,1.083,0.837,0.359,0.005,0.048,0.0
jpg/image_05770.jpg,hoa_sat_bien_khong_crop_duoc,1.0,1.312,0.826,0.293,0.077,0.156,0.0
jpg/image_05771.jpg,hoa_sat_bien_khong_crop_duoc,1.0,1.325,0.807,0.283,0.043,0.134,0.0
jpg/image_05773.jpg,lech_tam,1.0,1.102,0.984,0.415,0.197,0.0,0.0
jpg/image_05774.jpg,hoa_sat_bien_khong_crop_duoc,1.0,1.39,0.807,0.27,0.024,0.146,0.0
jpg/image_05777.jpg,hoa_sat_bien_khong_crop_duoc,1.0,1.355,0.73,0.251,0.025,0.15,0.0
jpg/image_05783.jpg,khong_thay_hoa,,,,,,,
jpg/image_05786.jpg,hoa_sat_bien_khong_crop_duoc,1.0,0.693,0.752,0.242,0.141,0.139,0.008
jpg/image_05791.jpg,hoa_sat_bien_khong_crop_duoc,1.0,1.543,0.824,0.248,0.044,0.193,0.0
jpg/image_05792.jpg,hoa_sat_bien_khong_crop_duoc,1.0,1.427,0.735,0.239,0.041,0.164,0.0
jpg/image_05793.jpg,nhieu_hoa_hoac_nen_roi,0.669,0.944,0.787,0.345,0.285,0.0,0.002
jpg/image_05796.jpg,khong_thay_hoa,,,,,,,
jpg/image_05799.jpg,hoa_sat_bien_khong_crop_duoc,1.0,1.488,0.804,0.251,0.035,0.184,0.0
jpg/image_05804.jpg,hoa_sat_bien_khong_crop_duoc,1.0,1.422,0.863,0.282,0.022,0.166,0.0
jpg/image_05805.jpg,khong_thay_hoa,,,,,,,
jpg/image_05806.jpg,khong_thay_hoa,,,,,,,
jpg/image_05809.jpg,khong_thay_hoa,,,,,,,
jpg/image_05810.jpg,khong_thay_hoa,,,,,,,
jpg/image_05814.jpg,hoa_sat_bien_khong_crop_duoc,1.0,1.75,0.878,0.233,0.184,0.197,0.0
jpg/image_05815.jpg,khong_thay_hoa,,,,,,,
jpg/image_05816.jpg,hoa_sat_bien_khong_crop_duoc,1.0,1.175,0.847,0.335,0.133,0.12,0.001
jpg/image_05817.jpg,hoa_sat_bien_khong_crop_duoc,1.0,1.347,0.724,0.25,0.021,0.152,0.0
jpg/image_05821.jpg,khong_thay_hoa,,,,,,,
jpg/image_05823.jpg,khong_thay_hoa,,,,,,,
jpg/image_05824.jpg,hoa_sat_bien_khong_crop_duoc,1.0,1.341,0.699,0.242,0.092,0.131,0.0
jpg/image_05825.jpg,khong_thay_hoa,,,,,,,
jpg/image_05827.jpg,nhieu_hoa_hoac_nen_roi,1.0,1.12,0.546,0.226,0.134,0.0,0.066
jpg/image_05828.jpg,khong_thay_hoa,,,,,,,
jpg/image_05830.jpg,khong_thay_hoa,,,,,,,
jpg/image_05832.jpg,khong_thay_hoa,,,,,,,
jpg/image_05836.jpg,hoa_sat_bien_khong_crop_duoc,1.0,1.39,0.872,0.292,0.089,0.162,0.0
jpg/image_05841.jpg,khong_thay_hoa,,,,,,,
jpg/image_05844.jpg,lech_tam,1.0,0.968,0.709,0.319,0.25,0.0,0.0
jpg/image_05845.jpg,khong_thay_hoa,,,,,,,
jpg/image_05846.jpg,hoa_sat_bien_khong_crop_duoc,1.0,0.772,0.85,0.305,0.045,0.125,0.0
jpg/image_05847.jpg,khong_thay_hoa,,,,,,,
jpg/image_05851.jpg,khong_phai_goc_nhin_tren_xuong(dai),1.0,1.868,0.489,0.122,0.13,0.0,0.0
jpg/image_05859.jpg,hoa_sat_bien_khong_crop_duoc,1.0,1.44,0.867,0.28,0.041,0.182,0.0
jpg/image_05862.jpg,lech_tam,1.0,0.94,0.621,0.271,0.201,0.031,0.0
jpg/image_05864.jpg,hoa_sat_bien_khong_crop_duoc,1.0,1.286,0.763,0.276,0.041,0.137,0.0
jpg/image_05866.jpg,lech_tam,1.0,0.812,0.79,0.298,0.193,0.055,0.0
jpg/image_05867.jpg,hoa_sat_bien_khong_crop_duoc,1.0,1.544,0.744,0.224,0.066,0.13,0.0
jpg/image_05870.jpg,hoa_sat_bien_khong_crop_duoc,1.0,1.417,0.422,0.139,0.071,0.148,0.0
jpg/image_05871.jpg,hoa_sat_bien_khong_crop_duoc,1.0,1.453,0.696,0.223,0.047,0.14,0.0
jpg/image_05874.jpg,lech_tam,1.0,0.916,0.803,0.342,0.183,0.04,0.0
jpg/image_05876.jpg,lech_tam,1.0,0.951,0.559,0.247,0.181,0.003,0.0
jpg/image_05878.jpg,hoa_sat_bien_khong_crop_duoc,1.0,1.274,0.806,0.294,0.117,0.157,0.0
jpg/image_05883.jpg,lech_tam,1.0,0.949,0.845,0.373,0.212,0.0,0.0
jpg/image_05885.jpg,hoa_sat_bien_khong_crop_duoc,1.0,0.75,0.817,0.285,0.095,0.144,0.0
jpg/image_05889.jpg,hinh_dang_khong_tron,1.0,0.992,0.524,0.242,0.036,0.021,0.0
jpg/image_05892.jpg,lech_tam,1.0,0.82,0.592,0.226,0.328,0.0,0.015
jpg/image_05893.jpg,hoa_sat_bien_khong_crop_duoc,1.0,1.281,0.716,0.26,0.108,0.124,0.001
jpg/image_05900.jpg,khong_phai_goc_nhin_tren_xuong(dai),1.0,1.452,0.771,0.247,0.103,0.114,0.0
jpg/image_05901.jpg,hinh_dang_khong_tron,1.0,1.175,0.54,0.213,0.068,0.082,0.0
jpg/image_05903.jpg,lech_tam,1.0,0.986,0.707,0.324,0.199,0.013,0.0
jpg/image_05910.jpg,khong_phai_goc_nhin_tren_xuong(dai),1.0,0.68,1.03,0.325,0.028,0.088,0.0
jpg/image_05919.jpg,khong_thay_hoa,,,,,,,
jpg/image_05920.jpg,hoa_sat_bien_khong_crop_duoc,1.0,0.656,1.048,0.32,0.011,0.188,0.0
jpg/image_05930.jpg,nhieu_hoa_hoac_nen_roi,9.0,1.0,1.273,0.592,0.199,0.0,0.562
jpg/image_05940.jpg,hoa_sat_bien_khong_crop_duoc,1.0,0.768,0.874,0.312,0.039,0.121,0.0
jpg/image_05944.jpg,hoa_sat_bien_khong_crop_duoc,1.0,0.792,0.704,0.259,0.092,0.139,0.0
jpg/image_05955.jpg,lech_tam,1.0,1.1,0.898,0.379,0.304,0.0,0.0
jpg/image_05956.jpg,khong_phai_goc_nhin_tren_xuong(dai),0.907,0.61,0.995,0.282,0.186,0.072,0.014
jpg/image_05958.jpg,hoa_sat_bien_khong_crop_duoc,1.0,1.309,0.925,0.329,0.071,0.127,0.0
jpg/image_05961.jpg,hoa_sat_bien_khong_crop_duoc,1.0,1.407,0.678,0.224,0.035,0.172,0.0
jpg/image_05970.jpg,hoa_sat_bien_khong_crop_duoc,1.0,1.25,0.776,0.289,0.037,0.128,0.0
jpg/image_05974.jpg,hoa_sat_bien_khong_crop_duoc,1.0,1.58,0.803,0.236,0.04,0.199,0.0
jpg/image_05978.jpg,hoa_sat_bien_khong_crop_duoc,1.0,1.219,0.711,0.271,0.041,0.133,0.0
jpg/image_05979.jpg,hoa_sat_bien_khong_crop_duoc,1.0,1.391,0.681,0.227,0.023,0.152,0.0
jpg/image_05981.jpg,hoa_sat_bien_khong_crop_duoc,1.0,1.641,0.724,0.205,0.055,0.168,0.0
jpg/image_05985.jpg,hoa_sat_bien_khong_crop_duoc,1.0,1.471,0.734,0.232,0.08,0.213,0.0
jpg/image_05991.jpg,hoa_sat_bien_khong_crop_duoc,1.0,1.292,0.798,0.287,0.031,0.14,0.0
jpg/image_05997.jpg,hoa_sat_bien_khong_crop_duoc,1.0,1.312,0.891,0.315,0.019,0.142,0.0
jpg/image_06001.jpg,lech_tam,1.0,1.027,0.711,0.322,0.239,0.006,0.0
jpg/image_06003.jpg,hoa_sat_bien_khong_crop_duoc,1.0,1.284,0.666,0.241,0.11,0.133,0.0
jpg/image_06004.jpg,nhieu_hoa_hoac_nen_roi,0.635,1.034,0.858,0.385,0.347,0.027,0.0
jpg/image_06005.jpg,nhieu_hoa_hoac_nen_roi,0.6,1.185,0.749,0.294,0.351,0.079,0.0
jpg/image_06006.jpg,lech_tam,1.0,1.101,0.715,0.301,0.315,0.012,0.0
jpg/image_06007.jpg,lech_tam,1.0,1.377,0.85,0.287,0.328,0.064,0.0
jpg/image_06008.jpg,lech_tam,1.0,1.029,0.804,0.363,0.254,0.0,0.0
jpg/image_06009.jpg,hoa_sat_bien_khong_crop_duoc,1.0,1.561,0.787,0.234,0.029,0.199,0.0
jpg/image_06012.jpg,hoa_sat_bien_khong_crop_duoc,1.0,1.326,0.674,0.236,0.081,0.163,0.0
jpg/image_06014.jpg,hoa_sat_bien_khong_crop_duoc,1.0,0.769,0.558,0.199,0.153,0.15,0.005
jpg/image_06015.jpg,hoa_sat_bien_khong_crop_duoc,1.0,1.221,0.479,0.182,0.05,0.145,0.0
jpg/image_06017.jpg,khong_thay_hoa,,,,,,,
jpg/image_06020.jpg,khong_phai_goc_nhin_tren_xuong(dai),1.0,0.672,0.684,0.214,0.07,0.111,0.0
jpg/image_06021.jpg,lech_tam,1.0,0.811,0.752,0.283,0.191,0.048,0.0
jpg/image_06022.jpg,lech_tam,1.0,0.707,0.866,0.285,0.21,0.023,0.0
jpg/image_06023.jpg,lech_tam,1.0,1.037,0.98,0.439,0.315,0.0,0.0
jpg/image_06024.jpg,khong_phai_goc_nhin_tren_xuong(dai),1.0,0.658,0.898,0.274,0.201,0.004,0.0
jpg/image_06025.jpg,lech_tam,1.0,1.015,0.752,0.344,0.209,0.0,0.0
jpg/image_06026.jpg,hinh_dang_khong_tron,1.0,1.093,0.445,0.189,0.08,0.027,0.0
jpg/image_06028.jpg,khong_phai_goc_nhin_tren_xuong(dai),1.0,0.525,0.436,0.106,0.257,0.073,0.0
jpg/image_06031.jpg,hoa_sat_bien_khong_crop_duoc,1.0,1.707,0.808,0.22,0.192,0.166,0.0
jpg/image_06033.jpg,hoa_sat_bien_khong_crop_duoc,1.0,1.896,0.69,0.169,0.089,0.177,0.0
jpg/image_06034.jpg,hoa_sat_bien_khong_crop_duoc,1.0,0.606,0.968,0.273,0.194,0.152,0.0
jpg/image_06035.jpg,khong_phai_goc_nhin_tren_xuong(dai),1.0,0.638,0.763,0.226,0.058,0.098,0.0
jpg/image_06037.jpg,khong_phai_goc_nhin_tren_xuong(dai),1.0,0.536,0.873,0.218,0.034,0.0,0.0
jpg/image_06038.jpg,khong_phai_goc_nhin_tren_xuong(dai),1.0,0.669,0.874,0.272,0.036,0.101,0.0
jpg/image_06039.jpg,lech_tam,1.0,0.978,0.674,0.306,0.222,0.04,0.0
jpg/image_06040.jpg,hoa_sat_bien_khong_crop_duoc,1.0,0.769,0.681,0.244,0.081,0.123,0.0
jpg/image_06041.jpg,hoa_sat_bien_khong_crop_duoc,1.0,0.854,0.888,0.352,0.188,0.124,0.0
jpg/image_06043.jpg,khong_phai_goc_nhin_tren_xuong(dai),1.0,0.659,0.696,0.213,0.026,0.0,0.0
jpg/image_06046.jpg,khong_phai_goc_nhin_tren_xuong(dai),1.0,0.488,0.722,0.164,0.247,0.026,0.003
jpg/image_06047.jpg,hoa_sat_bien_khong_crop_duoc,1.0,1.286,0.859,0.311,0.071,0.123,0.0
jpg/image_06049.jpg,nhieu_hoa_hoac_nen_roi,0.725,0.598,0.797,0.221,0.166,0.036,0.13
jpg/image_06050.jpg,hoa_sat_bien_khong_crop_duoc,1.0,1.88,0.896,0.222,0.299,0.146,0.0
jpg/image_06051.jpg,khong_phai_goc_nhin_tren_xuong(dai),1.0,1.679,0.973,0.269,0.425,0.018,0.0
jpg/image_06052.jpg,khong_phai_goc_nhin_tren_xuong(dai),1.0,1.821,0.884,0.226,0.208,0.0,0.0
jpg/image_06053.jpg,lech_tam,1.0,1.324,0.92,0.323,0.316,0.031,0.0
jpg/image_06054.jpg,khong_phai_goc_nhin_tren_xuong(dai),1.0,1.811,0.958,0.246,0.352,0.054,0.0
jpg/image_06056.jpg,nhieu_hoa_hoac_nen_roi,0.603,1.051,0.329,0.146,0.222,0.0,0.141
jpg/image_06057.jpg,lech_tam,1.0,1.25,0.867,0.322,0.191,0.052,0.0
jpg/image_06058.jpg,lech_tam,1.0,0.951,0.977,0.432,0.39,0.0,0.0
jpg/image_06059.jpg,hoa_sat_bien_khong_crop_duoc,1.0,0.709,0.887,0.292,0.247,0.13,0.0
jpg/image_06060.jpg,lech_tam,1.0,1.346,0.974,0.336,0.324,0.076,0.0
jpg/image_06061.jpg,lech_tam,1.0,0.897,1.002,0.418,0.281,0.0,0.0
jpg/image_06062.jpg,lech_tam,1.0,0.981,0.912,0.416,0.311,0.0,0.0
jpg/image_06063.jpg,lech_tam,1.0,1.077,0.899,0.388,0.195,0.0,0.0
jpg/image_06065.jpg,hoa_sat_bien_khong_crop_duoc,1.0,1.857,1.013,0.253,0.358,0.159,0.0
jpg/image_06066.jpg,lech_tam,1.0,1.185,0.819,0.321,0.325,0.0,0.0
jpg/image_06067.jpg,hoa_sat_bien_khong_crop_duoc,1.0,2.0,0.951,0.221,0.211,0.165,0.0
jpg/image_06068.jpg,lech_tam,1.0,1.405,0.871,0.288,0.363,0.02,0.0
jpg/image_06069.jpg,lech_tam,1.0,0.957,0.901,0.4,0.348,0.0,0.0
jpg/image_06070.jpg,khong_thay_hoa,,,,,,,
jpg/image_06071.jpg,lech_tam,1.0,1.317,0.903,0.319,0.352,0.0,0.0
jpg/image_06072.jpg,hoa_sat_bien_khong_crop_duoc,1.0,1.303,0.843,0.301,0.293,0.13,0.0
jpg/image_06073.jpg,lech_tam,1.0,1.327,0.873,0.306,0.295,0.027,0.0
jpg/image_06074.jpg,hoa_sat_bien_khong_crop_duoc,1.0,0.693,0.723,0.233,0.12,0.183,0.004
jpg/image_06075.jpg,hoa_sat_bien_khong_crop_duoc,1.0,1.403,0.822,0.272,0.356,0.151,0.0
jpg/image_06076.jpg,lech_tam,1.0,0.927,0.936,0.404,0.412,0.0,0.0
jpg/image_06077.jpg,khong_phai_goc_nhin_tren_xuong(dai),1.0,0.694,0.863,0.279,0.208,0.082,0.0
jpg/image_06078.jpg,lech_tam,1.0,1.024,0.703,0.319,0.245,0.077,0.018
jpg/image_06081.jpg,hoa_sat_bien_khong_crop_duoc,1.0,0.5,0.664,0.154,0.205,0.172,0.0
jpg/image_06082.jpg,lech_tam,1.0,1.216,0.94,0.359,0.393,0.0,0.0
jpg/image_06083.jpg,hoa_sat_bien_khong_crop_duoc,1.0,1.735,0.885,0.237,0.21,0.199,0.0
jpg/image_06084.jpg,lech_tam,1.0,1.35,0.874,0.301,0.229,0.0,0.0
jpg/image_06085.jpg,hoa_sat_bien_khong_crop_duoc,1.0,1.809,0.919,0.236,0.265,0.12,0.0
jpg/image_06087.jpg,khong_thay_hoa,,,,,,,
jpg/image_06090.jpg,khong_thay_hoa,,,,,,,
jpg/image_06091.jpg,hoa_sat_bien_khong_crop_duoc,1.0,1.818,0.958,0.245,0.491,0.123,0.0
jpg/image_06092.jpg,lech_tam,1.0,1.239,0.782,0.293,0.299,0.1,0.0
jpg/image_06093.jpg,lech_tam,1.0,1.245,0.831,0.31,0.251,0.0,0.0
jpg/image_06095.jpg,lech_tam,1.0,1.04,0.758,0.339,0.324,0.0,0.0
jpg/image_06096.jpg,hoa_sat_bien_khong_crop_duoc,1.0,0.636,0.849,0.251,0.17,0.143,0.0
jpg/image_06097.jpg,nhieu_hoa_hoac_nen_roi,0.53,0.947,0.962,0.424,0.272,0.0,0.0
jpg/image_06098.jpg,lech_tam,1.0,0.987,1.01,0.463,0.256,0.039,0.0
jpg/image_06099.jpg,lech_tam,1.0,0.899,1.032,0.431,0.306,0.0,0.0
jpg/image_06100.jpg,lech_tam,1.0,0.857,0.955,0.38,0.317,0.036,0.0
jpg/image_06101.jpg,lech_tam,1.0,1.094,0.982,0.417,0.312,0.0,0.0
jpg/image_06102.jpg,lech_tam,1.0,1.015,0.969,0.444,0.264,0.0,0.0
jpg/image_06103.jpg,hoa_sat_bien_khong_crop_duoc,1.0,0.661,0.825,0.253,0.078,0.136,0.0
jpg/image_06109.jpg,nhieu_hoa_hoac_nen_roi,0.503,1.538,0.988,0.298,0.333,0.0,0.13
jpg/image_06115.jpg,hoa_sat_bien_khong_crop_duoc,1.0,1.452,0.951,0.304,0.046,0.185,0.0
jpg/image_06116.jpg,lech_tam,1.0,0.897,0.876,0.365,0.214,0.0,0.0
jpg/image_06117.jpg,lech_tam,1.0,1.062,0.954,0.417,0.217,0.014,0.031
jpg/image_06118.jpg,hoa_sat_bien_khong_crop_duoc,1.0,0.703,0.914,0.299,0.037,0.143,0.0
jpg/image_06126.jpg,nhieu_hoa_hoac_nen_roi,0.853,1.222,0.962,0.366,0.132,0.0,0.077
jpg/image_06128.jpg,lech_tam,1.0,1.338,0.956,0.332,0.224,0.111,0.014
jpg/image_06129.jpg,hoa_sat_bien_khong_crop_duoc,1.0,0.717,1.012,0.337,0.253,0.125,0.0
jpg/image_06130.jpg,lech_tam,1.0,1.1,0.948,0.401,0.296,0.004,0.0
jpg/image_06133.jpg,khong_phai_goc_nhin_tren_xuong(dai),1.0,1.594,0.861,0.251,0.051,0.11,0.0
jpg/image_06136.jpg,nhieu_hoa_hoac_nen_roi,0.699,0.875,0.801,0.326,0.204,0.064,0.125
jpg/image_06137.jpg,nhieu_hoa_hoac_nen_roi,0.578,0.951,0.891,0.394,0.238,0.0,0.0
jpg/image_06139.jpg,lech_tam,1.0,0.778,0.943,0.341,0.285,0.011,0.0
jpg/image_06141.jpg,lech_tam,1.0,0.988,0.992,0.455,0.205,0.0,0.0
jpg/image_06142.jpg,hoa_sat_bien_khong_crop_duoc,1.0,1.69,0.813,0.223,0.049,0.185,0.0
jpg/image_06145.jpg,lech_tam,1.0,1.035,0.962,0.432,0.197,0.0,0.0
jpg/image_06146.jpg,lech_tam,1.0,0.987,0.971,0.446,0.193,0.0,0.0
jpg/image_06147.jpg,nhieu_hoa_hoac_nen_roi,0.537,1.06,0.967,0.424,0.317,0.0,0.0
jpg/image_06150.jpg,hoa_sat_bien_khong_crop_duoc,1.0,1.6,0.82,0.238,0.067,0.187,0.0
jpg/image_06151.jpg,lech_tam,1.0,0.809,0.912,0.343,0.26,0.064,0.0
jpg/image_06152.jpg,hoa_sat_bien_khong_crop_duoc,1.0,1.58,0.867,0.255,0.072,0.2,0.0
jpg/image_06155.jpg,khong_thay_hoa,,,,,,,
jpg/image_06157.jpg,khong_thay_hoa,,,,,,,
jpg/image_06159.jpg,khong_thay_hoa,,,,,,,
jpg/image_06160.jpg,lech_tam,1.0,0.888,0.766,0.316,0.181,0.038,0.0
jpg/image_06164.jpg,hoa_sat_bien_khong_crop_duoc,1.0,1.457,0.589,0.188,0.091,0.169,0.0
jpg/image_06167.jpg,lech_tam,1.0,0.944,0.708,0.31,0.327,0.025,0.006
jpg/image_06169.jpg,lech_tam,1.0,1.139,0.873,0.356,0.221,0.081,0.0
jpg/image_06171.jpg,hoa_sat_bien_khong_crop_duoc,1.0,1.5,0.836,0.259,0.038,0.168,0.0
jpg/image_06175.jpg,hoa_sat_bien_khong_crop_duoc,1.0,1.438,0.803,0.259,0.095,0.206,0.0
jpg/image_06176.jpg,hoa_sat_bien_khong_crop_duoc,1.0,0.711,0.942,0.311,0.185,0.158,0.0
jpg/image_06178.jpg,hoa_sat_bien_khong_crop_duoc,1.0,1.508,0.77,0.237,0.249,0.131,0.0
jpg/image_06181.jpg,hoa_sat_bien_khong_crop_duoc,1.0,1.278,0.751,0.273,0.063,0.141,0.0
jpg/image_06183.jpg,hoa_sat_bien_khong_crop_duoc,1.0,1.524,0.734,0.224,0.029,0.199,0.0
jpg/image_06184.jpg,hoa_sat_bien_khong_crop_duoc,1.0,1.684,0.852,0.235,0.062,0.156,0.0
jpg/image_06185.jpg,hoa_sat_bien_khong_crop_duoc,1.0,1.389,0.675,0.226,0.124,0.122,0.013
jpg/image_06188.jpg,lech_tam,1.0,1.014,0.883,0.405,0.228,0.0,0.0
jpg/image_06191.jpg,hoa_sat_bien_khong_crop_duoc,1.0,1.347,0.81,0.279,0.017,0.148,0.0
jpg/image_06192.jpg,lech_tam,1.0,1.31,0.9,0.319,0.323,0.109,0.001
jpg/image_06193.jpg,hoa_sat_bien_khong_crop_duoc,1.0,1.255,0.938,0.347,0.05,0.153,0.0
jpg/image_06194.jpg,nhieu_hoa_hoac_nen_roi,39.0,0.75,1.035,0.361,0.224,0.0,0.156
jpg/image_06197.jpg,hoa_sat_bien_khong_crop_duoc,1.0,1.408,0.788,0.26,0.114,0.184,0.0
jpg/image_06199.jpg,hoa_sat_bien_khong_crop_duoc,1.0,1.25,0.886,0.329,0.059,0.121,0.0
jpg/image_06200.jpg,lech_tam,1.0,1.014,0.697,0.32,0.193,0.0,0.0
jpg/image_06202.jpg,hoa_sat_bien_khong_crop_duoc,1.0,1.396,0.777,0.259,0.007,0.133,0.0
jpg/image_06204.jpg,hoa_sat_bien_khong_crop_duoc,1.0,1.292,0.91,0.327,0.039,0.141,0.0
jpg/image_06207.jpg,hoa_sat_bien_khong_crop_duoc,1.0,1.448,0.78,0.25,0.042,0.139,0.0
jpg/image_06211.jpg,hoa_sat_bien_khong_crop_duoc,1.0,1.307,0.868,0.309,0.007,0.137,0.0
jpg/image_06214.jpg,hoa_sat_bien_khong_crop_duoc,1.0,1.667,0.867,0.242,0.022,0.121,0.0
jpg/image_06235.jpg,trung_lap,1.0,1.012,0.836,0.384,0.031,0.0,0.0
jpg/image_06237.jpg,trung_lap,1.0,1.026,0.936,0.424,0.067,0.0,0.033
jpg/image_06240.jpg,hoa_sat_bien_khong_crop_duoc,1.0,1.429,0.916,0.298,0.084,0.162,0.0
jpg/image_06241.jpg,hoa_sat_bien_khong_crop_duoc,1.0,1.671,0.726,0.202,0.032,0.197,0.0
jpg/image_06242.jpg,lech_tam,1.0,0.947,0.921,0.406,0.255,0.0,0.0
jpg/image_06243.jpg,hoa_sat_bien_khong_crop_duoc,1.0,1.608,0.836,0.242,0.042,0.188,0.0
jpg/image_06247.jpg,khong_phai_goc_nhin_tren_xuong(dai),1.0,0.394,0.691,0.126,0.184,0.067,0.0
jpg/image_06248.jpg,hoa_sat_bien_khong_crop_duoc,1.0,0.379,0.67,0.118,0.041,0.171,0.0
jpg/image_06249.jpg,lech_tam,1.0,0.767,0.868,0.31,0.215,0.027,0.0
jpg/image_06250.jpg,khong_thay_hoa,,,,,,,
jpg/image_06251.jpg,khong_phai_goc_nhin_tren_xuong(dai),1.0,0.459,0.533,0.114,0.02,0.0,0.0
jpg/image_06252.jpg,lech_tam,1.0,0.78,0.782,0.284,0.253,0.074,0.003
jpg/image_06254.jpg,khong_phai_goc_nhin_tren_xuong(dai),1.0,0.478,0.491,0.109,0.132,0.069,0.0
jpg/image_06255.jpg,khong_phai_goc_nhin_tren_xuong(dai),1.0,0.592,0.75,0.206,0.14,0.109,0.005
jpg/image_06256.jpg,hoa_sat_bien_khong_crop_duoc,1.0,0.336,0.649,0.101,0.085,0.163,0.0
jpg/image_06257.jpg,lech_tam,1.0,0.84,0.722,0.282,0.19,0.0,0.0
jpg/image_06259.jpg,hoa_sat_bien_khong_crop_duoc,1.0,1.463,0.684,0.217,0.061,0.166,0.0
jpg/image_06260.jpg,khong_phai_goc_nhin_tren_xuong(dai),1.0,1.667,0.693,0.193,0.054,0.0,0.0
jpg/image_06261.jpg,khong_phai_goc_nhin_tren_xuong(dai),1.0,1.6,0.769,0.223,0.107,0.0,0.0
jpg/image_06262.jpg,hoa_sat_bien_khong_crop_duoc,1.0,0.661,0.378,0.116,0.086,0.196,0.0
jpg/image_06263.jpg,hinh_dang_khong_tron,1.0,0.776,0.465,0.168,0.175,0.104,0.005
jpg/image_06264.jpg,khong_phai_goc_nhin_tren_xuong(dai),1.0,0.552,0.766,0.196,0.23,0.0,0.0
jpg/image_06265.jpg,khong_phai_goc_nhin_tren_xuong(dai),1.0,0.435,0.739,0.149,0.204,0.0,0.0
jpg/image_06266.jpg,hoa_sat_bien_khong_crop_duoc,1.0,0.419,0.526,0.102,0.045,0.169,0.0
jpg/image_06267.jpg,khong_phai_goc_nhin_tren_xuong(dai),1.0,0.612,0.682,0.194,0.259,0.043,0.0
jpg/image_06268.jpg,hoa_sat_bien_khong_crop_duoc,0.645,0.247,0.822,0.094,0.275,0.257,0.116
jpg/image_06269.jpg,hoa_sat_bien_khong_crop_duoc,1.0,0.276,0.804,0.103,0.26,0.196,0.0
jpg/image_06270.jpg,khong_phai_goc_nhin_tren_xuong(dai),1.0,0.505,0.719,0.169,0.153,0.022,0.0
jpg/image_06271.jpg,hoa_sat_bien_khong_crop_duoc,1.0,0.322,0.703,0.105,0.064,0.122,0.0
jpg/image_06272.jpg,khong_phai_goc_nhin_tren_xuong(dai),1.0,0.657,0.725,0.221,0.131,0.1,0.0
jpg/image_06273.jpg,khong_phai_goc_nhin_tren_xuong(dai),1.0,0.68,0.627,0.198,0.048,0.068,0.0
jpg/image_06274.jpg,khong_phai_goc_nhin_tren_xuong(dai),1.0,0.518,0.625,0.15,0.038,0.0,0.028
jpg/image_06275.jpg,khong_thay_hoa,,,,,,,
jpg/image_06276.jpg,khong_phai_goc_nhin_tren_xuong(dai),1.0,0.425,0.6,0.119,0.125,0.065,0.0
jpg/image_06278.jpg,lech_tam,1.0,0.952,0.615,0.272,0.421,0.0,0.0
jpg/image_06279.jpg,hoa_sat_bien_khong_crop_duoc,1.0,0.364,0.617,0.104,0.2,0.282,0.0
jpg/image_06280.jpg,khong_phai_goc_nhin_tren_xuong(dai),1.0,0.495,0.679,0.156,0.093,0.114,0.0
jpg/image_06281.jpg,khong_phai_goc_nhin_tren_xuong(dai),1.0,0.368,0.602,0.103,0.183,0.0,0.0
jpg/image_06282.jpg,hoa_sat_bien_khong_crop_duoc,1.0,1.467,0.561,0.178,0.137,0.125,0.007
jpg/image_06283.jpg,hoa_sat_bien_khong_crop_duoc,1.0,2.327,0.393,0.079,0.042,0.199,0.0
jpg/image_06284.jpg,nhieu_hoa_hoac_nen_roi,20.0,0.667,1.061,0.329,0.309,0.0,0.167
jpg/image_06285.jpg,khong_phai_goc_nhin_tren_xuong(dai),1.0,0.371,0.611,0.105,0.01,0.047,0.0
jpg/image_06286.jpg,khong_phai_goc_nhin_tren_xuong(dai),1.0,0.595,0.66,0.182,0.405,0.0,0.0
jpg/image_06287.jpg,khong_phai_goc_nhin_tren_xuong(dai),1.0,0.623,0.655,0.19,0.163,0.086,0.009
jpg/image_06288.jpg,hoa_sat_bien_khong_crop_duoc,1.0,0.577,0.632,0.169,0.061,0.156,0.0
jpg/image_06290.jpg,khong_phai_goc_nhin_tren_xuong(dai),1.0,0.673,0.579,0.181,0.018,0.0,0.0
jpg/image_06291.jpg,khong_phai_goc_nhin_tren_xuong(dai),1.0,0.409,0.908,0.173,0.42,0.0,0.0
jpg/image_06292.jpg,hoa_sat_bien_khong_crop_duoc,1.0,0.491,0.668,0.152,0.071,0.165,0.0
jpg/image_06293.jpg,hoa_sat_bien_khong_crop_duoc,1.0,0.514,0.486,0.116,0.179,0.197,0.0
jpg/image_06294.jpg,khong_phai_goc_nhin_tren_xuong(dai),1.0,0.393,0.799,0.146,0.159,0.0,0.029
jpg/image_06295.jpg,khong_phai_goc_nhin_tren_xuong(dai),1.0,0.375,0.709,0.124,0.087,0.033,0.0
jpg/image_06296.jpg,hinh_dang_khong_tron,1.0,0.705,0.547,0.179,0.098,0.0,0.0
jpg/image_06297.jpg,hoa_sat_bien_khong_crop_duoc,1.0,1.25,0.992,0.369,0.046,0.131,0.0
jpg/image_06299.jpg,hoa_sat_bien_khong_crop_duoc,1.0,1.671,0.951,0.265,0.049,0.169,0.0
jpg/image_06301.jpg,khong_phai_goc_nhin_tren_xuong(dai),1.0,1.508,0.904,0.278,0.045,0.028,0.0
jpg/image_06302.jpg,hoa_sat_bien_khong_crop_duoc,1.0,1.333,0.821,0.286,0.021,0.139,0.0
jpg/image_06304.jpg,hoa_sat_bien_khong_crop_duoc,1.0,1.182,0.868,0.341,0.072,0.123,0.0
jpg/image_06305.jpg,hoa_sat_bien_khong_crop_duoc,1.0,1.662,0.876,0.245,0.021,0.198,0.0
jpg/image_06307.jpg,khong_phai_goc_nhin_tren_xuong(dai),1.0,1.667,0.843,0.235,0.045,0.104,0.0
jpg/image_06309.jpg,hoa_sat_bien_khong_crop_duoc,1.0,1.293,1.086,0.39,0.004,0.126,0.0
jpg/image_06310.jpg,hoa_sat_bien_khong_crop_duoc,1.0,1.281,0.976,0.354,0.031,0.127,0.0
jpg/image_06313.jpg,hoa_sat_bien_khong_crop_duoc,1.0,1.506,0.777,0.24,0.063,0.218,0.0
jpg/image_06320.jpg,hoa_sat_bien_khong_crop_duoc,1.0,1.214,0.955,0.366,0.04,0.127,0.0
jpg/image_06321.jpg,hoa_sat_bien_khong_crop_duoc,1.0,1.281,0.905,0.328,0.033,0.128,0.0
jpg/image_06322.jpg,hoa_sat_bien_khong_crop_duoc,1.0,1.278,0.93,0.338,0.072,0.167,0.0
jpg/image_06327.jpg,hoa_sat_bien_khong_crop_duoc,1.0,1.26,1.064,0.392,0.057,0.123,0.0
jpg/image_06329.jpg,hoa_sat_bien_khong_crop_duoc,1.0,1.5,0.972,0.301,0.055,0.193,0.0
jpg/image_06332.jpg,nhieu_hoa_hoac_nen_roi,0.513,0.953,0.843,0.373,0.265,0.0,0.037
jpg/image_06334.jpg,hoa_sat_bien_khong_crop_duoc,1.0,1.359,0.769,0.263,0.144,0.16,0.0
jpg/image_06337.jpg,hoa_sat_bien_khong_crop_duoc,1.0,1.333,0.976,0.34,0.019,0.143,0.0
jpg/image_06341.jpg,hoa_sat_bien_khong_crop_duoc,1.0,1.414,0.927,0.305,0.091,0.173,0.0
jpg/image_06343.jpg,nhieu_hoa_hoac_nen_roi,0.718,1.042,0.902,0.402,0.235,0.0,0.042
jpg/image_06346.jpg,hoa_sat_bien_khong_crop_duoc,1.0,0.884,0.657,0.27,0.077,0.131,0.0
jpg/image_06348.jpg,hinh_dang_khong_tron,1.0,0.84,0.509,0.198,0.062,0.075,0.0
jpg/image_06349.jpg,hoa_sat_bien_khong_crop_duoc,1.0,0.574,0.488,0.13,0.152,0.254,0.0
jpg/image_06357.jpg,hoa_sat_bien_khong_crop_duoc,1.0,0.72,0.619,0.207,0.045,0.159,0.0
jpg/image_06358.jpg,nhieu_hoa_hoac_nen_roi,0.423,0.953,0.798,0.354,0.357,0.0,0.079
jpg/image_06360.jpg,nhieu_hoa_hoac_nen_roi,0.782,0.75,0.913,0.318,0.069,0.0,0.043
jpg/image_06362.jpg,hinh_dang_khong_tron,1.0,0.815,0.481,0.182,0.049,0.093,0.0
jpg/image_06363.jpg,hinh_dang_khong_tron,1.0,0.786,0.547,0.2,0.086,0.086,0.003
jpg/image_06367.jpg,hinh_dang_khong_tron,1.0,1.29,0.523,0.188,0.095,0.1,0.0
jpg/image_06368.jpg,hoa_sat_bien_khong_crop_duoc,1.0,1.11,0.431,0.18,0.12,0.161,0.0
jpg/image_06370.jpg,hinh_dang_khong_tron,1.0,1.337,0.416,0.145,0.013,0.093,0.0
jpg/image_06373.jpg,hinh_dang_khong_tron,1.0,1.008,0.546,0.252,0.042,0.048,0.0
jpg/image_06374.jpg,lech_tam,1.0,0.817,0.63,0.239,0.265,0.106,0.004
jpg/image_06375.jpg,hinh_dang_khong_tron,1.0,0.883,0.38,0.156,0.162,0.102,0.005
jpg/image_06377.jpg,hinh_dang_khong_tron,1.0,1.034,0.533,0.24,0.085,0.083,0.0
jpg/image_06380.jpg,hoa_sat_bien_khong_crop_duoc,1.0,1.219,0.539,0.206,0.065,0.132,0.0
jpg/image_06385.jpg,hoa_sat_bien_khong_crop_duoc,1.0,1.337,0.613,0.213,0.054,0.156,0.0
jpg/image_06386.jpg,hoa_sat_bien_khong_crop_duoc,1.0,1.318,0.449,0.158,0.079,0.168,0.0
jpg/image_06389.jpg,hinh_dang_khong_tron,1.0,0.76,0.542,0.191,0.11,0.088,0.0
jpg/image_06391.jpg,hoa_sat_bien_khong_crop_duoc,1.0,1.333,0.989,0.345,0.029,0.16,0.0
jpg/image_06392.jpg,hoa_sat_bien_khong_crop_duoc,1.0,0.763,0.659,0.234,0.039,0.124,0.0
jpg/image_06393.jpg,hoa_sat_bien_khong_crop_duoc,1.0,1.236,0.607,0.228,0.058,0.132,0.0
jpg/image_06395.jpg,khong_thay_hoa,,,,,,,
jpg/image_06396.jpg,hoa_sat_bien_khong_crop_duoc,1.0,0.536,0.741,0.185,0.148,0.169,0.0
jpg/image_06397.jpg,khong_thay_hoa,,,,,,,
jpg/image_06398.jpg,hoa_sat_bien_khong_crop_duoc,1.0,0.795,0.8,0.296,0.073,0.132,0.0
jpg/image_06399.jpg,khong_thay_hoa,,,,,,,
jpg/image_06400.jpg,khong_thay_hoa,,,,,,,
jpg/image_06401.jpg,khong_thay_hoa,,,,,,,
jpg/image_06402.jpg,khong_thay_hoa,,,,,,,
jpg/image_06403.jpg,khong_thay_hoa,,,,,,,
jpg/image_06405.jpg,hoa_sat_bien_khong_crop_duoc,1.0,0.519,1.012,0.244,0.184,0.236,0.0
jpg/image_06406.jpg,khong_thay_hoa,,,,,,,
jpg/image_06407.jpg,hoa_sat_bien_khong_crop_duoc,0.523,0.451,0.84,0.176,0.225,0.193,0.169
jpg/image_06409.jpg,khong_phai_goc_nhin_tren_xuong(dai),1.0,1.776,0.781,0.204,0.105,0.115,0.0
jpg/image_06410.jpg,khong_phai_goc_nhin_tren_xuong(dai),1.0,0.52,0.763,0.185,0.121,0.047,0.0
jpg/image_06412.jpg,khong_thay_hoa,,,,,,,
jpg/image_06413.jpg,khong_thay_hoa,,,,,,,
jpg/image_06414.jpg,khong_thay_hoa,,,,,,,
jpg/image_06415.jpg,khong_thay_hoa,,,,,,,
jpg/image_06416.jpg,khong_thay_hoa,,,,,,,
jpg/image_06417.jpg,hoa_sat_bien_khong_crop_duoc,1.0,0.632,0.74,0.217,0.032,0.163,0.0
jpg/image_06418.jpg,khong_phai_goc_nhin_tren_xuong(dai),1.0,0.678,0.773,0.244,0.033,0.114,0.0
jpg/image_06419.jpg,khong_thay_hoa,,,,,,,
jpg/image_06420.jpg,lech_tam,0.917,0.847,0.822,0.323,0.193,0.101,0.04
jpg/image_06421.jpg,hoa_sat_bien_khong_crop_duoc,1.0,0.619,0.755,0.217,0.085,0.138,0.0
jpg/image_06422.jpg,lech_tam,1.0,1.011,0.765,0.352,0.184,0.016,0.0
jpg/image_06423.jpg,hoa_sat_bien_khong_crop_duoc,1.0,0.748,0.798,0.277,0.107,0.13,0.001
jpg/image_06424.jpg,khong_thay_hoa,,,,,,,
jpg/image_06426.jpg,nhieu_hoa_hoac_nen_roi,0.664,0.705,0.938,0.307,0.22,0.098,0.108
jpg/image_06427.jpg,khong_thay_hoa,,,,,,,
jpg/image_06429.jpg,hoa_sat_bien_khong_crop_duoc,1.0,0.378,0.892,0.157,0.147,0.299,0.0
jpg/image_06430.jpg,hoa_sat_bien_khong_crop_duoc,1.0,0.409,0.618,0.118,0.143,0.27,0.001
jpg/image_06431.jpg,hoa_sat_bien_khong_crop_duoc,1.0,0.752,0.768,0.268,0.056,0.177,0.0
jpg/image_06433.jpg,lech_tam,86.0,1.0,0.648,0.301,0.321,0.0,0.025
jpg/image_06434.jpg,khong_thay_hoa,,,,,,,
jpg/image_06435.jpg,khong_thay_hoa,,,,,,,
jpg/image_06436.jpg,lech_tam,1.0,0.887,0.84,0.346,0.198,0.0,0.0
jpg/image_06437.jpg,khong_thay_hoa,,,,,,,
jpg/image_06438.jpg,khong_thay_hoa,,,,,,,
jpg/image_06439.jpg,khong_thay_hoa,,,,,,,
jpg/image_06440.jpg,khong_phai_goc_nhin_tren_xuong(dai),222.0,0.395,0.496,0.091,0.303,0.0,0.0
jpg/image_06448.jpg,hoa_sat_bien_khong_crop_duoc,1.0,2.191,0.787,0.167,0.092,0.131,0.0
jpg/image_06451.jpg,nhieu_hoa_hoac_nen_roi,0.45,0.64,0.637,0.189,0.188,0.0,0.159
jpg/image_06453.jpg,nhieu_hoa_hoac_nen_roi,28.0,0.714,1.019,0.338,0.23,0.0,0.179
jpg/image_06458.jpg,khong_phai_goc_nhin_tren_xuong(dai),1.0,1.468,0.888,0.281,0.051,0.038,0.0
jpg/image_06459.jpg,nhieu_hoa_hoac_nen_roi,0.502,0.875,0.809,0.329,0.319,0.0,0.0
jpg/image_06461.jpg,hoa_sat_bien_khong_crop_duoc,1.0,1.378,0.901,0.304,0.058,0.167,0.0
jpg/image_06464.jpg,hoa_sat_bien_khong_crop_duoc,1.0,1.538,0.759,0.229,0.109,0.197,0.0
jpg/image_06466.jpg,khong_thay_hoa,,,,,,,
jpg/image_06471.jpg,khong_phai_goc_nhin_tren_xuong(dai),1.0,1.654,0.736,0.207,0.188,0.024,0.0
jpg/image_06473.jpg,hoa_sat_bien_khong_crop_duoc,0.714,2.062,0.918,0.207,0.318,0.134,0.0
jpg/image_06474.jpg,khong_phai_goc_nhin_tren_xuong(dai),1.0,2.303,0.865,0.174,0.147,0.0,0.0
jpg/image_06478.jpg,khong_phai_goc_nhin_tren_xuong(dai),1.0,1.69,0.816,0.224,0.041,0.0,0.0
jpg/image_06479.jpg,khong_thay_hoa,,,,,,,
jpg/image_06481.jpg,khong_thay_hoa,,,,,,,
jpg/image_06482.jpg,khong_thay_hoa,,,,,,,
jpg/image_06483.jpg,nhieu_hoa_hoac_nen_roi,0.742,1.062,0.778,0.341,0.213,0.0,0.0
jpg/image_06484.jpg,khong_phai_goc_nhin_tren_xuong(dai),1.0,1.458,0.757,0.241,0.113,0.109,0.0
jpg/image_06486.jpg,khong_phai_goc_nhin_tren_xuong(dai),1.0,1.571,0.828,0.245,0.018,0.0,0.0
jpg/image_06490.jpg,lech_tam,1.0,1.438,0.925,0.299,0.205,0.118,0.0
jpg/image_06493.jpg,lech_tam,1.0,1.39,0.965,0.323,0.212,0.009,0.0
jpg/image_06495.jpg,khong_phai_goc_nhin_tren_xuong(dai),1.0,1.467,0.947,0.3,0.011,0.106,0.0
jpg/image_06497.jpg,khong_thay_hoa,,,,,,,
jpg/image_06498.jpg,nhieu_hoa_hoac_nen_roi,0.638,0.836,0.824,0.32,0.106,0.0,0.098
jpg/image_06502.jpg,lech_tam,1.0,0.97,0.951,0.429,0.21,0.0,0.0
jpg/image_06507.jpg,hoa_sat_bien_khong_crop_duoc,1.0,1.364,1.042,0.355,0.103,0.154,0.0
jpg/image_06509.jpg,hoa_sat_bien_khong_crop_duoc,1.0,1.337,1.042,0.362,0.013,0.149,0.0
jpg/image_06511.jpg,hoa_sat_bien_khong_crop_duoc,1.0,1.298,0.875,0.313,0.046,0.14,0.0
jpg/image_06518.jpg,khong_phai_goc_nhin_tren_xuong(dai),86.0,0.467,1.043,0.226,0.498,0.0,0.0
jpg/image_06520.jpg,khong_thay_hoa,,,,,,,
jpg/image_06525.jpg,hoa_sat_bien_khong_crop_duoc,1.0,1.266,0.805,0.295,0.041,0.146,0.0
jpg/image_06526.jpg,hoa_sat_bien_khong_crop_duoc,1.0,1.338,0.788,0.274,0.083,0.13,0.0
jpg/image_06527.jpg,hoa_sat_bien_khong_crop_duoc,1.0,1.529,0.779,0.237,0.133,0.159,0.0
jpg/image_06529.jpg,lech_tam,1.0,1.236,0.702,0.264,0.186,0.078,0.0
jpg/image_06530.jpg,lech_tam,1.0,1.389,0.739,0.247,0.227,0.0,0.0
jpg/image_06536.jpg,hoa_sat_bien_khong_crop_duoc,1.0,1.486,0.788,0.246,0.04,0.148,0.0
jpg/image_06556.jpg,hoa_sat_bien_khong_crop_duoc,1.0,1.267,0.734,0.269,0.088,0.185,0.0
jpg/image_06557.jpg,hoa_sat_bien_khong_crop_duoc,1.0,1.273,0.708,0.258,0.036,0.135,0.0
jpg/image_06560.jpg,nhieu_hoa_hoac_nen_roi,0.567,1.065,0.811,0.354,0.332,0.065,0.006
jpg/image_06563.jpg,nhieu_hoa_hoac_nen_roi,0.537,1.153,0.777,0.313,0.334,0.093,0.014
jpg/image_06564.jpg,hoa_sat_bien_khong_crop_duoc,1.0,1.326,0.96,0.336,0.042,0.128,0.0
jpg/image_06568.jpg,hoa_sat_bien_khong_crop_duoc,1.0,1.289,0.912,0.329,0.044,0.141,0.0
jpg/image_06571.jpg,hoa_sat_bien_khong_crop_duoc,1.0,0.702,0.738,0.241,0.077,0.157,0.0
jpg/image_06572.jpg,khong_phai_goc_nhin_tren_xuong(dai),1.0,0.529,0.732,0.18,0.093,0.109,0.0
jpg/image_06573.jpg,khong_thay_hoa,,,,,,,
jpg/image_06575.jpg,khong_phai_goc_nhin_tren_xuong(dai),1.0,0.638,0.911,0.27,0.118,0.0,0.0
jpg/image_06576.jpg,hoa_sat_bien_khong_crop_duoc,1.0,0.717,0.892,0.297,0.031,0.14,0.0
jpg/image_06577.jpg,hoa_sat_bien_khong_crop_duoc,1.0,0.581,0.761,0.205,0.063,0.21,0.0
jpg/image_06578.jpg,khong_phai_goc_nhin_tren_xuong(dai),1.0,0.523,0.809,0.197,0.079,0.112,0.0
jpg/image_06579.jpg,hoa_sat_bien_khong_crop_duoc,1.0,0.358,0.925,0.154,0.092,0.186,0.0
jpg/image_06580.jpg,nhieu_hoa_hoac_nen_roi,0.669,0.63,0.802,0.235,0.281,0.079,0.0
jpg/image_06581.jpg,khong_phai_goc_nhin_tren_xuong(dai),1.0,0.589,0.822,0.225,0.218,0.0,0.0
jpg/image_06582.jpg,khong_phai_goc_nhin_tren_xuong(dai),1.0,0.686,0.848,0.27,0.23,0.079,0.0
jpg/image_06584.jpg,hoa_sat_bien_khong_crop_duoc,1.0,0.551,0.895,0.229,0.071,0.204,0.0
jpg/image_06585.jpg,hoa_sat_bien_khong_crop_duoc,0.523,0.371,0.875,0.151,0.38,0.189,0.118
jpg/image_06587.jpg,khong_thay_hoa,,,,,,,
jpg/image_06588.jpg,khong_phai_goc_nhin_tren_xuong(dai),1.0,0.608,0.919,0.26,0.059,0.0,0.0
jpg/image_06590.jpg,khong_thay_hoa,,,,,,,
jpg/image_06591.jpg,khong_thay_hoa,,,,,,,
jpg/image_06592.jpg,hoa_sat_bien_khong_crop_duoc,1.0,0.648,0.69,0.208,0.135,0.148,0.0
jpg/image_06594.jpg,khong_thay_hoa,,,,,,,
jpg/image_06595.jpg,khong_phai_goc_nhin_tren_xuong(dai),1.0,0.457,0.892,0.189,0.025,0.016,0.0
jpg/image_06596.jpg,khong_thay_hoa,,,,,,,
jpg/image_06598.jpg,khong_phai_goc_nhin_tren_xuong(dai),1.0,0.558,0.892,0.231,0.118,0.011,0.0
jpg/image_06599.jpg,khong_phai_goc_nhin_tren_xuong(dai),1.0,0.44,0.853,0.175,0.178,0.031,0.0
jpg/image_06600.jpg,hoa_sat_bien_khong_crop_duoc,1.0,0.472,0.798,0.175,0.116,0.191,0.0
jpg/image_06602.jpg,hoa_sat_bien_khong_crop_duoc,1.0,0.531,0.837,0.207,0.021,0.146,0.0
jpg/image_06604.jpg,hoa_sat_bien_khong_crop_duoc,1.0,0.609,0.828,0.234,0.058,0.197,0.0
jpg/image_06605.jpg,nhieu_hoa_hoac_nen_roi,0.748,0.59,0.861,0.236,0.092,0.0,0.106
jpg/image_06607.jpg,khong_thay_hoa,,,,,,,
jpg/image_06608.jpg,khong_phai_goc_nhin_tren_xuong(dai),1.0,0.698,0.823,0.267,0.026,0.103,0.0
jpg/image_06609.jpg,hoa_sat_bien_khong_crop_duoc,1.0,0.606,0.882,0.248,0.111,0.161,0.0
jpg/image_06610.jpg,hoa_sat_bien_khong_crop_duoc,1.0,0.529,0.895,0.22,0.054,0.214,0.0
jpg/image_06611.jpg,hoa_sat_bien_khong_crop_duoc,1.0,0.455,0.833,0.176,0.087,0.169,0.0
jpg/image_06613.jpg,hoa_sat_bien_khong_crop_duoc,1.0,0.766,0.673,0.24,0.029,0.137,0.0
jpg/image_06614.jpg,lech_tam,1.0,1.216,0.805,0.308,0.203,0.0,0.0
jpg/image_06615.jpg,khong_phai_goc_nhin_tren_xuong(dai),1.0,0.692,0.702,0.226,0.042,0.058,0.0
jpg/image_06617.jpg,hoa_sat_bien_khong_crop_duoc,1.0,0.839,0.723,0.282,0.094,0.144,0.0
jpg/image_06618.jpg,nhieu_hoa_hoac_nen_roi,0.676,1.19,0.847,0.331,0.285,0.02,0.079
jpg/image_06619.jpg,lech_tam,1.0,0.729,0.853,0.289,0.215,0.0,0.0
jpg/image_06622.jpg,khong_thay_hoa,,,,,,,
jpg/image_06623.jpg,hoa_sat_bien_khong_crop_duoc,1.0,1.274,1.021,0.373,0.108,0.124,0.0
jpg/image_06624.jpg,lech_tam,1.0,1.071,0.765,0.332,0.376,0.0,0.0
jpg/image_06625.jpg,khong_thay_hoa,,,,,,,
jpg/image_06626.jpg,khong_thay_hoa,,,,,,,
jpg/image_06627.jpg,lech_tam,1.0,0.886,0.83,0.342,0.421,0.0,0.0
jpg/image_06628.jpg,khong_thay_hoa,,,,,,,
jpg/image_06629.jpg,khong_thay_hoa,,,,,,,
jpg/image_06631.jpg,khong_thay_hoa,,,,,,,
jpg/image_06633.jpg,khong_thay_hoa,,,,,,,
jpg/image_06634.jpg,lech_tam,1.0,0.709,0.805,0.265,0.342,0.0,0.0
jpg/image_06635.jpg,hoa_sat_bien_khong_crop_duoc,1.0,0.492,0.868,0.199,0.098,0.192,0.0
jpg/image_06636.jpg,hoa_sat_bien_khong_crop_duoc,1.0,0.789,0.769,0.282,0.041,0.135,0.0
jpg/image_06637.jpg,lech_tam,1.0,0.874,0.635,0.258,0.207,0.065,0.0
jpg/image_06638.jpg,hoa_sat_bien_khong_crop_duoc,1.0,1.333,0.958,0.334,0.102,0.14,0.0
jpg/image_06639.jpg,hoa_sat_bien_khong_crop_duoc,1.0,0.676,0.802,0.252,0.091,0.148,0.0
jpg/image_06640.jpg,lech_tam,1.0,1.319,0.794,0.28,0.301,0.0,0.0
jpg/image_06641.jpg,hoa_sat_bien_khong_crop_duoc,1.0,1.226,0.825,0.313,0.122,0.122,0.0
jpg/image_06642.jpg,khong_thay_hoa,,,,,,,
jpg/image_06643.jpg,hoa_sat_bien_khong_crop_duoc,1.0,1.32,0.71,0.25,0.034,0.132,0.0
jpg/image_06644.jpg,lech_tam,1.0,1.112,0.905,0.378,0.19,0.056,0.0
jpg/image_06645.jpg,hoa_sat_bien_khong_crop_duoc,1.0,0.656,0.806,0.246,0.082,0.162,0.0
jpg/image_06647.jpg,hoa_sat_bien_khong_crop_duoc,1.0,1.623,0.78,0.223,0.139,0.242,0.0
jpg/image_06648.jpg,khong_thay_hoa,,,,,,,
jpg/image_06649.jpg,nhieu_hoa_hoac_nen_roi,0.512,0.98,0.878,0.4,0.213,0.0,0.094
jpg/image_06650.jpg,nhieu_hoa_hoac_nen_roi,0.622,0.759,0.938,0.331,0.289,0.0,0.0
jpg/image_06651.jpg,hinh_dang_khong_tron,1.0,1.06,0.487,0.213,0.113,0.058,0.0
jpg/image_06653.jpg,khong_phai_goc_nhin_tren_xuong(dai),1.0,1.5,0.992,0.307,0.284,0.118,0.0
jpg/image_06656.jpg,nhieu_hoa_hoac_nen_roi,0.529,1.0,0.944,0.439,0.28,0.0,0.0
jpg/image_06660.jpg,hoa_sat_bien_khong_crop_duoc,1.0,1.78,0.966,0.252,0.174,0.2,0.0
jpg/image_06662.jpg,hoa_sat_bien_khong_crop_duoc,1.0,1.255,1.054,0.39,0.027,0.132,0.0
jpg/image_06663.jpg,nhieu_hoa_hoac_nen_roi,0.739,0.868,0.799,0.322,0.028,0.0,0.134
jpg/image_06665.jpg,lech_tam,1.0,1.253,0.956,0.354,0.213,0.058,0.0
jpg/image_06669.jpg,khong_phai_goc_nhin_tren_xuong(dai),1.0,1.524,0.888,0.271,0.138,0.008,0.0
jpg/image_06671.jpg,hoa_sat_bien_khong_crop_duoc,1.0,2.3,0.971,0.196,0.098,0.205,0.0
jpg/image_06672.jpg,lech_tam,1.0,1.231,0.99,0.374,0.437,0.0,0.0
jpg/image_06673.jpg,lech_tam,1.0,1.115,0.689,0.287,0.333,0.019,0.008
jpg/image_06674.jpg,lech_tam,1.0,1.044,0.908,0.404,0.333,0.0,0.0
jpg/image_06678.jpg,lech_tam,1.0,1.131,0.932,0.383,0.274,0.0,0.0
jpg/image_06681.jpg,hoa_sat_bien_khong_crop_duoc,1.0,1.882,0.794,0.196,0.247,0.212,0.0
jpg/image_06682.jpg,hoa_sat_bien_khong_crop_duoc,1.0,1.526,0.784,0.239,0.165,0.138,0.0
jpg/image_06683.jpg,lech_tam,1.0,1.406,0.92,0.304,0.283,0.104,0.0
jpg/image_06684.jpg,khong_thay_hoa,,,,,,,
jpg/image_06688.jpg,hoa_sat_bien_khong_crop_duoc,1.0,0.64,0.758,0.225,0.129,0.169,0.0
jpg/image_06691.jpg,lech_tam,1.0,1.013,0.931,0.427,0.256,0.0,0.0
jpg/image_06693.jpg,hoa_sat_bien_khong_crop_duoc,1.0,1.326,0.648,0.227,0.042,0.153,0.0
jpg/image_06695.jpg,nhieu_hoa_hoac_nen_roi,0.906,1.224,0.59,0.224,0.15,0.051,0.054
jpg/image_06697.jpg,lech_tam,1.0,1.085,0.79,0.338,0.186,0.036,0.0
jpg/image_06698.jpg,khong_phai_goc_nhin_tren_xuong(dai),1.0,1.557,0.651,0.194,0.021,0.0,0.0
jpg/image_06700.jpg,hinh_dang_khong_tron,1.0,1.124,0.506,0.209,0.012,0.055,0.0
jpg/image_06701.jpg,khong_thay_hoa,,,,,,,
jpg/image_06703.jpg,hoa_sat_bien_khong_crop_duoc,1.0,1.358,0.64,0.219,0.111,0.138,0.0
jpg/image_06708.jpg,hoa_sat_bien_khong_crop_duoc,1.0,1.289,0.517,0.186,0.102,0.124,0.0
jpg/image_06709.jpg,hoa_sat_bien_khong_crop_duoc,1.0,0.568,0.73,0.193,0.058,0.198,0.0
jpg/image_06710.jpg,hoa_sat_bien_khong_crop_duoc,1.0,1.506,0.563,0.174,0.013,0.125,0.0
jpg/image_06715.jpg,hoa_sat_bien_khong_crop_duoc,1.0,1.783,0.545,0.142,0.03,0.176,0.0
jpg/image_06718.jpg,lech_tam,1.0,0.963,0.686,0.307,0.23,0.016,0.0
jpg/image_06721.jpg,lech_tam,1.0,1.222,0.642,0.244,0.198,0.0,0.0
jpg/image_06723.jpg,hinh_dang_khong_tron,1.0,1.383,0.511,0.172,0.21,0.0,0.0
jpg/image_06725.jpg,hoa_sat_bien_khong_crop_duoc,1.0,1.424,0.424,0.138,0.024,0.144,0.0
jpg/image_06729.jpg,hinh_dang_khong_tron,1.0,1.045,0.54,0.24,0.134,0.063,0.0
jpg/image_06731.jpg,hoa_sat_bien_khong_crop_duoc,1.0,1.384,0.588,0.198,0.11,0.125,0.0
jpg/image_06733.jpg,nhieu_hoa_hoac_nen_roi,0.853,1.167,0.672,0.268,0.131,0.007,0.057
jpg/image_06735.jpg,lech_tam,1.0,0.966,0.985,0.442,0.213,0.038,0.0
jpg/image_06737.jpg,nhieu_hoa_hoac_nen_roi,0.648,0.726,0.786,0.265,0.243,0.115,0.103
jpg/image_06744.jpg,hoa_sat_bien_khong_crop_duoc,1.0,0.6,0.862,0.24,0.026,0.171,0.0
jpg/image_06749.jpg,hoa_sat_bien_khong_crop_duoc,1.0,0.659,0.814,0.249,0.089,0.207,0.0
jpg/image_06750.jpg,lech_tam,1.0,0.986,1.076,0.493,0.258,0.0,0.0
jpg/image_06752.jpg,hoa_sat_bien_khong_crop_duoc,1.0,1.582,0.816,0.24,0.032,0.147,0.0
jpg/image_06758.jpg,hoa_sat_bien_khong_crop_duoc,1.0,0.783,0.842,0.307,0.19,0.132,0.002
jpg/image_06760.jpg,lech_tam,1.0,1.043,0.912,0.406,0.299,0.032,0.0
jpg/image_06761.jpg,hoa_sat_bien_khong_crop_duoc,1.0,1.46,0.793,0.252,0.04,0.164,0.0
jpg/image_06763.jpg,hoa_sat_bien_khong_crop_duoc,1.0,1.277,0.863,0.314,0.025,0.12,0.0
jpg/image_06766.jpg,hoa_sat_bien_khong_crop_duoc,1.0,1.368,0.928,0.315,0.06,0.131,0.0
jpg/image_06767.jpg,hoa_sat_bien_khong_crop_duoc,1.0,1.53,0.967,0.294,0.083,0.194,0.0
jpg/image_06768.jpg,hoa_sat_bien_khong_crop_duoc,1.0,1.284,1.113,0.403,0.061,0.127,0.0
jpg/image_06771.jpg,hoa_sat_bien_khong_crop_duoc,1.0,1.485,0.784,0.245,0.108,0.129,0.0
jpg/image_06775.jpg,khong_phai_goc_nhin_tren_xuong(dai),1.0,0.689,0.936,0.3,0.078,0.031,0.0
jpg/image_06776.jpg,khong_thay_hoa,,,,,,,
jpg/image_06781.jpg,khong_phai_goc_nhin_tren_xuong(dai),1.0,0.607,0.919,0.259,0.135,0.0,0.0
jpg/image_06782.jpg,nhieu_hoa_hoac_nen_roi,0.604,0.814,0.767,0.29,0.183,0.0,0.095
jpg/image_06783.jpg,hoa_sat_bien_khong_crop_duoc,1.0,1.383,0.724,0.243,0.109,0.126,0.0
jpg/image_06785.jpg,trung_lap,1.0,0.819,0.781,0.297,0.077,0.029,0.0
jpg/image_06787.jpg,hoa_sat_bien_khong_crop_duoc,1.0,1.721,0.832,0.225,0.099,0.187,0.0
jpg/image_06789.jpg,hoa_sat_bien_khong_crop_duoc,1.0,1.16,0.906,0.363,0.155,0.128,0.0
jpg/image_06791.jpg,hoa_sat_bien_khong_crop_duoc,1.0,0.698,0.741,0.24,0.056,0.141,0.0
jpg/image_06792.jpg,hoa_sat_bien_khong_crop_duoc,1.0,1.746,0.45,0.12,0.142,0.209,0.0
jpg/image_06797.jpg,hoa_sat_bien_khong_crop_duoc,1.0,1.365,0.874,0.298,0.127,0.145,0.0
jpg/image_06798.jpg,hoa_sat_bien_khong_crop_duoc,1.0,0.735,0.87,0.297,0.217,0.135,0.0
jpg/image_06799.jpg,khong_phai_goc_nhin_tren_xuong(dai),1.0,1.629,0.658,0.188,0.143,0.096,0.0
jpg/image_06801.jpg,hoa_sat_bien_khong_crop_duoc,1.0,0.69,0.835,0.268,0.135,0.14,0.0
jpg/image_06804.jpg,lech_tam,1.0,0.823,0.864,0.33,0.345,0.0,0.0
jpg/image_06807.jpg,nhieu_hoa_hoac_nen_roi,0.719,0.614,0.715,0.204,0.266,0.013,0.097
jpg/image_06810.jpg,hoa_sat_bien_khong_crop_duoc,1.0,1.794,0.952,0.246,0.149,0.237,0.0
jpg/image_06814.jpg,hoa_sat_bien_khong_crop_duoc,1.0,0.554,0.771,0.198,0.099,0.197,0.0
jpg/image_06815.jpg,hinh_dang_khong_tron,1.0,0.817,0.482,0.183,0.211,0.087,0.0
jpg/image_06816.jpg,hoa_sat_bien_khong_crop_duoc,1.0,0.301,0.872,0.122,0.134,0.237,0.0
jpg/image_06817.jpg,khong_phai_goc_nhin_tren_xuong(dai),1.0,0.413,0.688,0.132,0.097,0.078,0.0
jpg/image_06818.jpg,hoa_sat_bien_khong_crop_duoc,1.0,0.368,0.719,0.123,0.149,0.161,0.002
jpg/image_06819.jpg,hoa_sat_bien_khong_crop_duoc,1.0,0.36,0.719,0.12,0.089,0.148,0.0
jpg/image_06820.jpg,hoa_sat_bien_khong_crop_duoc,1.0,0.431,0.85,0.17,0.168,0.186,0.0
jpg/image_06821.jpg,hoa_sat_bien_khong_crop_duoc,1.0,0.681,0.745,0.236,0.027,0.163,0.0
jpg/image_06822.jpg,hoa_sat_bien_khong_crop_duoc,1.0,0.474,0.886,0.195,0.038,0.182,0.0
jpg/image_06823.jpg,hoa_sat_bien_khong_crop_duoc,1.0,0.516,0.801,0.192,0.081,0.16,0.0
jpg/image_06824.jpg,hoa_sat_bien_khong_crop_duoc,1.0,0.667,0.365,0.113,0.071,0.178,0.0
jpg/image_06825.jpg,hoa_sat_bien_khong_crop_duoc,1.0,0.45,0.696,0.146,0.097,0.178,0.002
jpg/image_06826.jpg,khong_phai_goc_nhin_tren_xuong(dai),1.0,0.574,0.844,0.225,0.058,0.069,0.0
jpg/image_06827.jpg,khong_phai_goc_nhin_tren_xuong(dai),1.0,0.495,0.647,0.149,0.0,0.08,0.0
jpg/image_06828.jpg,khong_phai_goc_nhin_tren_xuong(dai),1.0,0.605,0.765,0.215,0.289,0.025,0.001
jpg/image_06829.jpg,khong_phai_goc_nhin_tren_xuong(dai),1.0,0.588,0.886,0.242,0.243,0.037,0.0
jpg/image_06830.jpg,khong_phai_goc_nhin_tren_xuong(dai),1.0,0.488,0.807,0.183,0.043,0.043,0.0
jpg/image_06831.jpg,hinh_dang_khong_tron,1.0,0.95,0.47,0.207,0.18,0.069,0.0
jpg/image_06832.jpg,hoa_sat_bien_khong_crop_duoc,1.0,0.431,0.826,0.165,0.096,0.227,0.0
jpg/image_06833.jpg,khong_phai_goc_nhin_tren_xuong(dai),1.0,0.647,0.593,0.178,0.076,0.077,0.0
jpg/image_06834.jpg,hoa_sat_bien_khong_crop_duoc,1.0,0.57,0.805,0.213,0.017,0.157,0.0
jpg/image_06835.jpg,khong_phai_goc_nhin_tren_xuong(dai),1.0,0.627,0.72,0.21,0.039,0.018,0.0
jpg/image_06836.jpg,khong_phai_goc_nhin_tren_xuong(dai),1.0,0.466,0.83,0.18,0.062,0.0,0.0
jpg/image_06837.jpg,hoa_sat_bien_khong_crop_duoc,1.0,0.792,0.829,0.305,0.086,0.14,0.0
jpg/image_06838.jpg,khong_phai_goc_nhin_tren_xuong(dai),1.0,0.658,0.873,0.267,0.136,0.0,0.0
jpg/image_06839.jpg,khong_phai_goc_nhin_tren_xuong(dai),1.0,0.675,0.818,0.257,0.167,0.028,0.0
jpg/image_06840.jpg,hoa_sat_bien_khong_crop_duoc,1.0,0.594,0.844,0.233,0.03,0.183,0.0
jpg/image_06841.jpg,hoa_sat_bien_khong_crop_duoc,1.0,0.605,0.735,0.207,0.061,0.146,0.0
jpg/image_06842.jpg,khong_phai_goc_nhin_tren_xuong(dai),1.0,0.379,0.851,0.15,0.011,0.054,0.0
jpg/image_06843.jpg,hoa_sat_bien_khong_crop_duoc,1.0,0.445,0.849,0.176,0.082,0.133,0.0
jpg/image_06844.jpg,khong_phai_goc_nhin_tren_xuong(dai),0.819,0.443,0.748,0.154,0.206,0.074,0.005
jpg/image_06845.jpg,hoa_sat_bien_khong_crop_duoc,1.0,0.557,0.665,0.172,0.096,0.152,0.0
jpg/image_06846.jpg,hoa_sat_bien_khong_crop_duoc,1.0,0.524,0.79,0.192,0.033,0.153,0.0
jpg/image_06847.jpg,hoa_sat_bien_khong_crop_duoc,1.0,0.472,0.756,0.166,0.119,0.132,0.0
jpg/image_06848.jpg,khong_phai_goc_nhin_tren_xuong(dai),1.0,0.5,0.768,0.178,0.014,0.004,0.0
jpg/image_06849.jpg,hoa_sat_bien_khong_crop_duoc,1.0,0.483,0.556,0.125,0.024,0.176,0.0
jpg/image_06850.jpg,khong_thay_hoa,,,,,,,
jpg/image_06851.jpg,khong_thay_hoa,,,,,,,
jpg/image_06852.jpg,hoa_sat_bien_khong_crop_duoc,1.0,0.487,0.641,0.145,0.055,0.121,0.001
jpg/image_06853.jpg,khong_thay_hoa,,,,,,,
jpg/image_06854.jpg,khong_thay_hoa,,,,,,,
jpg/image_06859.jpg,khong_thay_hoa,,,,,,,
jpg/image_06862.jpg,khong_thay_hoa,,,,,,,
jpg/image_06864.jpg,khong_phai_goc_nhin_tren_xuong(dai),1.0,0.5,0.788,0.183,0.021,0.092,0.0
jpg/image_06866.jpg,khong_thay_hoa,,,,,,,
jpg/image_06868.jpg,hoa_sat_bien_khong_crop_duoc,1.0,1.329,0.876,0.306,0.118,0.145,0.0
jpg/image_06871.jpg,khong_thay_hoa,,,,,,,
jpg/image_06872.jpg,hoa_sat_bien_khong_crop_duoc,1.0,1.301,0.711,0.254,0.062,0.122,0.0
jpg/image_06874.jpg,khong_thay_hoa,,,,,,,
jpg/image_06875.jpg,nhieu_hoa_hoac_nen_roi,0.852,1.081,0.629,0.27,0.101,0.09,0.05
jpg/image_06880.jpg,khong_thay_hoa,,,,,,,
jpg/image_06881.jpg,khong_thay_hoa,,,,,,,
jpg/image_06884.jpg,khong_thay_hoa,,,,,,,
jpg/image_06888.jpg,khong_phai_goc_nhin_tren_xuong(dai),1.0,0.471,0.847,0.185,0.027,0.0,0.002
jpg/image_06891.jpg,hoa_sat_bien_khong_crop_duoc,1.0,1.366,0.812,0.276,0.036,0.165,0.0
jpg/image_06892.jpg,lech_tam,1.0,1.13,0.834,0.343,0.222,0.117,0.0
jpg/image_06894.jpg,hoa_sat_bien_khong_crop_duoc,1.0,1.333,1.007,0.351,0.055,0.148,0.0
jpg/image_06895.jpg,hoa_sat_bien_khong_crop_duoc,1.0,1.368,1.072,0.364,0.089,0.173,0.0
jpg/image_06896.jpg,hoa_sat_bien_khong_crop_duoc,1.0,1.924,0.741,0.179,0.031,0.179,0.0
jpg/image_06899.jpg,hoa_sat_bien_khong_crop_duoc,1.0,0.732,0.846,0.288,0.116,0.139,0.0
jpg/image_06900.jpg,hoa_sat_bien_khong_crop_duoc,1.0,1.549,0.833,0.25,0.048,0.206,0.0
jpg/image_06902.jpg,lech_tam,1.0,1.036,0.921,0.413,0.216,0.033,0.0
jpg/image_06903.jpg,nhieu_hoa_hoac_nen_roi,0.62,1.086,0.963,0.412,0.336,0.002,0.003
jpg/image_06904.jpg,hoa_sat_bien_khong_crop_duoc,1.0,1.323,0.967,0.34,0.036,0.132,0.0
jpg/image_06906.jpg,hoa_sat_bien_khong_crop_duoc,1.0,0.626,0.779,0.227,0.054,0.183,0.0
jpg/image_06919.jpg,lech_tam,1.0,1.29,0.972,0.35,0.311,0.053,0.0
jpg/image_06924.jpg,hoa_sat_bien_khong_crop_duoc,1.0,0.698,0.555,0.18,0.201,0.159,0.009
jpg/image_06926.jpg,hoa_sat_bien_khong_crop_duoc,1.0,1.4,0.816,0.271,0.088,0.124,0.0
jpg/image_06927.jpg,lech_tam,1.0,1.258,0.807,0.298,0.327,0.079,0.0
jpg/image_06928.jpg,lech_tam,0.915,1.0,0.787,0.366,0.196,0.0,0.011
jpg/image_06930.jpg,khong_phai_goc_nhin_tren_xuong(dai),1.0,1.75,0.654,0.174,0.169,0.033,0.0
jpg/image_06932.jpg,hoa_sat_bien_khong_crop_duoc,1.0,0.789,0.971,0.356,0.066,0.127,0.0
jpg/image_06936.jpg,hoa_sat_bien_khong_crop_duoc,1.0,1.345,0.867,0.299,0.066,0.13,0.0
jpg/image_06942.jpg,lech_tam,1.0,1.161,0.854,0.342,0.283,0.0,0.0
jpg/image_06948.jpg,lech_tam,1.0,1.08,0.751,0.323,0.212,0.0,0.0
jpg/image_06949.jpg,khong_phai_goc_nhin_tren_xuong(dai),1.0,1.5,0.958,0.297,0.141,0.0,0.0
jpg/image_06951.jpg,hoa_sat_bien_khong_crop_duoc,1.0,1.229,1.013,0.383,0.078,0.127,0.0
jpg/image_06952.jpg,hoa_sat_bien_khong_crop_duoc,1.0,1.389,1.13,0.378,0.049,0.143,0.0
jpg/image_06953.jpg,hoa_sat_bien_khong_crop_duoc,1.0,1.293,0.979,0.352,0.069,0.128,0.0
jpg/image_06955.jpg,hoa_sat_bien_khong_crop_duoc,1.0,1.707,0.73,0.199,0.132,0.198,0.007
jpg/image_06956.jpg,hoa_sat_bien_khong_crop_duoc,1.0,1.703,1.005,0.274,0.178,0.203,0.0
jpg/image_06958.jpg,hoa_sat_bien_khong_crop_duoc,1.0,1.219,0.873,0.333,0.063,0.136,0.0
jpg/image_06962.jpg,hoa_sat_bien_khong_crop_duoc,1.0,1.257,0.674,0.249,0.031,0.137,0.0
jpg/image_06967.jpg,hinh_dang_khong_tron,1.0,1.253,0.49,0.182,0.035,0.096,0.0
jpg/image_06968.jpg,hoa_sat_bien_khong_crop_duoc,1.0,0.695,0.97,0.313,0.084,0.182,0.0
jpg/image_06969.jpg,khong_thay_hoa,,,,,,,
jpg/image_06970.jpg,khong_thay_hoa,,,,,,,
jpg/image_06971.jpg,khong_thay_hoa,,,,,,,
jpg/image_06973.jpg,khong_thay_hoa,,,,,,,
jpg/image_06974.jpg,khong_thay_hoa,,,,,,,
jpg/image_06975.jpg,khong_phai_goc_nhin_tren_xuong(dai),85.0,0.286,0.859,0.114,0.167,0.0,0.0
jpg/image_06976.jpg,khong_thay_hoa,,,,,,,
jpg/image_06977.jpg,khong_thay_hoa,,,,,,,
jpg/image_06978.jpg,khong_thay_hoa,,,,,,,
jpg/image_06979.jpg,khong_thay_hoa,,,,,,,
jpg/image_06980.jpg,khong_thay_hoa,,,,,,,
jpg/image_06981.jpg,khong_thay_hoa,,,,,,,
jpg/image_06982.jpg,khong_thay_hoa,,,,,,,
jpg/image_06983.jpg,khong_thay_hoa,,,,,,,
jpg/image_06984.jpg,khong_thay_hoa,,,,,,,
jpg/image_06985.jpg,khong_thay_hoa,,,,,,,
jpg/image_06986.jpg,khong_thay_hoa,,,,,,,
jpg/image_06987.jpg,khong_thay_hoa,,,,,,,
jpg/image_06988.jpg,khong_thay_hoa,,,,,,,
jpg/image_06989.jpg,khong_thay_hoa,,,,,,,
jpg/image_06990.jpg,khong_thay_hoa,,,,,,,
jpg/image_06991.jpg,lech_tam,1.0,0.966,0.74,0.332,0.247,0.0,0.024
jpg/image_06992.jpg,khong_thay_hoa,,,,,,,
jpg/image_06993.jpg,khong_thay_hoa,,,,,,,
jpg/image_06994.jpg,khong_thay_hoa,,,,,,,
jpg/image_06995.jpg,khong_thay_hoa,,,,,,,
jpg/image_06997.jpg,khong_thay_hoa,,,,,,,
jpg/image_06998.jpg,khong_thay_hoa,,,,,,,
jpg/image_06999.jpg,nhieu_hoa_hoac_nen_roi,9.0,1.0,1.273,0.592,0.337,0.0,0.562
jpg/image_07000.jpg,khong_thay_hoa,,,,,,,
jpg/image_07001.jpg,khong_thay_hoa,,,,,,,
jpg/image_07002.jpg,khong_thay_hoa,,,,,,,
jpg/image_07003.jpg,khong_thay_hoa,,,,,,,
jpg/image_07004.jpg,khong_thay_hoa,,,,,,,
jpg/image_07005.jpg,khong_thay_hoa,,,,,,,
jpg/image_07006.jpg,nhieu_hoa_hoac_nen_roi,14.0,1.0,1.114,0.518,0.487,0.0,0.542
jpg/image_07008.jpg,lech_tam,1.0,1.08,0.873,0.375,0.193,0.032,0.0
jpg/image_07013.jpg,lech_tam,1.0,0.881,0.696,0.285,0.24,0.031,0.0
jpg/image_07016.jpg,hoa_sat_bien_khong_crop_duoc,1.0,0.495,0.849,0.196,0.054,0.161,0.0
jpg/image_07020.jpg,khong_phai_goc_nhin_tren_xuong(dai),1.0,0.628,0.87,0.254,0.057,0.066,0.0
jpg/image_07021.jpg,hoa_sat_bien_khong_crop_duoc,1.0,0.742,0.963,0.332,0.011,0.147,0.0
jpg/image_07022.jpg,hoa_sat_bien_khong_crop_duoc,1.0,0.394,0.791,0.145,0.033,0.144,0.0
jpg/image_07023.jpg,hoa_sat_bien_khong_crop_duoc,1.0,0.625,0.776,0.225,0.152,0.217,0.002
jpg/image_07029.jpg,hoa_sat_bien_khong_crop_duoc,1.0,0.68,0.981,0.31,0.057,0.138,0.0
jpg/image_07030.jpg,hoa_sat_bien_khong_crop_duoc,1.0,0.53,0.721,0.178,0.111,0.138,0.0
jpg/image_07032.jpg,khong_phai_goc_nhin_tren_xuong(dai),1.0,0.631,0.834,0.245,0.047,0.0,0.0
jpg/image_07033.jpg,hoa_sat_bien_khong_crop_duoc,1.0,0.487,0.85,0.192,0.074,0.171,0.0
jpg/image_07034.jpg,lech_tam,1.0,1.333,0.807,0.281,0.202,0.0,0.0
jpg/image_07036.jpg,khong_phai_goc_nhin_tren_xuong(dai),1.0,0.685,0.733,0.233,0.054,0.087,0.0
jpg/image_07039.jpg,khong_phai_goc_nhin_tren_xuong(dai),1.0,0.64,0.693,0.206,0.1,0.057,0.0
jpg/image_07040.jpg,trung_lap,1.0,0.821,0.867,0.331,0.081,0.087,0.0
jpg/image_07041.jpg,khong_phai_goc_nhin_tren_xuong(dai),1.0,0.624,0.791,0.229,0.059,0.034,0.0
jpg/image_07042.jpg,khong_phai_goc_nhin_tren_xuong(dai),1.0,0.692,0.796,0.256,0.066,0.024,0.0
jpg/image_07044.jpg,khong_thay_hoa,,,,,,,
jpg/image_07045.jpg,hoa_sat_bien_khong_crop_duoc,1.0,0.585,0.648,0.176,0.045,0.14,0.0
jpg/image_07047.jpg,lech_tam,1.0,1.152,0.914,0.369,0.211,0.0,0.0
jpg/image_07049.jpg,hoa_sat_bien_khong_crop_duoc,1.0,1.189,0.722,0.282,0.093,0.144,0.0
jpg/image_07051.jpg,hoa_sat_bien_khong_crop_duoc,1.0,1.294,0.834,0.299,0.196,0.136,0.0
jpg/image_07053.jpg,lech_tam,1.0,1.053,0.939,0.414,0.19,0.0,0.0
jpg/image_07055.jpg,lech_tam,1.0,0.721,0.868,0.291,0.377,0.0,0.0
jpg/image_07056.jpg,lech_tam,1.0,0.984,0.954,0.436,0.209,0.0,0.0
jpg/image_07057.jpg,lech_tam,1.0,0.756,0.89,0.313,0.246,0.025,0.0
jpg/image_07059.jpg,khong_thay_hoa,,,,,,,
jpg/image_07061.jpg,lech_tam,1.0,0.937,0.828,0.36,0.224,0.0,0.0
jpg/image_07062.jpg,hoa_sat_bien_khong_crop_duoc,1.0,0.767,0.919,0.327,0.019,0.121,0.0
jpg/image_07063.jpg,hoa_sat_bien_khong_crop_duoc,1.0,0.638,0.863,0.256,0.034,0.191,0.0
jpg/image_07065.jpg,nhieu_hoa_hoac_nen_roi,0.693,1.125,0.915,0.378,0.24,0.0,0.081
jpg/image_07069.jpg,khong_thay_hoa,,,,,,,
jpg/image_07071.jpg,nhieu_hoa_hoac_nen_roi,0.636,0.911,0.899,0.38,0.225,0.0,0.0
jpg/image_07072.jpg,hoa_sat_bien_khong_crop_duoc,1.0,1.366,0.898,0.305,0.073,0.146,0.0
jpg/image_07073.jpg,hoa_sat_bien_khong_crop_duoc,0.743,1.534,0.781,0.237,0.137,0.135,0.093
jpg/image_07079.jpg,hoa_sat_bien_khong_crop_duoc,1.0,1.42,0.991,0.324,0.019,0.167,0.0
jpg/image_07081.jpg,hoa_sat_bien_khong_crop_duoc,1.0,1.382,0.835,0.281,0.07,0.135,0.0
jpg/image_07084.jpg,khong_phai_goc_nhin_tren_xuong(dai),1.0,1.462,0.798,0.254,0.042,0.113,0.0
jpg/image_07085.jpg,khong_phai_goc_nhin_tren_xuong(dai),1.0,1.828,0.998,0.254,0.068,0.069,0.0
jpg/image_07088.jpg,lech_tam,1.0,0.808,0.964,0.362,0.22,0.038,0.0
jpg/image_07090.jpg,khong_thay_hoa,,,,,,,
jpg/image_07091.jpg,khong_thay_hoa,,,,,,,
jpg/image_07105.jpg,lech_tam,1.0,1.075,1.034,0.447,0.182,0.035,0.0
jpg/image_07108.jpg,khong_thay_hoa,,,,,,,
jpg/image_07109.jpg,hoa_sat_bien_khong_crop_duoc,1.0,1.329,0.914,0.32,0.116,0.14,0.0
jpg/image_07116.jpg,lech_tam,1.0,0.961,0.913,0.408,0.234,0.0,0.0
jpg/image_07121.jpg,lech_tam,1.0,0.945,0.834,0.366,0.27,0.007,0.0
jpg/image_07122.jpg,khong_thay_hoa,,,,,,,
jpg/image_07124.jpg,hoa_sat_bien_khong_crop_duoc,1.0,1.355,0.811,0.278,0.033,0.148,0.0
jpg/image_07126.jpg,lech_tam,1.0,1.091,0.967,0.412,0.428,0.0,0.0
jpg/image_07128.jpg,hoa_sat_bien_khong_crop_duoc,1.0,1.341,0.703,0.243,0.075,0.152,0.0
jpg/image_07132.jpg,hoa_sat_bien_khong_crop_duoc,1.0,1.354,0.947,0.325,0.095,0.137,0.0
jpg/image_07135.jpg,khong_phai_goc_nhin_tren_xuong(dai),1.0,0.558,0.652,0.169,0.327,0.11,0.0
jpg/image_07136.jpg,lech_tam,1.0,0.984,0.929,0.425,0.324,0.0,0.0
jpg/image_07137.jpg,hoa_sat_bien_khong_crop_duoc,1.0,1.42,0.758,0.248,0.021,0.148,0.0
jpg/image_07139.jpg,hoa_sat_bien_khong_crop_duoc,1.0,1.589,0.956,0.28,0.156,0.201,0.0
jpg/image_07141.jpg,hoa_sat_bien_khong_crop_duoc,1.0,1.471,0.879,0.278,0.039,0.166,0.0
jpg/image_07142.jpg,nhieu_hoa_hoac_nen_roi,0.477,0.96,1.002,0.447,0.064,0.0,0.0
jpg/image_07144.jpg,hoa_sat_bien_khong_crop_duoc,1.0,1.235,1.03,0.388,0.066,0.127,0.0
jpg/image_07145.jpg,lech_tam,137.0,1.0,0.89,0.414,0.225,0.0,0.031
jpg/image_07147.jpg,hoa_sat_bien_khong_crop_duoc,1.0,1.5,0.828,0.256,0.046,0.176,0.0
jpg/image_07150.jpg,lech_tam,1.0,1.0,1.016,0.472,0.219,0.001,0.0
jpg/image_07151.jpg,hoa_sat_bien_khong_crop_duoc,1.0,0.738,0.846,0.29,0.043,0.137,0.0
jpg/image_07152.jpg,nhieu_hoa_hoac_nen_roi,110.0,1.0,0.715,0.332,0.12,0.0,0.07
jpg/image_07157.jpg,nhieu_hoa_hoac_nen_roi,0.683,1.242,0.832,0.311,0.046,0.0,0.055
jpg/image_07158.jpg,hoa_sat_bien_khong_crop_duoc,1.0,1.471,0.714,0.226,0.099,0.191,0.0
jpg/image_07159.jpg,hoa_sat_bien_khong_crop_duoc,1.0,1.422,0.833,0.272,0.011,0.164,0.0
jpg/image_07161.jpg,hoa_sat_bien_khong_crop_duoc,1.0,1.304,1.112,0.396,0.023,0.123,0.0
jpg/image_07164.jpg,khong_thay_hoa,,,,,,,
jpg/image_07165.jpg,hoa_sat_bien_khong_crop_duoc,1.0,0.805,0.514,0.192,0.134,0.134,0.011
jpg/image_07166.jpg,hoa_sat_bien_khong_crop_duoc,1.0,1.542,0.925,0.279,0.096,0.138,0.0
jpg/image_07167.jpg,hoa_sat_bien_khong_crop_duoc,1.0,1.341,0.873,0.303,0.179,0.147,0.0
jpg/image_07168.jpg,khong_thay_hoa,,,,,,,
jpg/image_07170.jpg,hoa_sat_bien_khong_crop_duoc,1.0,1.469,0.936,0.296,0.155,0.173,0.003
jpg/image_07171.jpg,hoa_sat_bien_khong_crop_duoc,1.0,1.575,0.915,0.27,0.198,0.199,0.0
jpg/image_07172.jpg,hoa_sat_bien_khong_crop_duoc,1.0,1.209,0.852,0.328,0.193,0.131,0.0
jpg/image_07174.jpg,lech_tam,1.0,1.238,0.918,0.345,0.211,0.097,0.0
jpg/image_07175.jpg,hoa_sat_bien_khong_crop_duoc,1.0,1.837,0.864,0.219,0.432,0.175,0.0
jpg/image_07176.jpg,hoa_sat_bien_khong_crop_duoc,1.0,1.517,0.92,0.282,0.294,0.129,0.0
jpg/image_07177.jpg,hoa_sat_bien_khong_crop_duoc,1.0,1.64,0.884,0.25,0.013,0.174,0.0
jpg/image_07178.jpg,khong_thay_hoa,,,,,,,
jpg/image_07183.jpg,hoa_sat_bien_khong_crop_duoc,1.0,1.238,0.753,0.283,0.103,0.175,0.0
jpg/image_07184.jpg,hoa_sat_bien_khong_crop_duoc,1.0,0.718,0.681,0.227,0.068,0.15,0.009
jpg/image_07185.jpg,hoa_sat_bien_khong_crop_duoc,1.0,1.25,0.755,0.281,0.014,0.122,0.0
jpg/image_07186.jpg,khong_phai_goc_nhin_tren_xuong(dai),1.0,1.478,0.916,0.288,0.225,0.118,0.0
jpg/image_07187.jpg,khong_phai_goc_nhin_tren_xuong(dai),1.0,1.562,0.9,0.268,0.017,0.033,0.0
jpg/image_07192.jpg,khong_thay_hoa,,,,,,,
jpg/image_07193.jpg,khong_thay_hoa,,,,,,,
jpg/image_07194.jpg,hoa_sat_bien_khong_crop_duoc,1.0,1.86,0.996,0.249,0.255,0.198,0.0
jpg/image_07196.jpg,khong_phai_goc_nhin_tren_xuong(dai),1.0,1.516,0.948,0.291,0.106,0.0,0.0
jpg/image_07197.jpg,lech_tam,1.0,1.081,0.793,0.341,0.299,0.034,0.0
jpg/image_07198.jpg,hoa_sat_bien_khong_crop_duoc,1.0,1.956,1.018,0.242,0.212,0.238,0.0
jpg/image_07199.jpg,khong_phai_goc_nhin_tren_xuong(dai),1.0,1.596,0.49,0.143,0.202,0.006,0.012
jpg/image_07200.jpg,hoa_sat_bien_khong_crop_duoc,1.0,1.374,0.978,0.331,0.021,0.16,0.0
jpg/image_07201.jpg,hoa_sat_bien_khong_crop_duoc,1.0,1.422,0.898,0.294,0.011,0.161,0.0
jpg/image_07203.jpg,hoa_sat_bien_khong_crop_duoc,1.0,1.312,0.925,0.328,0.026,0.15,0.0
jpg/image_07204.jpg,hoa_sat_bien_khong_crop_duoc,1.0,1.326,0.835,0.292,0.024,0.141,0.0
jpg/image_07205.jpg,hoa_sat_bien_khong_crop_duoc,1.0,1.333,0.832,0.29,0.007,0.143,0.0
jpg/image_07206.jpg,hoa_sat_bien_khong_crop_duoc,1.0,0.82,0.776,0.296,0.081,0.163,0.0
jpg/image_07207.jpg,khong_phai_goc_nhin_tren_xuong(dai),1.0,1.556,0.814,0.243,0.033,0.11,0.0
jpg/image_07208.jpg,lech_tam,1.0,0.838,0.935,0.364,0.237,0.0,0.0
jpg/image_07209.jpg,hoa_sat_bien_khong_crop_duoc,1.0,1.295,0.877,0.315,0.034,0.126,0.0
jpg/image_07211.jpg,hoa_sat_bien_khong_crop_duoc,1.0,1.337,0.997,0.347,0.046,0.159,0.0
jpg/image_07212.jpg,hoa_sat_bien_khong_crop_duoc,1.0,1.39,0.935,0.313,0.045,0.159,0.0
jpg/image_07214.jpg,hoa_sat_bien_khong_crop_duoc,1.0,1.623,0.871,0.249,0.074,0.192,0.0
jpg/image_07215.jpg,hinh_dang_khong_tron,1.0,1.431,0.476,0.155,0.152,0.039,0.0
jpg/image_07216.jpg,hoa_sat_bien_khong_crop_duoc,1.0,1.566,0.849,0.252,0.031,0.167,0.0
jpg/image_07217.jpg,khong_phai_goc_nhin_tren_xuong(dai),91.0,1.667,0.858,0.239,0.229,0.0,0.0
jpg/image_07218.jpg,lech_tam,1.0,0.905,0.651,0.274,0.223,0.009,0.004
jpg/image_07220.jpg,hoa_sat_bien_khong_crop_duoc,1.0,1.302,0.879,0.314,0.148,0.146,0.0
jpg/image_07221.jpg,hoa_sat_bien_khong_crop_duoc,1.0,1.311,0.942,0.334,0.064,0.152,0.0
jpg/image_07224.jpg,khong_thay_hoa,,,,,,,
jpg/image_07225.jpg,khong_thay_hoa,,,,,,,
jpg/image_07227.jpg,hoa_sat_bien_khong_crop_duoc,1.0,1.571,0.886,0.262,0.072,0.154,0.0
jpg/image_07228.jpg,hoa_sat_bien_khong_crop_duoc,1.0,1.482,0.784,0.246,0.109,0.208,0.0
jpg/image_07229.jpg,hoa_sat_bien_khong_crop_duoc,1.0,1.615,0.621,0.179,0.072,0.183,0.0
jpg/image_07230.jpg,hoa_sat_bien_khong_crop_duoc,1.0,1.422,0.795,0.26,0.018,0.167,0.0
jpg/image_07233.jpg,khong_thay_hoa,,,,,,,
jpg/image_07236.jpg,lech_tam,1.0,1.41,0.649,0.214,0.275,0.0,0.015
jpg/image_07238.jpg,lech_tam,1.0,1.432,0.761,0.247,0.331,0.0,0.0
jpg/image_07239.jpg,khong_phai_goc_nhin_tren_xuong(dai),1.0,0.432,0.566,0.114,0.046,0.04,0.001
jpg/image_07240.jpg,hinh_dang_khong_tron,1.0,0.896,0.479,0.2,0.042,0.0,0.0
jpg/image_07241.jpg,khong_phai_goc_nhin_tren_xuong(dai),1.0,1.583,0.66,0.194,0.079,0.0,0.0
jpg/image_07242.jpg,khong_phai_goc_nhin_tren_xuong(dai),1.0,0.698,0.556,0.181,0.02,0.0,0.0
jpg/image_07244.jpg,nhieu_hoa_hoac_nen_roi,1.0,0.571,0.532,0.141,0.135,0.0,0.072
jpg/image_07245.jpg,khong_phai_goc_nhin_tren_xuong(dai),1.0,0.644,0.688,0.206,0.041,0.0,0.02
jpg/image_07247.jpg,hoa_sat_bien_khong_crop_duoc,1.0,0.537,0.459,0.115,0.184,0.212,0.007
jpg/image_07251.jpg,khong_phai_goc_nhin_tren_xuong(dai),1.0,1.609,0.611,0.176,0.066,0.0,0.0
jpg/image_07255.jpg,nhieu_hoa_hoac_nen_roi,0.69,0.978,0.613,0.279,0.277,0.0,0.0
jpg/image_07256.jpg,hinh_dang_khong_tron,1.0,1.351,0.492,0.169,0.013,0.0,0.0
jpg/image_07257.jpg,khong_phai_goc_nhin_tren_xuong(dai),1.0,1.796,0.483,0.125,0.094,0.017,0.0
jpg/image_07260.jpg,khong_phai_goc_nhin_tren_xuong(dai),1.0,1.744,0.415,0.111,0.051,0.0,0.011
jpg/image_07263.jpg,hinh_dang_khong_tron,1.0,1.05,0.485,0.215,0.134,0.0,0.0
jpg/image_07265.jpg,hoa_sat_bien_khong_crop_duoc,1.0,2.161,0.486,0.105,0.022,0.164,0.0
jpg/image_07272.jpg,nhieu_hoa_hoac_nen_roi,0.768,1.128,0.787,0.324,0.03,0.0,0.099
jpg/image_07276.jpg,hinh_dang_khong_tron,1.0,1.091,0.535,0.228,0.189,0.048,0.0
jpg/image_07280.jpg,khong_phai_goc_nhin_tren_xuong(dai),1.0,1.451,0.847,0.271,0.042,0.0,0.0
jpg/image_07282.jpg,nhieu_hoa_hoac_nen_roi,0.719,1.014,0.811,0.372,0.104,0.0,0.063
jpg/image_07284.jpg,lech_tam,1.0,1.333,0.7,0.244,0.398,0.03,0.0
jpg/image_07285.jpg,hinh_dang_khong_tron,1.0,0.822,0.477,0.182,0.111,0.111,0.0
jpg/image_07286.jpg,hoa_sat_bien_khong_crop_duoc,1.0,0.76,0.631,0.223,0.035,0.159,0.0
jpg/image_07287.jpg,khong_thay_hoa,,,,,,,
jpg/image_07289.jpg,hinh_dang_khong_tron,1.0,0.939,0.385,0.168,0.278,0.0,0.0
jpg/image_07290.jpg,khong_thay_hoa,,,,,,,
jpg/image_07291.jpg,hoa_sat_bien_khong_crop_duoc,1.0,0.194,0.99,0.089,0.393,0.205,0.0
jpg/image_07292.jpg,khong_thay_hoa,,,,,,,
jpg/image_07293.jpg,khong_thay_hoa,,,,,,,
jpg/image_07294.jpg,khong_thay_hoa,,,,,,,
jpg/image_07295.jpg,hinh_dang_khong_tron,1.0,1.0,0.428,0.199,0.436,0.0,0.0
jpg/image_07296.jpg,khong_thay_hoa,,,,,,,
jpg/image_07297.jpg,hinh_dang_khong_tron,1.0,0.88,0.491,0.201,0.081,0.048,0.0
jpg/image_07298.jpg,hinh_dang_khong_tron,1.0,0.795,0.518,0.191,0.009,0.093,0.0
jpg/image_07299.jpg,nhieu_hoa_hoac_nen_roi,0.792,0.775,0.747,0.269,0.28,0.114,0.09
jpg/image_07300.jpg,hoa_sat_bien_khong_crop_duoc,1.0,0.762,0.787,0.279,0.084,0.156,0.0
jpg/image_07302.jpg,lech_tam,1.0,1.4,0.816,0.271,0.206,0.118,0.0
jpg/image_07303.jpg,lech_tam,1.0,0.889,0.999,0.413,0.265,0.0,0.024
jpg/image_07304.jpg,lech_tam,1.0,0.889,0.999,0.413,0.265,0.0,0.024
jpg/image_07306.jpg,khong_thay_hoa,,,,,,,
jpg/image_07307.jpg,lech_tam,1.0,1.012,0.652,0.299,0.183,0.045,0.0
jpg/image_07308.jpg,khong_thay_hoa,,,,,,,
jpg/image_07309.jpg,lech_tam,1.0,1.012,0.652,0.299,0.183,0.045,0.0
jpg/image_07312.jpg,khong_thay_hoa,,,,,,,
jpg/image_07314.jpg,khong_thay_hoa,,,,,,,
jpg/image_07315.jpg,nhieu_hoa_hoac_nen_roi,0.658,0.753,0.614,0.215,0.247,0.015,0.106
jpg/image_07318.jpg,khong_thay_hoa,,,,,,,
jpg/image_07319.jpg,khong_thay_hoa,,,,,,,
jpg/image_07321.jpg,khong_thay_hoa,,,,,,,
jpg/image_07323.jpg,khong_thay_hoa,,,,,,,
jpg/image_07324.jpg,hoa_sat_bien_khong_crop_duoc,1.0,0.727,0.872,0.295,0.076,0.141,0.0
jpg/image_07325.jpg,khong_phai_goc_nhin_tren_xuong(dai),1.0,1.933,0.796,0.191,0.416,0.0,0.0
jpg/image_07327.jpg,nhieu_hoa_hoac_nen_roi,0.758,0.804,0.711,0.266,0.263,0.0,0.0
jpg/image_07328.jpg,khong_thay_hoa,,,,,,,
jpg/image_07331.jpg,hoa_sat_bien_khong_crop_duoc,1.0,0.488,0.777,0.176,0.07,0.134,0.0
jpg/image_07332.jpg,hoa_sat_bien_khong_crop_duoc,1.0,0.453,0.788,0.166,0.02,0.193,0.0
jpg/image_07334.jpg,hoa_sat_bien_khong_crop_duoc,1.0,0.524,0.682,0.166,0.118,0.208,0.0
jpg/image_07335.jpg,khong_phai_goc_nhin_tren_xuong(dai),1.0,1.783,0.872,0.227,0.082,0.07,0.0
jpg/image_07336.jpg,khong_thay_hoa,,,,,,,
jpg/image_07339.jpg,khong_thay_hoa,,,,,,,
jpg/image_07340.jpg,khong_thay_hoa,,,,,,,
jpg/image_07341.jpg,nhieu_hoa_hoac_nen_roi,0.556,1.211,0.859,0.33,0.114,0.0,0.069
jpg/image_07342.jpg,hoa_sat_bien_khong_crop_duoc,1.0,0.607,0.846,0.238,0.068,0.161,0.0
jpg/image_07343.jpg,khong_phai_goc_nhin_tren_xuong(dai),0.826,0.439,0.793,0.162,0.128,0.085,0.028
jpg/image_07344.jpg,hoa_sat_bien_khong_crop_duoc,1.0,0.408,0.782,0.148,0.031,0.186,0.0
jpg/image_07345.jpg,khong_thay_hoa,,,,,,,
jpg/image_07346.jpg,khong_phai_goc_nhin_tren_xuong(dai),1.0,0.571,0.631,0.168,0.101,0.082,0.0
jpg/image_07349.jpg,nhieu_hoa_hoac_nen_roi,0.408,0.789,0.512,0.188,0.148,0.0,0.069
jpg/image_07351.jpg,khong_thay_hoa,,,,,,,
jpg/image_07352.jpg,nhieu_hoa_hoac_nen_roi,15.0,1.667,1.273,0.355,0.383,0.0,0.344
jpg/image_07353.jpg,nhieu_hoa_hoac_nen_roi,0.855,1.405,0.722,0.239,0.134,0.1,0.078
jpg/image_07354.jpg,khong_thay_hoa,,,,,,,
jpg/image_07357.jpg,hoa_sat_bien_khong_crop_duoc,1.0,0.748,0.837,0.291,0.147,0.146,0.0
jpg/image_07358.jpg,hinh_dang_khong_tron,1.0,1.024,0.516,0.234,0.164,0.0,0.0
jpg/image_07359.jpg,hoa_sat_bien_khong_crop_duoc,1.0,1.333,0.856,0.298,0.037,0.155,0.0
jpg/image_07360.jpg,khong_thay_hoa,,,,,,,
jpg/image_07361.jpg,khong_thay_hoa,,,,,,,
jpg/image_07364.jpg,hoa_sat_bien_khong_crop_duoc,1.0,0.649,0.933,0.282,0.072,0.16,0.0
jpg/image_07365.jpg,hoa_sat_bien_khong_crop_duoc,1.0,1.228,0.847,0.32,0.056,0.132,0.0
jpg/image_07367.jpg,khong_thay_hoa,,,,,,,
jpg/image_07368.jpg,hoa_sat_bien_khong_crop_duoc,1.0,0.656,0.723,0.22,0.12,0.183,0.001
jpg/image_07370.jpg,khong_phai_goc_nhin_tren_xuong(dai),1.0,0.682,0.766,0.243,0.074,0.109,0.0
jpg/image_07372.jpg,hoa_sat_bien_khong_crop_duoc,1.0,0.581,0.847,0.229,0.057,0.222,0.0
jpg/image_07373.jpg,hoa_sat_bien_khong_crop_duoc,1.0,1.347,0.846,0.292,0.042,0.143,0.0
jpg/image_07375.jpg,hoa_sat_bien_khong_crop_duoc,1.0,0.77,0.81,0.29,0.045,0.125,0.0
jpg/image_07376.jpg,khong_thay_hoa,,,,,,,
jpg/image_07377.jpg,hoa_sat_bien_khong_crop_duoc,1.0,0.632,0.749,0.22,0.02,0.136,0.0
jpg/image_07381.jpg,khong_thay_hoa,,,,,,,
jpg/image_07384.jpg,nhieu_hoa_hoac_nen_roi,9.0,1.0,1.273,0.592,0.485,0.0,0.562
jpg/image_07386.jpg,hoa_sat_bien_khong_crop_duoc,1.0,0.562,0.683,0.178,0.136,0.242,0.0
jpg/image_07387.jpg,khong_phai_goc_nhin_tren_xuong(dai),1.0,0.612,0.775,0.22,0.132,0.013,0.0
jpg/image_07388.jpg,hoa_sat_bien_khong_crop_duoc,1.0,0.484,0.848,0.191,0.052,0.169,0.0
jpg/image_07389.jpg,khong_phai_goc_nhin_tren_xuong(dai),1.0,0.589,0.823,0.225,0.142,0.0,0.0
jpg/image_07390.jpg,khong_thay_hoa,,,,,,,
jpg/image_07391.jpg,khong_thay_hoa,,,,,,,
jpg/image_07392.jpg,hoa_sat_bien_khong_crop_duoc,0.893,0.703,0.744,0.243,0.13,0.134,0.03
jpg/image_07393.jpg,nhieu_hoa_hoac_nen_roi,0.747,0.955,0.908,0.403,0.288,0.0,0.0
jpg/image_07394.jpg,khong_phai_goc_nhin_tren_xuong(dai),27.0,0.556,0.764,0.197,0.332,0.0,0.037
jpg/image_07396.jpg,khong_phai_goc_nhin_tren_xuong(dai),1.0,0.558,0.742,0.193,0.008,0.075,0.0
jpg/image_07397.jpg,nhieu_hoa_hoac_nen_roi,29.0,0.833,1.231,0.477,0.398,0.0,0.271
jpg/image_07398.jpg,nhieu_hoa_hoac_nen_roi,12.0,0.75,1.273,0.444,0.253,0.0,0.458
jpg/image_07401.jpg,khong_phai_goc_nhin_tren_xuong(dai),1.0,0.681,0.715,0.226,0.059,0.105,0.0
jpg/image_07402.jpg,khong_thay_hoa,,,,,,,
jpg/image_07403.jpg,khong_thay_hoa,,,,,,,
jpg/image_07405.jpg,hoa_sat_bien_khong_crop_duoc,1.0,0.505,0.924,0.217,0.097,0.175,0.0
jpg/image_07406.jpg,hoa_sat_bien_khong_crop_duoc,1.0,0.75,0.95,0.331,0.04,0.145,0.0
jpg/image_07407.jpg,khong_thay_hoa,,,,,,,
jpg/image_07408.jpg,nhieu_hoa_hoac_nen_roi,24.0,0.667,1.273,0.394,0.443,0.0,0.167
jpg/image_07409.jpg,khong_thay_hoa,,,,,,,
jpg/image_07411.jpg,khong_thay_hoa,,,,,,,
jpg/image_07413.jpg,hoa_sat_bien_khong_crop_duoc,1.0,0.768,1.002,0.358,0.028,0.136,0.0
jpg/image_07415.jpg,khong_thay_hoa,,,,,,,
jpg/image_07416.jpg,khong_thay_hoa,,,,,,,
jpg/image_07417.jpg,nhieu_hoa_hoac_nen_roi,26.0,1.75,1.182,0.314,0.604,0.0,0.125
jpg/image_07420.jpg,khong_thay_hoa,,,,,,,
jpg/image_07421.jpg,khong_thay_hoa,,,,,,,
jpg/image_07423.jpg,khong_thay_hoa,,,,,,,
jpg/image_07425.jpg,hoa_sat_bien_khong_crop_duoc,1.0,0.478,0.85,0.189,0.178,0.202,0.0
jpg/image_07428.jpg,nhieu_hoa_hoac_nen_roi,90.0,1.077,0.63,0.272,0.208,0.0,0.07
jpg/image_07429.jpg,hoa_sat_bien_khong_crop_duoc,1.0,1.687,0.722,0.199,0.125,0.188,0.0
jpg/image_07430.jpg,khong_thay_hoa,,,,,,,
jpg/image_07431.jpg,lech_tam,1.0,0.841,0.79,0.309,0.429,0.0,0.0
jpg/image_07432.jpg,hoa_sat_bien_khong_crop_duoc,1.0,0.684,0.862,0.274,0.05,0.137,0.0
jpg/image_07434.jpg,hoa_sat_bien_khong_crop_duoc,1.0,0.766,0.862,0.307,0.034,0.156,0.0
jpg/image_07435.jpg,hoa_sat_bien_khong_crop_duoc,1.0,0.561,0.864,0.225,0.081,0.184,0.0
jpg/image_07436.jpg,khong_thay_hoa,,,,,,,
jpg/image_07437.jpg,hoa_sat_bien_khong_crop_duoc,1.0,0.73,0.678,0.23,0.042,0.133,0.0
jpg/image_07440.jpg,nhieu_hoa_hoac_nen_roi,1.0,0.667,0.872,0.27,0.142,0.0,0.095
jpg/image_07441.jpg,khong_phai_goc_nhin_tren_xuong(dai),72.0,1.625,0.881,0.252,0.257,0.0,0.025
jpg/image_07443.jpg,khong_phai_goc_nhin_tren_xuong(dai),1.0,0.69,0.729,0.234,0.136,0.0,0.0
jpg/image_07446.jpg,hoa_sat_bien_khong_crop_duoc,1.0,1.216,0.75,0.287,0.085,0.153,0.0
jpg/image_07447.jpg,hoa_sat_bien_khong_crop_duoc,1.0,0.698,0.706,0.229,0.108,0.142,0.0
jpg/image_07448.jpg,khong_phai_goc_nhin_tren_xuong(dai),1.0,0.67,0.603,0.188,0.077,0.012,0.0
jpg/image_07450.jpg,khong_thay_hoa,,,,,,,
jpg/image_07452.jpg,khong_thay_hoa,,,,,,,
jpg/image_07453.jpg,hoa_sat_bien_khong_crop_duoc,1.0,0.347,0.708,0.114,0.062,0.272,0.0
jpg/image_07454.jpg,khong_phai_goc_nhin_tren_xuong(dai),1.0,0.444,0.766,0.158,0.446,0.03,0.0
jpg/image_07455.jpg,khong_thay_hoa,,,,,,,
jpg/image_07456.jpg,hoa_sat_bien_khong_crop_duoc,1.0,0.531,0.733,0.181,0.071,0.22,0.0
jpg/image_07458.jpg,hoa_sat_bien_khong_crop_duoc,1.0,0.603,0.774,0.217,0.069,0.151,0.0
jpg/image_07459.jpg,hoa_sat_bien_khong_crop_duoc,1.0,0.725,0.663,0.223,0.15,0.144,0.0
jpg/image_07460.jpg,khong_thay_hoa,,,,,,,
jpg/image_07461.jpg,nhieu_hoa_hoac_nen_roi,0.696,0.679,0.933,0.294,0.171,0.0,0.0
jpg/image_07463.jpg,nhieu_hoa_hoac_nen_roi,0.569,0.6,0.487,0.136,0.13,0.096,0.044
jpg/image_07464.jpg,lech_tam,1.0,1.25,0.949,0.353,0.395,0.0,0.0
jpg/image_07465.jpg,khong_phai_goc_nhin_tren_xuong(dai),1.0,0.689,0.851,0.272,0.1,0.11,0.0
jpg/image_07466.jpg,nhieu_hoa_hoac_nen_roi,0.356,1.0,0.896,0.416,0.092,0.0,0.036
jpg/image_07472.jpg,khong_phai_goc_nhin_tren_xuong(dai),1.0,0.635,0.746,0.22,0.255,0.0,0.0
jpg/image_07473.jpg,hoa_sat_bien_khong_crop_duoc,1.0,1.349,0.884,0.304,0.06,0.146,0.0
jpg/image_07475.jpg,hoa_sat_bien_khong_crop_duoc,1.0,0.764,1.039,0.369,0.023,0.135,0.0
jpg/image_07479.jpg,nhieu_hoa_hoac_nen_roi,14.0,1.0,1.114,0.518,0.213,0.0,0.542
jpg/image_07480.jpg,hoa_sat_bien_khong_crop_duoc,1.0,1.347,0.666,0.23,0.075,0.151,0.0
jpg/image_07481.jpg,hoa_sat_bien_khong_crop_duoc,1.0,1.2,0.946,0.366,0.073,0.137,0.0
jpg/image_07482.jpg,hoa_sat_bien_khong_crop_duoc,1.0,1.356,0.914,0.313,0.05,0.139,0.0
jpg/image_07485.jpg,hoa_sat_bien_khong_crop_duoc,1.0,0.792,0.766,0.282,0.078,0.142,0.0
jpg/image_07487.jpg,hoa_sat_bien_khong_crop_duoc,1.0,1.266,0.856,0.314,0.098,0.142,0.0
jpg/image_07489.jpg,nhieu_hoa_hoac_nen_roi,0.675,1.394,0.728,0.243,0.202,0.082,0.088
jpg/image_07492.jpg,hoa_sat_bien_khong_crop_duoc,1.0,1.33,0.819,0.286,0.061,0.134,0.0
jpg/image_07493.jpg,hoa_sat_bien_khong_crop_duoc,1.0,1.684,0.786,0.217,0.041,0.162,0.0
jpg/image_07494.jpg,hoa_sat_bien_khong_crop_duoc,1.0,1.374,0.684,0.231,0.051,0.157,0.0
jpg/image_07496.jpg,hoa_sat_bien_khong_crop_duoc,1.0,1.264,0.74,0.272,0.075,0.143,0.0
jpg/image_07497.jpg,lech_tam,1.0,1.321,0.887,0.312,0.357,0.114,0.0
jpg/image_07500.jpg,hoa_sat_bien_khong_crop_duoc,1.0,1.414,0.94,0.309,0.058,0.151,0.0
jpg/image_07502.jpg,lech_tam,1.0,0.812,1.03,0.389,0.392,0.0,0.0
jpg/image_07506.jpg,hoa_sat_bien_khong_crop_duoc,1.0,1.277,0.623,0.227,0.039,0.14,0.0
jpg/image_07507.jpg,nhieu_hoa_hoac_nen_roi,0.539,0.981,0.713,0.325,0.237,0.004,0.059
jpg/image_07508.jpg,hoa_sat_bien_khong_crop_duoc,1.0,1.326,0.827,0.29,0.024,0.139,0.0
jpg/image_07509.jpg,khong_phai_goc_nhin_tren_xuong(dai),111.0,1.6,0.883,0.257,0.252,0.0,0.0
jpg/image_07515.jpg,nhieu_hoa_hoac_nen_roi,94.0,1.1,1.088,0.46,0.089,0.0,0.135
jpg/image_07517.jpg,khong_thay_hoa,,,,,,,
jpg/image_07518.jpg,hoa_sat_bien_khong_crop_duoc,1.0,1.771,0.888,0.233,0.08,0.135,0.0
jpg/image_07519.jpg,khong_phai_goc_nhin_tren_xuong(dai),1.0,0.63,0.631,0.185,0.225,0.1,0.007
jpg/image_07520.jpg,hoa_sat_bien_khong_crop_duoc,1.0,1.202,0.614,0.238,0.036,0.124,0.0
jpg/image_07525.jpg,hoa_sat_bien_khong_crop_duoc,1.0,1.309,0.794,0.282,0.019,0.132,0.0
jpg/image_07528.jpg,nhieu_hoa_hoac_nen_roi,0.612,1.0,0.955,0.444,0.234,0.0,0.0
jpg/image_07531.jpg,hoa_sat_bien_khong_crop_duoc,1.0,1.245,0.652,0.244,0.085,0.126,0.0
jpg/image_07533.jpg,hoa_sat_bien_khong_crop_duoc,1.0,1.274,0.717,0.261,0.055,0.159,0.0
jpg/image_07534.jpg,khong_phai_goc_nhin_tren_xuong(dai),174.0,1.867,0.527,0.131,0.232,0.0,0.048
jpg/image_07536.jpg,hoa_sat_bien_khong_crop_duoc,1.0,0.923,0.747,0.32,0.121,0.125,0.0
jpg/image_07537.jpg,hoa_sat_bien_khong_crop_duoc,1.0,1.074,0.742,0.321,0.089,0.121,0.0
jpg/image_07540.jpg,hoa_sat_bien_khong_crop_duoc,0.804,1.65,0.857,0.241,0.339,0.165,0.0
jpg/image_07542.jpg,hoa_sat_bien_khong_crop_duoc,1.0,1.253,0.716,0.266,0.088,0.162,0.0
jpg/image_07544.jpg,hoa_sat_bien_khong_crop_duoc,1.0,1.105,0.717,0.302,0.109,0.15,0.001
jpg/image_07545.jpg,lech_tam,1.0,1.188,0.778,0.304,0.333,0.0,0.013
jpg/image_07546.jpg,hoa_sat_bien_khong_crop_duoc,1.0,1.316,0.784,0.277,0.049,0.163,0.0
jpg/image_07549.jpg,hoa_sat_bien_khong_crop_duoc,1.0,1.524,0.994,0.303,0.061,0.189,0.0
jpg/image_07550.jpg,nhieu_hoa_hoac_nen_roi,21.0,1.5,1.114,0.345,0.53,0.0,0.125
jpg/image_07557.jpg,nhieu_hoa_hoac_nen_roi,0.476,0.8,1.013,0.377,0.485,0.0,0.0
jpg/image_07558.jpg,khong_phai_goc_nhin_tren_xuong(dai),118.0,0.688,0.854,0.273,0.287,0.0,0.0
jpg/image_07562.jpg,khong_thay_hoa,,,,,,,
jpg/image_07566.jpg,lech_tam,180.0,1.0,1.019,0.473,0.2,0.0,0.0
jpg/image_07567.jpg,lech_tam,1.0,1.196,0.601,0.233,0.199,0.0,0.004
jpg/image_07569.jpg,hoa_sat_bien_khong_crop_duoc,1.0,1.347,0.79,0.272,0.011,0.146,0.0
jpg/image_07571.jpg,hoa_sat_bien_khong_crop_duoc,1.0,1.506,0.957,0.295,0.046,0.172,0.0
jpg/image_07573.jpg,hoa_sat_bien_khong_crop_duoc,1.0,1.407,0.988,0.326,0.021,0.142,0.0
jpg/image_07576.jpg,hoa_sat_bien_khong_crop_duoc,1.0,0.763,0.873,0.309,0.028,0.137,0.0
jpg/image_07578.jpg,khong_phai_goc_nhin_tren_xuong(dai),91.0,0.692,0.99,0.319,0.187,0.0,0.0
jpg/image_07581.jpg,hoa_sat_bien_khong_crop_duoc,1.0,1.344,0.823,0.284,0.091,0.193,0.0
jpg/image_07582.jpg,lech_tam,1.0,0.847,0.909,0.358,0.281,0.005,0.0
jpg/image_07583.jpg,hinh_dang_khong_tron,1.0,0.875,0.45,0.183,0.032,0.0,0.0
jpg/image_07584.jpg,hoa_sat_bien_khong_crop_duoc,1.0,1.234,0.832,0.313,0.078,0.123,0.0
jpg/image_07587.jpg,hoa_sat_bien_khong_crop_duoc,1.0,1.333,0.93,0.324,0.015,0.141,0.0
jpg/image_07588.jpg,hoa_sat_bien_khong_crop_duoc,1.0,0.535,0.855,0.213,0.093,0.271,0.0
jpg/image_07590.jpg,hoa_sat_bien_khong_crop_duoc,1.0,1.47,0.894,0.283,0.113,0.186,0.0
jpg/image_07591.jpg,khong_phai_goc_nhin_tren_xuong(dai),1.0,1.683,0.685,0.189,0.078,0.0,0.0
jpg/image_07592.jpg,lech_tam,1.0,1.0,1.092,0.508,0.197,0.0,0.0
jpg/image_07596.jpg,hoa_sat_bien_khong_crop_duoc,1.0,1.405,1.006,0.333,0.008,0.157,0.0
jpg/image_07605.jpg,hoa_sat_bien_khong_crop_duoc,1.0,1.337,1.08,0.375,0.027,0.155,0.0
jpg/image_07608.jpg,hoa_sat_bien_khong_crop_duoc,1.0,1.333,1.101,0.384,0.009,0.141,0.0
jpg/image_07612.jpg,hoa_sat_bien_khong_crop_duoc,1.0,1.272,0.843,0.308,0.075,0.152,0.0
jpg/image_07613.jpg,hoa_sat_bien_khong_crop_duoc,1.0,1.303,0.754,0.269,0.117,0.183,0.0
jpg/image_07615.jpg,hoa_sat_bien_khong_crop_duoc,1.0,1.488,0.937,0.292,0.035,0.149,0.0
jpg/image_07620.jpg,hoa_sat_bien_khong_crop_duoc,1.0,1.91,0.722,0.176,0.047,0.209,0.0
jpg/image_07621.jpg,lech_tam,1.0,0.989,0.983,0.452,0.191,0.013,0.0
jpg/image_07638.jpg,hoa_sat_bien_khong_crop_duoc,1.0,1.263,1.101,0.405,0.043,0.137,0.0
jpg/image_07649.jpg,hoa_sat_bien_khong_crop_duoc,1.0,1.309,0.963,0.342,0.018,0.125,0.0
jpg/image_07657.jpg,hoa_sat_bien_khong_crop_duoc,1.0,1.366,0.924,0.314,0.046,0.156,0.0
jpg/image_07659.jpg,lech_tam,1.0,1.012,1.103,0.506,0.248,0.028,0.0
jpg/image_07661.jpg,hoa_sat_bien_khong_crop_duoc,1.0,1.326,0.708,0.248,0.038,0.143,0.0
jpg/image_07662.jpg,hoa_sat_bien_khong_crop_duoc,1.0,1.298,1.05,0.376,0.022,0.142,0.0
jpg/image_07664.jpg,hoa_sat_bien_khong_crop_duoc,1.0,1.263,0.952,0.35,0.012,0.123,0.0
jpg/image_07666.jpg,hoa_sat_bien_khong_crop_duoc,1.0,0.583,0.949,0.257,0.133,0.236,0.0
jpg/image_07670.jpg,hoa_sat_bien_khong_crop_duoc,1.0,1.326,0.915,0.321,0.108,0.126,0.0
jpg/image_07674.jpg,hoa_sat_bien_khong_crop_duoc,1.0,1.326,1.042,0.365,0.011,0.135,0.0
jpg/image_07677.jpg,khong_thay_hoa,,,,,,,
jpg/image_07678.jpg,nhieu_hoa_hoac_nen_roi,0.878,1.299,0.7,0.25,0.118,0.084,0.06
jpg/image_07685.jpg,hoa_sat_bien_khong_crop_duoc,1.0,0.594,0.678,0.187,0.153,0.198,0.0
jpg/image_07689.jpg,hoa_sat_bien_khong_crop_duoc,1.0,1.866,0.97,0.242,0.109,0.227,0.0
jpg/image_07691.jpg,hoa_sat_bien_khong_crop_duoc,1.0,1.882,0.973,0.24,0.027,0.2,0.0
jpg/image_07694.jpg,khong_thay_hoa,,,,,,,
jpg/image_07709.jpg,khong_phai_goc_nhin_tren_xuong(dai),1.0,1.682,0.784,0.217,0.068,0.08,0.0
jpg/image_07711.jpg,khong_phai_goc_nhin_tren_xuong(dai),1.0,0.663,0.543,0.167,0.218,0.101,0.0
jpg/image_07712.jpg,hoa_sat_bien_khong_crop_duoc,1.0,1.507,0.784,0.242,0.132,0.128,0.0
jpg/image_07713.jpg,hoa_sat_bien_khong_crop_duoc,1.0,1.773,0.835,0.219,0.094,0.182,0.0
jpg/image_07716.jpg,hoa_sat_bien_khong_crop_duoc,1.0,1.857,0.638,0.16,0.029,0.125,0.0
jpg/image_07718.jpg,hoa_sat_bien_khong_crop_duoc,1.0,1.386,0.774,0.259,0.056,0.161,0.0
jpg/image_07719.jpg,hoa_sat_bien_khong_crop_duoc,1.0,1.37,0.946,0.321,0.142,0.144,0.0
jpg/image_07723.jpg,hoa_sat_bien_khong_crop_duoc,1.0,1.347,0.873,0.301,0.001,0.139,0.0
jpg/image_07724.jpg,hoa_sat_bien_khong_crop_duoc,1.0,1.474,0.94,0.297,0.143,0.166,0.0
jpg/image_07729.jpg,hoa_sat_bien_khong_crop_duoc,1.0,1.462,0.93,0.296,0.079,0.15,0.0
jpg/image_07732.jpg,khong_phai_goc_nhin_tren_xuong(dai),1.0,1.451,0.594,0.19,0.223,0.111,0.005
jpg/image_07733.jpg,hoa_sat_bien_khong_crop_duoc,1.0,1.477,0.877,0.276,0.078,0.191,0.0
jpg/image_07735.jpg,hoa_sat_bien_khong_crop_duoc,1.0,1.179,0.726,0.286,0.164,0.132,0.0
jpg/image_07736.jpg,hoa_sat_bien_khong_crop_duoc,1.0,1.221,0.937,0.357,0.06,0.14,0.0
jpg/image_07738.jpg,hoa_sat_bien_khong_crop_duoc,1.0,1.564,0.7,0.208,0.089,0.154,0.0
jpg/image_07739.jpg,khong_phai_goc_nhin_tren_xuong(dai),1.0,2.082,0.879,0.196,0.059,0.118,0.0
jpg/image_07741.jpg,khong_phai_goc_nhin_tren_xuong(dai),1.0,0.688,0.827,0.264,0.059,0.043,0.0
jpg/image_07743.jpg,hoa_sat_bien_khong_crop_duoc,1.0,1.538,0.998,0.301,0.153,0.176,0.0
jpg/image_07747.jpg,hoa_sat_bien_khong_crop_duoc,1.0,1.378,0.91,0.307,0.068,0.159,0.0
jpg/image_07753.jpg,hoa_sat_bien_khong_crop_duoc,1.0,1.333,0.885,0.309,0.06,0.144,0.0
jpg/image_07762.jpg,hoa_sat_bien_khong_crop_duoc,1.0,1.438,0.89,0.288,0.019,0.159,0.0
jpg/image_07764.jpg,hoa_sat_bien_khong_crop_duoc,1.0,1.298,0.767,0.275,0.02,0.131,0.0
jpg/image_07765.jpg,hoa_sat_bien_khong_crop_duoc,1.0,1.62,0.798,0.229,0.024,0.197,0.0
jpg/image_07766.jpg,hoa_sat_bien_khong_crop_duoc,1.0,1.803,0.907,0.234,0.016,0.236,0.0
jpg/image_07769.jpg,hoa_sat_bien_khong_crop_duoc,1.0,2.098,0.836,0.185,0.071,0.196,0.0
jpg/image_07770.jpg,hoa_sat_bien_khong_crop_duoc,1.0,1.255,0.924,0.342,0.026,0.13,0.0
jpg/image_07772.jpg,lech_tam,0.83,0.933,0.898,0.39,0.271,0.0,0.041
jpg/image_07773.jpg,nhieu_hoa_hoac_nen_roi,0.765,0.823,0.891,0.341,0.329,0.068,0.015
jpg/image_07783.jpg,hoa_sat_bien_khong_crop_duoc,1.0,1.446,0.767,0.247,0.092,0.167,0.0
jpg/image_07784.jpg,hoa_sat_bien_khong_crop_duoc,1.0,1.341,0.789,0.274,0.07,0.127,0.0
jpg/image_07787.jpg,hoa_sat_bien_khong_crop_duoc,1.0,1.232,0.855,0.323,0.046,0.137,0.0
jpg/image_07788.jpg,hoa_sat_bien_khong_crop_duoc,1.0,1.62,0.788,0.226,0.023,0.152,0.0
jpg/image_07789.jpg,hoa_sat_bien_khong_crop_duoc,1.0,1.347,0.798,0.275,0.017,0.142,0.0
jpg/image_07793.jpg,lech_tam,1.0,1.2,0.869,0.337,0.191,0.08,0.0
jpg/image_07794.jpg,hoa_sat_bien_khong_crop_duoc,1.0,1.391,1.055,0.353,0.012,0.16,0.0
jpg/image_07799.jpg,hoa_sat_bien_khong_crop_duoc,1.0,1.345,0.537,0.185,0.078,0.15,0.0
jpg/image_07800.jpg,hoa_sat_bien_khong_crop_duoc,1.0,1.458,0.808,0.258,0.086,0.163,0.0
jpg/image_07806.jpg,lech_tam,1.0,1.388,0.873,0.292,0.194,0.1,0.0
jpg/image_07810.jpg,hoa_sat_bien_khong_crop_duoc,1.0,1.318,0.783,0.276,0.075,0.145,0.0
jpg/image_07811.jpg,lech_tam,1.0,1.012,0.928,0.426,0.19,0.061,0.0
jpg/image_07813.jpg,hinh_dang_khong_tron,1.0,1.013,0.542,0.249,0.028,0.0,0.0
jpg/image_07815.jpg,hoa_sat_bien_khong_crop_duoc,1.0,1.862,0.757,0.189,0.082,0.141,0.0
jpg/image_07818.jpg,hoa_sat_bien_khong_crop_duoc,1.0,1.198,0.971,0.377,0.096,0.125,0.0
jpg/image_07820.jpg,hoa_sat_bien_khong_crop_duoc,1.0,0.593,0.823,0.227,0.108,0.223,0.0
jpg/image_07823.jpg,hoa_sat_bien_khong_crop_duoc,1.0,1.803,0.805,0.207,0.057,0.218,0.0
jpg/image_07824.jpg,lech_tam,1.0,1.175,0.831,0.329,0.325,0.0,0.0
jpg/image_07826.jpg,hoa_sat_bien_khong_crop_duoc,1.0,1.371,0.719,0.244,0.065,0.153,0.0
jpg/image_07827.jpg,hoa_sat_bien_khong_crop_duoc,1.0,1.462,0.849,0.27,0.055,0.181,0.0
jpg/image_07829.jpg,hoa_sat_bien_khong_crop_duoc,1.0,1.662,0.875,0.245,0.033,0.168,0.0
jpg/image_07832.jpg,hoa_sat_bien_khong_crop_duoc,1.0,0.734,0.86,0.293,0.016,0.148,0.0
jpg/image_07833.jpg,hoa_sat_bien_khong_crop_duoc,1.0,1.295,0.703,0.252,0.043,0.143,0.0
jpg/image_07839.jpg,hoa_sat_bien_khong_crop_duoc,1.0,1.319,0.674,0.238,0.02,0.131,0.0
jpg/image_07840.jpg,hoa_sat_bien_khong_crop_duoc,1.0,1.322,0.641,0.226,0.116,0.166,0.0
jpg/image_07845.jpg,hinh_dang_khong_tron,1.0,1.053,0.451,0.199,0.018,0.042,0.0
jpg/image_07847.jpg,hoa_sat_bien_khong_crop_duoc,1.0,1.561,0.762,0.227,0.012,0.159,0.0
jpg/image_07851.jpg,hoa_sat_bien_khong_crop_duoc,1.0,1.391,0.868,0.29,0.015,0.149,0.0
jpg/image_07853.jpg,hoa_sat_bien_khong_crop_duoc,1.0,1.179,0.596,0.235,0.058,0.127,0.0
jpg/image_07854.jpg,hinh_dang_khong_tron,1.0,0.828,0.509,0.196,0.063,0.112,0.0
jpg/image_07860.jpg,hoa_sat_bien_khong_crop_duoc,1.0,1.198,0.506,0.196,0.175,0.17,0.0
jpg/image_07861.jpg,lech_tam,1.0,1.03,0.56,0.253,0.197,0.0,0.0
jpg/image_07863.jpg,hoa_sat_bien_khong_crop_duoc,1.0,1.176,0.702,0.277,0.071,0.142,0.0
jpg/image_07871.jpg,hoa_sat_bien_khong_crop_duoc,1.0,1.137,0.697,0.285,0.066,0.125,0.0
jpg/image_07872.jpg,hoa_sat_bien_khong_crop_duoc,1.0,0.685,0.59,0.188,0.03,0.177,0.0
jpg/image_07876.jpg,nhieu_hoa_hoac_nen_roi,22.0,1.0,1.12,0.521,0.119,0.0,0.562
jpg/image_07877.jpg,hinh_dang_khong_tron,1.0,1.133,0.509,0.209,0.026,0.081,0.0
jpg/image_07878.jpg,hoa_sat_bien_khong_crop_duoc,1.0,1.298,0.774,0.277,0.078,0.142,0.0
jpg/image_07880.jpg,hinh_dang_khong_tron,1.0,1.12,0.533,0.221,0.128,0.076,0.0
jpg/image_07881.jpg,hinh_dang_khong_tron,1.0,0.945,0.518,0.228,0.017,0.001,0.0
jpg/image_07882.jpg,hoa_sat_bien_khong_crop_duoc,1.0,0.742,0.668,0.23,0.077,0.158,0.0
jpg/image_07884.jpg,hoa_sat_bien_khong_crop_duoc,1.0,1.229,0.716,0.271,0.09,0.178,0.0
jpg/image_07885.jpg,khong_thay_hoa,,,,,,,
jpg/image_07886.jpg,khong_thay_hoa,,,,,,,
jpg/image_07892.jpg,hoa_sat_bien_khong_crop_duoc,1.0,1.274,0.629,0.229,0.028,0.127,0.0
jpg/image_07893.jpg,lech_tam,1.0,0.964,0.816,0.365,0.194,0.0,0.0
jpg/image_07895.jpg,hoa_sat_bien_khong_crop_duoc,1.0,1.33,0.95,0.332,0.038,0.149,0.0
jpg/image_07898.jpg,lech_tam,1.0,1.034,0.801,0.36,0.186,0.013,0.0
jpg/image_07900.jpg,hoa_sat_bien_khong_crop_duoc,1.0,1.326,1.012,0.354,0.014,0.137,0.0
jpg/image_07901.jpg,hoa_sat_bien_khong_crop_duoc,1.0,1.284,0.873,0.316,0.104,0.145,0.0
jpg/image_07903.jpg,khong_phai_goc_nhin_tren_xuong(dai),1.0,1.733,0.633,0.17,0.396,0.0,0.0
jpg/image_07906.jpg,khong_thay_hoa,,,,,,,
jpg/image_07908.jpg,hoa_sat_bien_khong_crop_duoc,1.0,1.5,0.94,0.291,0.058,0.168,0.0
jpg/image_07910.jpg,lech_tam,1.0,0.977,0.939,0.426,0.232,0.034,0.0
jpg/image_07912.jpg,hoa_sat_bien_khong_crop_duoc,1.0,1.612,0.933,0.269,0.208,0.155,0.0
jpg/image_07914.jpg,hoa_sat_bien_khong_crop_duoc,1.0,1.641,0.963,0.273,0.127,0.17,0.0
jpg/image_07915.jpg,khong_thay_hoa,,,,,,,
jpg/image_07917.jpg,hoa_sat_bien_khong_crop_duoc,1.0,1.316,1.026,0.362,0.018,0.146,0.0
jpg/image_07919.jpg,hoa_sat_bien_khong_crop_duoc,1.0,1.347,0.89,0.307,0.038,0.161,0.0
jpg/image_07921.jpg,hoa_sat_bien_khong_crop_duoc,1.0,1.471,0.895,0.283,0.013,0.168,0.0
jpg/image_07923.jpg,khong_thay_hoa,,,,,,,
jpg/image_07927.jpg,hoa_sat_bien_khong_crop_duoc,1.0,1.362,1.037,0.354,0.036,0.166,0.0
jpg/image_07930.jpg,lech_tam,1.0,0.963,0.883,0.395,0.216,0.0,0.0
jpg/image_07931.jpg,hoa_sat_bien_khong_crop_duoc,1.0,1.391,0.828,0.277,0.051,0.16,0.0
jpg/image_07936.jpg,hoa_sat_bien_khong_crop_duoc,1.0,1.384,0.839,0.282,0.067,0.12,0.0
jpg/image_07944.jpg,khong_phai_goc_nhin_tren_xuong(dai),1.0,0.691,0.6,0.193,0.073,0.052,0.0
jpg/image_07951.jpg,hoa_sat_bien_khong_crop_duoc,1.0,1.812,0.778,0.2,0.045,0.197,0.0
jpg/image_07953.jpg,khong_thay_hoa,,,,,,,
jpg/image_07954.jpg,khong_thay_hoa,,,,,,,
jpg/image_07956.jpg,hoa_sat_bien_khong_crop_duoc,1.0,1.28,0.841,0.305,0.044,0.144,0.0
jpg/image_07958.jpg,khong_phai_goc_nhin_tren_xuong(dai),1.0,0.681,0.445,0.141,0.087,0.054,0.0
jpg/image_07959.jpg,hinh_dang_khong_tron,1.0,0.835,0.513,0.199,0.047,0.102,0.0
jpg/image_07960.jpg,lech_tam,1.0,1.115,0.906,0.378,0.183,0.013,0.002
jpg/image_07961.jpg,lech_tam,1.0,0.846,0.797,0.313,0.202,0.041,0.0
jpg/image_07963.jpg,lech_tam,1.0,1.171,0.862,0.342,0.187,0.041,0.0
jpg/image_07967.jpg,hoa_sat_bien_khong_crop_duoc,1.0,0.74,0.784,0.27,0.039,0.148,0.0
jpg/image_07968.jpg,khong_thay_hoa,,,,,,,
jpg/image_07970.jpg,lech_tam,1.0,1.086,0.914,0.391,0.21,0.0,0.0
jpg/image_07972.jpg,hoa_sat_bien_khong_crop_duoc,1.0,1.549,0.535,0.161,0.041,0.15,0.0
jpg/image_07973.jpg,hoa_sat_bien_khong_crop_duoc,1.0,0.788,0.85,0.311,0.059,0.155,0.0
jpg/image_07974.jpg,nhieu_hoa_hoac_nen_roi,0.659,0.933,0.784,0.34,0.433,0.0,0.0
jpg/image_07975.jpg,hoa_sat_bien_khong_crop_duoc,1.0,0.805,0.87,0.325,0.054,0.143,0.0
jpg/image_07978.jpg,khong_thay_hoa,,,,,,,
jpg/image_07980.jpg,hoa_sat_bien_khong_crop_duoc,1.0,0.722,0.775,0.26,0.049,0.13,0.0
jpg/image_07982.jpg,hoa_sat_bien_khong_crop_duoc,1.0,1.237,0.717,0.269,0.082,0.173,0.0
jpg/image_07983.jpg,hoa_sat_bien_khong_crop_duoc,1.0,1.476,0.841,0.265,0.067,0.164,0.0
jpg/image_07984.jpg,khong_thay_hoa,,,,,,,
jpg/image_07985.jpg,khong_thay_hoa,,,,,,,
jpg/image_07987.jpg,hoa_sat_bien_khong_crop_duoc,1.0,1.312,0.633,0.224,0.093,0.134,0.0
jpg/image_07988.jpg,khong_thay_hoa,,,,,,,
jpg/image_07989.jpg,hoa_sat_bien_khong_crop_duoc,1.0,1.333,0.886,0.309,0.027,0.156,0.0
jpg/image_07991.jpg,hoa_sat_bien_khong_crop_duoc,1.0,1.506,0.904,0.279,0.007,0.143,0.0
jpg/image_07993.jpg,lech_tam,1.0,1.155,0.874,0.351,0.301,0.057,0.007
jpg/image_07994.jpg,hoa_sat_bien_khong_crop_duoc,1.0,1.29,0.587,0.211,0.159,0.143,0.022
jpg/image_07997.jpg,khong_thay_hoa,,,,,,,
jpg/image_07999.jpg,hoa_sat_bien_khong_crop_duoc,1.0,1.262,0.763,0.281,0.019,0.128,0.0
jpg/image_08000.jpg,lech_tam,1.0,1.027,0.62,0.28,0.272,0.007,0.002
jpg/image_08001.jpg,khong_thay_hoa,,,,,,,
jpg/image_08002.jpg,hoa_sat_bien_khong_crop_duoc,1.0,1.6,0.678,0.197,0.089,0.187,0.0
jpg/image_08003.jpg,khong_thay_hoa,,,,,,,
jpg/image_08004.jpg,hoa_sat_bien_khong_crop_duoc,1.0,1.263,0.577,0.212,0.031,0.136,0.0
jpg/image_08005.jpg,hinh_dang_khong_tron,1.0,1.189,0.494,0.193,0.082,0.118,0.001
jpg/image_08006.jpg,hoa_sat_bien_khong_crop_duoc,1.0,1.182,0.918,0.361,0.045,0.124,0.0
jpg/image_08007.jpg,hoa_sat_bien_khong_crop_duoc,1.0,1.284,0.499,0.181,0.008,0.121,0.0
jpg/image_08011.jpg,khong_thay_hoa,,,,,,,
jpg/image_08013.jpg,lech_tam,1.0,1.108,0.598,0.251,0.247,0.0,0.0
jpg/image_08014.jpg,hoa_sat_bien_khong_crop_duoc,1.0,1.228,0.598,0.227,0.067,0.122,0.0
jpg/image_08015.jpg,hoa_sat_bien_khong_crop_duoc,1.0,1.75,0.632,0.168,0.048,0.141,0.0
jpg/image_08017.jpg,hinh_dang_khong_tron,1.0,0.974,0.495,0.224,0.044,0.029,0.0
jpg/image_08019.jpg,khong_thay_hoa,,,,,,,
jpg/image_08020.jpg,lech_tam,1.0,0.816,0.708,0.269,0.22,0.082,0.001
jpg/image_08022.jpg,hoa_sat_bien_khong_crop_duoc,1.0,1.451,0.575,0.184,0.064,0.133,0.0
jpg/image_08025.jpg,khong_thay_hoa,,,,,,,
jpg/image_08027.jpg,hinh_dang_khong_tron,1.0,0.879,0.536,0.219,0.044,0.081,0.0
jpg/image_08028.jpg,lech_tam,1.0,1.129,0.704,0.29,0.381,0.0,0.0
jpg/image_08030.jpg,hoa_sat_bien_khong_crop_duoc,1.0,0.81,0.617,0.232,0.073,0.133,0.0
jpg/image_08032.jpg,hoa_sat_bien_khong_crop_duoc,1.0,0.759,0.743,0.262,0.044,0.152,0.0
jpg/image_08035.jpg,hinh_dang_khong_tron,1.0,1.153,0.504,0.203,0.066,0.085,0.0
jpg/image_08037.jpg,khong_phai_goc_nhin_tren_xuong(dai),1.0,1.538,0.513,0.155,0.012,0.102,0.0
jpg/image_08038.jpg,hoa_sat_bien_khong_crop_duoc,1.0,0.449,0.722,0.151,0.08,0.255,0.0
jpg/image_08039.jpg,hinh_dang_khong_tron,1.0,1.287,0.469,0.169,0.031,0.087,0.0
jpg/image_08048.jpg,hoa_sat_bien_khong_crop_duoc,1.0,0.492,0.766,0.175,0.055,0.139,0.0
jpg/image_08049.jpg,hoa_sat_bien_khong_crop_duoc,1.0,0.422,0.854,0.167,0.065,0.257,0.0
jpg/image_08050.jpg,hoa_sat_bien_khong_crop_duoc,1.0,0.496,0.765,0.176,0.052,0.141,0.0
jpg/image_08051.jpg,hoa_sat_bien_khong_crop_duoc,1.0,0.459,0.825,0.176,0.107,0.132,0.0
jpg/image_08052.jpg,hoa_sat_bien_khong_crop_duoc,1.0,0.566,0.563,0.148,0.125,0.254,0.0
jpg/image_08053.jpg,hoa_sat_bien_khong_crop_duoc,1.0,0.539,0.701,0.176,0.094,0.224,0.0
jpg/image_08054.jpg,hoa_sat_bien_khong_crop_duoc,1.0,1.221,0.866,0.33,0.033,0.123,0.0
jpg/image_08055.jpg,hoa_sat_bien_khong_crop_duoc,1.0,1.46,0.854,0.272,0.046,0.145,0.0
jpg/image_08057.jpg,hoa_sat_bien_khong_crop_duoc,1.0,1.347,1.008,0.348,0.032,0.144,0.0
jpg/image_08058.jpg,lech_tam,1.0,1.131,0.817,0.336,0.223,0.067,0.0
jpg/image_08061.jpg,hoa_sat_bien_khong_crop_duoc,1.0,1.316,1.027,0.363,0.024,0.151,0.0
jpg/image_08064.jpg,hoa_sat_bien_khong_crop_duoc,1.0,0.8,0.68,0.253,0.03,0.121,0.0
jpg/image_08068.jpg,nhieu_hoa_hoac_nen_roi,38.0,1.0,0.987,0.459,0.507,0.0,0.25
jpg/image_08072.jpg,hoa_sat_bien_khong_crop_duoc,1.0,1.253,0.89,0.33,0.029,0.137,0.0
jpg/image_08077.jpg,trung_lap,1.0,1.253,1.048,0.389,0.023,0.114,0.0
jpg/image_08080.jpg,hoa_sat_bien_khong_crop_duoc,1.0,0.672,0.985,0.308,0.056,0.139,0.0
jpg/image_08083.jpg,khong_phai_goc_nhin_tren_xuong(dai),1.0,0.679,0.679,0.214,0.154,0.106,0.0
jpg/image_08084.jpg,khong_thay_hoa,,,,,,,
jpg/image_08085.jpg,khong_thay_hoa,,,,,,,
jpg/image_08086.jpg,khong_thay_hoa,,,,,,,
jpg/image_08087.jpg,khong_thay_hoa,,,,,,,
jpg/image_08088.jpg,khong_thay_hoa,,,,,,,
jpg/image_08089.jpg,hoa_sat_bien_khong_crop_duoc,1.0,1.488,0.812,0.254,0.02,0.181,0.0
jpg/image_08092.jpg,lech_tam,1.0,0.944,0.866,0.38,0.192,0.02,0.0
jpg/image_08095.jpg,hoa_sat_bien_khong_crop_duoc,1.0,0.617,0.629,0.181,0.207,0.194,0.009
jpg/image_08097.jpg,lech_tam,1.0,1.089,0.976,0.417,0.207,0.064,0.0
jpg/image_08099.jpg,hoa_sat_bien_khong_crop_duoc,1.0,1.347,1.094,0.377,0.017,0.154,0.0
jpg/image_08102.jpg,hoa_sat_bien_khong_crop_duoc,1.0,1.269,0.882,0.323,0.083,0.149,0.0
jpg/image_08103.jpg,hoa_sat_bien_khong_crop_duoc,1.0,1.354,0.982,0.337,0.104,0.146,0.0
jpg/image_08104.jpg,nhieu_hoa_hoac_nen_roi,15.0,1.0,1.194,0.555,0.187,0.0,0.583
jpg/image_08105.jpg,nhieu_hoa_hoac_nen_roi,0.905,0.967,0.842,0.378,0.116,0.0,0.051
jpg/image_08106.jpg,khong_thay_hoa,,,,,,,
jpg/image_08108.jpg,khong_thay_hoa,,,,,,,
jpg/image_08109.jpg,hoa_sat_bien_khong_crop_duoc,1.0,1.402,0.927,0.307,0.089,0.133,0.0
jpg/image_08117.jpg,khong_phai_goc_nhin_tren_xuong(dai),1.0,0.477,0.859,0.191,0.045,0.096,0.0
jpg/image_08118.jpg,nhieu_hoa_hoac_nen_roi,0.635,0.863,0.623,0.25,0.251,0.0,0.0
jpg/image_08120.jpg,hinh_dang_khong_tron,1.0,0.985,0.537,0.246,0.091,0.0,0.015
jpg/image_08122.jpg,hoa_sat_bien_khong_crop_duoc,1.0,1.402,0.652,0.216,0.032,0.125,0.0
jpg/image_08124.jpg,nhieu_hoa_hoac_nen_roi,0.773,0.609,0.672,0.19,0.317,0.009,0.0
jpg/image_08125.jpg,hinh_dang_khong_tron,1.0,1.012,0.498,0.228,0.046,0.037,0.0
jpg/image_08126.jpg,hinh_dang_khong_tron,1.0,0.855,0.511,0.203,0.084,0.0,0.012
jpg/image_08130.jpg,lech_tam,1.0,1.305,0.69,0.246,0.258,0.012,0.0
jpg/image_08131.jpg,khong_phai_goc_nhin_tren_xuong(dai),1.0,1.617,0.626,0.18,0.018,0.0,0.0
jpg/image_08137.jpg,lech_tam,1.0,1.087,0.584,0.25,0.183,0.0,0.0
jpg/image_08140.jpg,hinh_dang_khong_tron,1.0,0.757,0.472,0.166,0.042,0.046,0.0
jpg/image_08142.jpg,lech_tam,1.0,0.935,0.698,0.303,0.245,0.0,0.0
jpg/image_08145.jpg,nhieu_hoa_hoac_nen_roi,0.78,1.0,0.802,0.373,0.256,0.0,0.0
jpg/image_08146.jpg,hoa_sat_bien_khong_crop_duoc,1.0,0.643,0.705,0.211,0.233,0.229,0.009
jpg/image_08149.jpg,hinh_dang_khong_tron,1.0,1.076,0.495,0.214,0.054,0.061,0.0
jpg/image_08150.jpg,nhieu_hoa_hoac_nen_roi,0.775,1.579,0.73,0.215,0.212,0.0,0.027
jpg/image_08151.jpg,hoa_sat_bien_khong_crop_duoc,1.0,1.753,0.893,0.237,0.048,0.194,0.0
jpg/image_08156.jpg,hoa_sat_bien_khong_crop_duoc,1.0,0.769,0.824,0.294,0.04,0.131,0.0
jpg/image_08160.jpg,nhieu_hoa_hoac_nen_roi,0.742,1.865,0.773,0.193,0.278,0.113,0.025
jpg/image_08161.jpg,nhieu_hoa_hoac_nen_roi,0.878,0.9,0.937,0.392,0.161,0.04,0.056
jpg/image_08162.jpg,khong_phai_goc_nhin_tren_xuong(dai),1.0,1.654,0.928,0.261,0.064,0.002,0.0
jpg/image_08166.jpg,nhieu_hoa_hoac_nen_roi,0.599,0.882,0.7,0.287,0.408,0.047,0.032
jpg/image_08169.jpg,hoa_sat_bien_khong_crop_duoc,1.0,1.217,0.799,0.305,0.049,0.131,0.0
jpg/image_08172.jpg,hoa_sat_bien_khong_crop_duoc,1.0,1.447,0.849,0.273,0.133,0.173,0.0
jpg/image_08176.jpg,hoa_sat_bien_khong_crop_duoc,1.0,1.26,0.958,0.353,0.076,0.134,0.0
jpg/image_08178.jpg,hoa_sat_bien_khong_crop_duoc,1.0,1.486,0.804,0.251,0.04,0.151,0.0
jpg/image_08180.jpg,hoa_sat_bien_khong_crop_duoc,1.0,1.271,0.904,0.33,0.079,0.128,0.0
jpg/image_08188.jpg,lech_tam,1.0,1.169,1.086,0.432,0.227,0.072,0.0
